:020000040800F2
:1000000000800020755B0008B95B0008B95B000840
:10001000B95B0008B95B0008B95B0008000000008C
:10002000000000000000000000000000B95B0008B4
:10003000B95B000800000000B95B0008B95B00086C
:10004000B95B0008B95B0008B95B0008B95B000840
:10005000B95B0008B95B0008B95B0008B95B000830
:10006000B95B0008B95B0008B95B0008B95B000820
:10007000B95B0008B95B0008B95B0008B95B000810
:10008000B95B0008B95B0008B95B0008B95B000800
:10009000B95B0008B95B0008B95B0008B95B0008F0
:1000A00000000000B95B0008B95B0008B95B0008FC
:1000B000B95B0008B95B0008B95B0008B95B0008D0
:1000C000B95B0008B95B0008B95B0008B95B0008C0
:1000D000B95B0008110B0008450C0008790D0008F9
:1000E000B95B0008B95B0008B95B0008B95B0008A0
:1000F000910900080000000000000000000000005E
:1001000000000000000000000000000000000000EF
:1001100000000000000000000000000000000000DF
:1001200000000000000000000000000000000000CF
:0C01300000000000000000005FF808F173
:10014000104B10B41968104A41F480711960996815
:100150000E480A409A601A68002422F0885222F061
:1001600001121A601A684FF0006122F480221A60AE
:100170009A6822F47D029A60DC6081605DF8044B2D
:10018000704700BF003802400CC0FF8800ED00E05F
:100190001C4B10B49B6803F00C030C2B16D8DFE843
:1001A00003F01515151507151515071515151F005D
:1001B000154A1648134B16499B685DF8044BC3F368
:1001C000031303441B7BDA400A6070470D4B4FF466
:1001D00000425B680D48C3F3423301339A40E9E7BC
:1001E000084B0A489A680849C2F38342845C9A68BB
:1001F00001FB04F1C2F381520132B1FBF2F29B68C0
:10020000D8E700BF0038024000127A00E07400080E
:1002100000000020000000002DE9F04F431E83B0D5
:100220008246002400E0013413F8010F2028A0F1D9
:100230000902F8D0012AF6D92B2800F09F802D283A
:1002400000F0A480644B0022CDE90023A0F130032C
:10025000092B4FF000064FF0000700F2B480DFF8E2
:1002600088810AEB040B2625002D05F1FF35A0F14E
:100270003000C5F14B0904F101040DDB04F0ACFDC5
:10028000D8E9002304F00EFE02460B4630463946FC
:1002900004F056FC06460F461BF8010FA8F10808AB
:1002A000A0F13003092BDFD92E2808BF01341AF83A
:1002B00004300AEB040BA3F13000C2B2092A1FD8A4
:1002C000464B03EBC508002D04F1010405F1FF3591
:1002D0000DDB04F081FDD8E9002304F0E3FD0246C4
:1002E0000B463046394604F02BFC06460F461BF8F9
:1002F000013FA8F10808A3F13000C2B2092AE2D9EF
:1003000003F0DF03452B18D0B9F14B0F0FDC334B53
:10031000304603EBC9093946D9E9002304F0C2FD90
:10032000DDE9002304F0BEFD03B0BDE8F08FB9F1B4
:100330004C0F33D000202A49F2E7631C1AF803203F
:100340002B2A35D02D2A38D00121A2F130000928DE
:10035000DAD89A44002303EB830302EB43031AF831
:10036000012F303BA2F130000928F4D903FB019999
:10037000B9F1000FC8DA00200021D1E7164B013493
:1003800000221AF80400CDE900235FE7154B013481
:1003900000221AF80400CDE9002357E70CA3D3E9A3
:1003A00000233046394604F0EFFF0028AFD1C1E703
:1003B000A31C1AF803200121C7E7A31C1AF8032085
:1003C0004FF0FF31C1E74FF0250926256CE700BF4C
:1003D000000000A0FB38FB3F0000F03F087500085C
:1003E0000000F07F0000F0BF38760008AFF3008017
:1003F0002DE9F04F87B0109F119E04468846009269
:1004000033EA230528BF062538463146002200235B
:1004100004F0BAFF002840F012813846314600222D
:10042000002304F0A7FF00283ED1DFF88C92384665
:10043000D9E90023314604F0A7FF002800F021810C
:100440004FF04C0B0EE079E90223384631460BF1B0
:10045000FF3B04F099FF002800F0BE80BBF1000FC5
:1004600000F0FF80B8F1660FEDD1BBF1260FEADC9A
:10047000ABF1260AABF125094D44009AAB1C93421F
:10048000C0F2E380152300931225BBF1000F00F0AA
:10049000BA80854B4FF0010903EBCB0C03934FF06F
:1004A0006508DCE900231EE04FF001094FF0000A67
:1004B0004FF0260BB8F1670FDED0B8F1660FDBD036
:1004C0000135122DA8BF1225B8F1650F00F0D580B7
:1004D000754BC5F1270203EBCB0C4FF001090393D9
:1004E0000092DCE900233846314604F005FE039B08
:1004F000009A064603EBC20B0F46DBE9000100221F
:100500006A4B04F0CFFC0B4602463946304604F0F5
:1005100017FB04AA05F052FBDDE9042306460F464B
:10052000104619460022624BCDE9000104F040FF5D
:1005300050B1DDE900013123237000225C4B04F04F
:10054000FDFACDE904010134002D1BDD4FF0000B55
:10055000CB45DDE904010BF1010B00F0A18004F0B3
:100560003BFF30302070394630460022504B04F0BB
:1005700099FC04AA05F022FBAB4504F101040646F0
:100580000F46E5D1B8F1660F21D06523BAF1000F0F
:10059000237004F10201B4BF2D232B2363700C469A
:1005A000444BB8BFCAF1000A83FB0A034FEAEA7260
:1005B000C2EBA303C3EB4312C3EB82020AF1300A7E
:1005C0000AEB420A303304F8023B81F801A0002311
:1005D000237007B0BDE8F08FB8F1670FABF1260AC2
:1005E000ABF125097FF469AFB9F1060F7FF744AF8E
:1005F0000135122DA8BF1225C5F127030093BBF1C9
:10060000000F7FF446AF284B3846D3E900890393A7
:10061000314642464B4604F0B7FE38B338463146C1
:100620000022234B04F03EFC6FF0260A42464B4664
:1006300007460E464FF001094FF0650853E72D239A
:10064000237006F100460134E7E6174BC5F1270297
:1006500003EBCB0C039300924FF06608DCE9002318
:1006600041E76FF024096FF0250A23E742464B4625
:100670004FF065084FF0010935E7C5F127030093F6
:1006800003E7B8F1670F06D04FF027094FF0260AAD
:100690004FF04C0B11E74FF0260A4FF04C0BA7E739
:1006A0002E23237001345AE7087500080000E03F4C
:1006B0000000244067666666687700080C4B4FF0C0
:1006C000045219469A601A6842F001021A600B68D7
:1006D000074A9B07FBD5074B04211960196841F0B5
:1006E00001011960936843F001039360704700BFF4
:1006F00000380240003C02402DE9F04F4FF0000E60
:1007000083460F46F446F046F146724685B0002017
:100710000021CDE900010297CDF80CB00299029BAF
:1007200031F8020B4FEA820BC0F3C3101B78C0B242
:10073000ABF120060291CBF1200100FA06F520FA78
:1007400001F103F0030A00FA0BF40D43C3F3810037
:10075000C3F34111C3F300135600934001320AFA68
:1007600006F7B040DDE900ABB1404AEA040A4BEAC3
:10077000050B102ACDE900AB49EA070948EA000851
:100780004EEA010E4CEA030CC8D1DDF80CB0DDE9ED
:100790000001CBF82000CBF82410CBF80090CBF868
:1007A0000880CBF80CE0CBF804C005B0BDE8F08FB2
:1007B000144AF8B5D369144C43F02703134FD3619F
:1007C00021461348134EFFF797FF134D04F1200104
:1007D0003846FFF791FF04F140013046FFF78CFFE8
:1007E00004F160012846FFF787FF4FF480304FF493
:1007F000003104224FF40043A861A961BA61B361DA
:10080000F8BD00BF003802407077000800040240C5
:1008100000000240000802400014024010B50B4CDA
:100820000B4804F18001FFF767FF04F1A0010948BC
:10083000FFF762FF04F1C0010748FFF75DFF04F115
:10084000E0010648BDE8104056E700BF7077000899
:100850000000024000040240000802400014024070
:10086000014B01229A61704700140240024B4FF481
:1008700080329A61704700BF00140240044B5A69ED
:10088000D2074CBF4FF4803201229A61704700BFFB
:100890000014024010B5044C0123A36100F0E0F8FD
:1008A0004FF48033A36110BD00140240014B0222BB
:1008B0009A61704700140240024B4FF400329A6173
:1008C000704700BF00140240044B5A6992074CBFA6
:1008D0004FF4003202229A61704700BF00140240B8
:1008E00010B5044C0223A36100F0BAF84FF40033B2
:1008F000A36110BD00140240024B4FF080629A6168
:10090000704700BF00000240024B4FF480629A61C2
:10091000704700BF00000240024B4FF400429A6152
:10092000704700BF00000240024B4FF000429A6146
:10093000704700BF00000240024B4FF480729A6182
:10094000704700BF00040240024B4FF080729A6172
:10095000704700BF00040240014B08229A617047B3
:1009600000040240024B4FF400229A61704700BF1E
:1009700000040240024B4FF480229A61704700BF8E
:1009800000040240014B04229A61704700040240B7
:10099000114A124B002111611A780132D2B2092A90
:1009A0001A705A7805D901200244D2B219705A70CF
:1009B00098700A2ADA7806D00A2A03D10121002287
:1009C0005971DA70704701200244D2B20021DA7006
:1009D00018715970F0E700BF0014004000060020B5
:1009E0002DE9F04340F2E73E1249134B4A6A134D9A
:1009F00042F033024A620E6A1148DFF848C0012211
:100A00000F2446F004064FF47A794FF480582027DB
:100A10000E62AC626A612A609C62C3F82C905A61D3
:100A2000DA601A60CCF804808462C0F82CE0476079
:100A3000BDE8F08300380240001400400010004080
:100A40000008014000E100E0044B1A465B6A1844CC
:100A500080B2536A1B1A1B04FBD47047001000407D
:100A600010B409494FF6FF7407E04B6A03F57A7337
:100A70009BB24A6AD21A1204FBD4013880B2A04257
:100A8000F3D15DF8044B70470010004010B5154CD1
:100A9000154800F077FCA16A144800F053FCE16AA5
:100AA000134800F04FFC6169124800F04BFC2168CC
:100AB000114800F047FC6168104800F043FCA16851
:100AC0000F4800F03FFCA1690E4800F03BFCE169D3
:100AD0000D4800F037FC216A0C48BDE8104000F0DA
:100AE00031BC00BF00080040D0780008E87800085A
:100AF000FC7800081079000824790008387900088B
:100B00004C79000860790008747900088879000839
:100B1000194A10B41368990606D5184954684868EC
:100B20000A68121A7F2A17DD1B0612D5134BD3F859
:100B30008820D3F88C10914216D0D3F888200E4824
:100B400002F07F01194491F890100132C3F8882017
:100B500041605DF8044B70470A6802F07F0008446A
:100B6000013204720A60DFE7034A5DF8044BD36880
:100B700023F08003D360704700380140080600204E
:100B80000B4BF0B4B3FBF0F042F22C07094C0A4BCC
:100B9000226A0A4D0021202642F480420009226286
:100BA000596119619860DF606E60F0BC704700BFEA
:100BB0000040420F003802400038014000E100E0F0
:100BC0000A2810B5044616D00D48D0F88C20D0F86D
:100BD00088300B49D31A7F2BF9DC02F07F030B44DA
:100BE000084883F89040C368013243F08003C1F89D
:100BF0008C20C36010BD0D20FFF7E2FFE4E700BFCB
:100C0000080600200038014010B504460078013481
:100C100028B1FFF7D5FF14F8010B0028F9D110BD5A
:100C2000074A11685368994206D003F07F011144C6
:100C30000133087A536070474FF0FF30704700BFB0
:100C400008060020194A10B41368990606D51849F9
:100C5000546848680A68121A7F2A17DD1B0612D5E5
:100C6000134BD3F88820D3F88C10914216D0D3F8C8
:100C700088200E4802F07F01194491F8901001324B
:100C8000C3F8882041605DF8044B70470A6802F0A1
:100C90007F000844013204720A60DFE7034A5DF80E
:100CA000044BD36823F08003D360704700440040B6
:100CB000180700200B4BF0B4B3FBF0F042F22C0706
:100CC000094C0A4B626A0A4D0021402642F4003268
:100CD00000096262596119619860DF606E60F0BC62
:100CE000704700BF0040420F0038024000440040FF
:100CF00000E100E00A2810B5044616D00D48D0F8EF
:100D00008C20D0F888300B49D31A7F2BF9DC02F005
:100D10007F030B44084883F89040C368013243F0D6
:100D20008003C1F88C20C36010BD0D20FFF7E2FFE7
:100D3000E4E700BF180700200044004010B5044657
:100D40000078013428B1FFF7D5FF14F8010B002813
:100D5000F9D110BD074A11685368994206D003F0D3
:100D60007F0111440133087A536070474FF0FF3020
:100D7000704700BF18070020194A10B4136899067D
:100D800006D51849546848680A68121A7F2A17DD80
:100D90001B0612D5134BD3F88820D3F88C10914240
:100DA00016D0D3F888200E4802F07F01194491F83C
:100DB00090100132C3F8882041605DF8044B704701
:100DC0000A6802F07F000844013204720A60DFE71B
:100DD000034A5DF8044BD36823F08003D360704767
:100DE00000480040280800200B4BF0B4B3FBF0F0A3
:100DF00042F22C07094C0A4B626A0A4D00218026F8
:100E000042F4802200096262596119619860DF60D2
:100E10006E60F0BC704700BF0040420F00380240D7
:100E20000048004000E100E00A2810B5044616D052
:100E30000D48D0F88C20D0F888300B49D31A7F2B7E
:100E4000F9DC02F07F030B44084883F89040C36844
:100E5000013243F08003C1F88C20C36010BD0D2027
:100E6000FFF7E2FFE4E700BF280800200048004049
:100E7000044AD2F88C10D2F888308B42FBD1002083
:100E8000704700BF2808002010B5044600780134E0
:100E900028B1FFF7C9FF14F8010B0028F9D110BDE4
:100EA000074A11685368994206D003F07F01114444
:100EB0000133087A536070474FF0FF30704700BF2E
:100EC000280800200EB400B582B003AB53F8041B11
:100ED0001A46019300F006F802B05DF804EB03B087
:100EE000704700BF2DE9F04F8946934605468FB005
:100EF000039099F8002009F1010352B1252A0ED080
:100F000099462A7099F80020013509F10103002A59
:100F1000F4D1039B2A70E81A0FB0BDE8F08F99F85E
:100F20000120C249C248302A016140F06C8113F8A7
:100F3000012F302AFBD04FF0010AA2F13001C8B2D4
:100F400009284FF000060AD813F8012F06EB860691
:100F500001EB4606A2F13001C8B20928F4D92E2AC5
:100F600000F0C58019784FF0FF3401F0FB02682AC9
:100F700004BF59780133A1F1580203F10109134666
:100F8000202B00F23D81DFE813F090003B013B0194
:100F90003B013B013B013B013B013B013B01390173
:100FA0002D01C800EE00EE0021003B01D7003B01FF
:100FB0003B013B013B013B013B018D003B013B0100
:100FC000CA003B01C8003B013B0121001020DFF8B3
:100FD0007482DBF800300BF1040B4FF0000E8DF83B
:100FE00037E0002B77D0924A0DF13701D2F810C0CC
:100FF000B3FBF0F200FB12331CF80370022801F877
:10100000017C134601F1FF3702D07AB13946EFE790
:101010000EF1010E1EF0070FF7D1BEF11F0FF4DC29
:101020007C2701F8027C8F1E002AEFD1621C56D06B
:101030006FF00041384606F033FA8246404606F02B
:1010400027FACAEB040424EAE47498F80030301A52
:101050000AEB0402801A2BB105F8013B18F8013F96
:10106000002BF9D1002C00F0D1802C44302305F85E
:10107000013BA542FBD1BAF1000F09DD631E07EB6E
:101080000A0117F8012B8F4203F8012FF9D15444BC
:10109000002840F3BD802518202304F8013BAC4212
:1010A000FBD126E708244FF0010A624B604A10206A
:1010B000136164290BF10402DBF8003002D1002B2C
:1010C000C0F2AF804FF0000E9346DFF878818DF8C4
:1010D00037E0002B87D1621C0DF13707A8D1BAF198
:1010E000000F40F097806FF000410124A2E759788B
:1010F0000024A1F13002D0B2092803F101033FF628
:1011000034AF13F8011F04EB840402EB4404A1F193
:101110003002D0B20928F4D927E70A20C9E7611CB8
:101120000BF10403DBF8007000F0998021469B4628
:101130000024DFF810817DE7DBF8003004A8C3F35A
:1011400007411A0E8DE80600DAB23B49C3F30723C4
:1011500007460BF1040BFFF7B5FE00246FF00041CA
:10116000DFF8E08066E70BF1070B2BF0070BDBE9FC
:10117000000104F059F9C0F30F4101F4FF41B1F54A
:10118000FF4F0BF1080BC0F31603C0F3C7525DD03D
:10119000A2F1960111F11F0F43F40003C0F2AB80DE
:1011A0000029BABF494223FA01F103FA01F1763A64
:1011B00000F1AB801F2A00F3A0809340671C55D03C
:1011C000072C54DD1D4AA3FB0223002AC0F2A28093
:1011D0001B4A0533A2FB0323154C0022E273DB08F4
:1011E000062456E0DBF800300EAF012107F8283D59
:1011F0000BF1040B0024DFF84C801BE70220E6E62D
:101200002970013575E64FF0000A96E62C4632E764
:1012100025466EE6404606F03BF96FF00041341A71
:1012200008E75B429346DFF82080D6E6B4790008F1
:1012300038090020C8790008DC79000800E1F505CC
:10124000CDCCCCCCCC840008B0790008002B64D184
:10125000344F354B17EA200738BF1F4600E09B4646
:101260006FF000410024DFF8D880E3E600242F4A25
:1012700052F82420A2FB0323002A4CDB05332C4A1E
:101280002C4FA2FB03230022DB08FA73002C3FD073
:10129000013C294FC4F10E0EA7F10F029644244AD7
:1012A000A2FB03C2D20802EB820CA3EB4C03303347
:1012B00007F8013D77451346F1D1E4431E4F2E2236
:1012C000274407F8012C013F0B44194AA2FB0312E3
:1012D000D20802EB8201A3EB4103303307F8013D52
:1012E0001346002AF1D100283B46B9DA2D22013FEE
:1012F00003F8012CB4E7002159E7631C0FD0072C39
:101300004FF000033FF764AFB1E75242D34055E7D7
:10131000094FD9E707240633B1E7084FA0E70024B7
:101320002346ABE7A0790008A87900087078000888
:10133000CDCCCCCC38090020470900209C7900088E
:10134000CC8400080FB410B582B004AB53F8041B72
:10135000084C1A4620460193FFF7C4FD2046FFF7CC
:1013600053FC204606F094F802B0BDE8104004B0EB
:10137000704700BF4C09002008B5FFF721FC002092
:1013800008BD00BF08B5FFF73FFC0A20FFF718FCB7
:10139000002008BDFFF744BC2DE9F04F8946934675
:1013A00005468FB0039099F8002009F1010352B16E
:1013B000252A0ED099462A7099F80020013509F1A6
:1013C0000103002AF4D1039B2A70E81A0FB0BDE88C
:1013D000F08F99F80120C249C248302A016140F0DB
:1013E0006C8113F8012F302AFBD04FF0010AA2F1D3
:1013F0003001C8B209284FF000060AD813F8012FAF
:1014000006EB860601EB4606A2F13001C8B20928B8
:10141000F4D92E2A00F0C58019784FF0FF3401F07E
:10142000FB02682A04BF59780133A1F1580203F185
:1014300001091346202B00F23D81DFE813F09000F4
:101440003B013B013B013B013B013B013B013B01BC
:101450003B0139012D01C800EE00EE0021003B01E7
:10146000D7003B013B013B013B013B013B018D00B0
:101470003B013B01CA003B01C8003B013B0121008D
:101480001020DFF87482DBF800300BF1040B4FF012
:10149000000E8DF837E0002B77D0924A0DF137011E
:1014A000D2F810C0B3FBF0F200FB12331CF803704B
:1014B000022801F8017C134601F1FF3702D07AB10E
:1014C0003946EFE70EF1010E1EF0070FF7D1BEF11E
:1014D0001F0FF4DC7C2701F8027C8F1E002AEFD15D
:1014E000621C56D06FF00041384605F0D9FF8246A5
:1014F000404605F0CDFFCAEB040424EAE47498F8F2
:101500000030301A0AEB0402801A2BB105F8013BB7
:1015100018F8013F002BF9D1002C00F0D1802C44A9
:10152000302305F8013BA542FBD1BAF1000F09DDDC
:10153000631E07EB0A0117F8012B8F4203F8012FF6
:10154000F9D15444002840F3BD802518202304F825
:10155000013BAC42FBD126E708244FF0010A624B65
:10156000604A1020136164290BF10402DBF800309B
:1015700002D1002BC0F2AF804FF0000E9346DFF88F
:1015800078818DF837E0002B87D1621C0DF1370789
:10159000A8D1BAF1000F40F097806FF0004101240C
:1015A000A2E759780024A1F13002D0B2092803F152
:1015B00001033FF634AF13F8011F04EB840402EB80
:1015C0004404A1F13002D0B20928F4D927E70A2057
:1015D000C9E7611C0BF10403DBF8007000F099808F
:1015E00021469B460024DFF810817DE7DBF80030C0
:1015F00004A8C3F307411A0E8DE80600DAB23B498E
:10160000C3F3072307460BF1040BFFF75BFC002431
:101610006FF00041DFF8E08066E70BF1070B2BF07D
:10162000070BDBE9000103F0FFFEC0F30F4101F4FB
:10163000FF41B1F5FF4F0BF1080BC0F31603C0F3E8
:10164000C7525DD0A2F1960111F11F0F43F40003C0
:10165000C0F2AB800029BABF494223FA01F103FA74
:1016600001F1763A00F1AB801F2A00F3A08093408D
:10167000671C55D0072C54DD1D4AA3FB0223002A0A
:10168000C0F2A2801B4A0533A2FB0323154C0022A3
:10169000E273DB08062456E0DBF800300EAF0121D0
:1016A00007F8283D0BF1040B0024DFF84C801BE702
:1016B0000220E6E62970013575E64FF0000A96E64D
:1016C0002C4632E725466EE6404605F0E1FE6FF017
:1016D0000041341A08E75B429346DFF82080D6E6E3
:1016E000B4790008C4090020C8790008DC79000832
:1016F00000E1F505CDCCCCCCCC840008B079000855
:10170000002B64D1344F354B17EA200738BF1F46F2
:1017100000E09B466FF000410024DFF8D880E3E64C
:1017200000242F4A52F82420A2FB0323002A4CDB7A
:1017300005332C4A2C4FA2FB03230022DB08FA734B
:10174000002C3FD0013C294FC4F10E0EA7F10F022F
:101750009644244AA2FB03C2D20802EB820CA3EBFC
:101760004C03303307F8013D77451346F1D1E4438C
:101770001E4F2E22274407F8012C013F0B44194A23
:10178000A2FB0312D20802EB8201A3EB4103303328
:1017900007F8013D1346002AF1D100283B46B9DA8B
:1017A0002D22013F03F8012CB4E7002159E7631C07
:1017B0000FD0072C4FF000033FF764AFB1E7524260
:1017C000D34055E7094FD9E707240633B1E7084F5F
:1017D000A0E700242346ABE7A0790008A879000819
:1017E00090780008CDCCCCCCC4090020D3090020CF
:1017F0009C790008CC8400080EB400B582B003AB1D
:1018000053F8041B1A460193FFF7C6FD02B05DF8BA
:1018100004EB03B0704700BF0FB410B582B004AB47
:1018200053F8041B084C1A4620460193FFF7B4FDF9
:101830002046FFF783FA204605F02AFE02B0BDE8F5
:10184000104004B0704700BFD8090020A0B10EB40A
:1018500000B582B004AB1A46039909480193FFF71B
:101860009BFD0748FFF76AFA054805F011FE02B034
:101870005DF804EB03B070474FF0FF30704700BFD6
:10188000500A00200EB400B582B004AB1A460449D9
:10189000019300F007F802B05DF804EB03B0704765
:1018A000DC7900082DE9F04F8946934604468DB057
:1018B000039099F8003009F1010253B1252B0ED0A5
:1018C0009146237099F80030013409F10102002B90
:1018D000F4D12370039BE01A0DB0BDE8F08F99F8A6
:1018E0000130302B18BF4FF0000E05D112F8013F28
:1018F000302BFBD04FF0010EA3F13001C8B2092804
:101900004FF000060AD812F8013F06EB860601EBFD
:101910004606A3F13001C8B20928F4D92E2B32D0E3
:1019200011784FF0FF3501F0FB03682B04BF5178AD
:101930000132A1F1580302F10109202B00F2FD80D0
:10194000DFE813F0EA00FB00FB00FB00FB00FB00FC
:10195000FB00FB00FB00FB00FB0092003600D40004
:10196000D400D400FB00BC00FB00FB00FB00FB002C
:10197000FB00FB00AD00FB00FB009E00FB003600FF
:10198000FB00FB00EA0051780025A1F13000C3B252
:10199000092B02F10102C6D812F8011F05EB8505DB
:1019A00000EB4505A1F13000C3B2092BF4D9BAE729
:1019B0000BF1040364299A464FF00A00DBF800306B
:1019C00000F0B480DFF8BC8100228DF82F20002BBE
:1019D00000F0CA80DFF8B0C10DF12F07B3FBF0F2C1
:1019E00000FB12331CF80310134607F8011D002AF0
:1019F000F4D16B1C00F0A480D3466FF00041384650
:101A000005F04EFD02464046AD1A029205F040FD3B
:101A1000029A25EAE57598F80030301AA918401A9C
:101A20002BB104F8013B18F8013F002BF9D1002D30
:101A300000F093802544302304F8013BAC42FBD1F5
:101A4000002A08DD6B1EBC1817F8011BA74203F81B
:101A5000011FF9D1154400287DDD2C18202305F83D
:101A6000013BA542FAD124E7DBF800300CAF01219D
:101A700007F8203D0BF1040B0025DFF80881BEE7D5
:101A80006A1C0BF10403DBF8007019BF29469B4662
:101A90009B466FF000410025DFF8E880AFE70022A9
:101AA000DBF800308DF82F200BF104029246002B5A
:101AB0005DD0DFF8D080102008258BE7DBF8003000
:101AC0000BF1040CC3F307411A0E8DE8060004A8BD
:101AD000DAB22B49C3F30723E34607460025FFF795
:101AE000D1FEDFF8A0806FF0004188E70BF1070C12
:101AF0002CF0070CDCE900AB2B46CDE900AB04A8C9
:101B000020220CF1080B07460025FEF771FCDFF8D8
:101B100074806FF0004172E70BF1040364299A4668
:101B20004FF01000DBF800307FF44CAF002BBFF615
:101B300049AF5B42DFF8548046E721700134B8E6D4
:101B4000BEF1000F0BD0404605F0A2FCD346351A7B
:101B50006FF0004153E72C46ABE6254670E7D346CD
:101B60006FF0004101254AE70DF12F0741E7934649
:101B70006FF0004108250DF12F07DFF808803EE7E0
:101B8000DC790008CC840008B4790008B07900083A
:101B90000FB410B582B004AB53F8041B084C1A46BE
:101BA00020460193FFF77EFE2046FFF76DF92046A1
:101BB00005F06EFC02B0BDE8104004B0704700BFF5
:101BC000C80A002000232DE9F04F81460F469846B1
:101BD0008BB0444E00930DF126050DF1060423460B
:101BE0004FF6FF7223F8022FAB42FBD1102F5ED8C5
:101BF000002367B109EB030212F80810581C0AAA67
:101C000002EB4302C3B2BB4222F8201CF2D30123F1
:101C100001939DF8001034480901FFF793FB0DF183
:101C2000060A4FF0000B0AE0FFF78CFB0BF10103F3
:101C300055455FFA83FB14D0BBF1080F4ED03AF83C
:101C4000021F2A480FFA81FEBEF1FF3FC9B2EBD155
:101C50002748FFF777FB0BF1010355455FFA83FB3C
:101C6000EAD12448FFF76EFB0AE032681A44527842
:101C700012F0970F18BF1846FFF77EFBAC420AD050
:101C800034F8023F2E20DBB22A2BEED12D20FFF7B5
:101C900073FBAC42F4D1009B0A2001330093FFF7A1
:101CA0006BFB019B002B98D00BB0BDE8F08F08F1C7
:101CB000FF3308F10F000DF106024B44484413F8BE
:101CC000011F834222F8021FF9D1103F08F11008CA
:101CD0000023BFB21FFA88F801939AE70648FFF77E
:101CE00031FBACE798050020E8790008F47900089A
:101CF000FC790008007A0008F07900080148FFF735
:101D00008BBD00BF047A00080148FFF785BD00BF06
:101D1000087A000830B403782D2B18D00022114621
:101D20000125825CA2F13004092C15D8014400235E
:101D300003EB830302EB430311F8012F303BA2F1C5
:101D40003004092CF4D903FB05F030BC70470122A4
:101D500011464FF0FF35E4E70020F6E730B4037892
:101D60002D2B18D0002211460125825CA2F13004EF
:101D7000092C15D80144002303EB830302EB430332
:101D800011F8012F303BA2F13004092CF4D903FBE8
:101D900005F030BC7047012211464FF0FF35E4E7F3
:101DA0000020F6E730B10378202B03D110F8013F73
:101DB000202BFBD0704700BF10B32DE9F041002568
:101DC00088462F460E1F03780446202B03D114F8B3
:101DD000013F202BFBD05BB12046202105F04AFBC0
:101DE00048B10770013005F1010546F8044FEAD10A
:101DF0002846BDE8F08148F82540681CBDE8F08120
:101E0000704700BF08B53448FFF706FD3348FFF7B9
:101E100003FD3348FFF700FD3248FFF7FDFC324871
:101E2000FFF7FAFC3148FFF7F7FC3148FFF7F4FC05
:101E30003048FFF7F1FC3048FFF7EEFC2F48FFF782
:101E4000EBFC2F48FFF7E8FC2E48FFF7E5FC2E4897
:101E5000FFF7E2FC2D48FFF7DFFC2D48FFF7DCFC25
:101E60002C48FFF7D9FC2C48FFF7D6FC2B48FFF78E
:101E70008FFE2B48FFF78CFE2A48FFF789FE2A4881
:101E8000FFF786FE2948FFF783FE2948FFF780FE0B
:101E90002848FFF77DFE2848FFF77AFE2748FFF71E
:101EA000BBFC2748FFF7B8FC2648FFF771FE264821
:101EB000FFF76EFE2548FFF76BFE2548FFF768FE2B
:101EC0002448FFF765FE2448FFF762FEBDE808409E
:101ED0002248FFF75DBE00BF0C7A0008407A000878
:101EE000747A0008A87A0008E07A0008187B0008D5
:101EF000507B0008947B0008C47B0008F47B00083A
:101F0000287C0008547C0008887C0008C07C0008FD
:101F1000007D0008407D0008707D0008947D000869
:101F2000C87D0008FC7D0008347E00086C7E000837
:101F3000A47E0008E07E0008287F0008587F000883
:101F40008C7F0008C07F0008EC7F0008208000081C
:101F50005880000898800008D88000080881000890
:101F60002DE9F0410C680D460646A449204603F0D1
:101F70009FFD002800F0A9802046A14903F098FDAC
:101F8000F0B969680B782D2B00F0338103460246C7
:101F90000127CB5CA3F13004092C0ED80A440020A1
:101FA00000EB800003EB400012F8013F3038A3F152
:101FB00030010929F4D907FB00F000F0F3FD2C688B
:101FC0002046904903F074FD002800F0D58020469B
:101FD0008D4903F06DFD002800F0C78020468B4935
:101FE00003F066FD002800F0B9802046884903F020
:101FF0005FFD002800F0AB802046864903F058FDC5
:10200000002800F09D802046834903F051FD002800
:1020100000F08F802046814903F04AFD002800F03F
:10202000818020467E4903F043FD002873D020467E
:102030007C4903F03DFD002865D020467A4903F035
:1020400037FD002857D02046784903F031FD00289D
:1020500048D02046764903F02BFD002839D0204691
:10206000744903F025FD10B9032E00F013812046BA
:10207000714903F01DFD002800F0828020466F4961
:1020800003F016FD002800F0888020466C4903F01C
:102090000FFD002800F08E8020466A4903F008FDFD
:1020A000002800F094802046674903F001FD0028D5
:1020B00000F097802046654903F0FAFC18B9644A9D
:1020C0001378DB431370BDE8F08100F083FD2C68CA
:1020D00052E7FEF739FCFEF745FC5E48FFF758FD76
:1020E0002C68BCE7FEF728FCFEF736FC5A48FFF7E1
:1020F0004FFD2C68ADE7022002F0AAF95748FFF720
:1021000047FD2C689FE7012002F0A2F95448FFF731
:102110003FFD2C6891E702F09BF95248FFF738FD2C
:102120002C6884E702F0E4FC4F48FFF731FD2C688F
:1021300077E701F09DFD4D48FFF72AFD2C6869E720
:1021400001F0CAFD4A48FFF723FD2C685BE700F069
:10215000ADFF4848FFF71CFD2C684DE700F0A0FFDD
:102160004548FFF715FD2C683FE702F09DFB43480B
:10217000FFF70EFD2C6831E700F024FD2C6826E700
:1021800001F05AFA3E48FFF703FD2C682B49204620
:1021900003F08EFC00287FF478AF02F081FC394810
:1021A000FFF7F6FC2C682649204603F081FC002846
:1021B0007FF472AF02F07AFC3348FFF7E9FC2C6839
:1021C0002049204603F074FC00287FF46CAFFFF731
:1021D00019FE2C681C49204603F06AFC00287FF495
:1021E00069AF2A48FFF718FB2948FFF7D1FC2C6894
:1021F00060E701231A464FF0FF37CAE63081000836
:102200003481000840810008488100085881000896
:102210007C810008A4810008BC810008DC810008E2
:10222000008200082882000854820008808200088A
:102230009C820008BC820008E8820008088300082D
:102240001C8300083083000838830008A08300083E
:10225000C80B0020A882000888820008608200085D
:10226000348200080C820008E8810008C881000858
:10227000AC81000888810008648100085081000852
:10228000F08200080C8300082083000840830008C7
:10229000708300086E6833782D2B42D004464FF0CF
:1022A0000108325CA2F13000092844D8301900231B
:1022B00003EB830302EB430310F8012F303BA2F141
:1022C0003004092CF4D908FB03F8A9680B782D2BEE
:1022D0002CD0002006460124085CA0F13007092F0D
:1022E0003FF6F1AE0E44002303EB830300EB430300
:1022F00016F8010F303BA0F13007092FF4D903FB8A
:1023000004F444457FF6DFAE404602F0D5FB20469C
:1023100002F0E0FB224641460848FFF739FC2C68F2
:10232000A5E6012004464FF0FF38BAE70120064633
:102330004FF0FF34D0E74FF00008C6E7C88200082E
:1023400000B10DE6704700BF08B50448FFF764FA16
:10235000BDE808400248FFF71BBC00BF40830008EF
:102360007083000838B5FEF7F5FC041E1ADB1D4B20
:102370001B78002B30D10A2C1CD00D2C1AD0082C25
:1023800011D07F2C0FD0184B1B6823445B7813F0BF
:10239000970F07D0154A1378190603D41448591C0F
:1023A000C454117038BD114A1378002BFAD0013B88
:1023B000137038BD0D4B0E4C1D78002220460D4980
:1023C00062551A70FFF7F8FC0B4A10600028E9D03C
:1023D000BDE838400749C3E521460848FFF7D8FB68
:1023E000C9E700BFC80B002098050020D40D0020CD
:1023F000540D0020FC0C0020F80C0020A8830008DD
:1024000038B5FEF74DFD041E16DB15482146FFF7D3
:1024100003FA0D2C11D00A2C0FD0124B1B68234449
:102420005B7813F0970F07D00F4A1378190603D47F
:102430000E48591CC454117038BD0B4B0B4C1D7801
:10244000002220460A4962551A70FFF7B5FC094A76
:1024500010600028F0D0BDE83840054980E500BF95
:10246000AC83000898050020240D0020780C002083
:102470002C0D0020280D00200A4B10B45A68D207FA
:1024800003D5094C094ADC60DA60064CA369054AA9
:10249000DB07FBD4016053685DF8044B43F0010394
:1024A00053607047003C0240EFCDAB890504030246
:1024B00000F1774303F57803B3F5805F00D2DBE7E3
:1024C000704700BF00F1774303F57803B3F5805FF1
:1024D00034BF0068002070470048CDE700000808BE
:1024E00000687047044B5A68D20703D50349044A71
:1024F000D960DA60704700BF003C0240EFCDAB8985
:1025000005040302024A536843F001035360704715
:10251000003C0240B0F5805F00D37047014601489F
:10252000FFF750BB0000080810B5134C1348216892
:10253000FFF772F961681248FFF76EF9A168114858
:10254000FFF76AF9E1681048FFF766F921690F485B
:10255000FFF762F961690E48FFF75EF9A1690D485E
:10256000FFF75AF9E1690C48FFF756F9216A0B4861
:10257000BDE81040FFF750B9003C0240BC830008A2
:10258000D8830008F4830008108400082C84000815
:102590004884000864840008808400089C84000843
:1025A00040F64D30094B0A491A6A10B442F4805281
:1025B0004FF453741A620C605A6AA1F5784142F4E0
:1025C00080425A625DF8044B086070470038024050
:1025D00000300140044A0549136A4FF4537043F434
:1025E0008053136208607047003802400030014099
:1025F00040F64D30034A0449536A43F48043536222
:10260000086070470038024000380040044B19460B
:10261000D8608B68024ADB07FBD5D068C0B2704730
:1026200000300140044B1946D8608B68024ADB0732
:10263000FBD5D368704700BF00300140054B002236
:102640001946DA608B68034ADB07FBD5D068C0B255
:10265000704700BF0030014003498B68024A9B0766
:10266000FBD5D060704700BF0030014003498B6844
:10267000024A9B07FBD5D060704700BF003800407E
:10268000114B10B419461C4600221A6318649A684C
:1026900042F001029A600B680B4A5B06FBD5236887
:1026A000D805F8D41146936843F0804393600B68D3
:1026B000054A9B07FBD593685DF8044B23F00103A3
:1026C0009360906D704700BF0024014038B510241E
:1026D00000251120FFF7D4FF013C0544F9D128461D
:1026E00002F0A8FF4FF0765102F0FCFF38BD00BFAA
:1026F000104A1149136A70B543F400730024136241
:102700004C60FFF7E3FF0D4D0D4B0E4A0E4E1121AD
:102710002860DA601E615A611C635C639C63DC6341
:1027200019649A6842F480629A60FFF7CFFF2860CC
:1027300070BD00BF003802400027014004000020A7
:1027400000240140B62449129224C9122DE9F04117
:102750002C4C2D4E23685A1C632B226034DCD6F897
:102760000480B8F1010F2FD0284B09201B69284F96
:1027700013F4005F14BF01254FF0FF35FFF780FF12
:1027800005FB00F500203D60FFF77AFF214B39681B
:102790001860B8F1000F32D002460B460025756074
:1027A000C2EB0222801848BFFF301B4AC3EB8313E1
:1027B00000125B18106048BF3F33184A9B11A3609A
:1027C00060601360BDE8F081FEF7D4F81420FEF7D6
:1027D00047F90620FFF754FF114B18600820FFF758
:1027E0004FFF104B18601420FFF74AFF0E4B186084
:1027F000FEF7C8F80023D6F804802360B4E76268C7
:10280000A368CDE7CC0B00200400002000080240A4
:10281000F00D0020E80D0020E40D0020D80D002070
:10282000EC0D0020DC0D0020E00D00200F4B10B55A
:10283000188802F003FF0E4902F054FF0D4B0446C6
:10284000186802F0FBFE0146204602F04BFF4FF0F5
:10285000814102F047FF084B04460849186802F01E
:1028600041FF0146204602F0F1FF10BDF800F81FBD
:1028700000004040DC0D00200400002000F07F45F7
:102880000F4B10B5188802F0D9FE0E4902F02AFF4E
:102890000D4B0446186802F0D1FE0146204602F0B6
:1028A00021FF0A4902F01EFF094B04460949186836
:1028B00002F018FF0146204602F0C8FF10BD00BF1D
:1028C000F800F81F00004040D80D002000007A44B6
:1028D0000400002000F07F450F4B10B5188802F06F
:1028E000ADFE0E4902F0FEFE0D4B0446186802F0E4
:1028F000A5FE0146204602F0F5FE0A4902F0F2FE6E
:10290000094B04460949186802F0ECFE01462046CE
:1029100002F09CFF10BD00BFF800F81F000040400F
:10292000E00D0020EB7321410400002000F07F4502
:1029300008B5054B186802F081FE044902F0D2FE8A
:1029400003F096F880B208BDE40D0020925CDE3EF4
:10295000014B1888704700BFEC0D002010B51B4CD0
:102960001B48FEF759FF21681A48FEF755FF6168BA
:102970001948FEF751FFA1681848FEF74DFFE168BE
:102980001748FEF749FF21691648FEF745FF6169C0
:102990001548FEF741FF216B1448FEF73DFF616BC0
:1029A0001348FEF739FFA16B1248FEF735FFE16BC4
:1029B0001148FEF731FF216C1048FEF72DFFA16D85
:1029C0000F48BDE81040FEF727BF00BF00240140BC
:1029D000B8840008D0840008E4840008F884000863
:1029E0000C8500082085000834850008488500080B
:1029F0005C850008708500088485000898850008BB
:102A0000AC8500080748084B426A10B40021012435
:102A100042F00052426299601C6059615DF8044BBB
:102A2000704700BF003802400074004040F6FF735A
:102A3000984228BF1846014B9860704700740040C8
:102A400040F6FF73984228BF1846014B5861704703
:102A500000740040034B00221A605A609A60DA60EA
:102A6000704700BFF40D0020704700BF70B50646E8
:102A7000064D142426FA04F303F00F0335F813006F
:102A8000043CFFF7F3FD231DF4D170BDB0780008BE
:102A900038B5054C04F1100554F8040BFFF7E6FFB8
:102AA000AC42F9D138BD00BFF40D002038B50C4C54
:102AB000031F22460C304FF47C1553F8041F61B1FC
:102AC0001560834202F10402F7D1064D54F8040B5D
:102AD000FFF7CCFFAC42F9D138BD1160F1E700BF80
:102AE000F40D0020040E002070B40C4D0C492C880D
:102AF00000F47F46002300F47F001A1902F01F0241
:102B00000B2A03F10103D4BF08600E60042B01F10E
:102B10000401F2D101342C8070BC7047D80B002026
:102B2000F40D002038B50648FFF7DEFF054C04F130
:102B3000100554F8040BFFF799FFAC42F9D138BDEA
:102B40003F3F3F00F40D002010B5054C4FF000430F
:102B5000A3610A20FDF784FF4FF40043A36110BD79
:102B600000080240064A1368002B02DD013B136097
:102B70007047044B4FF400429A61FDF771BE00BFED
:102B80000C0000200008024010B5054C4FF0004337
:102B9000A3610A20FDF764FF4FF40043A36110BD59
:102BA0000008024010B50446044B4FF000429A6101
:102BB000FDF75CFE024B1C6010BD00BF0008024028
:102BC0000C000020024B4FF400429A61FDF748BE12
:102BD00000080240024B002202481A60FEF71CBEA9
:102BE000DC0B0020C085000838B50C4C236801338D
:102BF000782B236000DC38BD094D4FF00043AB61FA
:102C00000A20FDF72DFF4FF40043AB616E232360D4
:102C10000448BDE83840FEF7FFBD00BFDC0B0020D4
:102C200000080240D885000870B50B4D4FF4807342
:102C3000AB610A20FDF708FF09244FF400760A2053
:102C4000AE61FDF701FF4FF00073AB610A20FDF7A5
:102C5000FBFE013CF3D170BD0000024070B5114C89
:102C60004FF40076A6610A20FDF7EEFE4FF0807368
:102C7000A3614FF000750A20FDF7E6FEA5610A206A
:102C8000FDF7E2FEA6610A20FDF7DEFE4FF4807339
:102C9000A3610A20FDF7D8FEA5610A20BDE87040B7
:102CA000FDF7D2BE00000240704700BF2DE9F84397
:102CB000264D4FF480730746AB610A20FDF7C4FE32
:102CC0004FF0080800244FF400760A20AE61FDF7AB
:102CD000BBFE2A69640012F4807F4FF00073E4B2F7
:102CE00018BF0134AB614FF00A0018BFE4B2FDF722
:102CF000ABFE08F1FF3313F0FF08DFF85090E4D18A
:102D0000E7B94FF48073C9F818300A20FDF79CFE2C
:102D10000E4D4FF40073AB610A20FDF795FE4FF0A6
:102D20000073AB610A20FDF78FFE4FF48073AB6137
:102D30000A20FDF789FE2046BDE8F8834FF0807336
:102D4000C9F818300A20FDF77FFEE1E700000240D5
:102D50002DE9F8430546234F08244FF000790A2057
:102D6000C7F81890FDF770FE15F0800F4FF08073D4
:102D700018BF4FF48073BB610A204FF40076FDF753
:102D800063FEBE610A20FDF75FFE631E6D0013F057
:102D9000FF04EDB2DFF84C80E1D14FF000774FF443
:102DA0008075C8F818700A20FDF74EFEC8F8185054
:102DB0000A20FDF749FEC8F818600A20FDF744FE16
:102DC000D8F810400A20C8F81870FDF73DFEC8F882
:102DD00018500A20FDF738FE84EA0500C0F30020F1
:102DE000BDE8F8830000024008B5FFF71DFFFFF7BC
:102DF00035FF0620FFF7ACFFBDE808400020FFF7D5
:102E0000A7BF00BF38B50446134DFFF727FF204684
:102E1000FFF79EFF2B69DA050ED50120FDF720FE96
:102E20004FF4FA7404E0013CA4B2FDF719FE8CB132
:102E30002B690120DB05F6D40120FFF737FF05469B
:102E40000120FFF733FF04460020FFF72FFF04EBBC
:102E50000524A4B2204638BD0000024008B5032076
:102E6000FFF7D0FF58B102F0E5FB064902F0EEFC97
:102E7000054902F02DFB054902F02AFB08BD044874
:102E800008BD00BF0000C84266662042CDCCCC3DE4
:102E9000E1FAC74270B50520FFF7B4FF002837D02C
:102EA00002F0CCFB1D49044602F01CFC4FF08141AE
:102EB00002F00EFB1A490546204602F013FC0146BB
:102EC000204602F00FFC0146284602F001FB154B9C
:102ED00005461549186802F0FBFA144906462046D3
:102EE00002F000FC124902F0F5FA0146304602F009
:102EF000F9FB294602F0EEFA0021044602F090FDAB
:102F000040B920460B4902F0A9FD28B1094870BD1F
:102F1000094870BD002070BD204670BD54E3253DBA
:102F2000A2E73B36080E00200000C841ACC5A73818
:102F30000AD7233C0000C842E1FAC74208B5FDF7B2
:102F4000DBFCFFF78BFF054B1860FFF7A3FF044B7B
:102F50001860BDE80840FDF7D7BC00BF080E002090
:102F6000040E0020034B4FF000729A610A20FDF717
:102F70006BBD00BF00000240034B4FF400729A612A
:102F80000A20FDF761BD00BF00000240034B4FF077
:102F900080729A610A20FDF757BD00BF0000024011
:102FA000034B4FF480729A610A20FDF74DBD00BFBC
:102FB000000002400C4B1B6803B9704730B50B4B47
:102FC00083B0186801F01AFF094B044618680D46D3
:102FD00001F014FF2246CDE900012B460548FEF71B
:102FE0001BFC03B030BD00BF10000020080E002005
:102FF000040E0020F4850008014B01221A6070477E
:1030000010000020014B00221A60704710000020C1
:10301000114B124A1248F0B4A3F1100502F110044A
:10302000002753F8041D01290FD021B91668012E7D
:1030300004BF11600660AB42A2F10402A0F10400DB
:10304000A4F10404EDD1F0BC704701680129F2D16C
:10305000116007602160EEE71C0E0020000C0020CC
:1030600020000020034BD869012806BF0022DA6146
:1030700000207047F40B0020034B5869012806BF5D
:1030800000225A6100207047F40B0020034B18699E
:10309000012806BF00221A6100207047F40B0020AF
:1030A000014B01221A61704714000020014B0022DD
:1030B0001A6170471400002038B50C4C04F110055B
:1030C00054F8041B0A48FEF7A7FBAC42F8D1094CA0
:1030D00004F1100554F8041B0548FEF79DFBAC42B3
:1030E000F8D1BDE838400448FEF796BB2C0E00200E
:1030F0000C8600080C0E00206C8300080B4A022886
:10310000136809DD4FF08051916123F04073074A45
:1031100043F08073136070474FF48011916123F482
:103120004073024A43F48073136070470004024006
:10313000054B02281B68044AD4BF23F4407323F0D4
:1031400040731360704700BF000402400B4A0C49F3
:1031500002EB800042694FF48033934010B48B61DE
:103160000C68520003209040012324EA00009340A1
:1031700003430B605DF8044B704700BF1400002050
:10318000000402400A4A012302EB80004269094917
:1031900003FA02F010B488619A400868032494404E
:1031A000934020EA040213430B605DF8044B704720
:1031B0001400002000040240074B10B403EB800011
:1031C000064C41692268032349008B4022EA03032D
:1031D00023605DF8044B7047140000200004024097
:1031E000032807D8DFE800F00F0B0702084B4FF465
:1031F00040225A607047064B064A9A607047044B5B
:10320000054A9A607047024B30229A60704700BFAF
:10321000047C00401000001010000008394A022809
:103220002DE9F843074613685FDC23F440734FF43D
:10323000801143F480739161334E324C06EB870664
:1032400072694FF4803191402360A161206852007F
:1032500003219140012320EA010193400B432360A5
:103260003220FDF7F1FBDFF8A4904FF0000807E0F3
:10327000DA0637D442F6E16398453ED008F10108FA
:103280002368022FD4BF23F4407323F04073726984
:10329000236023680325520005FA02F223EA0203A1
:1032A0000A202360FDF7D0FB7269012302FA03F1C3
:1032B0008D40ED4303FA02F2A26122688B402A405E
:1032C00013432360236838461D402560FFF788FFBD
:1032D0000023C9F80830022FC9F804302369C7DD7C
:1032E000DB04C7D54046BDE8F88323F040734FF0B8
:1032F000805143F0807391619EE742F20F70BDE808
:10330000F88300BF0004024014000020047C004049
:10331000032802DD42F20F7070477FE700212DE99C
:10332000F84F0C46174E184B706A184ADFF864A025
:1033300040F000404FF4801B4FF400194FF4800818
:103340004FF4000C4FF0805E4FF00057104D70624C
:10335000C2F80CA0C3F818B0C3F81890C3F81880CE
:10336000C3F818C0C3F818E09F615160916020460F
:10337000FFF754FF0134042C45F8040BF7D1BDE8E6
:10338000F88F00BF0038024000040240047C004077
:103390001C0E00200000F0302DE9F843124B1B6991
:1033A00003B3124F00243D46A046DFF84890104E6C
:1033B0002046FFF733FF56F8043B49F8040B181A70
:1033C0001428C8BF2B6804F10104C6BF01332B6069
:1033D000C5F80080042C05F10405E9D1FFF718FEBB
:1033E0000023BB60BDE8F883140000200C0E002011
:1033F0001C0E00202C0E002038B5FDF78DFA194860
:10340000FFF76EF80021044602F000FB164BF8B9F6
:103410001C6000200021154D00240DE0204602F024
:103420000DF9134902F05EF94FF0705102F05AF9AC
:1034300001F0E4FC02F024FC00220E4B01F032FD0E
:1034400001F0CAFF0134802C25F8020FE6D138BD07
:10345000094A0A481A60FEF7DFF90948FEF798FBA7
:10346000D7E700BF0A000808BC0E0020CA0E0020E3
:10347000DB0FC94000006940B992B43F10860008D4
:1034800048860008F8B500F07FFA114B114F00266E
:103490001860114C114D34F8020F00F2467080B2E2
:1034A000FFF7C4FA012E4FF001000BD0FFF7E8F848
:1034B00002200544FDF7C8FABC42ECD10136032EC8
:1034C000E7D1F8BD3046FFF7DBF82880F0E700BF12
:1034D000CC0F0020CA0F0020CA0E0020D40F0020FD
:1034E00030B440F6FF74094B002003F5807533F8C3
:1034F000022F11B28142A8BF90B2A142D8BF94B2AC
:10350000AB42F4D1001B80B230BC7047D20F002018
:1035100070B5184C01462078F0B1174B03F18006C6
:10352000324623F8021F9342FBD1144D013820701C
:103530002888124C002501E034F8020F02F07EF8D2
:103540000146284601F0C6FFB4420546F4D14FF0CB
:10355000725102F0C7F870BD094EA6F17E052846EB
:10356000334633F8022D83425A80FAD10846298027
:10357000DFE700BF380000203A0E00203C0E00209C
:10358000BA0E002070B540F6FF74204B204D2B6022
:10359000FFF778FF1F4B002003F5807633F8022FEA
:1035A00011B28142A8BF90B2A142D8BF94B2B34237
:1035B000F4D1031B9BB2184A18461380FFF7A8FFEB
:1035C000164B1749186002F041F9164A164B11685C
:1035D000186002F087F80446144B0C491C602868F8
:1035E00001F076FF124902F07DF84FF07E5101F0B4
:1035F00071FF01464FF07E5002F028F90146204647
:1036000002F070F80B4B186070BD00BF0000C8419D
:10361000CC0F0020D20F0020C80E0020D8100020B0
:1036200000004843BC0E0020D4100020D00F002022
:103630000AD7A33CC40E0020014B01221A70704728
:10364000140C00202DE9F04F7B4C8BB06578022DD7
:1036500000F0828010D8002D75D0012D09D1774857
:10366000FEF7DAF87648FEF793FA764A02231570E9
:1036700063700BB0BDE8F08F032D10D0632DF8D12F
:1036800071480025FEF7C8F87048FEF781FA2570EA
:103690006580FDF7EBF865700BB0BDE8F08F40F684
:1036A000FF75FDF7EBF8FFF7EDFE694B002003F522
:1036B000807633F8022F11B28142A8BF90B2A9429E
:1036C000D8BF95B2B342F4D1431B624A9BB21846AD
:1036D0001380FFF71DFF604B6049186002F0B6F8D9
:1036E0000546DFF8B8A15E4BDAF800805D4F1D603B
:1036F0005D4940463D6001F0EBFE5C4901F0F2FFA0
:103700004FF07E5101F0E6FE01464FF07E5002F090
:103710009DF80146284601F0E5FF6288544B554E5E
:10372000A3FB0213DB0803EB8303A2EB43039BB26F
:103730003060DFF804B1D3B1772A5FD801326280FC
:103740000BB0BDE8F08FFDF78BF801F0AFF9012366
:1037500063700BB0BDE8F08F4748FEF75DF847484F
:10376000FEF716FA032363700BB0BDE8F08FDFF8A5
:1037700030C1C2F178028CFB0213D217C2EBA30353
:103780004046CDF824C0049301F038FB02460B46B6
:103790002846CDE9062301F031FBDDE90623DFF8F9
:1037A00004914FF00008CDE90001CDE902890499A8
:1037B0003348FEF731F8BBF80230DDF824C0C3F11E
:1037C00078038CFB0325DAF80000DB17C3EBA505B3
:1037D00001F014FB02460B463868CDE9042301F0E2
:1037E0000DFBDDE90423CDE90001CDE9028929467D
:1037F0002448FEF7CDF9BBF802209DE73168224846
:1038000002F024F8054601F0F9FA06460F460B4689
:1038100032461E48FEF700F832463B461C48FEF78B
:10382000B7F929461B48FEF757FE1B4900226323C0
:103830000D60628063701CE7140C00208086000815
:10384000A086000838000020408800086088000832
:10385000D20F0020C80E0020D810002000004843DE
:10386000D4100020D00F00200000C8410AD7A33C8C
:10387000CDCCCCCCC40E0020C0860008FC8600084D
:10388000388700089487000800004040F08700084F
:10389000188800080A000808BC0E0020CC0F002081
:1038A000676666660000084008B5064B1B782BB9B2
:1038B00000F010F9BDE80840FFF764BEBDE808401D
:1038C000FFF7C0BE140C002008B50D4B5B7803B9A0
:1038D00008BD0C4B186801F091FA02460B460A48E5
:1038E000FDF79AFF094B186801F088FA02460B466B
:1038F0000748FDF791FFBDE808400648FDF78CBF7B
:1039000038000020CC0F002080880008C40E002062
:10391000908800086C830008014B1868704700BF4E
:10392000CC0F0020014B1868704700BFC40E002068
:10393000014B01225A70704738000020014B0022D1
:103940005A7070473800002070B5074C074D04F5D9
:10395000807634F9021F064835F9022FFDF75CFF27
:10396000B442F6D170BD00BFCA0E0020D20F0020B5
:103970009C88000800000000014B024A1A60704752
:1039800060110020CDCC6CC0014B1868704700BF9F
:1039900064110020134910B50B6843B1124B03F1B9
:1039A000800223F8020F9342FBD100230B600F4BE0
:1039B000A3F17E04224633F8021D93425980FAD1C6
:1039C000034620800949002001E032F8023F8A4284
:1039D0001844FAD101F02EFE4FF0725101F082FE30
:1039E00010BD00BF3C000020DA1000205A1100205A
:1039F0002DE9F8433449054601F074FE2946044692
:103A00004FF08B4001F064FD0146204601F01EFF9F
:103A100001F0F4F904460D4602F07CF906460F4623
:103A20002046294602F076F98046894620462946F6
:103A300002F070F91CA3D3E9002304460D4640466A
:103A4000494601F02FFA22462B4601F02BFA18A323
:103A5000D3E9002301F074F802460B46304639469C
:103A600001F020FA14A3D3E9002301F069F802461B
:103A70000B460020154901F03FFB11A3D3E90023B9
:103A800001F05CF8124B044618680D4601F0B6F9D7
:103A900002460B462046294601F052F801F0C4FCCC
:103AA000BDE8F883AFF30080000000003D51E63D23
:103AB000000000A09096303F0000006026C1503FFB
:103AC000000000606612714000401C460000F03F9C
:103AD0006011002008B5FEF73BFFFFF75BFF034BCB
:103AE0001860FFF785FF024B186008BD5C110020CD
:103AF000641100200A4B10B5186801F07FF90246E6
:103B00000B460848FDF788FE074B186801F076F968
:103B1000BDE8104002460B460448FDF77DBE00BFDD
:103B20005C110020B088000864110020C0880008E3
:103B3000014B024A1A60704760110020CDCC6CC066
:103B400010B507A3D3E900230749084C08480C60C7
:103B5000FDF762FEBDE810400648FDF75DBE00BF00
:103B6000000000A099990DC060110020CDCC6CC060
:103B7000D48800086C83000810B5084C4FF000632F
:103B80004FF08052A261A361FEF74CFD4FF4006339
:103B9000A3610120BDE81040FCF756BF00000240C1
:103BA00010B5084C4FF000634FF48052A261A3613E
:103BB000FEF738FD4FF40063A3610120BDE810401B
:103BC000FCF742BF0000024038B505460A4C4FF0F2
:103BD00000634FF48052A261000AA361FEF722FD48
:103BE000E8B2FEF71FFD4FF40063A3610120BDE8BA
:103BF0003840FCF729BF00BF000002402DE9F84320
:103C000081460E4615461C461520BDF82070BDF8AD
:103C10002480FFF7B1FF4846FFF7C2FF701E4844FB
:103C2000C0B2FFF7BDFF7520FFF7A6FF2846FFF7DC
:103C3000B7FF601E2844C0B2FFF7B2FF5C20FFF759
:103C40009BFF94B10A9D05EB0409002456B12B7823
:103C50002341DB074CBF384640460134FFF7B4FF31
:103C6000B442F4D101354D45EFD1BDE8F88300BF32
:103C700008B5AE20FFF780FFAB20FFF77DFF0020E7
:103C8000FFF78EFF014B00221A6008BD40000020A4
:103C900010B50F4C2368012B12D0022B08D003B1B2
:103CA00010BD0C4B1B68002BFAD00123236010BD04
:103CB000FFF7DEFF074A002313606360236010BD37
:103CC00063685A1C092B6260EADD0223236010BD81
:103CD000180C00204000002008B5AB20FFF74CFF77
:103CE0000120FFF75DFFAF20FFF746FF014B0122E8
:103CF0001A6008BD4000002010B50446C720FFF739
:103D00003BFF0F2C2046BDE8104028BF0F20FFF7D7
:103D100047BF00BF70B505461520FFF72DFF0020F7
:103D2000FFF73EFF7F20FFF73BFF7520FFF724FFE3
:103D30000020FFF735FF7F20FFF732FF5C20FFF701
:103D40001BFF802680242846FFF73EFF013CFAD166
:103D5000013EF7D170BD00BF2DE9F04180460D4610
:103D600017461C461520BDF81860FFF705FF4046B2
:103D7000FFF716FF681E4044C0B2FFF711FF752021
:103D8000FFF7FAFE3846FFF70BFF04FB05F5601E50
:103D90003844C0B2FFF704FF5C20FFF7EDFE35B1F9
:103DA000002401343046FFF70FFFAC42F9D1BDE8E3
:103DB000F08100BF70B40829BDF80C60BDF8105048
:103DC00001D970BC70470396049570BC16E700BF1C
:103DD0002DE9F04F87B09A46BDF8443008440E46AE
:103DE000C4B29346BDF840900593DDF848800025A5
:103DF0000F4F01E03444E4B2EBB218F80330013560
:103E000093B1082EF6D8203BC3EBC30307EB430363
:103E10000293059BCDF800900193204631465A4607
:103E20005346FFF7EBFEE5E707B0BDE8F08F00BFB4
:103E3000440000202DE9F0430026B0464EF2D7673B
:103E4000DFF8389085B04D460024204608340295AE
:103E50008DE88001082132460E23E4B2FFF7CEFE42
:103E6000802C05F10E05F0D11036F6B2602E09F166
:103E7000E009E8D105B0BDE8F08300BF44000020B0
:103E8000F0B5474B474C07CB4EF2D7662060002079
:103E900005464FF6E07785B0B3F800C093F802E02E
:103EA0006160A26000967F2109221023A4F80CC053
:103EB00084F80EE0FFF750FF019628460294009523
:103EC00008210A220E23FFF783FF374B009607CB0A
:103ED000B3F800C093F802E020606160A260284659
:103EE0007F2119221023A4F80CC084F80EE0FFF7FC
:103EF00033FF8DE860002846029408211A220E2321
:103F0000FFF766FF294B4FF4FC6607CBB3F800C000
:103F100093F802E020606160A260284600967F214D
:103F200031221023A4F80CC084F80EE0FFF714FF30
:103F30008DE8600028460294082132220E23FFF704
:103F400047FF1B4B009707CB1E8820606160A26073
:103F500028467F2149221023A681FFF7FDFE28462F
:103F60004A220E238DE8A00002940821FFF730FFBB
:103F70004FF4784620460F49FCF7A4FF28460096E8
:103F80007F2161221023FFF7E7FE02948DE8600095
:103F90002846082162220E23FFF71AFF05B0F0BD64
:103FA000E088000868110020F088000800890008F7
:103FB000108900082089000808B5FD20FFF7DCFD06
:103FC0001220FFF7EDFDFD20FFF7D6FDB120FFF732
:103FD000E7FDAE20FFF7D0FDA420FFF7CDFD1520B3
:103FE000FFF7CAFD0020FFF7DBFD7F20FFF7D8FDBC
:103FF0007520FFF7C1FD0020FFF7D2FD7F20FFF7FE
:10400000CFFDB320FFF7B8FDF120FFF7C9FDCA20AF
:10401000FFF7B2FD7F20FFF7C3FDA020FFF7ACFD47
:104020007420FFF7BDFDA120FFF7A6FD0020FFF7DC
:10403000B7FDA220FFF7A0FD0020FFF7B1FDAB20E8
:10404000FFF79AFD0120FFF7ABFDB420FFF794FDC9
:10405000A020FFF7A5FDB520FFF7A2FD5520FFF733
:104060009FFDC120FFF788FDC820FFF799FD802044
:10407000FFF796FDC020FFF793FDC720FFF77CFDFB
:104080000F20FFF78DFDB120FFF776FD3220FFF7FF
:1040900087FDB220FFF770FDA420FFF781FD00200F
:1040A000FFF77EFD0020FFF77BFDBB20FFF764FDDF
:1040B0001720FFF775FDB620FFF75EFD0120FFF723
:1040C0006FFDBE20FFF758FD0520FFF769FDA62014
:1040D000FFF752FD0F20FFF70FFE0020FFF71AFE3B
:1040E000AF20FFF749FDBDE80840FFF7C9BE00BF9C
:1040F000F8B5451E06460F462A46002312F8011F52
:1041000099B10133092BF9D108240822384620211E
:1041100003F0A8F900223B19F01D3A7215F8012F9F
:10412000854203F8012BF9D1F8BDC3F10804ECE78F
:104130002DE9F04F00248BB08246894617469846F9
:10414000079408948DF82440149E159DFEF78AFF6D
:1041500058B1DFF868B2DBF84435012B00F011816B
:10416000FFF7BAFD0123CBF844358B4C5146A068CC
:1041700001F04CFC002800F0DE80E068494601F0C8
:1041800045FC002800F0B7802069394601F03EFC6C
:10419000834620BB3846814901F042FC002877D194
:1041A0000590384600F02AFE0DF11C0B0B46024626
:1041B0007B497C48FCF786FE59467A48FFF798FF12
:1041C000DDF814C04FF4FC63CDF808B0CDF800C0A2
:1041D00001931E20082132220E23FFF7F9FD6069AA
:1041E000414601F013FC002868D0A069314601F077
:1041F0000DFCD0B930466C4901F030FC002842D1AA
:10420000304600F0FBFD02460B46DFF898B16749E7
:104210005846FCF757FE4FF4784300208DE8090814
:10422000082162220E23FFF7D3FDE069294601F041
:10423000EDFBC8B928465E4901F010FC00BB2846DA
:1042400001F016FC82B2DFF85CB15A495846FCF71F
:1042500039FE00224FF478438DE80C0844200821F1
:1042600062220E23FFF7B4FDC4F808A0C4F80C9036
:104270002761C4F81480A661E5610BB0BDE8F08F3A
:104280004B4D6322DFE7484E41A3D3E90023BCE74F
:10429000444A494B0DF11C0C03CB10605160104691
:1042A0006146CDF814C0FFF723FFDDF814C04FF4CA
:1042B000FC63CDF808C0CDF800B089E70590404612
:1042C00001F0D6FB0DF11C0B82B23A493548FCF7E0
:1042D000F9FD59463348FFF70BFF4FF6E072059B97
:1042E00001920093CDF808B01E2008214A220E2327
:1042F000FFF76EFD79E70590484600F07FFD0DF170
:104300001C0B02460B4627482549FCF7DBFD5946A6
:104310002448FFF7EDFE4EF2D763DDF814C0019399
:10432000CDF808B0CDF800C01E2008211A220E23B7
:10433000FFF74EFD28E7504600F060FD0DF11C0B25
:1043400002460B4617481649FCF7BCFD594615486E
:10435000FFF7CEFE00F088FB50B94EF2D7638DE830
:1043600009081E2008210A220E23FFF731FD04E769
:104370004EF2D7624FF47843CDF808B00192009323
:10438000EFE7FFF775FCCBF84445EEE6AFF30080AE
:10439000000000A099F95840180C00200000C0400F
:1043A0009488000868110020CDCCC7423C890008E1
:1043B0000000C6423889000830890008400000200B
:1043C000024B4FF000629A61704700BF000002404C
:1043D000024B4FF400629A61704700BF0000024038
:1043E000024B4FF080529A61704700BF00000240BC
:1043F000024B4FF480529A61704700BF00000240A8
:1044000070B50F48FEF75EF80E4C0F4D20600F4858
:10441000FEF758F82368286043B130B9B424214628
:104420000A482C60FEF744F82C6070BD3C26044816
:1044300031462660FEF73CF828682660EDE700BFAD
:10444000140008087C1100208011002018000808C2
:104450000228DCBF014B1860704700BF88050020B0
:1044600038B5314C23681BB1012B28D0022B00D06A
:1044700038BD2E4D2B681D2B02DC6B68002B44D100
:10448000FCF762FAFCF76EFA2B68284AB3F5967FC0
:10449000B4BF0133002313606A68244B312A28D942
:1044A0009A68511C3C2A9960E2DD002201212160BA
:1044B0009A601A601E48BDE83840FDF7ADB91B4D43
:1044C0002B683B2B1CDCFCF737FAFCF745FA2B6812
:1044D000164AB32BD4BF0133002313606B68134A11
:1044E000312B09D89368591C3C2B916012DC23684E
:1044F000BCE700229A6038BD002123689160B5E7CF
:10450000FCF722FAFCF72EFAE1E7FCF715FAFCF7C4
:1045100023FAB9E700230221216093601360054864
:10452000BDE83840FDF778B988050020380C002038
:10453000648900084489000870B582B0FEF7A0F9CC
:10454000194C1A4EE060FEF771F92061FEF7C4F9CC
:104550006061FEF7EDF96060FFF7DEF9A061FFF73B
:10456000E1F9236AE0615A1C092B226204DC7368BA
:10457000012B01D0656A09E0FEF770FCA062FEF72E
:1045800089FC05460023606223627360606801F065
:1045900051F8E168626903462069A46A01950094B4
:1045A000FFF7C6FD02B070BD380C00208805002062
:1045B00038B52F4C2F48E16AFDF72EF9206900F03D
:1045C0001DFC02460B462C48FDF726F9E06800F07A
:1045D00015FC02460B462948FDF71EF9606900F0FC
:1045E0000DFC02460B462648FDF716F9A06A00F0BE
:1045F00005FC02460B462348FDF70EF9606A00F001
:10460000FDFB02460B462048FDF706F961681F488E
:10461000FDF702F9A06900F0F1FB02460B461C48C9
:10462000FDF7FAF8E06900F0E9FB1A4D02460B4687
:104630001948FDF7F1F82B6853B1012B0ED0022B6E
:1046400012D01648FDF7E8F8E36A0133E36238BD9B
:104650001348FDF7E1F82B68012BF0D11148FDF765
:10466000DBF82B68022BECD10F48FDF7D5F8E8E713
:10467000380C0020808900088C8900089C8900087B
:10468000AC890008BC890008C8890008D4890008E2
:104690008088000888050020908800086C83000846
:1046A000E0890008EC890008F489000870B5664CC0
:1046B000236B002B00F0A480636B644D5A1C132BFA
:1046C000626340F29E80132A88BF0023A16B60487A
:1046D00088BF6363FDF7A0F8206900F08FFB0246F6
:1046E0000B465C48FDF798F8E06800F087FB02464F
:1046F0000B465948FDF790F8606900F07FFB0246D1
:104700000B465648FDF788F8A06A00F077FB024692
:104710000B465348FDF780F8606A00F06FFB0246D5
:104720000B465048FDF778F861684F48FDF774F87C
:10473000A06900F063FB02460B464C48FDF76CF89D
:10474000E06900F05BFB02460B464948FDF764F860
:104750002B683E4E002B5FD0012B66D0022B60D021
:104760004448FDF759F8A16B4348FDF711FA206959
:1047700000F044FB02460B463648FDF709FAE068B4
:1047800000F03CFB02460B463348FDF701FA606936
:1047900000F034FB02460B463048FDF7F9F9A06AF9
:1047A00000F02CFB02460B462D48FDF7F1F9606A3C
:1047B00000F024FB02460B462A48FDF7E9F9616840
:1047C0002948FDF7E5F9A06900F018FB02460B4601
:1047D0002648FDF7DDF9E06900F010FB02460B46C4
:1047E0002348FDF7D5F92B68184E83B1012B25D04E
:1047F000022B1FD01F48FDF7CBF9A36B0133A36336
:1048000070BDAB68002BFBD00023AB605BE71B489F
:10481000FDF7BEF93368E9E71848FCF7FDFF336898
:104820009AE71748FCF7F8FF9AE71648FCF7F4FFF9
:104830002B6893E71248FDF7ABF9DBE71148FDF76A
:10484000A7F92B68D4E700BF380C002088050020AA
:10485000808900088C8900089C890008AC890008C0
:10486000BC890008C8890008D4890008808800082D
:10487000008A00086C8300080C8A0008E0890008A0
:10488000F4890008EC89000808B5FEF7ADF9FEF7D9
:1048900069F9FFF7FDF9FFF7E3FDFFF74DFEBDE80E
:1048A0000840FFF703BF00BF70B55F4C5F48E16B86
:1048B000FCF7B2FF206900F0A1FA02460B465C4803
:1048C000FCF7AAFFE06800F099FA02460B46594847
:1048D000FCF7A2FF606900F091FA02460B465648C9
:1048E000FCF79AFFA06A00F089FA02460B4653488B
:1048F000FCF792FF606A00F081FA02460B465048CE
:10490000FCF78AFF61684F48FCF786FFA06900F05A
:1049100075FA02460B464C48FCF77EFFE06900F052
:104920006DFA4A4D02460B464948FCF775FF2B6865
:10493000002B59D0012B5DD0022B61D04548FCF7EC
:104940006BFFE16B4448FDF723F9206900F056FA4C
:1049500002460B463648FDF71BF9E06800F04EFAB8
:1049600002460B463348FDF713F9606900F046FA3A
:1049700002460B463048FDF70BF9A06A00F03EFAFC
:1049800002460B462D48FDF703F9606A00F036FA3F
:1049900002460B462A48FDF7FBF861682948FDF7F7
:1049A000F7F8A06900F02AFA02460B462648FDF700
:1049B000EFF8E06900F022FA02460B462448FDF7C2
:1049C000E7F82B68214EFBB1012B23D0022B27D017
:1049D0002048FDF7DDF8E36B4FF4FA600133E36341
:1049E000BDE87040FCF73CB81C48FCF715FF2B688D
:1049F000012BA1D11A48FCF70FFF2B68022B9DD188
:104A00001848FCF709FF99E71448FDF7C1F8336827
:104A1000012BDBD11248FDF7BBF82B68022BD7D155
:104A20001048FDF7B5F8D3E7380C0020808900085E
:104A30008C8900089C890008AC890008BC890008A2
:104A4000C8890008D48900088088000888050020EB
:104A5000008A00086C830008188A0008E0890008B2
:104A6000EC890008F489000808B5044B044918696A
:104A700000F0D6FF003018BF012008BD380C002020
:104A80000000104108B5044B0449186900F0E6FF26
:104A9000003018BF012008BD380C002000004C4138
:104AA000014B01221A637047380C0020014B002291
:104AB0001A637047380C002010B50446034821469D
:104AC000FDF7F6FC024B1C6010BD00BF1400080887
:104AD0007C11002010B5044603482146FDF7E8FC90
:104AE000024B1C6010BD00BF180008088011002098
:104AF00038B5074D074C296822680748FCF78CFE3B
:104B0000296822680548BDE83840FDF741B800BF74
:104B10007C11002080110020248A0008488A0008A7
:104B2000508D000800000020000600200006002034
:104B30008411002081F0004102E000BF83F00043B7
:104B400030B54FEA41044FEA430594EA050F08BF28
:104B500090EA020F1FBF54EA000C55EA020C7FEAEC
:104B6000645C7FEA655C00F0E2804FEA5454D4EB69
:104B70005555B8BF6D420CDD2C4480EA020281EA33
:104B8000030382EA000083EA010180EA020281EA6B
:104B90000303362D88BF30BD11F0004F4FEA0131BD
:104BA0004FF4801C4CEA113102D0404261EB4101CC
:104BB00013F0004F4FEA03334CEA133302D0524252
:104BC00063EB430394EA050F00F0A780A4F101040E
:104BD000D5F1200E0DDB02FA0EFC22FA05F2801848
:104BE00041F1000103FA0EF2801843FA05F359412E
:104BF0000EE0A5F120050EF1200E012A03FA0EFCAD
:104C000028BF4CF0020C43FA05F3C01851EBE371D6
:104C100001F0004507D54FF0000EDCF1000C7EEBF3
:104C200000006EEB0101B1F5801F1BD3B1F5001F31
:104C30000CD349085FEA30004FEA3C0C04F1010450
:104C40004FEA445212F5800F80F09A80BCF1004F79
:104C500008BF5FEA500C50F1000041EB045141EAFB
:104C6000050130BD5FEA4C0C404141EB010111F4FC
:104C7000801FA4F10104E9D191F0000F04BF0146A7
:104C80000020B1FA81F308BF2033A3F10B03B3F185
:104C900020020CDA0C3208DD02F1140CC2F10C0215
:104CA00001FA0CF021FA02F10CE002F11402D8BF73
:104CB000C2F1200C01FA02F120FA0CFCDCBF41EA3F
:104CC0000C019040E41AA2BF01EB0451294330BD0E
:104CD0006FEA04041F3C1CDA0C340EDC04F11404EB
:104CE000C4F1200220FA04F001FA02F340EA0300C2
:104CF00021FA04F345EA030130BDC4F10C04C4F108
:104D0000200220FA02F001FA04F340EA03002946E7
:104D100030BD21FA04F0294630BD94F0000F83F431
:104D2000801306BF81F480110134013D4EE77FEA14
:104D3000645C18BF7FEA655C29D094EA050F08BF60
:104D400090EA020F05D054EA000C04BF1946104641
:104D500030BD91EA030F1EBF0021002030BD5FEA85
:104D6000545C05D14000494128BF41F0004130BDAD
:104D700014F580043CBF01F5801130BD01F0004501
:104D800045F0FE4141F470014FF0000030BD7FEA74
:104D9000645C1ABF194610467FEA655C1CBF0B466F
:104DA000024650EA013406BF52EA033591EA030F86
:104DB00041F4002130BD00BF90F0000F04BF00217E
:104DC000704730B54FF4806404F132044FF00005B1
:104DD0004FF0000150E700BF90F0000F04BF00212A
:104DE000704730B54FF4806404F1320410F0004590
:104DF00048BF40424FF000013EE700BF42004FEA8B
:104E0000E2014FEA31014FEA02701FBF12F07F4307
:104E100093F07F4F81F06051704792F0000F14BF04
:104E200093F07F4F704730B54FF4607401F0004548
:104E300021F0004120E700BF50EA010208BF70479F
:104E400030B54FF000050AE050EA010208BF704794
:104E500030B511F0004502D5404261EB41014FF4FD
:104E6000806404F132045FEA915C3FF4DCAE4FF001
:104E700003025FEADC0C18BF03325FEADC0C18BFE8
:104E8000033202EBDC02C2F1200300FA03FC20FA39
:104E900002F001FA03FE40EA0E0021FA02F1144486
:104EA000C1E600BF70B54FF0FF0C4CF4E06C1CEA9B
:104EB00011541DBF1CEA135594EA0C0F95EA0C0F10
:104EC00000F0DEF82C4481EA030621EA4C5123EA83
:104ED0004C5350EA013518BF52EA033541F48011B2
:104EE00043F4801338D0A0FB02CE4FF00005E1FB65
:104EF00002E506F00042E0FB03E54FF00006E1FBAF
:104F000003569CF0000F18BF4EF0010EA4F1FF04F1
:104F1000B6F5007F64F5407404D25FEA4E0E6D4131
:104F200046EB060642EAC62141EA55514FEAC52042
:104F300040EA5E504FEACE2EB4F1FD0C88BFBCF5BE
:104F4000E06F1ED8BEF1004F08BF5FEA500E50F16F
:104F5000000041EB045170BD06F0004646EA010135
:104F600040EA020081EA0301B4EB5C04C2BFD4EB67
:104F70000C0541EA045170BD41F480114FF0000E60
:104F8000013C00F3AB8014F1360FDEBF002001F0CE
:104F9000004170BDC4F10004203C35DA0C341BDC48
:104FA00004F11404C4F1200500FA05F320FA04F01A
:104FB00001FA05F240EA020001F0004221F000414E
:104FC00010EBD37021FA04F642EB06015EEA430EC1
:104FD00008BF20EAD37070BDC4F10C04C4F12005F1
:104FE00000FA04F320FA05F001FA04F240EA0200A4
:104FF00001F0004110EBD37041F100015EEA430E75
:1050000008BF20EAD37070BDC4F1200500FA05F294
:105010004EEA020E20FA04F301FA05F243EA020313
:1050200021FA04F001F0004121FA04F220EA020022
:1050300000EBD3705EEA430E08BF20EAD37070BD68
:1050400094F0000F0FD101F00046400041EB010148
:1050500011F4801F08BF013CF7D041EA060195F02A
:10506000000F18BF704703F00046520043EB0303E4
:1050700013F4801F08BF013DF7D043EA06037047D1
:1050800094EA0C0F0CEA135518BF95EA0C0F0CD0DC
:1050900050EA410618BF52EA4306D1D181EA030122
:1050A00001F000414FF0000070BD50EA410606BF1C
:1050B0001046194652EA430619D094EA0C0F02D161
:1050C00050EA013613D195EA0C0F05D152EA0336A6
:1050D0001CBF104619460AD181EA030101F00041C4
:1050E00041F0FE4141F470014FF0000070BD41F00D
:1050F000FE4141F4780170BD70B54FF0FF0C4CF4E7
:10510000E06C1CEA11541DBF1CEA135594EA0C0F05
:1051100095EA0C0F00F0A7F8A4EB050481EA030E52
:1051200052EA03354FEA013100F088804FEA033339
:105130004FF0805545EA131343EA12634FEA022207
:1051400045EA111545EA10654FEA00260EF00041C8
:105150009D4208BF964244F1FD0404F5407402D21A
:105160005B084FEA3202B61A65EB03055B084FEAAB
:1051700032024FF480104FF4002CB6EB020E75EBA8
:10518000030E22BFB61A754640EA0C005B084FEAD0
:105190003202B6EB020E75EB030E22BFB61A75464D
:1051A00040EA5C005B084FEA3202B6EB020E75EB98
:1051B000030E22BFB61A754640EA9C005B084FEA10
:1051C0003202B6EB020E75EB030E22BFB61A75461D
:1051D00040EADC0055EA060E18D04FEA051545EA0C
:1051E00016754FEA06164FEAC30343EA52734FEAB5
:1051F000C2025FEA1C1CC0D111F4801F0BD141EA2E
:1052000000014FF000004FF0004CB6E711F4801F92
:1052100004BF01430020B4F1FD0C88BFBCF5E06F72
:105220003FF6AFAEB5EB030C04BFB6EB020C5FEA82
:10523000500C50F1000041EB045170BD0EF0004ED7
:105240004EEA113114EB5C04C2BFD4EB0C0541EA09
:10525000045170BD41F480114FF0000E013C90E606
:1052600045EA060E8DE60CEA135594EA0C0F08BFCA
:1052700095EA0C0F3FF43BAF94EA0C0F0AD150EAC9
:1052800001347FF434AF95EA0C0F7FF425AF10465C
:1052900019462CE795EA0C0F06D152EA03353FF484
:1052A000FDAE1046194622E750EA410618BF52EA01
:1052B00043067FF4C5AE50EA41047FF40DAF52EAD5
:1052C00043057FF4EBAE12E74FF0FF3C06E000BF72
:1052D0004FF0010C02E000BF4FF0010C4DF804CD7F
:1052E0004FEA410C7FEA6C5C4FEA430C18BF7FEA3F
:1052F0006C5C1BD001B050EA410C0CBF52EA430C6D
:1053000091EA030F02BF90EA020F0020704710F1EC
:10531000000F91EA030F58BF994208BF90422CBF7B
:10532000D8176FEAE37040F0010070474FEA410C74
:105330007FEA6C5C02D150EA013C07D14FEA430C92
:105340007FEA6C5CD6D152EA033CD3D05DF8040B03
:10535000704700BF8446104662468C461946634635
:1053600000E000BF01B5FFF7B7FF002848BF10F10C
:10537000000F01BD4DF808EDFFF7F4FF0CBF012051
:1053800000205DF808FB00BF4DF808EDFFF7EAFFCD
:1053900034BF012000205DF808FB00BF4DF808ED88
:1053A000FFF7E0FF94BF012000205DF808FB00BF7D
:1053B0004DF808EDFFF7CEFF94BF012000205DF807
:1053C00008FB00BF4DF808EDFFF7C4FF34BF012014
:1053D00000205DF808FB00BF4FEA410212F5001201
:1053E00015D211D56FF47873B3EB625212D94FEA2C
:1053F000C12343F0004343EA505311F0004F23FA16
:1054000002F018BF404270474FF00000704750EA6A
:10541000013005D111F0004008BF6FF00040704727
:105420004FF00000704700BF4FEA4102B2F1E04385
:1054300024BFB3F5001CDCF1FE5C0DD901F0004C7B
:105440004FEAC0024CEA5070B2F1004F40EB8300CB
:1054500008BF20F00100704711F0804F21D113F1F7
:105460003872BCBF01F00040704741F480114FEA30
:105470005252C2F11802C2F1200C10FA0CF320FAB9
:1054800002F018BF40F001004FEAC1234FEAD323D6
:1054900003FA0CFC40EA0C0023FA02F34FEA430340
:1054A000CCE77FEA625307D150EA01331EBF4FF0C9
:1054B000FE4040F44000704701F0004040F0FE40E4
:1054C00040F40000704700BF80F0004002E000BFE1
:1054D00081F0004142001FBF5FEA410392EA030FDF
:1054E0007FEA226C7FEA236C6AD04FEA1262D2EB29
:1054F0001363C1BFD218414048404140B8BF5B422E
:10550000192B88BF704710F0004F40F4000020F0C6
:105510007F4018BF404211F0004F41F4000121F0DC
:105520007F4118BF494292EA030F3FD0A2F1010226
:1055300041FA03FC10EB0C00C3F1200301FA03F164
:1055400000F0004302D5494260EB4000B0F5000F87
:1055500013D3B0F1807F06D340084FEA310102F146
:105560000102FE2A51D2B1F1004F40EBC25008BFF8
:1055700020F0010040EA03007047490040EB0000C2
:1055800010F4000FA2F10102EDD1B0FA80FCACF1F1
:10559000080CB2EB0C0200FA0CF0AABF00EBC250F0
:1055A00052421843BCBFD0401843704792F0000FDE
:1055B00081F4000106BF80F400000132013BB5E731
:1055C0004FEA41037FEA226C18BF7FEA236C21D0A7
:1055D00092EA030F04D092F0000F08BF084670470C
:1055E00090EA010F1CBF0020704712F07F4F04D1DA
:1055F000400028BF40F00040704712F100723CBFED
:1056000000F50000704700F0004343F0FE4040F416
:10561000000070477FEA226216BF08467FEA2363D4
:105620000146420206BF5FEA412390EA010F40F4BF
:10563000800070474FF0000304E000BF10F000430B
:1056400048BF40425FEA000C08BF704743F09643F2
:1056500001464FF000001CE050EA010208BF70470D
:105660004FF000030AE000BF50EA010208BF704794
:1056700011F0004302D5404261EB41015FEA010CA9
:1056800002BF84460146002043F0B64308BFA3F1A1
:105690008053A3F50003BCFA8CF2083AA3EBC25383
:1056A00010DB01FA02FC634400FA02FCC2F12002A2
:1056B000BCF1004F20FA02F243EB020008BF20F0D9
:1056C0000100704702F1200201FA02FCC2F120023F
:1056D00050EA4C0021FA02F243EB020008BF20EA34
:1056E000DC7070474FF0FF0C1CEAD0521EBF1CEA62
:1056F000D15392EA0C0F93EA0C0F6FD01A4480EA50
:10570000010C400218BF5FEA41211ED04FF0006338
:1057100043EA501043EA5111A0FB01310CF0004064
:10572000B1F5000F3EBF490041EAD3715B0040EA8A
:10573000010062F17F02FD2A1DD8B3F1004F40EB5A
:10574000C25008BF20F00100704790F0000F0CF02D
:10575000004C08BF49024CEA502040EA51207F3AF1
:10576000C2BFD2F1FF0340EAC250704740F40000CC
:105770004FF00003013A5DDC12F1190FDCBF00F0BD
:1057800000407047C2F10002410021FA02F1C2F16B
:10579000200200FA02FC5FEA310040F1000053EA07
:1057A0004C0308BF20EADC70704792F0000F00F055
:1057B000004C02BF400010F4000F013AF9D040EA5B
:1057C0000C0093F0000F01F0004C02BF490011F4EF
:1057D000000F013BF9D041EA0C018FE70CEAD153ED
:1057E00092EA0C0F18BF93EA0C0F0AD030F0004C6D
:1057F00018BF31F0004CD8D180EA010000F0004021
:10580000704790F0000F17BF90F0004F084691F0DE
:10581000000F91F0004F14D092EA0C0F01D1420218
:105820000FD193EA0C0F03D14B0218BF084608D1E1
:1058300080EA010000F0004040F0FE4040F400002B
:10584000704740F0FE4040F4400070474FF0FF0CBE
:105850001CEAD0521EBF1CEAD15392EA0C0F93EA05
:105860000C0F69D0A2EB030280EA010C49024FEA57
:10587000402037D04FF0805343EA111143EA101310
:105880000CF000408B4238BF5B0042F17D024FF4C8
:10589000000C8B4224BF5B1A40EA0C00B3EB510FA3
:1058A00024BFA3EB510340EA5C00B3EB910F24BF8C
:1058B000A3EB910340EA9C00B3EBD10F24BFA3EB11
:1058C000D10340EADC001B0118BF5FEA1C1CE0D1D9
:1058D000FD2A3FF650AF8B4240EBC25008BF20F08C
:1058E000010070470CF0004C4CEA50207F32C2BFE0
:1058F000D2F1FF0340EAC250704740F400004FF07D
:105900000003013A37E792F0000F00F0004C02BFAD
:10591000400010F4000F013AF9D040EA0C0093F077
:10592000000F01F0004C02BF490011F4000F013BD1
:10593000F9D041EA0C0195E70CEAD15392EA0C0F39
:1059400008D142027FF47DAF93EA0C0F7FF470AF71
:10595000084676E793EA0C0F04D14B023FF44CAFB4
:1059600008466EE730F0004C18BF31F0004CCAD149
:1059700030F000427FF45CAF31F000437FF43CAF85
:105980005FE700BF4FF0FF3C06E000BF4FF0010CA7
:1059900002E000BF4FF0010C4DF804CD4FEA400289
:1059A0004FEA41037FEA226C18BF7FEA236C11D0D3
:1059B00001B052EA530C18BF90EA010F58BFB2EB86
:1059C000030088BFC81738BF6FEAE17018BF40F006
:1059D000010070477FEA226C02D15FEA402C05D1BA
:1059E0007FEA236CE4D15FEA412CE1D05DF8040B3F
:1059F000704700BF844608466146FFE70FB5FFF7D2
:105A0000C9FF002848BF10F1000F0FBD4DF808ED89
:105A1000FFF7F4FF0CBF012000205DF808FB00BF7A
:105A20004DF808EDFFF7EAFF34BF012000205DF8D4
:105A300008FB00BF4DF808EDFFF7E0FF94BF012021
:105A400000205DF808FB00BF4DF808EDFFF7D2FF1E
:105A500094BF012000205DF808FB00BF4DF808ED61
:105A6000FFF7C8FF34BF012000205DF808FB00BF2E
:105A700042000ED2B2F1FE4F0BD34FF09E03B3EBB8
:105A8000126209D44FEA002343F0004323FA02F0E4
:105A900070474FF00000704712F1610F01D14202D0
:105AA00002D14FF0FF3070474FF00000704700BF49
:105AB00010F8012B11F8013B012A28BF9A42F7D0B8
:105AC000D01A704780B5FAF7F9FD274EFAF788FF2C
:105AD000264DFAF76DFE264C4FF4E130FBF7EAF85D
:105AE0004FF4E130FBF780F9B146FCF759FDA846C9
:105AF000FCF7FEFDA246FCF785FF0027FCF7AAFF96
:105B0000FDF722F8FDF770F9FDF708FCFDF774FCCE
:105B1000FDF732FFFEF750FAFEF772FCFCF714FCBB
:105B200003E02B787BB92378B3B9FCF71BFCFCF7B7
:105B300067FC3378002BF4D0FCF708FE89F800707E
:105B40002B78002BEFD0FDF7AFFEFDF725FC88F892
:105B500000702378002BE8D00120FAF7C1FEFEF791
:105B600093FE8AF80070E0E7020600200406002099
:105B700005060020002103E00A4B5B584350043126
:105B800009480A4B42189A42F6D3094A02E0002318
:105B900042F8043B074B9A42F9D3FAF7D1FAFFF7E0
:105BA00091FF7047508D0008000000200006002083
:105BB0000006002084110020FEE700002DE9F843D4
:105BC000C1F30A57A7F2FF35132D0B46044686464C
:105BD00013DC002D47DB294F47FA05F505EA0107DD
:105BE00057EA000E1ED12046194603F00045C2E9CF
:105BF000000170462946BDE8F883332D1EDCA7F26C
:105C000013474FF0FF35FD4015EA000721D08946C4
:105C100020EA0508C2E900890B464246FEF78EFFDE
:105C2000BDE8F8834FF0000821EA0509C2E90089C0
:105C30004B464246FEF782FFBDE8F88320461946F0
:105C4000002403F00045C2E9000120462946BDE8D2
:105C5000F8832046194603F00045C2E900013846A2
:105C60002946BDE8F883002003F0004106460F46B0
:105C700020461946C2E90067BDE700BFFFFF0F00DD
:105C800030B5224A21F00043934287B01BDD204A01
:105C9000934205DD02460B46FEF750FF07B030BDCC
:105CA00002AA00F0A1FA00F0030001281ED0022889
:105CB00011D010B3DDE90201DDE9042300F0A8FCF6
:105CC00001F10041EAE7002300930022002301F0E4
:105CD000C7F907B030BD01230093DDE90201DDE91A
:105CE000042301F0BDF901F10041D7E7DDE902012C
:105CF000DDE9042300F08CFCD0E70124DDE902019A
:105D0000DDE90423009401F0ABF9C7E7FB21E93F8B
:105D1000FFFFEF7F2DE9F0438BB006460F4600F002
:105D20007BF8DFF8E880044698F900300D4601332F
:105D30000BD03046394601F0DBFA30B130463946F7
:105D400000220023FFF73EFB20B1204629460BB07E
:105D5000BDE8F0832A4B98F800400890CDE902672F
:105D6000CDE9046701939CB9264D4FF0604430465D
:105D7000394600220023CDE90645FFF7FBFA00284B
:105D800035D101230093684601F0DEFAA8B910E08E
:105D9000DFF87C904FF0000830463946002200239F
:105DA000CDE90689FFF7E6FA98B90123022C0093A2
:105DB000E9D101F051FB21230360134801F0C6FA39
:105DC000CDE90601089BABB9DDE906010BB0BDE8E2
:105DD000F08302239C42009304D0684601F0B4FA99
:105DE0000028EFD101F038FB22230360EAE7022309
:105DF0000093F2E701F030FB089B0360E4E700BF8B
:105E000008830008FFFFEFC7CC840008940500203A
:105E10000000F0FF000000002DE9F04FB1F5801FF9
:105E200085B006460F460B465ADA024621F000447A
:105E3000224300F0F5800029C0F271810022DE4B80
:105E4000FFF730F80B460F46DC4906468B426FF0F1
:105E5000350249DCC3F3130505F5152404F6647413
:105E600004F4801E8EF07F5181F440111B15A3F2C3
:105E7000FF3341EA05079C1830460022D04B3946D3
:105E800004EB1E54FEF75AFEAB1CC3F31303022BA4
:105E900082468B464FF000022FDC0023FFF76AFAA0
:105EA000002800F0C680002C00F042812046FEF75A
:105EB00093FFADA3D3E9002306460F46FEF7F2FF9A
:105EC000ABA3D3E9002304460D4630463946FEF71E
:105ED000E9FF02460B4620462946FEF731FE09E05F
:105EE000B64900228B42B5DD3046394632463B4644
:105EF000FEF726FE05B0BDE8F08F4FF08043FEF7B9
:105F00001FFE02460B4650465946FFF7F5F8064677
:105F10000F462046CDE90067FEF75EFF3246CDE929
:105F200002013B4630463946FEF7BCFF02460B46AF
:105F300080468946FEF7B6FF8FA3D3E900230646C5
:105F40000F46FEF7AFFF8EA3D3E90023FEF7F8FD5F
:105F500032463B46FEF7A6FF8BA3D3E90023FEF7AC
:105F6000EFFD32463B46FEF79DFF89A3D3E90023B0
:105F7000FEF7E6FD42464B46FEF794FF86A3D3E9C3
:105F800000238046894630463946FEF78BFF84A3BE
:105F9000D3E90023FEF7D4FD32463B46FEF782FFED
:105FA00081A3D3E90023FEF7CBFD32463B46FEF743
:105FB00079FF0B46024649464046FEF7C1FDA5F56E
:105FC000C223C5F5D725A3F27A4351351D43002DD1
:105FD00006460F4653DD00227A4B50465946FEF7DF
:105FE00061FF52465B46FEF75DFF80468946002C06
:105FF00060D132463B46FEF7A3FDDDE90023FEF704
:1060000051FF02460B4640464946FEF797FD0246C1
:106010000B4650465946FEF791FD05B0BDE8F08F9E
:106020000022002300206849FFF766F805B0BDE8AC
:10603000F08F52465B4650465946FEF733FF5CA34D
:10604000D3E9002306460F4650465946FEF72AFF7D
:1060500002460B4600205B49FEF770FD02460B46E8
:1060600030463946FEF71EFF06460F46002C62D129
:106070005046594632463B46FEF760FD3AE7002C53
:1060800000F0A48038A3D3E90023DDE9028940466B
:106090004946FEF707FF32463B4604460D4650464A
:1060A0005946FEF74BFDDDE90023FEF7FBFE0646F1
:1060B0000F464CE02CA3D3E90023DDE90201FEF7F3
:1060C000F1FE32463B4604460D4640464946FEF741
:1060D00037FDDDE90023FEF7E5FE25A3D3E9002324
:1060E00006460F46DDE90201FEF7DCFE02460B46DE
:1060F00030463946FEF724FD02460B4640464946E7
:10610000FEF71CFD52465B46FEF718FD02460B46A5
:1061100020462946FEF712FD05B0BDE8F08F024685
:106120000B46FEF70BFD00220023FEF7E5FFE1E63C
:1061300000200021DEE62046FEF74EFE0AA3D3E94A
:10614000002380468946FEF7ADFE04460D4608A3AF
:10615000D3E9002340464946FEF7A4FE02460B461B
:1061600030463946CCE700BF0000E0FE422EE63F55
:10617000763C7935EF39EA3D44523EDF12F1C23FB9
:10618000DE03CB966446C73F599322942449D23FFD
:10619000935555555555E53F9FC678D0099AC33F4D
:1061A000AF788E1DC571CC3F04FA97999999D93F64
:1061B000555555555555D53F00005043FFFFEF7FCE
:1061C0000000F03F0000E03F000050C302460B46D5
:1061D00050465946FEF7B2FCDDE90023FEF762FEA9
:1061E00015E700BFAFF300802DE9F04F924C21F08E
:1061F0000047A7428FB00E467FDD14468F4A974274
:1062000026DC83A3D3E90023002940F39D81FEF718
:1062100095FC8B4B80469F42894600F083807EA38D
:10622000D3E90023FEF78AFC02460B464046C4E948
:1062300000234946FEF782FC77A3D3E90023FEF74B
:106240007DFC0125C4E9020128460FB0BDE8F08FAE
:106250007C4A974240F383807B4A974258DC3D1545
:10626000A5F21645A7EB05518B468246FFF7B4F819
:10627000FEF7B2FD8046894642464B465046594697
:10628000CDE90889FEF75AFC0022704BFEF70AFEA2
:106290008B468246FFF7A0F8FEF79EFD80468946B2
:1062A00042464B4650465946CDE90A89FEF746FC20
:1062B0000022664BFEF7F6FD00220023CDE90C011B
:1062C000FFF758F8002800F0678100234046494650
:1062D0000022FFF74FF8002814BF012302235C4877
:1062E0000221019000912A4608A8214600F0B4FA44
:1062F000002EC0F24781054606E0C2E900010025F4
:106300000024C2E90245002528460FB0BDE8F08F01
:1063100002460B46FEF712FC0025C4E90201C4E95F
:106320000001F1E73EA3D3E90023FEF707FC3EA3FB
:10633000D3E9002306460F46FEF700FC02460B4653
:106340003046C4E900233946FEF7F8FB36A3D3E90B
:106350000023FEF7F3FB0125C4E90201D4E700F0B6
:1063600037FF33A3D3E9002380468946FEF79AFD21
:106370000022384BFEF7E4FBFFF72EF80546FEF748
:106380002BFD23A3D3E90023CDE90401FEF78AFD09
:1063900002460B4640464946FEF7D0FB1EA3D3E912
:1063A000002382468B46DDE90401FEF77BFD1F2DAD
:1063B000CDE902015046594650DC274B6A1E53F87E
:1063C0002230BB424AD0DDE90223FEF7B7FB02468A
:1063D0000B4681468846C4E900234A464346504658
:1063E0005946FEF7ABFBDDE90223FEF7A7FB0246A9
:1063F0000B46002EC4E9022386DA4A4608F1004320
:1064000001F1004184E80C00E160A0606D427BE78F
:1064100000004054FB21F93F3163621A61B4D03D62
:106420000000601A61B4D03D7370032E8A19A33B3B
:1064300083C8C96D305FE43FFB21E93F7BD902404F
:10644000FB21F93FFB213941FFFFEF7F0000704145
:10645000EC8A00080000E03F6C8A0008DDE90223B6
:10646000FEF76CFB88463F15C8F30A53FB1A102B46
:106470008146C4E90001B0DD59A3D3E90023DDE979
:106480000401FEF70FFD8046894642464B465046C2
:106490005946FEF753FBCDE90601DDE906235046D8
:1064A0005946FEF74BFB42464B46FEF747FB4EA3D1
:1064B000D3E9002380468946DDE90401FEF7F2FCBA
:1064C00042464B46FEF73AFBCDE90201DDE90223E5
:1064D000DDE90601FEF732FB0B4602468846C1F3B2
:1064E0000A517F1A312F8146C4E9002374DD40A38D
:1064F000D3E90023DDE90401FEF7D4FC8046894698
:10650000DDE9060142464B46FEF718FB82468B4604
:10651000DDE9060152465B46FEF710FB42464B465C
:10652000FEF70CFB34A3D3E9002380468946DDE95E
:106530000401FEF7B7FC42464B46FEF7FFFACDE9F1
:106540000201504659463EE7FEF7FAFA2E4B8046C6
:106550009F42894622D02AA3D3E90023FEF7F0FA0E
:1065600002460B464046C4E900234946FEF7E6FAD8
:1065700023A3D3E90023FEF7E3FA4FF0FF35C4E984
:106580000201C1E66268E36802F1004203F10043E0
:1065900045426260E360B7E60323A0E610A3D3E9B7
:1065A0000023FEF7CDFA10A3D3E9002306460F46D9
:1065B000FEF7C6FA02460B463046C4E900233946C8
:1065C000FEF7BCFA08A3D3E90023FEF7B9FA4FF0AF
:1065D000FF35C4E9020197E6DDE906ABFDE600BF41
:1065E0000000601A61B4D03D7370032E8A19A33B7A
:1065F0000000002E8A19A33BC14920259A837B39CC
:106600003163621A61B4D03DFB21F93FAFF30080E2
:106610002DE9F04F21F00047B7F1795F85B00C46C6
:1066200092469B4605466BDAFEF7D6FE002800F040
:10663000E7802A46234628462146FEF733FC74A30A
:10664000D3E9002380468946FEF72CFC72A3D3E9E8
:106650000023FEF775FA42464B46FEF723FC70A373
:10666000D3E90023FEF76AFA42464B46FEF71AFCCE
:106670006DA3D3E90023FEF763FA42464B46FEF7CB
:1066800011FC6BA3D3E90023FEF758FA42464B46B0
:10669000FEF708FC68A3D3E90023FEF751FA42464F
:1066A0004B46FEF7FFFBCDE900014046494600227C
:1066B000634BFEF7F7FBDDE9002306460F46404635
:1066C0004946FEF7EFFB5246804689465B46284620
:1066D0002146FEF7E7FB02460B4640464946FEF7D9
:1066E0002DFA02460B4630463946FEF727FA024697
:1066F0000B4600205349FEF721FA05B0BDE8F08FA4
:1067000002460B46FEF7CEFB41A3D3E900238046A9
:106710008946FEF7C7FB40A3D3E90023FEF710FA32
:1067200042464B46FEF7BEFB3DA3D3E90023FEF7EE
:1067300005FA42464B46FEF7B5FB3BA3D3E90023DF
:10674000FEF7FEF942464B46FEF7ACFB38A3D3E911
:106750000023FEF7F3F942464B46FEF7A3FB36A3B0
:10676000D3E90023FEF7ECF94B464246FEF79AFBCD
:10677000354BCDE900019F4297DD344B00229F420B
:1067800038DCA7F5001300202E4916461F46FEF7F9
:10679000D5F9CDE90201404649460022284BFEF7D3
:1067A00081FB32463B46FEF7C9F9DDE90023064688
:1067B0000F4640464946FEF775FB524680468946DD
:1067C0005B4628462146FEF76DFB02460B464046D7
:1067D0004946FEF7B3F902460B4630463946FEF706
:1067E000ADF902460B46DDE90201FEF7A7F905B057
:1067F000BDE8F08F164B0026CDE90223154FCAE7FE
:106800001049002005B0BDE8F08F00BFAFF3008055
:10681000D43888BEE9FAA8BDC4B1B4BD9EEE213E0D
:10682000AD529C804F7E923E9015CB19A001FA3E4E
:106830007751C1166CC1563F4C5555555555A53F1E
:106840000000E03F0000F03F3233D33F0000E93F5B
:106850000000E73F0000D23F2DE9F04F9E467E4DFD
:10686000D41E85FB0465E417C4EBA504ADF51D7DBE
:1068700024EAE4742546A69E0D940C93E343774CDA
:1068800003EB430354F8264002EBC3032746099465
:106890000EF1FF3426460394F41904900A910893EC
:1068A000A5EB060516D42C44013422AEA79F08E0C0
:1068B00057F82500FEF790FA0135A542E6E90201F6
:1068C00008D0002DF4DA013500200021A542E6E9C8
:1068D0000201F6D1099B002B31DB099A0C9B74A9AC
:1068E00001EBC20BC3EB4373039A24A9DB0001EB5A
:1068F000C20800930DF5E479039B002BC0F2978149
:106900004446049B0026A3F1080A009B002708EBDD
:106910000305FAE9022374E80201FEF7C3FA02460E
:106920000B4630463946FEF70BF9AC4206460F4699
:10693000EFD1E9E90267D94508F10808DCD1099BE4
:1069400010A99B4603F18043013B9B001A1D0A449A
:106950000B440F920E934FEACB039CA91A46069361
:10696000BBF1000F0B4453E9284528DD0DF5E87A0B
:106970000AEB02060FAF0022394B20462946FEF7EC
:1069800091FAFEF729FDFEF727FA0022354B8046E3
:106990008946FEF787FA02460B4620462946FEF74F
:1069A000CDF8FEF719FD76E9022347F8040F4946B2
:1069B0004046FEF7C5F8564504460D46DBD1DDF8E6
:1069C0002090204629464A4600F0C6FC00224FF09F
:1069D0007F5304460D46FEF765FA00F0FDFB0022EA
:1069E000214BFEF75FFA02460B4620462946FEF78A
:1069F000A5F804460D46FEF7EFFC8046FEF7ECF9DD
:106A000002460B46204629464C46FEF797F8002CD6
:106A100006460F4640F3F1800BF1FF3110AB53F8FF
:106A20002130C9F1180043FA00F202FA00F55D1BAB
:106A300010A8C9F1170340F8215090441D41002DC2
:106A40003FDDBBF1000F08F1010840F38482002212
:106A500014460FA912E000BFABAAAA2AF48B0008C3
:106A60000000703E0000704100002040C3F18070C3
:106A70000BB108600124013293450DDD51F8043F4C
:106A8000002CF3D0C3F1FF13013203F57F4393458C
:106A90000B604FF00104F1DC089B002B0EDD012B95
:106AA00000F0B380022B09D10BF1FF3210AB53F889
:106AB000223010A9C3F3150341F82230022D00F053
:106AC00083803046394600220023FEF753FC00281D
:106AD00000F0C980099B0BF1FF3A53450DDC10AB68
:106AE0000F9803EB8B03002253F8041D834242EA04
:106AF0000102F9D1002A40F01482099B10AA013B3F
:106B000052F82330002B40F024820E9A012352F8D1
:106B1000041D01330029FAD05B441A460B930BF194
:106B2000010393424DDC0D9A4FF0000803EB02097C
:106B30000B9A0C9B09F180495B44CBEB020BA79AA3
:106B400009F1FF3902EB890200924FEACB02DB0028
:106B5000059224AA02EB030B0793069B74AA02EB8F
:106B6000030A009B002653F8040F00270093FEF74A
:106B700033F9039BEBE80201002B1BDB079B03EBC4
:106B80000804069B08EB030524AB1C441D44049B2E
:106B9000A3F10809F9E9022374E80201FEF782F97A
:106BA00002460B4630463946FDF7CAFFAC42064660
:106BB0000F46EFD1059B08F108089845EAE90267FE
:106BC000CFD1DDF82CB0C6E632463B460020BF49A7
:106BD000FDF7B4FF06460F46002C3FF472AF089A4B
:106BE0000020BA4900F0B8FB02460B463046394651
:106BF000FDF7A4FF06460F4663E711D10BF1FF3303
:106C000010AA52F82350ED1519E70BF1FF3210AB23
:106C100053F8223010A9C3F3160341F822304DE790
:106C20000022AB4BFEF7C4FB58B9054649E70026E6
:106C30000027E9E90267D94508F108087FF45CAE4E
:106C40007DE6BBF1000F08F10108C8BF02253FF740
:106C5000FEAE32463B4600209C49FDF76FFF022501
:106C600006460F462DE7089B30465A4239460395A3
:106C7000CDF8148000F070FB0022964B04460D46C0
:106C8000FEF796FB002800F0E1810022924B20469F
:106C90002946FEF707F9FEF79FFB0646FEF79CF82C
:106CA00000228C4BFEF7FEF80B4602462946204692
:106CB000FDF744FFFEF790FB089B0BF1010A183328
:106CC000089310AB43F82B0043F82A60089A002081
:106CD0007E4900F041FBBAF1000F04460D46C0F2B8
:106CE000CA800AF101034FEAC30874AF10AA0093E7
:106CF00002EB830907EB080659F8040DFEF76CF860
:106D000022462B46FEF7CEF8002266E90201724BBE
:106D100020462946FEF7C6F8BE4204460D46EBD192
:106D2000A8F1080806EB08039B460DF59879CDF805
:106D300018A0DDF824A04FF00008CDF81090BAF1AB
:106D4000000FC0F29580B8F1000FC0F29180DFF81B
:106D50008C915D4600260027002401E0444510DCAC
:106D6000F9E90223F5E80201FEF79CF802460B461A
:106D700030463946FDF7E4FE0134A24506460F468B
:106D8000ECDA049BABF1080B03EBC803C3E9006723
:106D9000009B08F101089845D1D1A69BDDF818A009
:106DA000DDF81090032B3BD8DFE813F0410004001E
:106DB0000400D70000273E46009B09EBC304384679
:106DC00074E902233146FDF7BBFE4C4507460E46EB
:106DD000F5D1039B002B00F08B80D9E900010A9DBF
:106DE000334606F100463A466E602F60FDF7A6FE78
:106DF000BAF1000F03460CDD01261C46F9E9022317
:106E00002046FDF79DFE0136B2450346F5DA039AAA
:106E10000AB101F100411C460D460A9BC3E9024537
:106E2000059B03F007000DF51D7DBDE8F08F0023E5
:106E30001946009A09EBC2091C4679E9022320464B
:106E4000FDF77EFE0AF1FF3ABAF1FF3F0346F3D1A8
:106E5000039A0AB101F100411C460D460A9BC3E9A1
:106E60000045059B03F007000DF51D7DBDE8F08F83
:106E70000026002785E7A69B032BD1D8DFE803F087
:106E80004E3030020DF59879039A00231E46002AF1
:106E900000F0C8800A9FD9F80800D9F80440D9F852
:106EA0000C203B61059BD9F8001006F1004604F167
:106EB000004402F10042B86003F007007E617C608C
:106EC000FA6039600DF51D7DBDE8F08F0000F03FE0
:106ED0000000E03F000070410000703E008C0008A0
:106EE000039B00273E460DF59879002B7FF475AF84
:106EF000D9E9000135463C4633460A9E3A46C6E982
:106F00000045FDF71BFEBAF1000F03463FF774AFD3
:106F10001C460D460A9BC3E9024581E7002319463A
:106F200096E7089A10AB53F82A30183A0395CDF833
:106F300014800892002B7FF4C9AE10AB03EB8A03D8
:106F400053F8041D0AF1FF3A183A0029F8D00892C4
:106F5000BCE60123E0E500249EE5BAF1000F93DDD5
:106F60004FEACA0809EB08039B46D3E900677BE9AF
:106F7000022330463946CDE90023FDF7E1FD044602
:106F80000D46DDE9000122462B46FDF7D7FD0246FE
:106F90000B4630463946FDF7D3FDCB4526462F46F6
:106FA000CBE90201CBE90045E1D1BAF1010F7FF74E
:106FB0006BAF09EB08039A46D3E900670DF59C7B9C
:106FC0007AE902231046194632463B46CDE90001D4
:106FD000FDF7B6FD04460D46DDE9000122462B46CD
:106FE000FDF7ACFD32463B46FDF7AAFDDA452646E5
:106FF0002F46CAE90201CAE90045E1D100231E4635
:1070000008F108044C4450AD184674E90223314697
:10701000FDF796FDAC4203460E46F5D1039A002AD1
:107020007FF438AFD9E90045D9E9028918463146DD
:107030000A9A059BC2E9040103F00700C2E9004572
:10704000C2E902890DF51D7DBDE8F08F2046294675
:10705000FEF7C2F910ABDA4643F82B0036E600BF64
:107060002DE9F04F21F00046B6F1795F85B00C466E
:1070700090469946054604DAFEF7AEF9002800F07E
:1070800083802A46234628462146FDF70BFF2A46E1
:10709000234606460F46FDF705FF3FA3D3E900232D
:1070A00082468B4630463946FDF7FCFE3CA3D3E9C9
:1070B0000023FDF743FD32463B46FDF7F3FE3AA3BE
:1070C000D3E90023FDF73CFD32463B46FDF7EAFEDF
:1070D00037A3D3E90023FDF731FD32463B46FDF7E8
:1070E000E1FE35A3D3E90023FDF72AFD0E9BCDE990
:1070F00000019BB3404649460022334BFDF7D2FEC8
:10710000DDE90023CDE9020150465946FDF7CAFEEC
:1071100002460B46DDE90201FDF710FD32463B4613
:10712000FDF7C0FE42464B46FDF708FD24A3D3E918
:10713000002306460F4650465946FDF7B3FE024669
:107140000B4630463946FDF7FBFC02460B46284607
:107150002146FDF7F3FC05B0BDE8F08FDDE9002323
:1071600030463946FDF79EFE15A3D3E90023FDF70F
:10717000E5FC52465B46FDF795FE2A462346FDF7A1
:10718000DFFC05B0BDE8F08F2846214605B0BDE81C
:10719000F08F00BFAFF300807CD5CF5A3AD9E53DE0
:1071A000EB9C2B8AE6E55A3E7DFEB157E31DC73EB8
:1071B000D561C119A0012A3FA6F810111111813F14
:1071C000495555555555C53F0000E03FAFF3008088
:1071D00021F00041704700BF2DE9F047C1F30A5884
:1071E000A8F2FF36132E0B4604460D46024689468A
:1071F00007461DDC002E40DBDFF8F08048FA06F879
:1072000008EA010E5EEA020217D035A3D3E9002393
:10721000FDF796FC00220023FEF7D4F820B1002DE4
:1072200040DB29EA0805002738462946BDE8F087F3
:10723000332E06DDB6F5806F2FD020461946BDE807
:10724000F087A8F213424FF0FF3A2AFA02FA1AEA3C
:10725000000FF2D022A3D3E90023FDF771FC002236
:107260000023FEF7AFF80028DED0002D1FDB4D46CF
:1072700027EA0A0738462946D8E719A3D3E90023A5
:10728000FDF75EFC00220023FEF79CF80028CBD01F
:10729000002D1ADB00273D46C6E702460B46FDF7E8
:1072A0004FFCCCE74FF4801333419944B9E7142ED7
:1072B00008D0C8F5866808F10308012303FA08F32B
:1072C0001F19D4D309F10109D1E725F00042064B7B
:1072D000224318BF1D460027A6E700BFAFF300807A
:1072E0009C7500883CE4377E0000F0BFFFFF0F0074
:1072F00010B431F0004408D0114BA1F580129A422D
:1073000008D804205DF8044B704718B902205DF8D6
:10731000044B704701F1FF41094B01F5E00199422F
:10732000EFD9B4F5801F01D20320EBE7054B9C4257
:1073300001D00020E6E7B0FA80F04009E2E700BFA4
:10734000FFFFDF7F0000F07F002070470020014931
:10735000704700BF0000F87FF8B5C1F30A56044635
:107360000D460B46174616BB21F00043034332D0AF
:107370000022314BFDF796FD304A044697420D46F8
:107380000B4637DB40F2FE72C1F30A56363E3E44EE
:10739000964215DD24A1D1E9000122462B4600F0DA
:1073A00053F821A3D3E90023FDF77CFDF8BD40F29B
:1073B000FF72964224D040F2FE723E449642E9DCCF
:1073C000002E09DD23F0FF4323F4E00343EA0655D2
:1073D00020462946F8BDF8BD16F1350F15DA4CF2F6
:1073E00050339F42D6DC12A1D1E9000122462B4640
:1073F00000F02AF80EA3D3E90023FDF753FDF8BDF2
:1074000002460B46FDF79CFBF8BD23F0FF4323F437
:10741000E003363643EA0655204629460022084B4B
:10742000FDF740FDF8BD00BF9C7500883CE4377E49
:1074300059F3F8C21F6EA50100005043B03CFFFF96
:107440000000903CAFF3008003F0004321F00042C5
:1074500043EA0201704700BF014B1868704700BF44
:10746000FC05002003460244934202D003F8011BAE
:10747000FAE77047C9B2034610F8012B1AB18A42E5
:10748000F9D11846704700290CBF184600207047F4
:10749000034613F8012B002AFBD1181A0138704754
:1074A000024610B501448A42134603D01C780132CB
:1074B000002CF8D1181A10BD1000000000000000C8
:1074C000017A5200027C0E011B0C0D00100000001E
:1074D00018000000DCE5FFFF1400000000000000C1
:1074E000030406080C101820300000000000000003
:1074F0000000000001020304060708090000000064
:10750000010203040000000000000080FB380B387B
:10751000000000409D034138000000A084447538FD
:10752000000000C0A595AA38000000A0879DE038A3
:1075300000000080E9C41439000000E023F6493956
:1075400000000060D6398039000000004C48B43992
:10755000000000005F5AE939000000C0F6B01F3A91
:10756000000000409ACE533A000000C040C2883A62
:1075700000000000D1F2BE3A000000A0C257F33A6A
:1075800000000040B32D283B0000002020395E3B66
:1075900000000000B4E3923B00000000A19CC73B48
:1075A00000000040C983FD3B000000E05D72323CFA
:1075B00000000040F50E673C000000A0B2D29C3CE9
:1075C000000000A0AF03D23C000000809B84063D79
:1075D00000000060C2253C3D000000809997713D8D
:1075E000000000E07FFDA53D000000E0DF7CDB3D0A
:1075F000000000E00B2E113E000000E08E79453EB9
:10760000000000A0F2D77A3E000000A0F7C6B03E0E
:1076100000000080B5F8E43E000000E0E2361A3FCA
:10762000000000E04D62503F00000040E17A843FDE
:10763000000000A09999B93F000000000000F03F51
:10764000000000000000244000000000000059403D
:107650000000000000408F40000000000088C34090
:1076600000000000006AF8400000000080842E4105
:1076700000000000D01263410000000084D7974151
:107680000000000065CDCD41000000205FA0024257
:10769000000000E076483742000000A0941A6D42D6
:1076A000000000E09C30A24200000020C4BCD64292
:1076B00000000020F56B0C430000004079C34143FB
:1076C0000000008057347643000000606DC1AB437A
:1076D00000000060E458E143000000801DAF154445
:1076E000000000E0E41A4B4400000000CFF08044AA
:1076F000000000C0022DB544000000804378EA4439
:10770000000000202A8B2045000000C0F4AD544545
:10771000000000E071D9894500000020E727C0453E
:1077200000000000E131F44500000040593E2946C8
:1077300000000080EF8D5F46000000C0B5B89346A2
:1077400000000020E3A6C846000000E09BD0FE46F3
:107750000000008061423347000000C0F912684712
:1077600000000040B8179E4700000020D3CED2474B
:10777000030003008A038A0303008A0213008A02BB
:10778000190009002100210021002A002A0001001F
:107790000300030041004100080008000800080041
:1077A00041003800820382030800080003008A02B7
:1077B00000000000000000000000000000000000C9
:1077C0000000000000000000000000000000310088
:1077D0004100410000000000000000000000000027
:1077E0000000000000000000000000000000000099
:1077F0004300430043004300430043004300430071
:1078000043004300030043004300200020004300E6
:107810004300430043004300430043004300430050
:1078200043004300030003004300430043004300C0
:107830000000000000000000000000000000000048
:10784000000000000000000000004300430043006F
:1078500043004300000000000000000000000000A2
:107860000000000000000000000000000000000018
:107870000A00000064000000E80300001027000078
:10788000A086010040420F008096980000E1F505B7
:107890000A00000064000000E80300001027000058
:1078A000A086010040420F008096980000E1F50597
:1078B00088888E88E888EE88888E8E8EE88EEE8E98
:1078C00088E88EE8E8E8EEE888EE8EEEE8EEEEEE88
:1078D0002D2D2054696D657234207265676973744B
:1078E000657273202D2D000054494D342D3E5053A8
:1078F0004320203A202530386C780A0054494D3412
:107900002D3E41525220203A202530386C780A0012
:1079100054494D342D3E45475220203A20253038D9
:107920006C780A0054494D342D3E43523120203AA0
:10793000202530386C780A0054494D342D3E43528E
:107940003220203A202530386C780A0054494D34D2
:107950002D3E534D4352203A202530386C780A0092
:1079600054494D342D3E43434D52313A2025303851
:107970006C780A0054494D342D3E43434D52323AFF
:10798000202530386C780A0054494D342D3E43434D
:107990004552203A202530386C780A004E614E005E
:1079A0002D496E66000000002B496E660000000045
:1079B0002D000000303132333435363738396162CA
:1079C0006364656600000000303132333435363789
:1079D00038394142434445460000000025642E25C5
:1079E000642E25642E2564002330782530347820D9
:1079F0002D20000025303278200000002D2D2000A1
:107A00003A2000003E0000000A3E000073746174DA
:107A10002020202020202020202020202020202066
:107A20002020203A2072657475726E206C696E6534
:107A3000206F66206C6F6720646174610A0000002B
:107A400070756D705F73746F70202020202020206F
:107A5000202020202020203A2073746F702077612E
:107A60007465722070756D702070726F6772616DD1
:107A70000A00000070756D705F646179202020201D
:107A800020202020202020202020203A20776174F0
:107A900065722070756D70732064617974696D65AD
:107AA00020726567696D650070756D705F6E6967DE
:107AB0006874202020202020202020202020203A10
:107AC0002077617465722070756D7073206E6967C0
:107AD000687474696D6520726567696D650A000078
:107AE00070756D705F64756D7020202020202020DF
:107AF000202020202020203A2064756D702077619E
:107B00007465722070756D7020706172616D65743E
:107B10006572730A0000000070756D705F736574A4
:107B2000203C6F6E3E203C706572696F643E203A67
:107B3000207365742070756D7020706172616D6561
:107B4000746572732070756D7073205B735D0A00CD
:107B500070756D705F6F6E20202020202020202007
:107B6000202020202020203A20616C6C2077617436
:107B700065722070756D7073206F6E207769746800
:107B8000206175746F6D617469632074696D656FD0
:107B900075740A0070756D705F6F66662020202016
:107BA00020202020202020202020203A20616C6CE2
:107BB0002077617465722070756D7073206F6666D2
:107BC0000A000000746F7563685F6F6E20202020CC
:107BD00020202020202020202020203A20746F7593
:107BE000636820627574746F6E7320656E61626C79
:107BF00065640A00746F7563685F6F666620202095
:107C000020202020202020202020203A20746F7562
:107C1000636820627574746F6E7320646973616247
:107C20006C65640A000000006F6C65645F6F6E2015
:107C30002020202020202020202020202020203A2A
:107C4000204F4C454420646973706C6179206F6EDD
:107C50000A0000006F6C65645F6F6666202020205C
:107C600020202020202020202020203A204F4C457A
:107C70004420646973706C617920706F776572203D
:107C8000646F776E0A00000065635F63616C20209B
:107C90002020202020202020202020202020203ACA
:107CA0002073746172742045432073656E736F7224
:107CB0002063616C6962726174696F6E0A00000012
:107CC0006C6F6720202020202020202020202020D2
:107CD000202020202020203A207374617274206CB0
:107CE0006F6767696E6720746F2055415254202674
:107CF0002073656E64696E6720646174610A0000B8
:107D00007120202020202020202020202020202022
:107D1000202020202020203A2073746F70206C6F68
:107D20006767696E6720746F205541525420262082
:107D300073656E64696E6720646174610A00000097
:107D400076657273696F6E2020202020202020200D
:107D5000202020202020203A2076657273696F6EE3
:107D600020696E666F726D6174696F6E0A00000043
:107D700068656C70202020202020202020202020DA
:107D8000202020202020203A207468697320686514
:107D90006C700A003E737461742020202020202023
:107DA0002020202020202020202020203A20726522
:107DB0007475726E206C696E65206F66206C6F67DB
:107DC00020646174610A00003E70756D705F7374A9
:107DD0006F70202020202020202020202020202004
:107DE0003A2073746F702077617465722070756DBE
:107DF000702070726F6772616D0A00003E70756D61
:107E0000705F646179202020202020202020202005
:107E1000202020203A2077617465722070756D7083
:107E2000732064617974696D6520726567696D6539
:107E3000000000003E70756D705F6E6967687420A9
:107E40002020202020202020202020203A20776180
:107E50007465722070756D7073206E6967687474D4
:107E6000696D6520726567696D650A003E70756DA4
:107E7000705F64756D70202020202020202020203D
:107E8000202020203A2064756D702077617465721F
:107E90002070756D7020706172616D6574657273AC
:107EA0000A0000003E70756D705F736574203C6F52
:107EB0006E3E203C706572696F643E203A207365A7
:107EC000742070756D7020706172616D657465727B
:107ED000732070756D7073205B735D0A0000000085
:107EE0003E70756D705F6F6E202020202020202056
:107EF00020202020202020203A20616C6C207761F7
:107F00007465722070756D7073206F6E2077697460
:107F100068206175746F6D617469632074696D6543
:107F20006F75740A000000003E70756D705F6F66BB
:107F300066202020202020202020202020202020FB
:107F40003A20616C6C2077617465722070756D7079
:107F500073206F66660A00003E746F7563685F6F1A
:107F60006E202020202020202020202020202020C3
:107F70003A20746F75636820627574746F6E732035
:107F8000656E61626C65640A000000003E746F7586
:107F900063685F6F6666202020202020202020203C
:107FA000202020203A20746F7563682062757474F5
:107FB0006F6E732064697361626C65640A0000000F
:107FC0003E6F6C65645F6F6E202020202020202093
:107FD00020202020202020203A204F4C454420649F
:107FE0006973706C6179206F6E0A00003E6F6C657A
:107FF000645F6F6666202020202020202020202023
:10800000202020203A204F4C454420646973706C36
:10801000617920706F77657220646F776E0A000057
:108020003E65635F63616C2020202020202020209B
:1080300020202020202020203A2073746172742098
:1080400045432073656E736F722063616C69627261
:108050006174696F6E0A00003E6C6F6720202020FB
:108060002020202020202020202020202020202010
:108070003A207374617274206C6F6767696E672051
:10808000746F205541525420262073656E64696ECA
:108090006720646174610A003E7120202020202046
:1080A00020202020202020202020202020202020D0
:1080B0003A2073746F70206C6F6767696E67207405
:1080C0006F205541525420262073656E64696E6797
:1080D00020646174610A00003E76657273696F6E98
:1080E0002020202020202020202020202020202090
:1080F0003A2076657273696F6E20696E666F726D75
:108100006174696F6E0A00003E68656C7020202003
:10811000202020202020202020202020202020205F
:108120003A20746869732068656C700A000000006A
:108130004F4B00006573705F73746F700000000038
:108140006573705F72756E00737461740000000077
:108150003E737461740A0000746F7563685F6F6EBC
:10816000000000003E746F75636820627574746F60
:108170006E73206163746976650A0000746F7563BD
:10818000685F6F66660000003E746F75636820620A
:108190007574746F6E732064697361626C65640AD0
:1081A000000000006F6C65645F6F6E003E4F4C45D1
:1081B0004420706F7765722075700A006F6C65647B
:1081C0005F6F6666000000003E4F4C454420706FB4
:1081D00077657220646F776E0A00000070756D70AD
:1081E0005F64756D700000003E7761746572207089
:1081F000756D7020706172616D65746572730A00CF
:1082000070756D705F73746F700000003E73746FF3
:10821000702077617465722070756D702070726F58
:108220006772616D0A00000070756D705F6461793E
:10823000000000003E77617465722070756D707388
:108240002064617974696D6520726567696D650A7E
:108250000000000070756D705F6E696768740000E3
:108260003E77617465722070756D7073206E6967FA
:10827000687474696D6520726567696D650A0000D0
:1082800070756D705F6F6E003E77617465722070FF
:10829000756D7073206F6E0A0000000070756D7050
:1082A0005F6F6666000000003E7761746572207043
:1082B000756D7073206F66660A00000070756D70D2
:1082C0005F736574000000003E7761746572207012
:1082D000756D70732074696D696E673A202564202E
:1082E0002564205B735D0A0065635F63616C000059
:1082F0003E63616C696272617465204543207365F9
:108300006E736F720A0000006C6F67003E737461D9
:108310007274206C6F6767696E670A0071000000F5
:108320003E73746F70206C6F6767696E670A000038
:1083300068656C700000000076657273696F6E008E
:1083400023202D2D204E4654204D4153544552207C
:108350002D2076312E30202D204A756E202032209F
:1083600032303233202D207262202D2D0A00000081
:108370003E202D2D204E4654204D41535445522031
:108380002D2076312E30202D204A756E202032206F
:1083900032303233202D207262202D2D0A00000051
:1083A0007061737300000000256300001B5B3332B3
:1083B0006D25631B5B33306D00000000464C41535C
:1083C000485F41435220202020203A203078253039
:1083D000386C780A00000000464C4153485F504515
:1083E0004352202020203A2030782530386C780AFB
:1083F00000000000464C4153485F50444B455952E1
:1084000020203A2030782530386C780A00000000AF
:10841000464C4153485F50454B45595220203A2025
:1084200030782530386C780A00000000464C415303
:10843000485F5052474B455952203A2030782530FA
:10844000386C780A00000000464C4153485F4F509A
:10845000544B455952203A2030782530386C780AF0
:1084600000000000464C4153485F5352202020201A
:1084700020203A2030782530386C780A000000003F
:10848000464C4153485F4F425220202020203A2042
:1084900030782530386C780A00000000464C415393
:1084A000485F57525052312020203A2030782530F2
:1084B000386C780A000000002D2D204144432072C2
:1084C0006567697374657273202D2D0A00000000C2
:1084D000414443315F5352202020203A2025303838
:1084E0006C780A00414443315F4352312020203AE6
:1084F000202530386C780A00414443315F435232C2
:108500002020203A202530386C780A00414443313D
:108510005F534D505231203A202530386C780A0094
:10852000414443315F534D505232203A2025303878
:108530006C780A00414443315F534D505233203A26
:10854000202530386C780A00414443315F53515242
:108550003120203A202530386C780A0041444331DC
:108560005F5351523220203A202530386C780A006F
:10857000414443315F5351523320203A2025303853
:108580006C780A00414443315F5351523420203A01
:10859000202530386C780A00414443315F535152F2
:1085A0003520203A202530386C780A004144433188
:1085B0005F4452202020203A202530386C780A0071
:1085C0003E4553503332207761746368646F67208F
:1085D00072657365740A00003E455350333220774C
:1085E00061746368646F6720747269707065640A8F
:1085F00000000000543A2025322E326620255248D1
:108600003A2025322E31662000000000256420002B
:10861000236170706C792064656661756C742045A7
:10862000432063656C6C20636F6E7374616E742C91
:108630002063616C6962726174696F6E206E65653A
:108640006465640A000000003E6170706C7920640B
:10865000656661756C742045432063656C6C2063AE
:108660006F6E7374616E742C2063616C69627261E9
:1086700074696F6E206E65656465640A00000000B1
:108680002373746172742045432073656E736F7237
:108690002063616C6962726174696F6E0A00000028
:1086A0003E73746172742045432073656E736F72FC
:1086B0002063616C6962726174696F6E0A00000008
:1086C000237075742045432073656E736F72206943
:1086D0006E20332E3030205B6D535D2063616C69FA
:1086E00062726174696F6E20736F6C7574696F6EFE
:1086F000202620776169740A000000003E707574BE
:108700002045432073656E736F7220696E20332E8F
:108710003030205B6D535D2063616C6962726174FF
:10872000696F6E20736F6C7574696F6E2026207789
:108730006169740A000000002345432073656E736D
:108740006F722063616C6962726174696F6E20621E
:108750007573792C20706C6561736520776169741D
:1087600020253264202D20543A2025322E326620D6
:108770002D206D656173757265643A2025322E3245
:1087800066207461726765743A2025322E32660A5B
:10879000000000003E45432073656E736F722063D6
:1087A000616C6962726174696F6E20627573792C95
:1087B00020706C656173652077616974202532646F
:1087C000202D20543A2025322E3266202D206D6532
:1087D0006173757265643A2025322E3266207461A9
:1087E000726765743A2025322E32660A0000000056
:1087F0002345432073656E736F722063616C6962F9
:10880000726174696F6E20666163746F723A2025BD
:10881000312E38660A0000003E45432073656E73B2
:108820006F722063616C6962726174696F6E206639
:108830006163746F723A2025312E38660A00000099
:108840002345432073656E736F722063616C6962A8
:10885000726174696F6E20646F6E650A00000000BB
:108860003E45432073656E736F722063616C69626D
:10887000726174696F6E20646F6E650A000000009B
:10888000545F45433A2025322E3266200000000016
:1088900045433A2025322E32660000004441433AD7
:1088A000202564204144433A2025640A000000004A
:1088B0004E54435F5241573A2025322E32662000F3
:1088C0004E54435F54454D503A2025322E32660AAD
:1088D00000000000453A20253032642000000000EE
:1088E0005662617420202020202020202056000085
:1088F0004962617420202020202020206D4100004A
:1089000056736F6C2020202020202020205600004D
:108910005041522020202020202020202000000034
:10892000202020206F432020202020252552480091
:108930002A204C4F57202A002564000025322E3172
:10894000660000002373776974636820746F206E7B
:10895000696768742070756D7020726567696D65F0
:108960000A0000002373776974636820746F2064C1
:1089700061792070756D7020726567696D650A0098
:10898000434E543A20256C64200000005642415466
:108990003A2025322E326620000000004942415420
:1089A0003A2025322E3266200000000056534F4CEC
:1089B0003A2025322E32662000000000543A20254D
:1089C000322E32662000000052483A2025322E32E4
:1089D000662000005041523A20256C6420000000BF
:1089E00070756D7073206F66660000006461797445
:1089F000696D65006E6967687474696D6500000073
:108A000045433A2025322E326620000025434E543D
:108A10003A20256C6420000023434E543A20256CF4
:108A2000642000002370756D70206F6E74696D6531
:108A30003A202564202F20706572696F643A2025E2
:108A400064205B735D0A00003E70756D70206F6E70
:108A500074696D653A202564202F20706572696FF6
:108A6000643A202564205B735D0A0000FB21F93F16
:108A7000FB2109407CD91240FB2119407A6A1F4032
:108A80007CD92240BBFD2540FB2129403A462C40A1
:108A90007A6A2F405C4731407CD932409C6B34402D
:108AA000BBFD3540DB8F3740FB2139401BB43A40DA
:108AB0003A463C405AD83D407A6A3F404C7E40405E
:108AC0005C4741406C1042407CD942408CA24340FC
:108AD0009C6B4440AC344540BBFD4540CBC6464052
:108AE000DB8F4740EB584840FB21494083F9A20007
:108AF000444E6E00FC291500D1572700DD34F500E7
:108B000062DBC0003C999500419043006351FE0038
:108B1000BBDEAB00B761C5003A6E2400D24D420007
:108B20004906E00009EA2E001C92D100EB1DFE0070
:108B300029B11C00E83EA700F535820044BB2E0099
:108B40009CE98400B4267000417E5F00D691390014
:108B5000538339009CF439008B5F840028F9BD00F1
:108B6000F81F3B00DEFF97000F980500112FEF0064
:108B70000A5A8B006D1F6D00CF7E360009CB27008F
:108B8000464FB7009E663F002DEA5F00BA2775008A
:108B9000E5EBC7003D7BF100F739070092528A00F0
:108BA000FB6BEA001FB15F00085D8D0030035600CB
:108BB0007BFC4600F0AB6B0020BCCF0036F49A0083
:108BC000E3A91D005E619100081BE6008599650020
:108BD000A0145F008D40680080D8FF0027734D000F
:108BE00006063100CA561500C9A873007BE2600072
:108BF0006B8CC000020000000300000004000000B5
:108C0000060000000000000000000040FB21F93FCA
:108C1000000000002D44743E000000809846F83C9F
:108C20000000006051CC783B00000080831BF039CD
:108C30000000004020257A38000000802282E336C0
:108C4000000000001DF36935002020202020202096
:108C500020202828282828202020202020202020EC
:108C600020202020202020202088101010101010FC
:108C70001010101010101010100404040404040448
:108C800004040410101010101010414141414141E2
:108C900001010101010101010101010101010101C4
:108CA00001010101101010101010424242424242D4
:108CB0000202020202020202020202020202020294
:108CC000020202021010101020000000000000003C
:108CD0000000000000000000000000000000000094
:108CE0000000000000000000000000000000000084
:108CF0000000000000000000000000000000000074
:108D00000000000000000000000000000000000063
:108D10000000000000000000000000000000000053
:108D20000000000000000000000000000000000043
:108D30000000000000000000000000000000000033
:108D40000000000000000000004300009C0500201F
:108D500068FF1F0000E0BC4401000000320000007A
:108D600001000000010000000100000001000000FF
:108D700001000000010000000500000006000000E6
:108D8000070000000D0000000201000001000000CB
:108D900001000000000000000000000000000000D2
:108DA00000000000183C3C3C181800181800000097
:108DB0000000666666000000000000000000000081
:108DC0006C6CFE6C6C6CFE6C6C00000018183C66E1
:108DD000060C183060663C181800000E1B5B6E30E5
:108DE000180C76DAD870000000001C36361C06F627
:108DF0006666DC0000000000181818000000000083
:108E00000000000000003018180C0C0C0C0C181896
:108E1000300000000C1818303030303018180C00BA
:108E2000000000006C38FE386C00000000000000FC
:108E3000000018187E181800000000000000000054
:108E4000000000000038383018000000000000006A
:108E50007E00000000000000000000000000000094
:108E600000383800000000006060303018180C0C2A
:108E700006060000000078CCECECCCDCDCCC780002
:108E80000000000030383E3030303030300000001C
:108E900000003C66666030180C067E000000000092
:108EA0003C666660386066663C00000000000C0CA2
:108EB0006C6C6C66FE606000000000007E060606BA
:108EC0003E6060301E000000000038180C3E6666F0
:108ED00066663C00000000007E60303018180C0C04
:108EE0000C00000000003C66666E3C7666663C0046
:108EF000000000003C666666667C30181C000000BE
:108F00000000000038380000003838000000000081
:108F10000000383800000038383018000000603099
:108F2000180C060C18306000000000000000007EE5
:108F3000007E0000000000000000060C18306030C9
:108F4000180C0600000000003C6666301818001877
:108F50001800000000007EC3C3F3DBDBF303FE0058
:108F600000000000183C6666667E666666000000CB
:108F700000003E6666663E6666663E0000000000D3
:108F80003C666606060666663C00000000001E366B
:108F90006666666666361E00000000007E060606EF
:108FA0003E0606067E00000000007E0606063E061F
:108FB00006060600000000003C6666060676666649
:108FC0007C0000000000666666667E666666660077
:108FD000000000003C181818181818183C00000071
:108FE000000060606060606066663C000000000039
:108FF000666636361E3636666600000000000606D7
:109000000606060606067E0000000000C6C6EED66E
:10901000D6D6C6C6C60000000000C6C6CEDEF6E63E
:10902000C6C6C600000000003C66666666666666E8
:109030003C00000000003E6666663E06060606002E
:10904000000000003C666666666666663C3060004E
:1090500000003E6666663E366666660000000000FA
:109060003C66060C183060663C00000000007E186C
:1090700018181818181818000000000066666666B0
:10908000666666663C0000000000666666666666A8
:10909000663C180000000000C6C6C6D6D6D66C6C6A
:1090A0006C000000000066662C18183466666600C6
:1090B00000000000666666663C181818180000007C
:1090C00000007E606030180C06067E000000000084
:1090D0003C0C0C0C0C0C0C0C0C0C0C3C0000060694
:1090E0000C0C181830306060000000003C3030304C
:1090F000303030303030303C183C6600000000002A
:10910000000000000000000000000000000000005F
:10911000000000FF1C1830000000000000000000EC
:109120000000000000003C60607C66667C0000007F
:10913000000006063E66666666663E0000000000A9
:1091400000003C66060606663C0000000000606009
:109150007C66666666667C000000000000003C6677
:10916000667E06063C0000000000780C0C0C7E0CAD
:109170000C0C0C000000000000007C666666666651
:109180007C60603E000006063E66666666666600B7
:109190000000001818001E18181818187E0000008B
:1091A000003030003C30303030303030301E000085
:1091B00006066666361E36666600000000001E184B
:1091C0001818181818187E000000000000007ED63D
:1091D000D6D6D6D6C6000000000000003E66666601
:1091E000666666000000000000003C666666666613
:1091F0003C000000000000003E66666666663E06B3
:109200000606000000007C66666666667C6060603C
:109210000000000066760E0606060600000000004C
:1092200000007C06063C60603E00000000000C0C64
:109230007E0C0C0C0C0C7800000000000000666630
:10924000666666667C000000000000006666666672
:10925000663C1800000000000000C6D6D6D6D66CCA
:109260006C0000000000000066663C183C6666006A
:109270000000000000006666666666663C30180FF7
:10928000000000007E6030180C067E000000000028
:10929000301818180C060C181818300000000000C0
:1092A0000066666666667E02020200000C181818E8
:1092B0003060301818180C0000008EDB71000000C0
:1092C000000000000000000000000000000000009E
:1092D000000000000100000001000000010000008B
:1092E0000100000001000000488C000800000000A0
:1092F000000000000000000000000000000000006E
:10930000000000000000000000000000498D00087F
:10931000000000000000000000000000000000004D
:10932000000000000000000000000000000000003D
:10933000000000000000000000000000000000002D
:109340000000000000000000000000009C0500205C
:00000001FF
