ESP> got ip: 192:168:178:47
ESP> connected to ap SSID: Crystal Radio / password:xxxxxxxxx
ESP> socket bound, port 23
--- ESP32 WIFI MODULE --- NFT MASTER --- v1.0 - Jan 27 2023 - rb -
stat
CNT: 238 VBAT: 10.59 IBAT: -66.87 VSOL: 4.75 T: 13.43 RH: 52.73 PAR: 0 T_EC: -22.65 EC: 0.35
OK
>ESP32 watchdog reset
esp_stop 40
ESP> got ip: 192:168:178:47
ESP> connected to ap SSID: Crystal Radio / password:xxxxxxxxx
ESP> socket bound, pESP> got ip: 192:168:178:47
ESP> connected to ap SSID: Crystal Radio / password:xxxxxxxxx
ESP> socket bound, port 23
--- ESP32 WIFI MODULE --- NFT MASTER --- v1.0 - Jan 27 2023 - rb -
stat
CNT: 239 VBAT: 10.59 IBAT: -49.15 VSOL: 4.75 T: 13.42 RH: 52.88 PAR: 1776 T_EC: -22.67 EC: 0.34
OK
>ESP32 watchdog reset
esp_stop 40
ESP> got ip: 192:168:178:47
ESP> connected to ap SSID: Crystal Radio / password:xxxxxxxxx
ESP> socket bound, pESP> got ip: 192:168:178:47
ESP> connected to ap SSID: Crystal Radio / password:xxxxxxxxx
ESP> socket bound, port 23
--- ESP32 WIFI MODULE --- NFT MASTER --- v1.0 - Jan 27 2023 - rb -
stat
CNT: 240 VBAT: 10.59 IBAT: -56.40 VSOL: 4.75 T: 13.42 RH: 52.91 PAR: 0 T_EC: -22.66 EC: 0.38
OK
>ESP32 watchdog reset
esp_stop 40
ESP> got ip: 192:168:178:47
ESP> connected to ap SSID: Crystal Radio / password:xxxxxxxxx
ESP> socket bound, pESP> got ip: 192:168:178:47
ESP> connected to ap SSID: Crystal Radio / password:xxxxxxxxx
ESP> socket bound, port 23
--- ESP32 WIFI MODULE --- NFT MASTER --- v1.0 - Jan 27 2023 - rb -
stat
CNT: 241 VBAT: 10.59 IBAT: -49.95 VSOL: 4.75 T: 13.42 RH: 52.99 PAR: 0 T_EC: -22.66 EC: 0.33
OK
>ESP32 watchdog reset
esp_stop 40
ESP> got ip: 192:168:178:47
ESP> connected to ap SSID: Crystal Radio / password:xxxxxxxxx
ESP> socket bound, pESP> got ip: 192:168:178:47
ESP> connected to ap SSID: Crystal Radio / password:xxxxxxxxx
ESP> socket bound, port 23
--- ESP32 WIFI MODULE --- NFT MASTER --- v1.0 - Jan 27 2023 - rb -
stat
CNT: 242 VBAT: 10.59 IBAT: -61.23 VSOL: 4.75 T: 13.42 RH: 52.99 PAR: 6 T_EC: -22.65 EC: 0.35
OK
>ESP32 watchdog reset
esp_stop 40
ESP> got ip: 192:168:178:47
ESP> connected to ap SSID: Crystal Radio / password:xxxxxxxxx
ESP> socket bound, pESP> got ip: 192:168:178:47
ESP> connected to ap SSID: Crystal Radio / password:xxxxxxxxx
ESP> socket bound, port 23
--- ESP32 WIFI MODULE --- NFT MASTER --- v1.0 - Jan 27 2023 - rb -
stat
CNT: 243 VBAT: 10.59 IBAT: -49.95 VSOL: 4.75 T: 13.44 RH: 52.96 PAR: 1196 T_EC: -22.62 EC: 0.37
OK
>ESP32 watchdog reset
esp_stop 40
ESP> got ip: 192:168:178:47
ESP> connected to ap SSID: Crystal Radio / password:xxxxxxxxx
ESP> socket bound, port 23
--- ESP32 WIFI MODULE --- NFT MASTER --- v1.0 - Jan 27 2023 - rb -
stat
CNT: 244 VBAT: 10.59 IBAT: -56.40 VSOL: 4.74 T: 13.44 RH: 53.05 PAR: 74 T_EC: -22.65 EC: 0.38
OK
>ESP32 watchdog reset
esp_stop 40
ESP> got ip: 192:168:178:47
ESP> connected to ap SSID: Crystal Radio / password:xxxxxxxxx
ESP> socket bound, pESP> got ip: 192:168:178:47
ESP> connected to ap SSID: Crystal Radio / password:xxxxxxxxx
ESP> socket bound, port 23
--- ESP32 WIFI MODULE --- NFT MASTER --- v1.0 - Jan 27 2023 - rb -
stat
CNT: 245 VBAT: 10.58 IBAT: -51.56 VSOL: 4.74 T: 13.46 RH: 52.91 PAR: 0 T_EC: -22.62 EC: 0.39
OK
>ESP32 watchdog reset
esp_stop 40
ESP> got ip: 192:168:178:47
ESP> connected to ap SSID: Crystal Radio / password:xxxxxxxxx
ESP> socket bound, pESP> got ip: 192:168:178:47
ESP> connected to ap SSID: Crystal Radio / password:xxxxxxxxx
ESP> socket bound, port 23
--- ESP32 WIFI MODULE --- NFT MASTER --- v1.0 - Jan 27 2023 - rb -
stat
CNT: 246 VBAT: 10.58 IBAT: -49.95 VSOL: 4.74 T: 13.47 RH: 52.91 PAR: 1777 T_EC: -22.62 EC: 0.32
OK
>ESP32 watchdog reset
esp_stop 40
ESP> got ip: 192:168:178:47
ESP> connected to ap SSID: Crystal Radio / password:xxxxxxxxx
ESP> socket bound, port 23
--- ESP32 WIFI MODULE --- NFT MASTER --- v1.0 - Jan 27 2023 - rb -
stat
CNT: 247 VBAT: 10.57 IBAT: -50.76 VSOL: 4.73 T: 13.46 RH: 53.05 PAR: 0 T_EC: -22.64 EC: 0.35
OK
>ESP32 watchdog reset
esp_stop 40
ESP> got ip: 192:168:178:47
ESP> connected to ap SSID: Crystal Radio / password:xxxxxxxxx
ESP> socket bound, pESP> got ip: 192:168:178:47
ESP> connected to ap SSID: Crystal Radio / password:xxxxxxxxx
ESP> socket bound, port 23
--- ESP32 WIFI MODULE --- NFT MASTER --- v1.0 - Jan 27 2023 - rb -
stat
CNT: 248 VBAT: 10.58 IBAT: -51.56 VSOL: 4.74 T: 13.44 RH: 53.08 PAR: 0 T_EC: -22.68 EC: 0.36
OK
>ESP32 watchdog reset
esp_stop 40
ESP> got ip: 192:168:178:47
ESP> connected to ap SSID: Crystal Radio / password:xxxxxxxxx
ESP> socket bound, pESP> got ip: 192:168:178:47
ESP> connected to ap SSID: Crystal Radio / password:xxxxxxxxx
ESP> socket bound, port 23
--- ESP32 WIFI MODULE --- NFT MASTER --- v1.0 - Jan 27 2023 - rb -
stat
CNT: 249 VBAT: 10.57 IBAT: -51.56 VSOL: 4.73 T: 13.44 RH: 53.11 PAR: 1777 T_EC: -22.65 EC: 0.34
OK
>ESP32 watchdog reset
esp_stop 40
ESP> got ip: 192:168:178:47
ESP> connected to ap SSID: Crystal Radio / password:xxxxxxxxx
ESP> socket bound, pESP> got ip: 192:168:178:47
ESP> connected to ap SSID: Crystal Radio / password:xxxxxxxxx
ESP> socket bound, port 23
--- ESP32 WIFI MODULE --- NFT MASTER --- v1.0 - Jan 27 2023 - rb -
stat
CNT: 250 VBAT: 10.57 IBAT: -67.68 VSOL: 4.73 T: 13.44 RH: 53.20 PAR: 1776 T_EC: -22.64 EC: 0.39
OK
>ESP32 watchdog reset
esp_stop 40
ESP> got ip: 192:168:178:47
ESP> connected to ap SSID: Crystal Radio / password:xxxxxxxxx
ESP> socket bound, pESP> got ip: 192:168:178:47
ESP> connected to ap SSID: Crystal Radio / password:xxxxxxxxx
ESP> socket bound, port 23
--- ESP32 WIFI MODULE --- NFT MASTER --- v1.0 - Jan 27 2023 - rb -
stat
CNT: 251 VBAT: 10.57 IBAT: -50.76 VSOL: 4.73 T: 13.41 RH: 53.31 PAR: 1776 T_EC: -22.67 EC: 0.33
OK
>ESP32 watchdog reset
esp_stop 40
ESP> got ip: 192:168:178:47
ESP> connected to ap SSID: Crystal Radio / password:xxxxxxxxx
ESP> socket bound, pESP> got ip: 192:168:178:47
ESP> connected to ap SSID: Crystal Radio / password:xxxxxxxxx
ESP> socket bound, port 23
--- ESP32 WIFI MODULE --- NFT MASTER --- v1.0 - Jan 27 2023 - rb -
stat
CNT: 252 VBAT: 10.57 IBAT: -70.90 VSOL: 4.72 T: 13.38 RH: 53.31 PAR: 1776 T_EC: -22.67 EC: 0.33
OK
>ESP32 watchdog reset
esp_stop 40
ESP> got ip: 192:168:178:47
ESP> connected to ap SSID: Crystal Radio / password:xxxxxxxxx
ESP> socket bound, pESP> got ip: 192:168:178:47
ESP> connected to ap SSID: Crystal Radio / password:xxxxxxxxx
ESP> socket bound, port 23
--- ESP32 WIFI MODULE --- NFT MASTER --- v1.0 - Jan 27 2023 - rb -
stat
CNT: 253 VBAT: 10.57 IBAT: -49.15 VSOL: 4.73 T: 13.36 RH: 53.34 PAR: 0 T_EC: -22.65 EC: 0.33
OK
>ESP32 watchdog reset
esp_stop 40
ESP> got ip: 192:168:178:47
ESP> connected to ap SSID: Crystal Radio / password:xxxxxxxxx
ESP> socket bound, pESP> got ip: 192:168:178:47
ESP> connected to ap SSID: Crystal Radio / password:xxxxxxxxx
ESP> socket bound, port 23
--- ESP32 WIFI MODULE --- NFT MASTER --- v1.0 - Jan 27 2023 - rb -
stat
CNT: 254 VBAT: 10.57 IBAT: -55.59 VSOL: 4.72 T: 13.32 RH: 53.43 PAR: 2 T_EC: -22.63 EC: 0.35
OK
>ESP32 watchdog reset
esp_stop 40
ESP> got ip: 192:168:178:47
ESP> connected to ap SSID: Crystal Radio / password:xxxxxxxxx
ESP> socket bound, pESP> got ip: 192:168:178:47
ESP> connected to ap SSID: Crystal Radio / password:xxxxxxxxx
ESP> socket bound, port 23
--- ESP32 WIFI MODULE --- NFT MASTER --- v1.0 - Jan 27 2023 - rb -
stat
CNT: 255 VBAT: 10.57 IBAT: -53.17 VSOL: 4.72 T: 13.29 RH: 53.57 PAR: 1777 T_EC: -22.62 EC: 0.34
OK
>ESP32 watchdog reset
esp_stop 40
ESP> got ip: 192:168:178:47
ESP> connected to ap SSID: Crystal Radio / password:xxxxxxxxx
ESP> socket bound, pESP> got ip: 192:168:178:47
ESP> connected to ap SSID: Crystal Radio / password:xxxxxxxxx
ESP> socket bound, port 23
--- ESP32 WIFI MODULE --- NFT MASTER --- v1.0 - Jan 27 2023 - rb -
stat
CNT: 256 VBAT: 10.57 IBAT: -50.76 VSOL: 4.72 T: 13.26 RH: 53.86 PAR: 1776 T_EC: -22.69 EC: 0.35
OK
>ESP32 watchdog reset
esp_stop 40
ESP> got ip: 192:168:178:47
ESP> connected to ap SSID: Crystal Radio / password:xxxxxxxxx
ESP> socket bound, pESP> got ip: 192:168:178:47
ESP> connected to ap SSID: Crystal Radio / password:xxxxxxxxx
ESP> socket bound, port 23
--- ESP32 WIFI MODULE --- NFT MASTER --- v1.0 - Jan 27 2023 - rb -
stat
CNT: 257 VBAT: 10.57 IBAT: -61.23 VSOL: 4.72 T: 13.24 RH: 53.86 PAR: 1776 T_EC: -22.61 EC: 0.43
OK
>ESP32 watchdog reset
esp_stop 40
ESP> got ip: 192:168:178:47
ESP> connected to ap SSID: Crystal Radio / password:xxxxxxxxx
ESP> socket bound, pESP> got ip: 192:168:178:47
ESP> connected to ap SSID: Crystal Radio / password:xxxxxxxxx
ESP> socket bound, port 23
--- ESP32 WIFI MODULE --- NFT MASTER --- v1.0 - Jan 27 2023 - rb -
stat
CNT: 258 VBAT: 10.56 IBAT: -50.76 VSOL: 4.72 T: 13.22 RH: 54.00 PAR: 1776 T_EC: -22.69 EC: 0.35
OK
>ESP32 watchdog reset
esp_stop 40
ESP> got ip: 192:168:178:47
ESP> connected to ap SSID: Crystal Radio / password:xxxxxxxxx
ESP> socket bound, pESP> got ip: 192:168:178:47
ESP> connected to ap SSID: Crystal Radio / password:xxxxxxxxx
ESP> socket bound, port 23
--- ESP32 WIFI MODULE --- NFT MASTER --- v1.0 - Jan 27 2023 - rb -
stat
CNT: 259 VBAT: 10.56 IBAT: -50.76 VSOL: 4.72 T: 13.20 RH: 54.23 PAR: 1776 T_EC: -22.63 EC: 0.35
OK
>ESP32 watchdog reset
esp_stop 40
ESP> got ip: 192:168:178:47
ESP> connected to ap SSID: Crystal Radio / password:xxxxxxxxx
ESP> socket bound, pESP> got ip: 192:168:178:47
ESP> connected to ap SSID: Crystal Radio / password:xxxxxxxxx
ESP> socket bound, port 23
--- ESP32 WIFI MODULE --- NFT MASTER --- v1.0 - Jan 27 2023 - rb -
stat
CNT: 260 VBAT: 10.56 IBAT: -53.17 VSOL: 4.72 T: 13.21 RH: 54.32 PAR: 1776 T_EC: -22.63 EC: 0.34
OK
>ESP32 watchdog reset
esp_stop 40
ESP> got ip: 192:168:178:47
ESP> connected to ap SSID: Crystal Radio / password:xxxxxxxxx
ESP> socket bound, pESP> got ip: 192:168:178:47
ESP> connected to ap SSID: Crystal Radio / password:xxxxxxxxx
ESP> socket bound, port 23
--- ESP32 WIFI MODULE --- NFT MASTER --- v1.0 - Jan 27 2023 - rb -
stat
CNT: 261 VBAT: 10.56 IBAT: -52.37 VSOL: 4.72 T: 13.20 RH: 54.49 PAR: 1776 T_EC: -22.64 EC: 0.35
OK
>ESP32 watchdog reset
esp_stop 40
ESP> got ip: 192:168:178:47
ESP> connected to ap SSID: Crystal Radio / password:xxxxxxxxx
ESP> socket bound, pESP> got ip: 192:168:178:47
ESP> connected to ap SSID: Crystal Radio / password:xxxxxxxxx
ESP> socket bound, port 23
--- ESP32 WIFI MODULE --- NFT MASTER --- v1.0 - Jan 27 2023 - rb -
stat
CNT: 262 VBAT: 10.55 IBAT: -50.76 VSOL: 4.72 T: 13.22 RH: 54.67 PAR: 0 T_EC: -22.67 EC: 0.35
OK
>ESP32 watchdog reset
esp_stop 40
ESP> got ip: 192:168:178:47
ESP> connected to ap SSID: Crystal Radio / password:xxxxxxxxx
ESP> socket bound, pESP> got ip: 192:168:178:47
ESP> connected to ap SSID: Crystal Radio / password:xxxxxxxxx
ESP> socket bound, port 23
--- ESP32 WIFI MODULE --- NFT MASTER --- v1.0 - Jan 27 2023 - rb -
stat
CNT: 263 VBAT: 10.55 IBAT: -72.51 VSOL: 4.70 T: 13.23 RH: 54.81 PAR: 1776 T_EC: -22.66 EC: 0.36
OK
>ESP32 watchdog reset
esp_stop 40
ESP> got ip: 192:168:178:47
ESP> connected to ap SSID: Crystal Radio / password:xxxxxxxxx
ESP> socket bound, pESP> got ip: 192:168:178:47
ESP> connected to ap SSID: Crystal Radio / password:xxxxxxxxx
ESP> socket bound, port 23
--- ESP32 WIFI MODULE --- NFT MASTER --- v1.0 - Jan 27 2023 - rb -
stat
CNT: 264 VBAT: 10.55 IBAT: -52.37 VSOL: 4.71 T: 13.23 RH: 55.18 PAR: 0 T_EC: -22.63 EC: 0.34
OK
>ESP32 watchdog reset
esp_stop 40
ESP> got ip: 192:168:178:47
ESP> connected to ap SSID: Crystal Radio / password:xxxxxxxxx
ESP> socket bound, pESP> got ip: 192:168:178:47
ESP> connected to ap SSID: Crystal Radio / password:xxxxxxxxx
ESP> socket bound, port 23
--- ESP32 WIFI MODULE --- NFT MASTER --- v1.0 - Jan 27 2023 - rb -
stat
CNT: 265 VBAT: 10.55 IBAT: -57.20 VSOL: 4.71 T: 13.23 RH: 55.12 PAR: 0 T_EC: -22.68 EC: 0.37
OK
>ESP32 watchdog reset
esp_stop 40
ESP> got ip: 192:168:178:47
ESP> connected to ap SSID: Crystal Radio / password:xxxxxxxxx
ESP> socket bound, pESP> got ip: 192:168:178:47
ESP> connected to ap SSID: Crystal Radio / password:xxxxxxxxx
ESP> socket bound, port 23
--- ESP32 WIFI MODULE --- NFT MASTER --- v1.0 - Jan 27 2023 - rb -
stat
CNT: 266 VBAT: 10.55 IBAT: -53.17 VSOL: 4.71 T: 13.23 RH: 55.09 PAR: 0 T_EC: -22.64 EC: 0.34
OK
>ESP32 watchdog reset
esp_stop 40
ESP> got ip: 192:168:178:47
ESP> connected to ap SSID: Crystal Radio / password:xxxxxxxxx
ESP> socket bound, pESP> got ip: 192:168:178:47
ESP> connected to ap SSID: Crystal Radio / password:xxxxxxxxx
ESP> socket bound, port 23
--- ESP32 WIFI MODULE --- NFT MASTER --- v1.0 - Jan 27 2023 - rb -
stat
CNT: 267 VBAT: 10.55 IBAT: -65.26 VSOL: 4.71 T: 13.24 RH: 54.84 PAR: 1777 T_EC: -22.67 EC: 0.33
OK
>ESP32 watchdog reset
esp_stop 40
ESP> got ip: 192:168:178:47
ESP> connected to ap SSID: Crystal Radio / password:xxxxxxxxx
ESP> socket bound, pESP> got ip: 192:168:178:47
ESP> connected to ap SSID: Crystal Radio / password:xxxxxxxxx
ESP> socket bound, port 23
--- ESP32 WIFI MODULE --- NFT MASTER --- v1.0 - Jan 27 2023 - rb -
stat
CNT: 268 VBAT: 10.54 IBAT: -53.98 VSOL: 4.70 T: 13.25 RH: 54.98 PAR: 1776 T_EC: -22.68 EC: 0.35
OK
>ESP32 watchdog reset
esp_stop 40
ESP> got ip: 192:168:178:47
ESP> connected to ap SSID: Crystal Radio / password:xxxxxxxxx
ESP> socket bound, pESP> got ip: 192:168:178:47
ESP> connected to ap SSID: Crystal Radio / password:xxxxxxxxx
ESP> socket bound, port 23
--- ESP32 WIFI MODULE --- NFT MASTER --- v1.0 - Jan 27 2023 - rb -
stat
CNT: 269 VBAT: 10.54 IBAT: -58.81 VSOL: 4.70 T: 13.24 RH: 54.92 PAR: 0 T_EC: -22.66 EC: 0.35
OK
>ESP32 watchdog reset
esp_stop 40
ESP> got ip: 192:168:178:47
ESP> connected to ap SSID: Crystal Radio / password:xxxxxxxxx
ESP> socket bound, port 23
--- ESP32 WIFI MODULE --- NFT MASTER --- v1.0 - Jan 27 2023 - rb -
stat
CNT: 270 VBAT: 10.54 IBAT: -49.95 VSOL: 4.70 T: 13.23 RH: 55.24 PAR: 1776 T_EC: -22.66 EC: 0.32
OK
>ESP32 watchdog reset
esp_stop 40
ESP> got ip: 192:168:178:47
ESP> connected to ap SSID: Crystal Radio / password:xxxxxxxxx
ESP> socket bound, pESP> got ip: 192:168:178:47
ESP> connected to ap SSID: Crystal Radio / password:xxxxxxxxx
ESP> socket bound, port 23
--- ESP32 WIFI MODULE --- NFT MASTER --- v1.0 - Jan 27 2023 - rb -
stat
CNT: 271 VBAT: 10.54 IBAT: -53.98 VSOL: 4.69 T: 13.23 RH: 55.32 PAR: 0 T_EC: -22.64 EC: 0.33
OK
>ESP32 watchdog reset
esp_stop 40
ESP> got ip: 192:168:178:47
ESP> connected to ap SSID: Crystal Radio / password:xxxxxxxxx
ESP> socket bound, pESP> got ip: 192:168:178:47
ESP> connected to ap SSID: Crystal Radio / password:xxxxxxxxx
ESP> socket bound, port 23
--- ESP32 WIFI MODULE --- NFT MASTER --- v1.0 - Jan 27 2023 - rb -
stat
CNT: 272 VBAT: 10.54 IBAT: -50.76 VSOL: 4.69 T: 13.20 RH: 55.44 PAR: 0 T_EC: -22.65 EC: 0.32
OK
>ESP32 watchdog reset
esp_stop 40
ESP> got ip: 192:168:178:47
ESP> connected to ap SSID: Crystal Radio / password:xxxxxxxxx
ESP> socket bound, pESP> got ip: 192:168:178:47
ESP> connected to ap SSID: Crystal Radio / password:xxxxxxxxx
ESP> socket bound, port 23
--- ESP32 WIFI MODULE --- NFT MASTER --- v1.0 - Jan 27 2023 - rb -
stat
CNT: 273 VBAT: 10.54 IBAT: -50.76 VSOL: 4.70 T: 13.20 RH: 55.44 PAR: 1776 T_EC: -22.65 EC: 0.35
OK
>ESP32 watchdog reset
esp_stop 40
ESP> got ip: 192:168:178:47
ESP> connected to ap SSID: Crystal Radio / password:xxxxxxxxx
ESP> socket bound, pESP> got ip: 192:168:178:47
ESP> connected to ap SSID: Crystal Radio / password:xxxxxxxxx
ESP> socket bound, port 23
--- ESP32 WIFI MODULE --- NFT MASTER --- v1.0 - Jan 27 2023 - rb -
stat
CNT: 274 VBAT: 10.54 IBAT: -53.17 VSOL: 4.69 T: 13.19 RH: 55.47 PAR: 5 T_EC: -22.64 EC: 0.34
OK
>ESP32 watchdog reset
esp_stop 40
ESP> got ip: 192:168:178:47
ESP> connected to ap SSID: Crystal Radio / password:xxxxxxxxx
ESP> socket bound, pESP> got ip: 192:168:178:47
ESP> connected to ap SSID: Crystal Radio / password:xxxxxxxxx
ESP> socket bound, port 23
--- ESP32 WIFI MODULE --- NFT MASTER --- v1.0 - Jan 27 2023 - rb -
stat
CNT: 275 VBAT: 10.54 IBAT: -52.37 VSOL: 4.69 T: 13.19 RH: 55.38 PAR: 3 T_EC: -22.64 EC: 0.32
OK
>ESP32 watchdog reset
esp_stop 40
ESP> got ip: 192:168:178:47
ESP> connected to ap SSID: Crystal Radio / password:xxxxxxxxx
ESP> socket bound, pESP> got ip: 192:168:178:47
ESP> connected to ap SSID: Crystal Radio / password:xxxxxxxxx
ESP> socket bound, port 23
--- ESP32 WIFI MODULE --- NFT MASTER --- v1.0 - Jan 27 2023 - rb -
stat
CNT: 276 VBAT: 10.54 IBAT: -51.56 VSOL: 4.69 T: 13.17 RH: 55.44 PAR: 0 T_EC: -22.64 EC: 0.33
OK
>ESP32 watchdog reset
esp_stop 40
ESP> got ip: 192:168:178:47
ESP> connected to ap SSID: Crystal Radio / password:xxxxxxxxx
ESP> socket bound, pESP> got ip: 192:168:178:47
ESP> connected to ap SSID: Crystal Radio / password:xxxxxxxxx
ESP> socket bound, port 23
--- ESP32 WIFI MODULE --- NFT MASTER --- v1.0 - Jan 27 2023 - rb -
stat
CNT: 277 VBAT: 10.53 IBAT: -52.37 VSOL: 4.69 T: 13.16 RH: 55.47 PAR: 1776 T_EC: -22.65 EC: 0.34
OK
>ESP32 watchdog reset
esp_stop 40
ESP> got ip: 192:168:178:47
ESP> connected to ap SSID: Crystal Radio / password:xxxxxxxxx
ESP> socket bound, pESP> got ip: 192:168:178:47
ESP> connected to ap SSID: Crystal Radio / password:xxxxxxxxx
ESP> socket bound, port 23
--- ESP32 WIFI MODULE --- NFT MASTER --- v1.0 - Jan 27 2023 - rb -
stat
CNT: 278 VBAT: 10.53 IBAT: -62.84 VSOL: 4.69 T: 13.17 RH: 55.55 PAR: 0 T_EC: -22.63 EC: 0.45
OK
>ESP32 watchdog reset
esp_stop 40
ESP> got ip: 192:168:178:47
ESP> connected to ap SSID: Crystal Radio / password:xxxxxxxxx
ESP> socket bound, pESP> got ip: 192:168:178:47
ESP> connected to ap SSID: Crystal Radio / password:xxxxxxxxx
ESP> socket bound, port 23
--- ESP32 WIFI MODULE --- NFT MASTER --- v1.0 - Jan 27 2023 - rb -
stat
CNT: 279 VBAT: 10.53 IBAT: -49.95 VSOL: 4.68 T: 13.16 RH: 55.64 PAR: 3 T_EC: -22.63 EC: 0.33
OK
>ESP32 watchdog reset
esp_stop 40
ESP> got ip: 192:168:178:47
ESP> connected to ap SSID: Crystal Radio / password:xxxxxxxxx
ESP> socket bound, pESP> got ip: 192:168:178:47
ESP> connected to ap SSID: Crystal Radio / password:xxxxxxxxx
ESP> socket bound, port 23
--- ESP32 WIFI MODULE --- NFT MASTER --- v1.0 - Jan 27 2023 - rb -
stat
CNT: 280 VBAT: 10.53 IBAT: -62.04 VSOL: 4.68 T: 13.17 RH: 55.58 PAR: 1776 T_EC: -22.63 EC: 0.35
OK
>ESP32 watchdog reset
esp_stop 40
ESP> got ip: 192:168:178:47
ESP> connected to ap SSID: Crystal Radio / password:xxxxxxxxx
ESP> socket bound, pESP> got ip: 192:168:178:47
ESP> connected to ap SSID: Crystal Radio / password:xxxxxxxxx
ESP> socket bound, port 23
--- ESP32 WIFI MODULE --- NFT MASTER --- v1.0 - Jan 27 2023 - rb -
stat
CNT: 281 VBAT: 10.52 IBAT: -51.56 VSOL: 4.68 T: 13.18 RH: 55.64 PAR: 1777 T_EC: -22.64 EC: 0.33
OK
>ESP32 watchdog reset
esp_stop 40
ESP> got ip: 192:168:178:47
ESP> connected to ap SSID: Crystal Radio / password:xxxxxxxxx
ESP> socket bound, pESP> got ip: 192:168:178:47
ESP> connected to ap SSID: Crystal Radio / password:xxxxxxxxx
ESP> socket bound, port 23
--- ESP32 WIFI MODULE --- NFT MASTER --- v1.0 - Jan 27 2023 - rb -
stat
CNT: 282 VBAT: 10.52 IBAT: -56.40 VSOL: 4.68 T: 13.18 RH: 55.84 PAR: 0 T_EC: -22.66 EC: 0.33
OK
>ESP32 watchdog reset
esp_stop 40
ESP> got ip: 192:168:178:47
ESP> connected to ap SSID: Crystal Radio / password:xxxxxxxxx
ESP> socket bound, pESP> got ip: 192:168:178:47
ESP> connected to ap SSID: Crystal Radio / password:xxxxxxxxx
ESP> socket bound, port 23
--- ESP32 WIFI MODULE --- NFT MASTER --- v1.0 - Jan 27 2023 - rb -
stat
CNT: 283 VBAT: 10.52 IBAT: -53.17 VSOL: 4.68 T: 13.20 RH: 55.64 PAR: 0 T_EC: -22.64 EC: 0.36
OK
>ESP32 watchdog reset
esp_stop 40
ESP> got ip: 192:168:178:47
ESP> connected to ap SSID: Crystal Radio / password:xxxxxxxxx
ESP> socket bound, pESP> got ip: 192:168:178:47
ESP> connected to ap SSID: Crystal Radio / password:xxxxxxxxx
ESP> socket bound, port 23
--- ESP32 WIFI MODULE --- NFT MASTER --- v1.0 - Jan 27 2023 - rb -
stat
CNT: 284 VBAT: 10.52 IBAT: -56.40 VSOL: 4.68 T: 13.22 RH: 55.58 PAR: 1 T_EC: -22.64 EC: 0.33
OK
>ESP32 watchdog reset
esp_stop 40
ESP> got ip: 192:168:178:47
ESP> connected to ap SSID: Crystal Radio / password:xxxxxxxxx
ESP> socket bound, pESP> got ip: 192:168:178:47
ESP> connected to ap SSID: Crystal Radio / password:xxxxxxxxx
ESP> socket bound, port 23
--- ESP32 WIFI MODULE --- NFT MASTER --- v1.0 - Jan 27 2023 - rb -
stat
CNT: 285 VBAT: 10.52 IBAT: -49.95 VSOL: 4.68 T: 13.33 RH: 56.66 PAR: 0 T_EC: -22.63 EC: 0.34
OK
>ESP32 watchdog reset
esp_stop 40
ESP> got ip: 192:168:178:47
ESP> connected to ap SSID: Crystal Radio / password:xxxxxxxxx
ESP> socket bound, pESP> got ip: 192:168:178:47
ESP> connected to ap SSID: Crystal Radio / password:xxxxxxxxx
ESP> socket bound, port 23
--- ESP32 WIFI MODULE --- NFT MASTER --- v1.0 - Jan 27 2023 - rb -
stat
CNT: 286 VBAT: 10.52 IBAT: -49.95 VSOL: 4.68 T: 13.61 RH: 57.28 PAR: 0 T_EC: -22.63 EC: 0.36
OK
>ESP32 watchdog reset
esp_stop 40
ESP> got ip: 192:168:178:47
ESP> connected to ap SSID: Crystal Radio / password:xxxxxxxxx
ESP> socket bound, pESP> got ip: 192:168:178:47
ESP> connected to ap SSID: Crystal Radio / password:xxxxxxxxx
ESP> socket bound, port 23
--- ESP32 WIFI MODULE --- NFT MASTER --- v1.0 - Jan 27 2023 - rb -
stat
CNT: 287 VBAT: 10.52 IBAT: -50.76 VSOL: 4.68 T: 13.92 RH: 57.53 PAR: 1776 T_EC: -22.66 EC: 0.35
OK
>ESP32 watchdog reset
esp_stop 40
ESP> got ip: 192:168:178:47
ESP> connected to ap SSID: Crystal Radio / password:xxxxxxxxx
ESP> socket bound, port 23
--- ESP32 WIFI MODULE --- NFT MASTER --- v1.0 - Jan 27 2023 - rb -
stat
CNT: 288 VBAT: 10.52 IBAT: -50.76 VSOL: 4.68 T: 14.30 RH: 56.77 PAR: 1776 T_EC: -22.64 EC: 0.36
OK
>ESP32 watchdog reset
esp_stop 40
ESP> got ip: 192:168:178:47
ESP> connected to ap SSID: Crystal Radio / password:xxxxxxxxx
ESP> socket bound, pESP> got ip: 192:168:178:47
ESP> connected to ap SSID: Crystal Radio / password:xxxxxxxxx
ESP> socket bound, port 23
--- ESP32 WIFI MODULE --- NFT MASTER --- v1.0 - Jan 27 2023 - rb -
stat
CNT: 289 VBAT: 10.51 IBAT: -62.84 VSOL: 4.68 T: 14.48 RH: 55.67 PAR: 1776 T_EC: -22.67 EC: 0.41
OK
>ESP32 watchdog reset
esp_stop 40
ESP> got ip: 192:168:178:47
ESP> connected to ap SSID: Crystal Radio / password:xxxxxxxxx
ESP> socket bound, pESP> got ip: 192:168:178:47
ESP> connected to ap SSID: Crystal Radio / password:xxxxxxxxx
ESP> socket bound, port 23
--- ESP32 WIFI MODULE --- NFT MASTER --- v1.0 - Jan 27 2023 - rb -
stat
CNT: 290 VBAT: 10.51 IBAT: -51.56 VSOL: 4.68 T: 14.58 RH: 55.61 PAR: 1776 T_EC: -22.66 EC: 0.53
OK
>ESP32 watchdog reset
esp_stop 40
ESP> got ip: 192:168:178:47
ESP> connected to ap SSID: Crystal Radio / password:xxxxxxxxx
ESP> socket bound, pESP> got ip: 192:168:178:47
ESP> connected to ap SSID: Crystal Radio / password:xxxxxxxxx
ESP> socket bound, port 23
--- ESP32 WIFI MODULE --- NFT MASTER --- v1.0 - Jan 27 2023 - rb -
stat
CNT: 291 VBAT: 10.51 IBAT: -53.17 VSOL: 4.67 T: 14.64 RH: 55.69 PAR: 1776 T_EC: -22.63 EC: 0.45
OK
>ESP32 watchdog reset
esp_stop 40
ESP> got ip: 192:168:178:47
ESP> connected to ap SSID: Crystal Radio / password:xxxxxxxxx
ESP> socket bound, pESP> got ip: 192:168:178:47
ESP> connected to ap SSID: Crystal Radio / password:xxxxxxxxx
ESP> socket bound, port 23
--- ESP32 WIFI MODULE --- NFT MASTER --- v1.0 - Jan 27 2023 - rb -
stat
CNT: 292 VBAT: 10.51 IBAT: -53.17 VSOL: 4.67 T: 14.66 RH: 55.35 PAR: 0 T_EC: -22.62 EC: 0.36
OK
>ESP32 watchdog reset
esp_stop 40
ESP> got ip: 192:168:178:47
ESP> connected to ap SSID: Crystal Radio / password:xxxxxxxxx
ESP> socket bound, pESP> got ip: 192:168:178:47
ESP> connected to ap SSID: Crystal Radio / password:xxxxxxxxx
ESP> socket bound, port 23
--- ESP32 WIFI MODULE --- NFT MASTER --- v1.0 - Jan 27 2023 - rb -
stat
CNT: 293 VBAT: 10.50 IBAT: -62.84 VSOL: 4.67 T: 14.67 RH: 55.35 PAR: 0 T_EC: -22.66 EC: 0.33
OK
>ESP32 watchdog reset
esp_stop 40
ESP> got ip: 192:168:178:47
ESP> connected to ap SSID: Crystal Radio / password:xxxxxxxxx
ESP> socket bound, pESP> got ip: 192:168:178:47
ESP> connected to ap SSID: Crystal Radio / password:xxxxxxxxx
ESP> socket bound, port 23
--- ESP32 WIFI MODULE --- NFT MASTER --- v1.0 - Jan 27 2023 - rb -
stat
CNT: 294 VBAT: 10.50 IBAT: -52.37 VSOL: 4.67 T: 14.65 RH: 55.41 PAR: 1776 T_EC: -22.66 EC: 0.34
OK
>ESP32 watchdog reset
esp_stop 40
ESP> got ip: 192:168:178:47
ESP> connected to ap SSID: Crystal Radio / password:xxxxxxxxx
ESP> socket bound, pESP> got ip: 192:168:178:47
ESP> connected to ap SSID: Crystal Radio / password:xxxxxxxxx
ESP> socket bound, port 23
--- ESP32 WIFI MODULE --- NFT MASTER --- v1.0 - Jan 27 2023 - rb -
stat
CNT: 295 VBAT: 10.50 IBAT: -66.87 VSOL: 4.66 T: 14.65 RH: 55.07 PAR: 1776 T_EC: -22.66 EC: 0.36
OK
>ESP32 watchdog reset
esp_stop 40
ESP> got ip: 192:168:178:47
ESP> connected to ap SSID: Crystal Radio / password:xxxxxxxxx
ESP> socket bound, pESP> got ip: 192:168:178:47
ESP> connected to ap SSID: Crystal Radio / password:xxxxxxxxx
ESP> socket bound, port 23
--- ESP32 WIFI MODULE --- NFT MASTER --- v1.0 - Jan 27 2023 - rb -
stat
CNT: 296 VBAT: 10.50 IBAT: -52.37 VSOL: 4.66 T: 14.63 RH: 54.44 PAR: 0 T_EC: -22.65 EC: 0.35
OK
>ESP32 watchdog reset
esp_stop 40
ESP> got ip: 192:168:178:47
ESP> connected to ap SSID: Crystal Radio / password:xxxxxxxxx
ESP> socket bound, pESP> got ip: 192:168:178:47
ESP> connected to ap SSID: Crystal Radio / password:xxxxxxxxx
ESP> socket bound, port 23
--- ESP32 WIFI MODULE --- NFT MASTER --- v1.0 - Jan 27 2023 - rb -
stat
CNT: 297 VBAT: 10.50 IBAT: -52.37 VSOL: 4.66 T: 14.62 RH: 54.58 PAR: 1776 T_EC: -22.65 EC: 0.35
OK
>ESP32 watchdog reset
esp_stop 40
ESP> got ip: 192:168:178:47
ESP> connected to ap SSID: Crystal Radio / password:xxxxxxxxx
ESP> socket bound, pESP> got ip: 192:168:178:47
ESP> connected to ap SSID: Crystal Radio / password:xxxxxxxxx
ESP> socket bound, port 23
--- ESP32 WIFI MODULE --- NFT MASTER --- v1.0 - Jan 27 2023 - rb -
stat
CNT: 298 VBAT: 10.50 IBAT: -50.76 VSOL: 4.66 T: 14.62 RH: 54.95 PAR: 1776 T_EC: -22.63 EC: 0.35
OK
>ESP32 watchdog reset
esp_stop 40
ESP> got ip: 192:168:178:47
ESP> connected to ap SSID: Crystal Radio / password:xxxxxxxxx
ESP> socket bound, pESP> got ip: 192:168:178:47
ESP> connected to ap SSID: Crystal Radio / password:xxxxxxxxx
ESP> socket bound, port 23
--- ESP32 WIFI MODULE --- NFT MASTER --- v1.0 - Jan 27 2023 - rb -
stat
CNT: 299 VBAT: 10.49 IBAT: -62.84 VSOL: 4.64 T: 14.68 RH: 55.58 PAR: 1776 T_EC: -22.63 EC: 0.31
OK
>ESP32 watchdog reset
esp_stop 40
ESP> got ip: 192:168:178:47
ESP> connected to ap SSID: Crystal Radio / password:xxxxxxxxx
ESP> socket bound, pESP> got ip: 192:168:178:47
ESP> connected to ap SSID: Crystal Radio / password:xxxxxxxxx
ESP> socket bound, port 23
--- ESP32 WIFI MODULE --- NFT MASTER --- v1.0 - Jan 27 2023 - rb -
stat
CNT: 300 VBAT: 10.49 IBAT: -51.56 VSOL: 4.66 T: 14.75 RH: 55.18 PAR: 1776 T_EC: -22.65 EC: 0.35
OK
>ESP32 watchdog reset
esp_stop 40
ESP> got ip: 192:168:178:47
ESP> connected to ap SSID: Crystal Radio / password:xxxxxxxxx
ESP> socket bound, pESP> got ip: 192:168:178:47
ESP> connected to ap SSID: Crystal Radio / password:xxxxxxxxx
ESP> socket bound, port 23
--- ESP32 WIFI MODULE --- NFT MASTER --- v1.0 - Jan 27 2023 - rb -
stat
CNT: 301 VBAT: 10.49 IBAT: -50.76 VSOL: 4.65 T: 14.80 RH: 55.12 PAR: 1776 T_EC: -22.71 EC: 0.36
OK
>ESP32 watchdog reset
esp_stop 40
ESP> got ip: 192:168:178:47
ESP> connected to ap SSID: Crystal Radio / password:xxxxxxxxx
ESP> socket bound, pESP> got ip: 192:168:178:47
ESP> connected to ap SSID: Crystal Radio / password:xxxxxxxxx
ESP> socket bound, port 23
--- ESP32 WIFI MODULE --- NFT MASTER --- v1.0 - Jan 27 2023 - rb -
stat
CNT: 302 VBAT: 10.48 IBAT: -50.76 VSOL: 4.64 T: 14.89 RH: 55.18 PAR: 1776 T_EC: -22.65 EC: 0.33
OK
>ESP32 watchdog reset
esp_stop 40
ESP> got ip: 192:168:178:47
ESP> connected to ap SSID: Crystal Radio / password:xxxxxxxxx
ESP> socket bound, pESP> got ip: 192:168:178:47
ESP> connected to ap SSID: Crystal Radio / password:xxxxxxxxx
ESP> socket bound, port 23
--- ESP32 WIFI MODULE --- NFT MASTER --- v1.0 - Jan 27 2023 - rb -
stat
CNT: 303 VBAT: 10.48 IBAT: -49.95 VSOL: 4.65 T: 14.94 RH: 55.04 PAR: 1776 T_EC: -22.64 EC: 0.35
OK
>ESP32 watchdog reset
esp_stop 40
ESP> got ip: 192:168:178:47
ESP> connected to ap SSID: Crystal Radio / password:xxxxxxxxx
ESP> socket bound, pESP> got ip: 192:168:178:47
ESP> connected to ap SSID: Crystal Radio / password:xxxxxxxxx
ESP> socket bound, port 23
--- ESP32 WIFI MODULE --- NFT MASTER --- v1.0 - Jan 27 2023 - rb -
stat
CNT: 304 VBAT: 10.48 IBAT: -62.04 VSOL: 4.64 T: 15.02 RH: 54.95 PAR: 1776 T_EC: -22.63 EC: 0.37
OK
>ESP32 watchdog reset
esp_stop 40
ESP> got ip: 192:168:178:47
ESP> connected to ap SSID: Crystal Radio / password:xxxxxxxxx
ESP> socket bound, pESP> got ip: 192:168:178:47
ESP> connected to ap SSID: Crystal Radio / password:xxxxxxxxx
ESP> socket bound, port 23
--- ESP32 WIFI MODULE --- NFT MASTER --- v1.0 - Jan 27 2023 - rb -
stat
CNT: 305 VBAT: 10.48 IBAT: -53.98 VSOL: 4.64 T: 15.08 RH: 54.95 PAR: 1776 T_EC: -22.64 EC: 0.35
OK
>ESP32 watchdog reset
esp_stop 40
ESP> got ip: 192:168:178:47
ESP> connected to ap SSID: Crystal Radio / password:xxxxxxxxx
ESP> socket bound, pESP> got ip: 192:168:178:47
ESP> connected to ap SSID: Crystal Radio / password:xxxxxxxxx
ESP> socket bound, port 23
--- ESP32 WIFI MODULE --- NFT MASTER --- v1.0 - Jan 27 2023 - rb -
stat
CNT: 306 VBAT: 10.48 IBAT: -50.76 VSOL: 4.64 T: 15.12 RH: 54.61 PAR: 0 T_EC: -22.64 EC: 0.34
OK
>ESP32 watchdog reset
esp_stop 40
ESP> got ip: 192:168:178:47
ESP> connected to ap SSID: Crystal Radio / password:xxxxxxxxx
ESP> socket bound, pESP> got ip: 192:168:178:47
ESP> connected to ap SSID: Crystal Radio / password:xxxxxxxxx
ESP> socket bound, port 23
--- ESP32 WIFI MODULE --- NFT MASTER --- v1.0 - Jan 27 2023 - rb -
stat
CNT: 307 VBAT: 10.48 IBAT: -60.43 VSOL: 4.63 T: 15.18 RH: 54.72 PAR: 0 T_EC: -22.67 EC: 0.34
OK
>ESP32 watchdog reset
esp_stop 40
ESP> got ip: 192:168:178:47
ESP> connected to ap SSID: Crystal Radio / password:xxxxxxxxx
ESP> socket bound, pESP> got ip: 192:168:178:47
ESP> connected to ap SSID: Crystal Radio / password:xxxxxxxxx
ESP> socket bound, port 23
--- ESP32 WIFI MODULE --- NFT MASTER --- v1.0 - Jan 27 2023 - rb -
stat
CNT: 308 VBAT: 10.48 IBAT: -49.15 VSOL: 4.63 T: 15.25 RH: 54.84 PAR: 0 T_EC: -22.65 EC: 0.40
OK
>ESP32 watchdog reset
esp_stop 40
ESP> got ip: 192:168:178:47
ESP> connected to ap SSID: Crystal Radio / password:xxxxxxxxx
ESP> socket bound, pESP> got ip: 192:168:178:47
ESP> connected to ap SSID: Crystal Radio / password:xxxxxxxxx
ESP> socket bound, port 23
--- ESP32 WIFI MODULE --- NFT MASTER --- v1.0 - Jan 27 2023 - rb -
stat
CNT: 309 VBAT: 10.48 IBAT: -53.17 VSOL: 4.63 T: 15.28 RH: 54.61 PAR: 6 T_EC: -22.66 EC: 0.35
OK
>ESP32 watchdog reset
esp_stop 40
ESP> got ip: 192:168:178:47
ESP> connected to ap SSID: Crystal Radio / password:xxxxxxxxx
ESP> socket bound, pESP> got ip: 192:168:178:47
ESP> connected to ap SSID: Crystal Radio / password:xxxxxxxxx
ESP> socket bound, port 23
--- ESP32 WIFI MODULE --- NFT MASTER --- v1.0 - Jan 27 2023 - rb -
stat
CNT: 310 VBAT: 10.48 IBAT: -52.37 VSOL: 4.63 T: 15.29 RH: 53.46 PAR: 1776 T_EC: -22.66 EC: 0.34
OK
>ESP32 watchdog reset
ESP> got ip: 192:168:178:47
ESP> connected to ap SSID: Crystal Radio / password:xxxxxxxxx
ESP> socket bound, port 23
--- ESP32 WIFI MODULE --- NFT MASTER --- v1.0 - Jan 27 2023 - rb -
stat
CNT: 311 VBAT: 10.47 IBAT: -49.95 VSOL: 4.63 T: 15.26 RH: 53.28 PAR: 0 T_EC: -22.65 EC: 0.47
OK
>ESP32 watchdog reset
ESP> got ip: 192:168:178:47
ESP> connected to ap SSID: Crystal Radio / password:xxxxxxxxx
ESP> socket bound, port 23
--- ESP32 WIFI MODULE --- NFT MASTER --- v1.0 - Jan 27 2023 - rb -
stat
CNT: 312 VBAT: 10.46 IBAT: -49.95 VSOL: 4.63 T: 15.16 RH: 52.88 PAR: 3 T_EC: -22.63 EC: 0.35
OK
>ESP32 watchdog reset
esp_stop 40
ESP> got ip: 192:168:178:47
ESP> connected to ap SSID: Crystal Radio / password:xxxxxxxxx
ESP> socket bound, pESP> got ip: 192:168:178:47
ESP> connected to ap SSID: Crystal Radio / password:xxxxxxxxx
ESP> socket bound, port 23
--- ESP32 WIFI MODULE --- NFT MASTER --- v1.0 - Jan 27 2023 - rb -
stat
CNT: 313 VBAT: 10.46 IBAT: -58.01 VSOL: 4.62 T: 15.10 RH: 52.93 PAR: 1776 T_EC: -22.64 EC: 0.42
OK
>ESP32 watchdog reset
esp_stop 40
ESP> got ip: 192:168:178:47
ESP> connected to ap SSID: Crystal Radio / password:xxxxxxxxx
ESP> socket bound, pESP> got ip: 192:168:178:47
ESP> connected to ap SSID: Crystal Radio / password:xxxxxxxxx
ESP> socket bound, port 23
--- ESP32 WIFI MODULE --- NFT MASTER --- v1.0 - Jan 27 2023 - rb -
stat
CNT: 314 VBAT: 10.45 IBAT: -49.95 VSOL: 4.63 T: 15.05 RH: 52.93 PAR: 0 T_EC: -22.66 EC: 0.36
OK
>ESP32 watchdog reset
esp_stop 40
ESP> got ip: 192:168:178:47
ESP> connected to ap SSID: Crystal Radio / password:xxxxxxxxx
ESP> socket bound, pESP> got ip: 192:168:178:47
ESP> connected to ap SSID: Crystal Radio / password:xxxxxxxxx
ESP> socket bound, port 23
--- ESP32 WIFI MODULE --- NFT MASTER --- v1.0 - Jan 27 2023 - rb -
stat
CNT: 315 VBAT: 10.46 IBAT: -49.95 VSOL: 4.62 T: 14.99 RH: 53.14 PAR: 2 T_EC: -22.65 EC: 0.37
OK
>ESP32 watchdog reset
esp_stop 40
ESP> got ip: 192:168:178:47
ESP> connected to ap SSID: Crystal Radio / password:xxxxxxxxx
ESP> socket bound, pESP> got ip: 192:168:178:47
ESP> connected to ap SSID: Crystal Radio / password:xxxxxxxxx
ESP> socket bound, port 23
--- ESP32 WIFI MODULE --- NFT MASTER --- v1.0 - Jan 27 2023 - rb -
stat
CNT: 316 VBAT: 10.46 IBAT: -60.43 VSOL: 4.62 T: 14.90 RH: 53.22 PAR: 1776 T_EC: -22.66 EC: 0.34
OK
>ESP32 watchdog reset
esp_stop 40
ESP> got ip: 192:168:178:47
ESP> connected to ap SSID: Crystal Radio / password:xxxxxxxxx
ESP> socket bound, port 23
--- ESP32 WIFI MODULE --- NFT MASTER --- v1.0 - Jan 27 2023 - rb -
stat
CNT: 317 VBAT: 10.46 IBAT: -50.76 VSOL: 4.62 T: 14.83 RH: 53.22 PAR: 5 T_EC: -22.63 EC: 0.38
OK
>ESP32 watchdog reset
esp_stop 40
ESP> got ip: 192:168:178:47
ESP> connected to ap SSID: Crystal Radio / password:xxxxxxxxx
ESP> socket bound, pESP> got ip: 192:168:178:47
ESP> connected to ap SSID: Crystal Radio / password:xxxxxxxxx
ESP> socket bound, port 23
--- ESP32 WIFI MODULE --- NFT MASTER --- v1.0 - Jan 27 2023 - rb -
stat
CNT: 318 VBAT: 10.45 IBAT: -53.17 VSOL: 4.62 T: 14.78 RH: 53.17 PAR: 4 T_EC: -22.64 EC: 0.38
OK
>ESP32 watchdog reset
esp_stop 40
ESP> got ip: 192:168:178:47
ESP> connected to ap SSID: Crystal Radio / password:xxxxxxxxx
ESP> socket bound, pESP> got ip: 192:168:178:47
ESP> connected to ap SSID: Crystal Radio / password:xxxxxxxxx
ESP> socket bound, port 23
--- ESP32 WIFI MODULE --- NFT MASTER --- v1.0 - Jan 27 2023 - rb -
stat
CNT: 319 VBAT: 10.45 IBAT: -52.37 VSOL: 4.61 T: 14.74 RH: 53.40 PAR: 89 T_EC: -22.65 EC: 0.33
OK
>ESP32 watchdog reset
esp_stop 40
ESP> got ip: 192:168:178:47
ESP> connected to ap SSID: Crystal Radio / password:xxxxxxxxx
ESP> socket bound, pESP> got ip: 192:168:178:47
ESP> connected to ap SSID: Crystal Radio / password:xxxxxxxxx
ESP> socket bound, port 23
--- ESP32 WIFI MODULE --- NFT MASTER --- v1.0 - Jan 27 2023 - rb -
stat
CNT: 320 VBAT: 10.45 IBAT: -49.95 VSOL: 4.61 T: 14.70 RH: 53.25 PAR: 1776 T_EC: -22.64 EC: 0.34
OK
>ESP32 watchdog reset
esp_stop 40
ESP> got ip: 192:168:178:47
ESP> connected to ap SSID: Crystal Radio / password:xxxxxxxxx
ESP> socket bound, pESP> got ip: 192:168:178:47
ESP> connected to ap SSID: Crystal Radio / password:xxxxxxxxx
ESP> socket bound, port 23
--- ESP32 WIFI MODULE --- NFT MASTER --- v1.0 - Jan 27 2023 - rb -
stat
CNT: 321 VBAT: 10.45 IBAT: -95.87 VSOL: 4.61 T: 14.65 RH: 53.28 PAR: 0 T_EC: -22.66 EC: 0.56
OK
>ESP32 watchdog reset
esp_stop 40
ESP> got ip: 192:168:178:47
ESP> connected to ap SSID: Crystal Radio / password:xxxxxxxxx
ESP> socket bound, port 23
--- ESP32 WIFI MODULE --- NFT MASTER --- v1.0 - Jan 27 2023 - rb -
stat
CNT: 322 VBAT: 10.45 IBAT: -50.76 VSOL: 4.61 T: 14.60 RH: 53.28 PAR: 3 T_EC: -22.61 EC: 0.34
OK
>ESP32 watchdog reset
esp_stop 40
ESP> got ip: 192:168:178:47
ESP> connected to ap SSID: Crystal Radio / password:xxxxxxxxx
ESP> socket bound, pESP> got ip: 192:168:178:47
ESP> connected to ap SSID: Crystal Radio / password:xxxxxxxxx
ESP> socket bound, port 23
--- ESP32 WIFI MODULE --- NFT MASTER --- v1.0 - Jan 27 2023 - rb -
stat
CNT: 323 VBAT: 10.45 IBAT: -54.79 VSOL: 4.61 T: 14.54 RH: 53.34 PAR: 1776 T_EC: -22.64 EC: 0.35
OK
>ESP32 watchdog reset
esp_stop 40
ESP> got ip: 192:168:178:47
ESP> connected to ap SSID: Crystal Radio / password:xxxxxxxxx
ESP> socket bound, pESP> got ip: 192:168:178:47
ESP> connected to ap SSID: Crystal Radio / password:xxxxxxxxx
ESP> socket bound, port 23
--- ESP32 WIFI MODULE --- NFT MASTER --- v1.0 - Jan 27 2023 - rb -
stat
CNT: 324 VBAT: 10.44 IBAT: -53.98 VSOL: 4.61 T: 14.48 RH: 53.43 PAR: 1777 T_EC: -22.64 EC: 0.33
OK
>ESP32 watchdog reset
esp_stop 40
ESP> got ip: 192:168:178:47
ESP> connected to ap SSID: Crystal Radio / password:xxxxxxxxx
ESP> socket bound, pESP> got ip: 192:168:178:47
ESP> connected to ap SSID: Crystal Radio / password:xxxxxxxxx
ESP> socket bound, port 23
--- ESP32 WIFI MODULE --- NFT MASTER --- v1.0 - Jan 27 2023 - rb -
stat
CNT: 325 VBAT: 10.44 IBAT: -54.79 VSOL: 4.60 T: 14.43 RH: 53.43 PAR: 72 T_EC: -22.62 EC: 0.31
OK
>ESP32 watchdog reset
esp_stop 40
ESP> got ip: 192:168:178:47
ESP> connected to ap SSID: Crystal Radio / password:xxxxxxxxx
ESP> socket bound, pESP> got ip: 192:168:178:47
ESP> connected to ap SSID: Crystal Radio / password:xxxxxxxxx
ESP> socket bound, port 23
--- ESP32 WIFI MODULE --- NFT MASTER --- v1.0 - Jan 27 2023 - rb -
stat
CNT: 326 VBAT: 10.44 IBAT: -74.93 VSOL: 4.59 T: 14.39 RH: 53.46 PAR: 0 T_EC: -22.68 EC: 0.35
OK
>ESP32 watchdog reset
esp_stop 40
ESP> got ip: 192:168:178:47
ESP> connected to ap SSID: Crystal Radio / password:xxxxxxxxx
ESP> socket bound, pESP> got ip: 192:168:178:47
ESP> connected to ap SSID: Crystal Radio / password:xxxxxxxxx
ESP> socket bound, port 23
--- ESP32 WIFI MODULE --- NFT MASTER --- v1.0 - Jan 27 2023 - rb -
stat
CNT: 327 VBAT: 10.44 IBAT: -50.76 VSOL: 4.59 T: 14.31 RH: 53.57 PAR: 11 T_EC: -22.65 EC: 0.33
OK
>ESP32 watchdog reset
esp_stop 40
ESP> got ip: 192:168:178:47
ESP> connected to ap SSID: Crystal Radio / password:xxxxxxxxx
ESP> socket bound, pESP> got ip: 192:168:178:47
ESP> connected to ap SSID: Crystal Radio / password:xxxxxxxxx
ESP> socket bound, port 23
--- ESP32 WIFI MODULE --- NFT MASTER --- v1.0 - Jan 27 2023 - rb -
stat
CNT: 328 VBAT: 10.44 IBAT: -62.84 VSOL: 4.59 T: 14.27 RH: 53.57 PAR: 21 T_EC: -22.63 EC: 0.36
OK
>ESP32 watchdog reset
esp_stop 40
ESP> got ip: 192:168:178:47
ESP> connected to ap SSID: Crystal Radio / password:xxxxxxxxx
ESP> socket bound, pESP> got ip: 192:168:178:47
ESP> connected to ap SSID: Crystal Radio / password:xxxxxxxxx
ESP> socket bound, port 23
--- ESP32 WIFI MODULE --- NFT MASTER --- v1.0 - Jan 27 2023 - rb -
stat
CNT: 329 VBAT: 10.43 IBAT: -51.56 VSOL: 4.59 T: 14.23 RH: 53.63 PAR: 1776 T_EC: -22.64 EC: 0.34
OK
>ESP32 watchdog reset
esp_stop 40
ESP> got ip: 192:168:178:47
ESP> connected to ap SSID: Crystal Radio / password:xxxxxxxxx
ESP> socket bound, pESP> got ip: 192:168:178:47
ESP> connected to ap SSID: Crystal Radio / password:xxxxxxxxx
ESP> socket bound, port 23
--- ESP32 WIFI MODULE --- NFT MASTER --- v1.0 - Jan 27 2023 - rb -
stat
CNT: 330 VBAT: 10.43 IBAT: -50.76 VSOL: 4.59 T: 14.19 RH: 53.74 PAR: 1776 T_EC: -22.66 EC: 0.35
OK
>ESP32 watchdog reset
esp_stop 40
ESP> got ip: 192:168:178:47
ESP> connected to ap SSID: Crystal Radio / password:xxxxxxxxx
ESP> socket bound, pESP> got ip: 192:168:178:47
ESP> connected to ap SSID: Crystal Radio / password:xxxxxxxxx
ESP> socket bound, port 23
--- ESP32 WIFI MODULE --- NFT MASTER --- v1.0 - Jan 27 2023 - rb -
stat
CNT: 331 VBAT: 10.43 IBAT: -66.87 VSOL: 4.59 T: 14.15 RH: 53.74 PAR: 1776 T_EC: -22.64 EC: 0.32
OK
>ESP32 watchdog reset
esp_stop 40
ESP> got ip: 192:168:178:47
ESP> connected to ap SSID: Crystal Radio / password:xxxxxxxxx
ESP> socket bound, port 23
--- ESP32 WIFI MODULE --- NFT MASTER --- v1.0 - Jan 27 2023 - rb -
stat
CNT: 332 VBAT: 10.43 IBAT: -50.76 VSOL: 4.59 T: 14.12 RH: 53.86 PAR: 3 T_EC: -22.64 EC: 0.35
OK
>ESP32 watchdog reset
esp_stop 40
ESP> got ip: 192:168:178:47
ESP> connected to ap SSID: Crystal Radio / password:xxxxxxxxx
ESP> socket bound, pESP> got ip: 192:168:178:47
ESP> connected to ap SSID: Crystal Radio / password:xxxxxxxxx
ESP> socket bound, port 23
--- ESP32 WIFI MODULE --- NFT MASTER --- v1.0 - Jan 27 2023 - rb -
stat
CNT: 333 VBAT: 10.43 IBAT: -58.01 VSOL: 4.59 T: 14.08 RH: 53.92 PAR: 1776 T_EC: -22.66 EC: 0.33
OK
>ESP32 watchdog reset
esp_stop 40
ESP> got ip: 192:168:178:47
ESP> connected to ap SSID: Crystal Radio / password:xxxxxxxxx
ESP> socket bound, pESP> got ip: 192:168:178:47
ESP> connected to ap SSID: Crystal Radio / password:xxxxxxxxx
ESP> socket bound, port 23
--- ESP32 WIFI MODULE --- NFT MASTER --- v1.0 - Jan 27 2023 - rb -
stat
CNT: 334 VBAT: 10.42 IBAT: -50.76 VSOL: 4.59 T: 14.04 RH: 54.06 PAR: 0 T_EC: -22.63 EC: 0.35
OK
>ESP32 watchdog reset
esp_stop 40
ESP> got ip: 192:168:178:47
ESP> connected to ap SSID: Crystal Radio / password:xxxxxxxxx
ESP> socket bound, pESP> got ip: 192:168:178:47
ESP> connected to ap SSID: Crystal Radio / password:xxxxxxxxx
ESP> socket bound, port 23
--- ESP32 WIFI MODULE --- NFT MASTER --- v1.0 - Jan 27 2023 - rb -
stat
CNT: 335 VBAT: 10.42 IBAT: -49.95 VSOL: 4.59 T: 14.02 RH: 54.03 PAR: 1776 T_EC: -22.65 EC: 0.32
OK
>ESP32 watchdog reset
esp_stop 40
ESP> got ip: 192:168:178:47
ESP> connected to ap SSID: Crystal Radio / password:xxxxxxxxx
ESP> socket bound, pESP> got ip: 192:168:178:47
ESP> connected to ap SSID: Crystal Radio / password:xxxxxxxxx
ESP> socket bound, port 23
--- ESP32 WIFI MODULE --- NFT MASTER --- v1.0 - Jan 27 2023 - rb -
stat
CNT: 336 VBAT: 10.42 IBAT: -50.76 VSOL: 4.59 T: 13.98 RH: 54.15 PAR: 1776 T_EC: -22.62 EC: 0.36
OK
>ESP32 watchdog reset
esp_stop 40
ESP> got ip: 192:168:178:47
ESP> connected to ap SSID: Crystal Radio / password:xxxxxxxxx
ESP> socket bound, pESP> got ip: 192:168:178:47
ESP> connected to ap SSID: Crystal Radio / password:xxxxxxxxx
ESP> socket bound, port 23
--- ESP32 WIFI MODULE --- NFT MASTER --- v1.0 - Jan 27 2023 - rb -
stat
CNT: 337 VBAT: 10.42 IBAT: -53.17 VSOL: 4.58 T: 13.98 RH: 54.21 PAR: 0 T_EC: -22.63 EC: 0.34
OK
>ESP32 watchdog reset
esp_stop 40
ESP> got ip: 192:168:178:47
ESP> connected to ap SSID: Crystal Radio / password:xxxxxxxxx
ESP> socket bound, port 23
--- ESP32 WIFI MODULE --- NFT MASTER --- v1.0 - Jan 27 2023 - rb -
stat
CNT: 338 VBAT: 10.42 IBAT: -55.59 VSOL: 4.58 T: 13.98 RH: 54.38 PAR: 0 T_EC: -22.65 EC: 0.34
OK
>ESP32 watchdog reset
esp_stop 40
ESP> got ip: 192:168:178:47
ESP> connected to ap SSID: Crystal Radio / password:xxxxxxxxx
ESP> socket bound, pESP> got ip: 192:168:178:47
ESP> connected to ap SSID: Crystal Radio / password:xxxxxxxxx
ESP> socket bound, port 23
--- ESP32 WIFI MODULE --- NFT MASTER --- v1.0 - Jan 27 2023 - rb -
stat
CNT: 339 VBAT: 10.41 IBAT: -52.37 VSOL: 4.58 T: 14.01 RH: 54.58 PAR: 1 T_EC: -22.65 EC: 0.35
OK
>ESP32 watchdog reset
esp_stop 40
ESP> got ip: 192:168:178:47
ESP> connected to ap SSID: Crystal Radio / password:xxxxxxxxx
ESP> socket bound, pESP> got ip: 192:168:178:47
ESP> connected to ap SSID: Crystal Radio / password:xxxxxxxxx
ESP> socket bound, port 23
--- ESP32 WIFI MODULE --- NFT MASTER --- v1.0 - Jan 27 2023 - rb -
stat
CNT: 340 VBAT: 10.41 IBAT: -53.98 VSOL: 4.56 T: 14.00 RH: 54.52 PAR: 393 T_EC: -22.68 EC: 0.34
OK
>ESP32 watchdog reset
esp_stop 40
ESP> got ip: 192:168:178:47
ESP> connected to ap SSID: Crystal Radio / password:xxxxxxxxx
ESP> socket bound, pESP> got ip: 192:168:178:47
ESP> connected to ap SSID: Crystal Radio / password:xxxxxxxxx
ESP> socket bound, port 23
--- ESP32 WIFI MODULE --- NFT MASTER --- v1.0 - Jan 27 2023 - rb -
stat
CNT: 341 VBAT: 10.41 IBAT: -50.76 VSOL: 4.57 T: 14.01 RH: 54.61 PAR: 1776 T_EC: -22.64 EC: 0.34
OK
>ESP32 watchdog reset
esp_stop 40
ESP> got ip: 192:168:178:47
ESP> connected to ap SSID: Crystal Radio / password:xxxxxxxxx
ESP> socket bound, pESP> got ip: 192:168:178:47
ESP> connected to ap SSID: Crystal Radio / password:xxxxxxxxx
ESP> socket bound, port 23
--- ESP32 WIFI MODULE --- NFT MASTER --- v1.0 - Jan 27 2023 - rb -
stat
CNT: 342 VBAT: 10.41 IBAT: -51.56 VSOL: 4.57 T: 14.00 RH: 54.72 PAR: 1776 T_EC: -22.64 EC: 0.33
OK
>ESP32 watchdog reset
esp_stop 40
ESP> got ip: 192:168:178:47
ESP> connected to ap SSID: Crystal Radio / password:xxxxxxxxx
ESP> socket bound, pESP> got ip: 192:168:178:47
ESP> connected to ap SSID: Crystal Radio / password:xxxxxxxxx
ESP> socket bound, port 23
--- ESP32 WIFI MODULE --- NFT MASTER --- v1.0 - Jan 27 2023 - rb -
stat
CNT: 343 VBAT: 10.41 IBAT: -66.06 VSOL: 4.57 T: 14.00 RH: 54.75 PAR: 1776 T_EC: -22.63 EC: 0.35
OK
>ESP32 watchdog reset
esp_stop 40
ESP> got ip: 192:168:178:47
ESP> connected to ap SSID: Crystal Radio / password:xxxxxxxxx
ESP> socket bound, pESP> got ip: 192:168:178:47
ESP> connected to ap SSID: Crystal Radio / password:xxxxxxxxx
ESP> socket bound, port 23
--- ESP32 WIFI MODULE --- NFT MASTER --- v1.0 - Jan 27 2023 - rb -
stat
CNT: 344 VBAT: 10.41 IBAT: -53.17 VSOL: 4.56 T: 13.98 RH: 54.87 PAR: 1776 T_EC: -22.65 EC: 0.34
OK
>ESP32 watchdog reset
esp_stop 40
ESP> got ip: 192:168:178:47
ESP> connected to ap SSID: Crystal Radio / password:xxxxxxxxx
ESP> socket bound, pESP> got ip: 192:168:178:47
ESP> connected to ap SSID: Crystal Radio / password:xxxxxxxxx
ESP> socket bound, port 23
--- ESP32 WIFI MODULE --- NFT MASTER --- v1.0 - Jan 27 2023 - rb -
stat
CNT: 345 VBAT: 10.40 IBAT: -64.45 VSOL: 4.56 T: 13.98 RH: 54.89 PAR: 0 T_EC: -22.63 EC: 0.34
OK
>ESP32 watchdog reset
esp_stop 40
ESP> got ip: 192:168:178:47
ESP> connected to ap SSID: Crystal Radio / password:xxxxxxxxx
ESP> socket bound, pESP> got ip: 192:168:178:47
ESP> connected to ap SSID: Crystal Radio / password:xxxxxxxxx
ESP> socket bound, port 23
--- ESP32 WIFI MODULE --- NFT MASTER --- v1.0 - Jan 27 2023 - rb -
stat
CNT: 346 VBAT: 10.40 IBAT: -49.95 VSOL: 4.56 T: 13.96 RH: 55.01 PAR: 1776 T_EC: -22.64 EC: 0.33
OK
>ESP32 watchdog reset
esp_stop 40
ESP> got ip: 192:168:178:47
ESP> connected to ap SSID: Crystal Radio / password:xxxxxxxxx
ESP> socket bound, pESP> got ip: 192:168:178:47
ESP> connected to ap SSID: Crystal Radio / password:xxxxxxxxx
ESP> socket bound, port 23
--- ESP32 WIFI MODULE --- NFT MASTER --- v1.0 - Jan 27 2023 - rb -
stat
CNT: 347 VBAT: 10.40 IBAT: -56.40 VSOL: 4.56 T: 13.95 RH: 55.07 PAR: 1776 T_EC: -22.64 EC: 0.36
OK
>ESP32 watchdog reset
esp_stop 40
ESP> got ip: 192:168:178:47
ESP> connected to ap SSID: Crystal Radio / password:xxxxxxxxx
ESP> socket bound, port 23
--- ESP32 WIFI MODULE --- NFT MASTER --- v1.0 - Jan 27 2023 - rb -
stat
CNT: 348 VBAT: 10.39 IBAT: -50.76 VSOL: 4.56 T: 13.95 RH: 55.12 PAR: 1776 T_EC: -22.64 EC: 0.37
OK
>ESP32 watchdog reset
esp_stop 40
ESP> got ip: 192:168:178:47
ESP> connected to ap SSID: Crystal Radio / password:xxxxxxxxx
ESP> socket bound, pESP> got ip: 192:168:178:47
ESP> connected to ap SSID: Crystal Radio / password:xxxxxxxxx
ESP> socket bound, port 23
--- ESP32 WIFI MODULE --- NFT MASTER --- v1.0 - Jan 27 2023 - rb -
stat
CNT: 349 VBAT: 10.40 IBAT: -49.15 VSOL: 4.55 T: 13.94 RH: 55.18 PAR: 1776 T_EC: -22.63 EC: 0.33
OK
>ESP32 watchdog reset
esp_stop 40
ESP> got ip: 192:168:178:47
ESP> connected to ap SSID: Crystal Radio / password:xxxxxxxxx
ESP> socket bound, pESP> got ip: 192:168:178:47
ESP> connected to ap SSID: Crystal Radio / password:xxxxxxxxx
ESP> socket bound, port 23
--- ESP32 WIFI MODULE --- NFT MASTER --- v1.0 - Jan 27 2023 - rb -
stat
CNT: 350 VBAT: 10.39 IBAT: -49.15 VSOL: 4.55 T: 13.92 RH: 55.27 PAR: 1776 T_EC: -22.64 EC: 0.35
OK
>ESP32 watchdog reset
esp_stop 40
ESP> got ip: 192:168:178:47
ESP> connected to ap SSID: Crystal Radio / password:xxxxxxxxx
ESP> socket bound, pESP> got ip: 192:168:178:47
ESP> connected to ap SSID: Crystal Radio / password:xxxxxxxxx
ESP> socket bound, port 23
--- ESP32 WIFI MODULE --- NFT MASTER --- v1.0 - Jan 27 2023 - rb -
stat
CNT: 351 VBAT: 10.39 IBAT: -50.76 VSOL: 4.55 T: 13.92 RH: 55.35 PAR: 1777 T_EC: -22.63 EC: 0.31
OK
>ESP32 watchdog reset
esp_stop 40
ESP> got ip: 192:168:178:47
ESP> connected to ap SSID: Crystal Radio / password:xxxxxxxxx
ESP> socket bound, pESP> got ip: 192:168:178:47
ESP> connected to ap SSID: Crystal Radio / password:xxxxxxxxx
ESP> socket bound, port 23
--- ESP32 WIFI MODULE --- NFT MASTER --- v1.0 - Jan 27 2023 - rb -
stat
CNT: 352 VBAT: 10.39 IBAT: -63.65 VSOL: 4.55 T: 13.90 RH: 55.38 PAR: 0 T_EC: -22.64 EC: 0.36
OK
>ESP32 watchdog reset
esp_stop 40
ESP> got ip: 192:168:178:47
ESP> connected to ap SSID: Crystal Radio / password:xxxxxxxxx
ESP> socket bound, pESP> got ip: 192:168:178:47
ESP> connected to ap SSID: Crystal Radio / password:xxxxxxxxx
ESP> socket bound, port 23
--- ESP32 WIFI MODULE --- NFT MASTER --- v1.0 - Jan 27 2023 - rb -
stat
CNT: 353 VBAT: 10.39 IBAT: -50.76 VSOL: 4.55 T: 13.90 RH: 55.44 PAR: 0 T_EC: -22.65 EC: 0.35
OK
>ESP32 watchdog reset
esp_stop 40
ESP> got ip: 192:168:178:47
ESP> connected to ap SSID: Crystal Radio / password:xxxxxxxxx
ESP> socket bound, pESP> got ip: 192:168:178:47
ESP> connected to ap SSID: Crystal Radio / password:xxxxxxxxx
ESP> socket bound, port 23
--- ESP32 WIFI MODULE --- NFT MASTER --- v1.0 - Jan 27 2023 - rb -
stat
CNT: 354 VBAT: 10.39 IBAT: -63.65 VSOL: 4.55 T: 13.88 RH: 55.47 PAR: 1776 T_EC: -22.64 EC: 0.39
OK
>ESP32 watchdog reset
esp_stop 40
ESP> got ip: 192:168:178:47
ESP> connected to ap SSID: Crystal Radio / password:xxxxxxxxx
ESP> socket bound, pESP> got ip: 192:168:178:47
ESP> connected to ap SSID: Crystal Radio / password:xxxxxxxxx
ESP> socket bound, port 23
--- ESP32 WIFI MODULE --- NFT MASTER --- v1.0 - Jan 27 2023 - rb -
stat
CNT: 355 VBAT: 10.38 IBAT: -52.37 VSOL: 4.55 T: 13.89 RH: 55.52 PAR: 182 T_EC: -22.66 EC: 0.34
OK
>ESP32 watchdog reset
esp_stop 40
ESP> got ip: 192:168:178:47
ESP> connected to ap SSID: Crystal Radio / password:xxxxxxxxx
ESP> socket bound, pESP> got ip: 192:168:178:47
ESP> connected to ap SSID: Crystal Radio / password:xxxxxxxxx
ESP> socket bound, port 23
--- ESP32 WIFI MODULE --- NFT MASTER --- v1.0 - Jan 27 2023 - rb -
stat
CNT: 356 VBAT: 10.37 IBAT: -53.17 VSOL: 4.54 T: 13.86 RH: 55.55 PAR: 1776 T_EC: -22.63 EC: 0.34
OK
>ESP32 watchdog reset
esp_stop 40
ESP> got ip: 192:168:178:47
ESP> connected to ap SSID: Crystal Radio / password:xxxxxxxxx
ESP> socket bound, pESP> got ip: 192:168:178:47
ESP> connected to ap SSID: Crystal Radio / password:xxxxxxxxx
ESP> socket bound, port 23
--- ESP32 WIFI MODULE --- NFT MASTER --- v1.0 - Jan 27 2023 - rb -
stat
CNT: 357 VBAT: 10.37 IBAT: -51.56 VSOL: 4.54 T: 13.86 RH: 55.58 PAR: 1776 T_EC: -22.64 EC: 0.36
OK
>ESP32 watchdog reset
esp_stop 40
ESP> got ip: 192:168:178:47
ESP> connected to ap SSID: Crystal Radio / password:xxxxxxxxx
ESP> socket bound, pESP> got ip: 192:168:178:47
ESP> connected to ap SSID: Crystal Radio / password:xxxxxxxxx
ESP> socket bound, port 23
--- ESP32 WIFI MODULE --- NFT MASTER --- v1.0 - Jan 27 2023 - rb -
stat
CNT: 358 VBAT: 10.38 IBAT: -54.79 VSOL: 4.54 T: 13.84 RH: 55.61 PAR: 0 T_EC: -22.64 EC: 0.34
OK
>ESP32 watchdog reset
esp_stop 40
ESP> got ip: 192:168:178:47
ESP> connected to ap SSID: Crystal Radio / password:xxxxxxxxx
ESP> socket bound, pESP> got ip: 192:168:178:47
ESP> connected to ap SSID: Crystal Radio / password:xxxxxxxxx
ESP> socket bound, port 23
--- ESP32 WIFI MODULE --- NFT MASTER --- v1.0 - Jan 27 2023 - rb -
stat
CNT: 359 VBAT: 10.37 IBAT: -51.56 VSOL: 4.54 T: 13.84 RH: 55.69 PAR: 0 T_EC: -22.64 EC: 0.34
OK
>ESP32 watchdog reset
esp_stop 40
ESP> got ip: 192:168:178:47
ESP> connected to ap SSID: Crystal Radio / password:xxxxxxxxx
ESP> socket bound, pESP> got ip: 192:168:178:47
ESP> connected to ap SSID: Crystal Radio / password:xxxxxxxxx
ESP> socket bound, port 23
--- ESP32 WIFI MODULE --- NFT MASTER --- v1.0 - Jan 27 2023 - rb -
stat
CNT: 360 VBAT: 10.37 IBAT: -49.95 VSOL: 4.53 T: 13.82 RH: 55.72 PAR: 1776 T_EC: -22.65 EC: 0.35
OK
>ESP32 watchdog reset
esp_stop 40
ESP> got ip: 192:168:178:47
ESP> connected to ap SSID: Crystal Radio / password:xxxxxxxxx
ESP> socket bound, pESP> got ip: 192:168:178:47
ESP> connected to ap SSID: Crystal Radio / password:xxxxxxxxx
ESP> socket bound, port 23
--- ESP32 WIFI MODULE --- NFT MASTER --- v1.0 - Jan 27 2023 - rb -
stat
CNT: 361 VBAT: 10.37 IBAT: -64.45 VSOL: 4.53 T: 13.84 RH: 55.92 PAR: 1776 T_EC: -22.71 EC: 0.54
OK
>ESP32 watchdog reset
esp_stop 40
ESP> got ip: 192:168:178:47
ESP> connected to ap SSID: Crystal Radio / password:xxxxxxxxx
ESP> socket bound, pESP> got ip: 192:168:178:47
ESP> connected to ap SSID: Crystal Radio / password:xxxxxxxxx
ESP> socket bound, port 23
--- ESP32 WIFI MODULE --- NFT MASTER --- v1.0 - Jan 27 2023 - rb -
stat
CNT: 362 VBAT: 10.37 IBAT: -51.56 VSOL: 4.53 T: 13.86 RH: 55.95 PAR: 0 T_EC: -22.62 EC: 0.34
OK
>ESP32 watchdog reset
esp_stop 40
ESP> got ip: 192:168:178:47
ESP> connected to ap SSID: Crystal Radio / password:xxxxxxxxx
ESP> socket bound, port 23
--- ESP32 WIFI MODULE --- NFT MASTER --- v1.0 - Jan 27 2023 - rb -
stat
CNT: 363 VBAT: 10.37 IBAT: -70.90 VSOL: 4.53 T: 13.85 RH: 56.06 PAR: 1776 T_EC: -22.62 EC: 0.34
OK
>ESP32 watchdog reset
esp_stop 40
ESP> got ip: 192:168:178:47
ESP> connected to ap SSID: Crystal Radio / password:xxxxxxxxx
ESP> socket bound, pESP> got ip: 192:168:178:47
ESP> connected to ap SSID: Crystal Radio / password:xxxxxxxxx
ESP> socket bound, port 23
--- ESP32 WIFI MODULE --- NFT MASTER --- v1.0 - Jan 27 2023 - rb -
stat
CNT: 364 VBAT: 10.37 IBAT: -49.15 VSOL: 4.53 T: 13.87 RH: 56.04 PAR: 0 T_EC: -22.64 EC: 0.35
OK
>ESP32 watchdog reset
esp_stop 40
ESP> got ip: 192:168:178:47
ESP> connected to ap SSID: Crystal Radio / password:xxxxxxxxx
ESP> socket bound, pESP> got ip: 192:168:178:47
ESP> connected to ap SSID: Crystal Radio / password:xxxxxxxxx
ESP> socket bound, port 23
--- ESP32 WIFI MODULE --- NFT MASTER --- v1.0 - Jan 27 2023 - rb -
stat
CNT: 365 VBAT: 10.36 IBAT: -62.04 VSOL: 4.52 T: 13.86 RH: 56.01 PAR: 1776 T_EC: -22.63 EC: 0.35
OK
>ESP32 watchdog reset
esp_stop 40
ESP> got ip: 192:168:178:47
ESP> connected to ap SSID: Crystal Radio / password:xxxxxxxxx
ESP> socket bound, pESP> got ip: 192:168:178:47
ESP> connected to ap SSID: Crystal Radio / password:xxxxxxxxx
ESP> socket bound, port 23
--- ESP32 WIFI MODULE --- NFT MASTER --- v1.0 - Jan 27 2023 - rb -
stat
CNT: 366 VBAT: 10.36 IBAT: -52.37 VSOL: 4.52 T: 13.83 RH: 55.95 PAR: 1776 T_EC: -22.64 EC: 0.34
OK
>ESP32 watchdog reset
esp_stop 40
ESP> got ip: 192:168:178:47
ESP> connected to ap SSID: Crystal Radio / password:xxxxxxxxx
ESP> socket bound, pESP> got ip: 192:168:178:47
ESP> connected to ap SSID: Crystal Radio / password:xxxxxxxxx
ESP> socket bound, port 23
--- ESP32 WIFI MODULE --- NFT MASTER --- v1.0 - Jan 27 2023 - rb -
stat
CNT: 367 VBAT: 10.36 IBAT: -56.40 VSOL: 4.51 T: 13.82 RH: 55.86 PAR: 0 T_EC: -22.64 EC: 0.35
OK
>ESP32 watchdog reset
esp_stop 40
ESP> got ip: 192:168:178:47
ESP> connected to ap SSID: Crystal Radio / password:xxxxxxxxx
ESP> socket bound, pESP> got ip: 192:168:178:47
ESP> connected to ap SSID: Crystal Radio / password:xxxxxxxxx
ESP> socket bound, port 23
--- ESP32 WIFI MODULE --- NFT MASTER --- v1.0 - Jan 27 2023 - rb -
stat
CNT: 368 VBAT: 10.35 IBAT: -51.56 VSOL: 4.51 T: 13.82 RH: 55.89 PAR: 1776 T_EC: -22.62 EC: 0.32
OK
>ESP32 watchdog reset
esp_stop 40
ESP> got ip: 192:168:178:47
ESP> connected to ap SSID: Crystal Radio / password:xxxxxxxxx
ESP> socket bound, pESP> got ip: 192:168:178:47
ESP> connected to ap SSID: Crystal Radio / password:xxxxxxxxx
ESP> socket bound, port 23
--- ESP32 WIFI MODULE --- NFT MASTER --- v1.0 - Jan 27 2023 - rb -
stat
CNT: 369 VBAT: 10.35 IBAT: -53.17 VSOL: 4.51 T: 13.80 RH: 55.89 PAR: 1777 T_EC: -22.65 EC: 0.36
OK
>ESP32 watchdog reset
esp_stop 40
ESP> got ip: 192:168:178:47
ESP> connected to ap SSID: Crystal Radio / password:xxxxxxxxx
ESP> socket bound, pESP> got ip: 192:168:178:47
ESP> connected to ap SSID: Crystal Radio / password:xxxxxxxxx
ESP> socket bound, port 23
--- ESP32 WIFI MODULE --- NFT MASTER --- v1.0 - Jan 27 2023 - rb -
stat
CNT: 370 VBAT: 10.35 IBAT: -51.56 VSOL: 4.50 T: 13.80 RH: 55.89 PAR: 0 T_EC: -22.63 EC: 0.35
OK
>ESP32 watchdog reset
esp_stop 40
ESP> got ip: 192:168:178:47
ESP> connected to ap SSID: Crystal Radio / password:xxxxxxxxx
ESP> socket bound, pESP> got ip: 192:168:178:47
ESP> connected to ap SSID: Crystal Radio / password:xxxxxxxxx
ESP> socket bound, port 23
--- ESP32 WIFI MODULE --- NFT MASTER --- v1.0 - Jan 27 2023 - rb -
stat
CNT: 371 VBAT: 10.35 IBAT: -49.95 VSOL: 4.51 T: 13.78 RH: 55.86 PAR: 1776 T_EC: -22.61 EC: 0.32
OK
>ESP32 watchdog reset
esp_stop 40
ESP> got ip: 192:168:178:47
ESP> connected to ap SSID: Crystal Radio / password:xxxxxxxxx
ESP> socket bound, pESP> got ip: 192:168:178:47
ESP> connected to ap SSID: Crystal Radio / password:xxxxxxxxx
ESP> socket bound, port 23
--- ESP32 WIFI MODULE --- NFT MASTER --- v1.0 - Jan 27 2023 - rb -
stat
CNT: 372 VBAT: 10.35 IBAT: -55.59 VSOL: 4.50 T: 13.76 RH: 55.84 PAR: 1776 T_EC: -22.64 EC: 0.40
OK
>ESP32 watchdog reset
esp_stop 40
ESP> got ip: 192:168:178:47
ESP> connected to ap SSID: Crystal Radio / password:xxxxxxxxx
ESP> socket bound, pESP> got ip: 192:168:178:47
ESP> connected to ap SSID: Crystal Radio / password:xxxxxxxxx
ESP> socket bound, port 23
--- ESP32 WIFI MODULE --- NFT MASTER --- v1.0 - Jan 27 2023 - rb -
stat
CNT: 373 VBAT: 10.34 IBAT: -51.56 VSOL: 4.50 T: 13.75 RH: 55.81 PAR: 1776 T_EC: -22.63 EC: 0.33
OK
>ESP32 watchdog reset
esp_stop 40
ESP> got ip: 192:168:178:47
ESP> connected to ap SSID: Crystal Radio / password:xxxxxxxxx
ESP> socket bound, pESP> got ip: 192:168:178:47
ESP> connected to ap SSID: Crystal Radio / password:xxxxxxxxx
ESP> socket bound, port 23
--- ESP32 WIFI MODULE --- NFT MASTER --- v1.0 - Jan 27 2023 - rb -
stat
CNT: 374 VBAT: 10.34 IBAT: -89.43 VSOL: 4.50 T: 13.74 RH: 55.86 PAR: 1776 T_EC: -22.64 EC: 0.40
OK
>ESP32 watchdog reset
esp_stop 40
ESP> got ip: 192:168:178:47
ESP> connected to ap SSID: Crystal Radio / password:xxxxxxxxx
ESP> socket bound, pESP> got ip: 192:168:178:47
ESP> connected to ap SSID: Crystal Radio / password:xxxxxxxxx
ESP> socket bound, port 23
--- ESP32 WIFI MODULE --- NFT MASTER --- v1.0 - Jan 27 2023 - rb -
stat
CNT: 375 VBAT: 10.34 IBAT: -50.76 VSOL: 4.50 T: 13.72 RH: 55.78 PAR: 1777 T_EC: -22.64 EC: 0.34
OK
>ESP32 watchdog reset
esp_stop 40
ESP> got ip: 192:168:178:47
ESP> connected to ap SSID: Crystal Radio / password:xxxxxxxxx
ESP> socket bound, pESP> got ip: 192:168:178:47
ESP> connected to ap SSID: Crystal Radio / password:xxxxxxxxx
ESP> socket bound, port 23
--- ESP32 WIFI MODULE --- NFT MASTER --- v1.0 - Jan 27 2023 - rb -
stat
CNT: 376 VBAT: 10.34 IBAT: -49.95 VSOL: 4.50 T: 13.70 RH: 55.84 PAR: 0 T_EC: -22.62 EC: 0.33
OK
>ESP32 watchdog reset
esp_stop 40
ESP> got ip: 192:168:178:47
ESP> connected to ap SSID: Crystal Radio / password:xxxxxxxxx
ESP> socket bound, pESP> got ip: 192:168:178:47
ESP> connected to ap SSID: Crystal Radio / password:xxxxxxxxx
ESP> socket bound, port 23
--- ESP32 WIFI MODULE --- NFT MASTER --- v1.0 - Jan 27 2023 - rb -
stat
CNT: 377 VBAT: 10.34 IBAT: -49.95 VSOL: 4.50 T: 13.67 RH: 55.92 PAR: 1776 T_EC: -22.62 EC: 0.32
OK
>ESP32 watchdog reset
esp_stop 40
ESP> got ip: 192:168:178:47
ESP> connected to ap SSID: Crystal Radio / password:xxxxxxxxx
ESP> socket bound, pESP> got ip: 192:168:178:47
ESP> connected to ap SSID: Crystal Radio / password:xxxxxxxxx
ESP> socket bound, port 23
--- ESP32 WIFI MODULE --- NFT MASTER --- v1.0 - Jan 27 2023 - rb -
stat
CNT: 378 VBAT: 10.34 IBAT: -51.56 VSOL: 4.50 T: 13.66 RH: 55.92 PAR: 1 T_EC: -22.62 EC: 0.33
OK
>ESP32 watchdog reset
esp_stop 40
ESP> got ip: 192:168:178:47
ESP> connected to ap SSID: Crystal Radio / password:xxxxxxxxx
ESP> socket bound, pESP> got ip: 192:168:178:47
ESP> connected to ap SSID: Crystal Radio / password:xxxxxxxxx
ESP> socket bound, port 23
--- ESP32 WIFI MODULE --- NFT MASTER --- v1.0 - Jan 27 2023 - rb -
stat
CNT: 379 VBAT: 10.33 IBAT: -51.56 VSOL: 4.49 T: 13.68 RH: 55.95 PAR: 0 T_EC: -22.70 EC: 0.34
OK
>ESP32 watchdog reset
esp_stop 40
ESP> got ip: 192:168:178:47
ESP> connected to ap SSID: Crystal Radio / password:xxxxxxxxx
ESP> socket bound, port 23
--- ESP32 WIFI MODULE --- NFT MASTER --- v1.0 - Jan 27 2023 - rb -
stat
CNT: 380 VBAT: 10.33 IBAT: -49.95 VSOL: 4.49 T: 13.64 RH: 55.98 PAR: 0 T_EC: -22.64 EC: 0.36
OK
>ESP32 watchdog reset
esp_stop 40
ESP> got ip: 192:168:178:47
ESP> connected to ap SSID: Crystal Radio / password:xxxxxxxxx
ESP> socket bound, pESP> got ip: 192:168:178:47
ESP> connected to ap SSID: Crystal Radio / password:xxxxxxxxx
ESP> socket bound, port 23
--- ESP32 WIFI MODULE --- NFT MASTER --- v1.0 - Jan 27 2023 - rb -
stat
CNT: 381 VBAT: 10.33 IBAT: -66.06 VSOL: 4.49 T: 13.64 RH: 56.01 PAR: 1776 T_EC: -22.65 EC: 0.47
OK
>ESP32 watchdog reset
esp_stop 40
ESP> got ip: 192:168:178:47
ESP> connected to ap SSID: Crystal Radio / password:xxxxxxxxx
ESP> socket bound, pESP> got ip: 192:168:178:47
ESP> connected to ap SSID: Crystal Radio / password:xxxxxxxxx
ESP> socket bound, port 23
--- ESP32 WIFI MODULE --- NFT MASTER --- v1.0 - Jan 27 2023 - rb -
stat
CNT: 382 VBAT: 10.32 IBAT: -70.09 VSOL: 4.48 T: 13.62 RH: 55.98 PAR: 1776 T_EC: -22.65 EC: 0.44
OK
>ESP32 watchdog reset
esp_stop 40
ESP> got ip: 192:168:178:47
ESP> connected to ap SSID: Crystal Radio / password:xxxxxxxxx
ESP> socket bound, port 23
--- ESP32 WIFI MODULE --- NFT MASTER --- v1.0 - Jan 27 2023 - rb -
stat
CNT: 383 VBAT: 10.32 IBAT: -56.40 VSOL: 4.48 T: 13.61 RH: 56.01 PAR: 1776 T_EC: -22.67 EC: 0.35
OK
>ESP32 watchdog reset
esp_stop 40
ESP> got ip: 192:168:178:47
ESP> connected to ap SSID: Crystal Radio / password:xxxxxxxxx
ESP> socket bound, pESP> got ip: 192:168:178:47
ESP> connected to ap SSID: Crystal Radio / password:xxxxxxxxx
ESP> socket bound, port 23
--- ESP32 WIFI MODULE --- NFT MASTER --- v1.0 - Jan 27 2023 - rb -
stat
CNT: 384 VBAT: 10.32 IBAT: -49.95 VSOL: 4.48 T: 13.59 RH: 56.06 PAR: 1776 T_EC: -22.64 EC: 0.35
OK
>ESP32 watchdog reset
esp_stop 40
ESP> got ip: 192:168:178:47
ESP> connected to ap SSID: Crystal Radio / password:xxxxxxxxx
ESP> socket bound, pESP> got ip: 192:168:178:47
ESP> connected to ap SSID: Crystal Radio / password:xxxxxxxxx
ESP> socket bound, port 23
--- ESP32 WIFI MODULE --- NFT MASTER --- v1.0 - Jan 27 2023 - rb -
stat
CNT: 385 VBAT: 10.32 IBAT: -49.95 VSOL: 4.48 T: 13.56 RH: 56.09 PAR: 2 T_EC: -22.63 EC: 0.34
OK
>ESP32 watchdog reset
esp_stop 40
ESP> got ip: 192:168:178:47
ESP> connected to ap SSID: Crystal Radio / password:xxxxxxxxx
ESP> socket bound, pESP> got ip: 192:168:178:47
ESP> connected to ap SSID: Crystal Radio / password:xxxxxxxxx
ESP> socket bound, port 23
--- ESP32 WIFI MODULE --- NFT MASTER --- v1.0 - Jan 27 2023 - rb -
stat
CNT: 386 VBAT: 10.32 IBAT: -53.17 VSOL: 4.48 T: 13.56 RH: 56.21 PAR: 0 T_EC: -22.66 EC: 0.33
OK
>ESP32 watchdog reset
esp_stop 40
ESP> got ip: 192:168:178:47
ESP> connected to ap SSID: Crystal Radio / password:xxxxxxxxx
ESP> socket bound, pESP> got ip: 192:168:178:47
ESP> connected to ap SSID: Crystal Radio / password:xxxxxxxxx
ESP> socket bound, port 23
--- ESP32 WIFI MODULE --- NFT MASTER --- v1.0 - Jan 27 2023 - rb -
stat
CNT: 387 VBAT: 10.32 IBAT: -53.17 VSOL: 4.47 T: 13.54 RH: 56.72 PAR: 0 T_EC: -22.62 EC: 0.34
OK
>ESP32 watchdog reset
esp_stop 40
ESP> got ip: 192:168:178:47
ESP> connected to ap SSID: Crystal Radio / password:xxxxxxxxx
ESP> socket bound, pESP> got ip: 192:168:178:47
ESP> connected to ap SSID: Crystal Radio / password:xxxxxxxxx
ESP> socket bound, port 23
--- ESP32 WIFI MODULE --- NFT MASTER --- v1.0 - Jan 27 2023 - rb -
stat
CNT: 388 VBAT: 10.31 IBAT: -53.17 VSOL: 4.47 T: 13.56 RH: 56.29 PAR: 0 T_EC: -22.62 EC: 0.34
OK
>ESP32 watchdog reset
esp_stop 40
ESP> got ip: 192:168:178:47
ESP> connected to ap SSID: Crystal Radio / password:xxxxxxxxx
ESP> socket bound, pESP> got ip: 192:168:178:47
ESP> connected to ap SSID: Crystal Radio / password:xxxxxxxxx
ESP> socket bound, port 23
--- ESP32 WIFI MODULE --- NFT MASTER --- v1.0 - Jan 27 2023 - rb -
stat
CNT: 389 VBAT: 10.31 IBAT: -51.56 VSOL: 4.47 T: 13.54 RH: 57.25 PAR: 1776 T_EC: -22.62 EC: 0.34
OK
>ESP32 watchdog reset
esp_stop 40
ESP> got ip: 192:168:178:47
ESP> connected to ap SSID: Crystal Radio / password:xxxxxxxxx
ESP> socket bound, pESP> got ip: 192:168:178:47
ESP> connected to ap SSID: Crystal Radio / password:xxxxxxxxx
ESP> socket bound, port 23
--- ESP32 WIFI MODULE --- NFT MASTER --- v1.0 - Jan 27 2023 - rb -
stat
CNT: 390 VBAT: 10.30 IBAT: -52.37 VSOL: 4.46 T: 13.52 RH: 56.97 PAR: 0 T_EC: -22.68 EC: 0.35
OK
>ESP32 watchdog reset
esp_stop 40
ESP> got ip: 192:168:178:47
ESP> connected to ap SSID: Crystal Radio / password:xxxxxxxxx
ESP> socket bound, pESP> got ip: 192:168:178:47
ESP> connected to ap SSID: Crystal Radio / password:xxxxxxxxx
ESP> socket bound, port 23
--- ESP32 WIFI MODULE --- NFT MASTER --- v1.0 - Jan 27 2023 - rb -
stat
CNT: 391 VBAT: 10.30 IBAT: -53.17 VSOL: 4.46 T: 13.48 RH: 56.94 PAR: 1776 T_EC: -22.64 EC: 0.32
OK
>ESP32 watchdog reset
esp_stop 40
ESP> got ip: 192:168:178:47
ESP> connected to ap SSID: Crystal Radio / password:xxxxxxxxx
ESP> socket bound, pESP> got ip: 192:168:178:47
ESP> connected to ap SSID: Crystal Radio / password:xxxxxxxxx
ESP> socket bound, port 23
--- ESP32 WIFI MODULE --- NFT MASTER --- v1.0 - Jan 27 2023 - rb -
stat
CNT: 392 VBAT: 10.30 IBAT: -49.95 VSOL: 4.46 T: 13.46 RH: 56.94 PAR: 0 T_EC: -22.66 EC: 0.35
OK
>ESP32 watchdog reset
esp_stop 40
ESP> got ip: 192:168:178:47
ESP> connected to ap SSID: Crystal Radio / password:xxxxxxxxx
ESP> socket bound, port 23
--- ESP32 WIFI MODULE --- NFT MASTER --- v1.0 - Jan 27 2023 - rb -
stat
CNT: 393 VBAT: 10.30 IBAT: -49.95 VSOL: 4.46 T: 13.44 RH: 56.91 PAR: 1776 T_EC: -22.64 EC: 0.32
OK
>ESP32 watchdog reset
esp_stop 40
ESP> got ip: 192:168:178:47
ESP> connected to ap SSID: Crystal Radio / password:xxxxxxxxx
ESP> socket bound, pESP> got ip: 192:168:178:47
ESP> connected to ap SSID: Crystal Radio / password:xxxxxxxxx
ESP> socket bound, port 23
--- ESP32 WIFI MODULE --- NFT MASTER --- v1.0 - Jan 27 2023 - rb -
stat
CNT: 394 VBAT: 10.30 IBAT: -49.95 VSOL: 4.46 T: 13.41 RH: 56.83 PAR: 1776 T_EC: -22.61 EC: 0.35
OK
>ESP32 watchdog reset
esp_stop 40
ESP> got ip: 192:168:178:47
ESP> connected to ap SSID: Crystal Radio / password:xxxxxxxxx
ESP> socket bound, pESP> got ip: 192:168:178:47
ESP> connected to ap SSID: Crystal Radio / password:xxxxxxxxx
ESP> socket bound, port 23
--- ESP32 WIFI MODULE --- NFT MASTER --- v1.0 - Jan 27 2023 - rb -
stat
CNT: 395 VBAT: 10.30 IBAT: -49.15 VSOL: 4.46 T: 13.39 RH: 56.77 PAR: 13 T_EC: -22.62 EC: 0.33
OK
>ESP32 watchdog reset
esp_stop 40
ESP> got ip: 192:168:178:47
ESP> connected to ap SSID: Crystal Radio / password:xxxxxxxxx
ESP> socket bound, port 23
--- ESP32 WIFI MODULE --- NFT MASTER --- v1.0 - Jan 27 2023 - rb -
stat
CNT: 396 VBAT: 10.29 IBAT: -52.37 VSOL: 4.46 T: 13.36 RH: 56.77 PAR: 0 T_EC: -22.64 EC: 0.34
OK
>ESP32 watchdog reset
esp_stop 40
ESP> got ip: 192:168:178:47
ESP> connected to ap SSID: Crystal Radio / password:xxxxxxxxx
ESP> socket bound, pESP> got ip: 192:168:178:47
ESP> connected to ap SSID: Crystal Radio / password:xxxxxxxxx
ESP> socket bound, port 23
--- ESP32 WIFI MODULE --- NFT MASTER --- v1.0 - Jan 27 2023 - rb -
stat
CNT: 397 VBAT: 10.29 IBAT: -50.76 VSOL: 4.46 T: 13.34 RH: 56.72 PAR: 1777 T_EC: -22.64 EC: 0.34
OK
>ESP32 watchdog reset
esp_stop 40
ESP> got ip: 192:168:178:47
ESP> connected to ap SSID: Crystal Radio / password:xxxxxxxxx
ESP> socket bound, pESP> got ip: 192:168:178:47
ESP> connected to ap SSID: Crystal Radio / password:xxxxxxxxx
ESP> socket bound, port 23
--- ESP32 WIFI MODULE --- NFT MASTER --- v1.0 - Jan 27 2023 - rb -
stat
CNT: 398 VBAT: 10.29 IBAT: -51.56 VSOL: 4.45 T: 13.32 RH: 56.66 PAR: 1776 T_EC: -22.65 EC: 0.35
OK
>ESP32 watchdog reset
esp_stop 40
ESP> got ip: 192:168:178:47
ESP> connected to ap SSID: Crystal Radio / password:xxxxxxxxx
ESP> socket bound, pESP> got ip: 192:168:178:47
ESP> connected to ap SSID: Crystal Radio / password:xxxxxxxxx
ESP> socket bound, port 23
--- ESP32 WIFI MODULE --- NFT MASTER --- v1.0 - Jan 27 2023 - rb -
stat
CNT: 399 VBAT: 10.28 IBAT: -52.37 VSOL: 4.45 T: 13.29 RH: 56.72 PAR: 1776 T_EC: -22.65 EC: 0.37
OK
>ESP32 watchdog reset
esp_stop 40
ESP> got ip: 192:168:178:47
ESP> connected to ap SSID: Crystal Radio / password:xxxxxxxxx
ESP> socket bound, pESP> got ip: 192:168:178:47
ESP> connected to ap SSID: Crystal Radio / password:xxxxxxxxx
ESP> socket bound, port 23
--- ESP32 WIFI MODULE --- NFT MASTER --- v1.0 - Jan 27 2023 - rb -
stat
CNT: 400 VBAT: 10.28 IBAT: -50.76 VSOL: 4.45 T: 13.29 RH: 56.60 PAR: 1776 T_EC: -22.62 EC: 0.34
OK
>ESP32 watchdog reset
esp_stop 40
ESP> got ip: 192:168:178:47
ESP> connected to ap SSID: Crystal Radio / password:xxxxxxxxx
ESP> socket bound, pESP> got ip: 192:168:178:47
ESP> connected to ap SSID: Crystal Radio / password:xxxxxxxxx
ESP> socket bound, port 23
--- ESP32 WIFI MODULE --- NFT MASTER --- v1.0 - Jan 27 2023 - rb -
stat
CNT: 401 VBAT: 10.28 IBAT: -49.95 VSOL: 4.45 T: 13.26 RH: 56.63 PAR: 1776 T_EC: -22.66 EC: 0.32
OK
>ESP32 watchdog reset
esp_stop 40
ESP> got ip: 192:168:178:47
ESP> connected to ap SSID: Crystal Radio / password:xxxxxxxxx
ESP> socket bound, pESP> got ip: 192:168:178:47
ESP> connected to ap SSID: Crystal Radio / password:xxxxxxxxx
ESP> socket bound, port 23
--- ESP32 WIFI MODULE --- NFT MASTER --- v1.0 - Jan 27 2023 - rb -
stat
CNT: 402 VBAT: 10.28 IBAT: -50.76 VSOL: 4.44 T: 13.24 RH: 56.55 PAR: 1776 T_EC: -22.63 EC: 0.33
OK
>ESP32 watchdog reset
esp_stop 40
ESP> got ip: 192:168:178:47
ESP> connected to ap SSID: Crystal Radio / password:xxxxxxxxx
ESP> socket bound, pESP> got ip: 192:168:178:47
ESP> connected to ap SSID: Crystal Radio / password:xxxxxxxxx
ESP> socket bound, port 23
--- ESP32 WIFI MODULE --- NFT MASTER --- v1.0 - Jan 27 2023 - rb -
stat
CNT: 403 VBAT: 10.28 IBAT: -50.76 VSOL: 4.44 T: 13.24 RH: 56.60 PAR: 1776 T_EC: -22.65 EC: 0.33
OK
>ESP32 watchdog reset
esp_stop 40
ESP> got ip: 192:168:178:47
ESP> connected to ap SSID: Crystal Radio / password:xxxxxxxxx
ESP> socket bound, pESP> got ip: 192:168:178:47
ESP> connected to ap SSID: Crystal Radio / password:xxxxxxxxx
ESP> socket bound, port 23
--- ESP32 WIFI MODULE --- NFT MASTER --- v1.0 - Jan 27 2023 - rb -
stat
CNT: 404 VBAT: 10.28 IBAT: -50.76 VSOL: 4.44 T: 13.22 RH: 56.60 PAR: 1776 T_EC: -22.65 EC: 0.34
OK
>ESP32 watchdog reset
esp_stop 40
ESP> got ip: 192:168:178:47
ESP> connected to ap SSID: Crystal Radio / password:xxxxxxxxx
ESP> socket bound, pESP> got ip: 192:168:178:47
ESP> connected to ap SSID: Crystal Radio / password:xxxxxxxxx
ESP> socket bound, port 23
--- ESP32 WIFI MODULE --- NFT MASTER --- v1.0 - Jan 27 2023 - rb -
stat
CNT: 405 VBAT: 10.27 IBAT: -50.76 VSOL: 4.44 T: 13.20 RH: 56.57 PAR: 1776 T_EC: -22.64 EC: 0.34
OK
>ESP32 watchdog reset
esp_stop 40
ESP> got ip: 192:168:178:47
ESP> connected to ap SSID: Crystal Radio / password:xxxxxxxxx
ESP> socket bound, pESP> got ip: 192:168:178:47
ESP> connected to ap SSID: Crystal Radio / password:xxxxxxxxx
ESP> socket bound, port 23
--- ESP32 WIFI MODULE --- NFT MASTER --- v1.0 - Jan 27 2023 - rb -
stat
CNT: 406 VBAT: 10.27 IBAT: -50.76 VSOL: 4.44 T: 13.20 RH: 56.66 PAR: 1776 T_EC: -22.63 EC: 0.34
OK
>ESP32 watchdog reset
esp_stop 40
ESP> got ip: 192:168:178:47
ESP> connected to ap SSID: Crystal Radio / password:xxxxxxxxx
ESP> socket bound, pESP> got ip: 192:168:178:47
ESP> connected to ap SSID: Crystal Radio / password:xxxxxxxxx
ESP> socket bound, port 23
--- ESP32 WIFI MODULE --- NFT MASTER --- v1.0 - Jan 27 2023 - rb -
stat
CNT: 407 VBAT: 10.27 IBAT: -70.09 VSOL: 4.43 T: 13.20 RH: 56.66 PAR: 1776 T_EC: -22.63 EC: 0.47
OK
>ESP32 watchdog reset
esp_stop 40
ESP> got ip: 192:168:178:47
ESP> connected to ap SSID: Crystal Radio / password:xxxxxxxxx
ESP> socket bound, pESP> got ip: 192:168:178:47
ESP> connected to ap SSID: Crystal Radio / password:xxxxxxxxx
ESP> socket bound, port 23
--- ESP32 WIFI MODULE --- NFT MASTER --- v1.0 - Jan 27 2023 - rb -
stat
CNT: 408 VBAT: 10.26 IBAT: -49.95 VSOL: 4.43 T: 13.17 RH: 56.69 PAR: 1776 T_EC: -22.63 EC: 0.32
OK
>ESP32 watchdog reset
esp_stop 40
ESP> got ip: 192:168:178:47
ESP> connected to ap SSID: Crystal Radio / password:xxxxxxxxx
ESP> socket bound, pESP> got ip: 192:168:178:47
ESP> connected to ap SSID: Crystal Radio / password:xxxxxxxxx
ESP> socket bound, port 23
--- ESP32 WIFI MODULE --- NFT MASTER --- v1.0 - Jan 27 2023 - rb -
stat
CNT: 409 VBAT: 10.26 IBAT: -55.59 VSOL: 4.42 T: 13.15 RH: 56.63 PAR: 1777 T_EC: -22.65 EC: 0.33
OK
>ESP32 watchdog reset
esp_stop 40
ESP> got ip: 192:168:178:47
ESP> connected to ap SSID: Crystal Radio / password:xxxxxxxxx
ESP> socket bound, pESP> got ip: 192:168:178:47
ESP> connected to ap SSID: Crystal Radio / password:xxxxxxxxx
ESP> socket bound, port 23
--- ESP32 WIFI MODULE --- NFT MASTER --- v1.0 - Jan 27 2023 - rb -
stat
CNT: 410 VBAT: 10.26 IBAT: -50.76 VSOL: 4.42 T: 13.16 RH: 56.57 PAR: 39 T_EC: -22.64 EC: 0.34
OK
>ESP32 watchdog reset
esp_stop 40
ESP> got ip: 192:168:178:47
ESP> connected to ap SSID: Crystal Radio / password:xxxxxxxxx
ESP> socket bound, pESP> got ip: 192:168:178:47
ESP> connected to ap SSID: Crystal Radio / password:xxxxxxxxx
ESP> socket bound, port 23
--- ESP32 WIFI MODULE --- NFT MASTER --- v1.0 - Jan 27 2023 - rb -
stat
CNT: 411 VBAT: 10.25 IBAT: -58.81 VSOL: 4.41 T: 13.14 RH: 56.60 PAR: 0 T_EC: -22.70 EC: 0.36
OK
>ESP32 watchdog reset
esp_stop 40
ESP> got ip: 192:168:178:47
ESP> connected to ap SSID: Crystal Radio / password:xxxxxxxxx
ESP> socket bound, pESP> got ip: 192:168:178:47
ESP> connected to ap SSID: Crystal Radio / password:xxxxxxxxx
ESP> socket bound, port 23
--- ESP32 WIFI MODULE --- NFT MASTER --- v1.0 - Jan 27 2023 - rb -
stat
CNT: 412 VBAT: 10.26 IBAT: -50.76 VSOL: 4.41 T: 13.12 RH: 56.63 PAR: 1776 T_EC: -22.64 EC: 0.33
OK
>ESP32 watchdog reset
esp_stop 40
ESP> got ip: 192:168:178:47
ESP> connected to ap SSID: Crystal Radio / password:xxxxxxxxx
ESP> socket bound, pESP> got ip: 192:168:178:47
ESP> connected to ap SSID: Crystal Radio / password:xxxxxxxxx
ESP> socket bound, port 23
--- ESP32 WIFI MODULE --- NFT MASTER --- v1.0 - Jan 27 2023 - rb -
stat
CNT: 413 VBAT: 10.25 IBAT: -58.01 VSOL: 4.41 T: 13.12 RH: 56.66 PAR: 1776 T_EC: -22.64 EC: 0.37
OK
>ESP32 watchdog reset
esp_stop 40
ESP> got ip: 192:168:178:47
ESP> connected to ap SSID: Crystal Radio / password:xxxxxxxxx
ESP> socket bound, pESP> got ip: 192:168:178:47
ESP> connected to ap SSID: Crystal Radio / password:xxxxxxxxx
ESP> socket bound, port 23
--- ESP32 WIFI MODULE --- NFT MASTER --- v1.0 - Jan 27 2023 - rb -
stat
CNT: 414 VBAT: 10.25 IBAT: -50.76 VSOL: 4.41 T: 13.09 RH: 56.66 PAR: 0 T_EC: -22.66 EC: 0.46
OK
>ESP32 watchdog reset
esp_stop 40
ESP> got ip: 192:168:178:47
ESP> connected to ap SSID: Crystal Radio / password:xxxxxxxxx
ESP> socket bound, pESP> got ip: 192:168:178:47
ESP> connected to ap SSID: Crystal Radio / password:xxxxxxxxx
ESP> socket bound, port 23
--- ESP32 WIFI MODULE --- NFT MASTER --- v1.0 - Jan 27 2023 - rb -
stat
CNT: 415 VBAT: 10.24 IBAT: -51.56 VSOL: 4.41 T: 13.08 RH: 56.74 PAR: 1776 T_EC: -22.66 EC: 0.32
OK
>ESP32 watchdog reset
esp_stop 40
ESP> got ip: 192:168:178:47
ESP> connected to ap SSID: Crystal Radio / password:xxxxxxxxx
ESP> socket bound, pESP> got ip: 192:168:178:47
ESP> connected to ap SSID: Crystal Radio / password:xxxxxxxxx
ESP> socket bound, port 23
--- ESP32 WIFI MODULE --- NFT MASTER --- v1.0 - Jan 27 2023 - rb -
stat
CNT: 416 VBAT: 10.25 IBAT: -52.37 VSOL: 4.40 T: 13.08 RH: 56.80 PAR: 1776 T_EC: -22.67 EC: 0.35
OK
>ESP32 watchdog reset
esp_stop 40
ESP> got ip: 192:168:178:47
ESP> connected to ap SSID: Crystal Radio / password:xxxxxxxxx
ESP> socket bound, port 23
--- ESP32 WIFI MODULE --- NFT MASTER --- v1.0 - Jan 27 2023 - rb -
stat
CNT: 417 VBAT: 10.25 IBAT: -52.37 VSOL: 4.41 T: 13.07 RH: 56.72 PAR: 1776 T_EC: -22.64 EC: 0.33
OK
>ESP32 watchdog reset
esp_stop 40
ESP> got ip: 192:168:178:47
ESP> connected to ap SSID: Crystal Radio / password:xxxxxxxxx
ESP> socket bound, pESP> got ip: 192:168:178:47
ESP> connected to ap SSID: Crystal Radio / password:xxxxxxxxx
ESP> socket bound, port 23
--- ESP32 WIFI MODULE --- NFT MASTER --- v1.0 - Jan 27 2023 - rb -
stat
CNT: 418 VBAT: 10.25 IBAT: -53.17 VSOL: 4.40 T: 13.06 RH: 56.69 PAR: 0 T_EC: -22.65 EC: 0.34
OK
>ESP32 watchdog reset
esp_stop 40
ESP> got ip: 192:168:178:47
ESP> connected to ap SSID: Crystal Radio / password:xxxxxxxxx
ESP> socket bound, pESP> got ip: 192:168:178:47
ESP> connected to ap SSID: Crystal Radio / password:xxxxxxxxx
ESP> socket bound, port 23
--- ESP32 WIFI MODULE --- NFT MASTER --- v1.0 - Jan 27 2023 - rb -
stat
CNT: 419 VBAT: 10.24 IBAT: -51.56 VSOL: 4.40 T: 13.04 RH: 56.77 PAR: 1776 T_EC: -22.63 EC: 0.36
OK
>ESP32 watchdog reset
esp_stop 40
ESP> got ip: 192:168:178:47
ESP> connected to ap SSID: Crystal Radio / password:xxxxxxxxx
ESP> socket bound, pESP> got ip: 192:168:178:47
ESP> connected to ap SSID: Crystal Radio / password:xxxxxxxxx
ESP> socket bound, port 23
--- ESP32 WIFI MODULE --- NFT MASTER --- v1.0 - Jan 27 2023 - rb -
stat
CNT: 420 VBAT: 10.24 IBAT: -51.56 VSOL: 4.40 T: 13.04 RH: 56.74 PAR: 235 T_EC: -22.65 EC: 0.35
OK
>ESP32 watchdog reset
esp_stop 40
ESP> got ip: 192:168:178:47
ESP> connected to ap SSID: Crystal Radio / password:xxxxxxxxx
ESP> socket bound, pESP> got ip: 192:168:178:47
ESP> connected to ap SSID: Crystal Radio / password:xxxxxxxxx
ESP> socket bound, port 23
--- ESP32 WIFI MODULE --- NFT MASTER --- v1.0 - Jan 27 2023 - rb -
stat
CNT: 421 VBAT: 10.24 IBAT: -51.56 VSOL: 4.40 T: 13.03 RH: 56.72 PAR: 0 T_EC: -22.63 EC: 0.36
OK
>ESP32 watchdog reset
esp_stop 40
ESP> got ip: 192:168:178:47
ESP> connected to ap SSID: Crystal Radio / password:xxxxxxxxx
ESP> socket bound, pESP> got ip: 192:168:178:47
ESP> connected to ap SSID: Crystal Radio / password:xxxxxxxxx
ESP> socket bound, port 23
--- ESP32 WIFI MODULE --- NFT MASTER --- v1.0 - Jan 27 2023 - rb -
stat
CNT: 422 VBAT: 10.23 IBAT: -50.76 VSOL: 4.40 T: 13.00 RH: 56.86 PAR: 0 T_EC: -22.65 EC: 0.36
OK
>ESP32 watchdog reset
esp_stop 40
ESP> got ip: 192:168:178:47
ESP> connected to ap SSID: Crystal Radio / password:xxxxxxxxx
ESP> socket bound, pESP> got ip: 192:168:178:47
ESP> connected to ap SSID: Crystal Radio / password:xxxxxxxxx
ESP> socket bound, port 23
--- ESP32 WIFI MODULE --- NFT MASTER --- v1.0 - Jan 27 2023 - rb -
stat
CNT: 423 VBAT: 10.23 IBAT: -51.56 VSOL: 4.39 T: 13.00 RH: 56.89 PAR: 1776 T_EC: -22.64 EC: 0.36
OK
>ESP32 watchdog reset
esp_stop 40
ESP> got ip: 192:168:178:47
ESP> connected to ap SSID: Crystal Radio / password:xxxxxxxxx
ESP> socket bound, pESP> got ip: 192:168:178:47
ESP> connected to ap SSID: Crystal Radio / password:xxxxxxxxx
ESP> socket bound, port 23
--- ESP32 WIFI MODULE --- NFT MASTER --- v1.0 - Jan 27 2023 - rb -
stat
CNT: 424 VBAT: 10.23 IBAT: -51.56 VSOL: 4.38 T: 13.00 RH: 56.83 PAR: 3 T_EC: -22.65 EC: 0.36
OK
>ESP32 watchdog reset
esp_stop 40
ESP> got ip: 192:168:178:47
ESP> connected to ap SSID: Crystal Radio / password:xxxxxxxxx
ESP> socket bound, pESP> got ip: 192:168:178:47
ESP> connected to ap SSID: Crystal Radio / password:xxxxxxxxx
ESP> socket bound, port 23
--- ESP32 WIFI MODULE --- NFT MASTER --- v1.0 - Jan 27 2023 - rb -
stat
CNT: 425 VBAT: 10.22 IBAT: -52.37 VSOL: 4.38 T: 12.99 RH: 56.77 PAR: 1776 T_EC: -22.67 EC: 0.34
OK
>ESP32 watchdog reset
esp_stop 40
ESP> got ip: 192:168:178:47
ESP> connected to ap SSID: Crystal Radio / password:xxxxxxxxx
ESP> socket bound, port 23
--- ESP32 WIFI MODULE --- NFT MASTER --- v1.0 - Jan 27 2023 - rb -
stat
CNT: 426 VBAT: 10.22 IBAT: -52.37 VSOL: 4.38 T: 12.98 RH: 56.77 PAR: 1776 T_EC: -22.64 EC: 0.38
OK
>ESP32 watchdog reset
esp_stop 40
ESP> got ip: 192:168:178:47
ESP> connected to ap SSID: Crystal Radio / password:xxxxxxxxx
ESP> socket bound, port 23
--- ESP32 WIFI MODULE --- NFT MASTER --- v1.0 - Jan 27 2023 - rb -
stat
CNT: 427 VBAT: 10.22 IBAT: -49.95 VSOL: 4.38 T: 12.96 RH: 56.74 PAR: 4 T_EC: -22.62 EC: 0.33
OK
>ESP32 watchdog reset
esp_stop 40
ESP> got ip: 192:168:178:47
ESP> connected to ap SSID: Crystal Radio / password:xxxxxxxxx
ESP> socket bound, pESP> got ip: 192:168:178:47
ESP> connected to ap SSID: Crystal Radio / password:xxxxxxxxx
ESP> socket bound, port 23
--- ESP32 WIFI MODULE --- NFT MASTER --- v1.0 - Jan 27 2023 - rb -
stat
CNT: 428 VBAT: 10.22 IBAT: -49.95 VSOL: 4.38 T: 12.96 RH: 56.80 PAR: 1776 T_EC: -22.62 EC: 0.34
OK
>ESP32 watchdog reset
esp_stop 40
ESP> got ip: 192:168:178:47
ESP> connected to ap SSID: Crystal Radio / password:xxxxxxxxx
ESP> socket bound, pESP> got ip: 192:168:178:47
ESP> connected to ap SSID: Crystal Radio / password:xxxxxxxxx
ESP> socket bound, port 23
--- ESP32 WIFI MODULE --- NFT MASTER --- v1.0 - Jan 27 2023 - rb -
stat
CNT: 429 VBAT: 10.22 IBAT: -49.95 VSOL: 4.37 T: 12.96 RH: 56.80 PAR: 1776 T_EC: -22.64 EC: 0.33
OK
>ESP32 watchdog reset
esp_stop 40
ESP> got ip: 192:168:178:47
ESP> connected to ap SSID: Crystal Radio / password:xxxxxxxxx
ESP> socket bound, pESP> got ip: 192:168:178:47
ESP> connected to ap SSID: Crystal Radio / password:xxxxxxxxx
ESP> socket bound, port 23
--- ESP32 WIFI MODULE --- NFT MASTER --- v1.0 - Jan 27 2023 - rb -
stat
CNT: 430 VBAT: 10.21 IBAT: -49.15 VSOL: 4.37 T: 12.96 RH: 56.77 PAR: 0 T_EC: -22.64 EC: 0.33
OK
>ESP32 watchdog reset
esp_stop 40
ESP> got ip: 192:168:178:47
ESP> connected to ap SSID: Crystal Radio / password:xxxxxxxxx
ESP> socket bound, pESP> got ip: 192:168:178:47
ESP> connected to ap SSID: Crystal Radio / password:xxxxxxxxx
ESP> socket bound, port 23
--- ESP32 WIFI MODULE --- NFT MASTER --- v1.0 - Jan 27 2023 - rb -
stat
CNT: 431 VBAT: 10.21 IBAT: -49.95 VSOL: 4.37 T: 12.93 RH: 56.83 PAR: 0 T_EC: -22.62 EC: 0.35
OK
>ESP32 watchdog reset
esp_stop 40
ESP> got ip: 192:168:178:47
ESP> connected to ap SSID: Crystal Radio / password:xxxxxxxxx
ESP> socket bound, port 23
--- ESP32 WIFI MODULE --- NFT MASTER --- v1.0 - Jan 27 2023 - rb -
stat
CNT: 432 VBAT: 10.21 IBAT: -49.95 VSOL: 4.37 T: 12.94 RH: 56.94 PAR: 1 T_EC: -22.61 EC: 0.32
OK
>ESP32 watchdog reset
esp_stop 40
ESP> got ip: 192:168:178:47
ESP> connected to ap SSID: Crystal Radio / password:xxxxxxxxx
ESP> socket bound, pESP> got ip: 192:168:178:47
ESP> connected to ap SSID: Crystal Radio / password:xxxxxxxxx
ESP> socket bound, port 23
--- ESP32 WIFI MODULE --- NFT MASTER --- v1.0 - Jan 27 2023 - rb -
stat
CNT: 433 VBAT: 10.21 IBAT: -53.17 VSOL: 4.37 T: 12.92 RH: 56.89 PAR: 1776 T_EC: -22.65 EC: 0.33
OK
>ESP32 watchdog reset
esp_stop 40
ESP> got ip: 192:168:178:47
ESP> connected to ap SSID: Crystal Radio / password:xxxxxxxxx
ESP> socket bound, pESP> got ip: 192:168:178:47
ESP> connected to ap SSID: Crystal Radio / password:xxxxxxxxx
ESP> socket bound, port 23
--- ESP32 WIFI MODULE --- NFT MASTER --- v1.0 - Jan 27 2023 - rb -
stat
CNT: 434 VBAT: 10.21 IBAT: -48.34 VSOL: 4.37 T: 12.92 RH: 57.14 PAR: 1777 T_EC: -22.66 EC: 0.34
OK
>ESP32 watchdog reset
esp_stop 40
ESP> got ip: 192:168:178:47
ESP> connected to ap SSID: Crystal Radio / password:xxxxxxxxx
ESP> socket bound, pESP> got ip: 192:168:178:47
ESP> connected to ap SSID: Crystal Radio / password:xxxxxxxxx
ESP> socket bound, port 23
--- ESP32 WIFI MODULE --- NFT MASTER --- v1.0 - Jan 27 2023 - rb -
stat
CNT: 435 VBAT: 10.20 IBAT: -51.56 VSOL: 4.36 T: 12.93 RH: 57.03 PAR: 1332 T_EC: -22.63 EC: 0.35
OK
>ESP32 watchdog reset
esp_stop 40
ESP> got ip: 192:168:178:47
ESP> connected to ap SSID: Crystal Radio / password:xxxxxxxxx
ESP> socket bound, pESP> got ip: 192:168:178:47
ESP> connected to ap SSID: Crystal Radio / password:xxxxxxxxx
ESP> socket bound, port 23
--- ESP32 WIFI MODULE --- NFT MASTER --- v1.0 - Jan 27 2023 - rb -
stat
CNT: 436 VBAT: 10.20 IBAT: -49.95 VSOL: 4.36 T: 12.93 RH: 56.94 PAR: 1777 T_EC: -22.62 EC: 0.33
OK
>ESP32 watchdog reset
esp_stop 40
ESP> got ip: 192:168:178:47
ESP> connected to ap SSID: Crystal Radio / password:xxxxxxxxx
ESP> socket bound, pESP> got ip: 192:168:178:47
ESP> connected to ap SSID: Crystal Radio / password:xxxxxxxxx
ESP> socket bound, port 23
--- ESP32 WIFI MODULE --- NFT MASTER --- v1.0 - Jan 27 2023 - rb -
stat
CNT: 437 VBAT: 10.19 IBAT: -50.76 VSOL: 4.36 T: 12.90 RH: 57.08 PAR: 1776 T_EC: -22.64 EC: 0.36
OK
>ESP32 watchdog reset
esp_stop 40
ESP> got ip: 192:168:178:47
ESP> connected to ap SSID: Crystal Radio / password:xxxxxxxxx
ESP> socket bound, pESP> got ip: 192:168:178:47
ESP> connected to ap SSID: Crystal Radio / password:xxxxxxxxx
ESP> socket bound, port 23
--- ESP32 WIFI MODULE --- NFT MASTER --- v1.0 - Jan 27 2023 - rb -
stat
CNT: 438 VBAT: 10.19 IBAT: -55.59 VSOL: 4.36 T: 12.90 RH: 56.97 PAR: 1777 T_EC: -22.63 EC: 0.35
OK
>ESP32 watchdog reset
esp_stop 40
ESP> got ip: 192:168:178:47
ESP> connected to ap SSID: Crystal Radio / password:xxxxxxxxx
ESP> socket bound, pESP> got ip: 192:168:178:47
ESP> connected to ap SSID: Crystal Radio / password:xxxxxxxxx
ESP> socket bound, port 23
--- ESP32 WIFI MODULE --- NFT MASTER --- v1.0 - Jan 27 2023 - rb -
stat
CNT: 439 VBAT: 10.19 IBAT: -50.76 VSOL: 4.35 T: 12.88 RH: 57.00 PAR: 47 T_EC: -22.64 EC: 0.34
OK
>ESP32 watchdog reset
esp_stop 40
ESP> got ip: 192:168:178:47
ESP> connected to ap SSID: Crystal Radio / password:xxxxxxxxx
ESP> socket bound, port 23
--- ESP32 WIFI MODULE --- NFT MASTER --- v1.0 - Jan 27 2023 - rb -
stat
CNT: 440 VBAT: 10.19 IBAT: -57.20 VSOL: 4.35 T: 12.87 RH: 57.11 PAR: 1776 T_EC: -22.62 EC: 0.38
OK
>ESP32 watchdog reset
esp_stop 40
ESP> got ip: 192:168:178:47
ESP> connected to ap SSID: Crystal Radio / password:xxxxxxxxx
ESP> socket bound, pESP> got ip: 192:168:178:47
ESP> connected to ap SSID: Crystal Radio / password:xxxxxxxxx
ESP> socket bound, port 23
--- ESP32 WIFI MODULE --- NFT MASTER --- v1.0 - Jan 27 2023 - rb -
stat
CNT: 441 VBAT: 10.19 IBAT: -50.76 VSOL: 4.35 T: 12.86 RH: 57.00 PAR: 1776 T_EC: -22.67 EC: 0.37
OK
>ESP32 watchdog reset
esp_stop 40
ESP> got ip: 192:168:178:47
ESP> connected to ap SSID: Crystal Radio / password:xxxxxxxxx
ESP> socket bound, pESP> got ip: 192:168:178:47
ESP> connected to ap SSID: Crystal Radio / password:xxxxxxxxx
ESP> socket bound, port 23
--- ESP32 WIFI MODULE --- NFT MASTER --- v1.0 - Jan 27 2023 - rb -
stat
CNT: 442 VBAT: 10.18 IBAT: -65.26 VSOL: 4.35 T: 12.85 RH: 56.94 PAR: 1777 T_EC: -22.64 EC: 0.44
OK
>ESP32 watchdog reset
esp_stop 40
ESP> got ip: 192:168:178:47
ESP> connected to ap SSID: Crystal Radio / password:xxxxxxxxx
ESP> socket bound, pESP> got ip: 192:168:178:47
ESP> connected to ap SSID: Crystal Radio / password:xxxxxxxxx
ESP> socket bound, port 23
--- ESP32 WIFI MODULE --- NFT MASTER --- v1.0 - Jan 27 2023 - rb -
stat
CNT: 443 VBAT: 10.18 IBAT: -54.79 VSOL: 4.34 T: 12.83 RH: 56.91 PAR: 0 T_EC: -22.64 EC: 0.33
OK
>ESP32 watchdog reset
esp_stop 40
ESP> got ip: 192:168:178:47
ESP> connected to ap SSID: Crystal Radio / password:xxxxxxxxx
ESP> socket bound, port 23
--- ESP32 WIFI MODULE --- NFT MASTER --- v1.0 - Jan 27 2023 - rb -
stat
CNT: 444 VBAT: 10.18 IBAT: -60.43 VSOL: 4.34 T: 12.83 RH: 56.94 PAR: 1777 T_EC: -22.65 EC: 0.34
OK
>ESP32 watchdog reset
esp_stop 40
ESP> got ip: 192:168:178:47
ESP> connected to ap SSID: Crystal Radio / password:xxxxxxxxx
ESP> socket bound, pESP> got ip: 192:168:178:47
ESP> connected to ap SSID: Crystal Radio / password:xxxxxxxxx
ESP> socket bound, port 23
--- ESP32 WIFI MODULE --- NFT MASTER --- v1.0 - Jan 27 2023 - rb -
stat
CNT: 445 VBAT: 10.17 IBAT: -52.37 VSOL: 4.34 T: 12.82 RH: 57.00 PAR: 922 T_EC: -22.66 EC: 0.34
OK
>ESP32 watchdog reset
esp_stop 40
ESP> got ip: 192:168:178:47
ESP> connected to ap SSID: Crystal Radio / password:xxxxxxxxx
ESP> socket bound, pESP> got ip: 192:168:178:47
ESP> connected to ap SSID: Crystal Radio / password:xxxxxxxxx
ESP> socket bound, port 23
--- ESP32 WIFI MODULE --- NFT MASTER --- v1.0 - Jan 27 2023 - rb -
stat
CNT: 446 VBAT: 10.17 IBAT: -56.40 VSOL: 4.33 T: 12.80 RH: 57.03 PAR: 1776 T_EC: -22.62 EC: 0.33
OK
>ESP32 watchdog reset
esp_stop 40
ESP> got ip: 192:168:178:47
ESP> connected to ap SSID: Crystal Radio / password:xxxxxxxxx
ESP> socket bound, pESP> got ip: 192:168:178:47
ESP> connected to ap SSID: Crystal Radio / password:xxxxxxxxx
ESP> socket bound, port 23
--- ESP32 WIFI MODULE --- NFT MASTER --- v1.0 - Jan 27 2023 - rb -
stat
CNT: 447 VBAT: 10.17 IBAT: -55.59 VSOL: 4.33 T: 12.80 RH: 56.94 PAR: 0 T_EC: -22.63 EC: 0.32
OK
>ESP32 watchdog reset
esp_stop 40
ESP> got ip: 192:168:178:47
ESP> connected to ap SSID: Crystal Radio / password:xxxxxxxxx
ESP> socket bound, pESP> got ip: 192:168:178:47
ESP> connected to ap SSID: Crystal Radio / password:xxxxxxxxx
ESP> socket bound, port 23
--- ESP32 WIFI MODULE --- NFT MASTER --- v1.0 - Jan 27 2023 - rb -
stat
CNT: 448 VBAT: 10.17 IBAT: -62.04 VSOL: 4.32 T: 12.79 RH: 56.91 PAR: 0 T_EC: -22.65 EC: 0.33
OK
>ESP32 watchdog reset
esp_stop 40
ESP> got ip: 192:168:178:47
ESP> connected to ap SSID: Crystal Radio / password:xxxxxxxxx
ESP> socket bound, pESP> got ip: 192:168:178:47
ESP> connected to ap SSID: Crystal Radio / password:xxxxxxxxx
ESP> socket bound, port 23
--- ESP32 WIFI MODULE --- NFT MASTER --- v1.0 - Jan 27 2023 - rb -
stat
CNT: 449 VBAT: 10.16 IBAT: -51.56 VSOL: 4.33 T: 12.79 RH: 56.89 PAR: 0 T_EC: -22.65 EC: 0.33
OK
>ESP32 watchdog reset
esp_stop 40
ESP> got ip: 192:168:178:47
ESP> connected to ap SSID: Crystal Radio / password:xxxxxxxxx
ESP> socket bound, pESP> got ip: 192:168:178:47
ESP> connected to ap SSID: Crystal Radio / password:xxxxxxxxx
ESP> socket bound, port 23
--- ESP32 WIFI MODULE --- NFT MASTER --- v1.0 - Jan 27 2023 - rb -
stat
CNT: 450 VBAT: 10.16 IBAT: -53.98 VSOL: 4.33 T: 12.78 RH: 57.03 PAR: 290 T_EC: -22.67 EC: 0.36
OK
>ESP32 watchdog reset
esp_stop 40
ESP> got ip: 192:168:178:47
ESP> connected to ap SSID: Crystal Radio / password:xxxxxxxxx
ESP> socket bound, pESP> got ip: 192:168:178:47
ESP> connected to ap SSID: Crystal Radio / password:xxxxxxxxx
ESP> socket bound, port 23
--- ESP32 WIFI MODULE --- NFT MASTER --- v1.0 - Jan 27 2023 - rb -
stat
CNT: 451 VBAT: 10.16 IBAT: -52.37 VSOL: 4.32 T: 12.76 RH: 56.89 PAR: 1776 T_EC: -22.62 EC: 0.35
OK
>ESP32 watchdog reset
esp_stop 40
ESP> got ip: 192:168:178:47
ESP> connected to ap SSID: Crystal Radio / password:xxxxxxxxx
ESP> socket bound, pESP> got ip: 192:168:178:47
ESP> connected to ap SSID: Crystal Radio / password:xxxxxxxxx
ESP> socket bound, port 23
--- ESP32 WIFI MODULE --- NFT MASTER --- v1.0 - Jan 27 2023 - rb -
stat
CNT: 452 VBAT: 10.16 IBAT: -52.37 VSOL: 4.32 T: 12.76 RH: 57.00 PAR: 1776 T_EC: -22.63 EC: 0.43
OK
>ESP32 watchdog reset
esp_stop 40
ESP> got ip: 192:168:178:47
ESP> connected to ap SSID: Crystal Radio / password:xxxxxxxxx
ESP> socket bound, pESP> got ip: 192:168:178:47
ESP> connected to ap SSID: Crystal Radio / password:xxxxxxxxx
ESP> socket bound, port 23
--- ESP32 WIFI MODULE --- NFT MASTER --- v1.0 - Jan 27 2023 - rb -
stat
CNT: 453 VBAT: 10.16 IBAT: -49.95 VSOL: 4.32 T: 12.76 RH: 57.00 PAR: 1776 T_EC: -22.64 EC: 0.34
OK
>ESP32 watchdog reset
esp_stop 40
ESP> got ip: 192:168:178:47
ESP> connected to ap SSID: Crystal Radio / password:xxxxxxxxx
ESP> socket bound, pESP> got ip: 192:168:178:47
ESP> connected to ap SSID: Crystal Radio / password:xxxxxxxxx
ESP> socket bound, port 23
--- ESP32 WIFI MODULE --- NFT MASTER --- v1.0 - Jan 27 2023 - rb -
stat
CNT: 454 VBAT: 10.15 IBAT: -52.37 VSOL: 4.31 T: 12.74 RH: 57.11 PAR: 1777 T_EC: -22.66 EC: 0.42
OK
>ESP32 watchdog reset
esp_stop 40
ESP> got ip: 192:168:178:47
ESP> connected to ap SSID: Crystal Radio / password:xxxxxxxxx
ESP> socket bound, port 23
--- ESP32 WIFI MODULE --- NFT MASTER --- v1.0 - Jan 27 2023 - rb -
stat
CNT: 455 VBAT: 10.15 IBAT: -53.17 VSOL: 4.31 T: 12.74 RH: 57.00 PAR: 1776 T_EC: -22.65 EC: 0.33
OK
>ESP32 watchdog reset
esp_stop 40
ESP> got ip: 192:168:178:47
ESP> connected to ap SSID: Crystal Radio / password:xxxxxxxxx
ESP> socket bound, pESP> got ip: 192:168:178:47
ESP> connected to ap SSID: Crystal Radio / password:xxxxxxxxx
ESP> socket bound, port 23
--- ESP32 WIFI MODULE --- NFT MASTER --- v1.0 - Jan 27 2023 - rb -
stat
CNT: 456 VBAT: 10.15 IBAT: -57.20 VSOL: 4.30 T: 12.74 RH: 57.05 PAR: 1776 T_EC: -22.63 EC: 0.34
OK
>ESP32 watchdog reset
esp_stop 40
ESP> got ip: 192:168:178:47
ESP> connected to ap SSID: Crystal Radio / password:xxxxxxxxx
ESP> socket bound, pESP> got ip: 192:168:178:47
ESP> connected to ap SSID: Crystal Radio / password:xxxxxxxxx
ESP> socket bound, port 23
--- ESP32 WIFI MODULE --- NFT MASTER --- v1.0 - Jan 27 2023 - rb -
stat
CNT: 457 VBAT: 10.14 IBAT: -60.43 VSOL: 4.30 T: 12.73 RH: 57.03 PAR: 1776 T_EC: -22.64 EC: 0.38
OK
>ESP32 watchdog reset
esp_stop 40
ESP> got ip: 192:168:178:47
ESP> connected to ap SSID: Crystal Radio / password:xxxxxxxxx
ESP> socket bound, pESP> got ip: 192:168:178:47
ESP> connected to ap SSID: Crystal Radio / password:xxxxxxxxx
ESP> socket bound, port 23
--- ESP32 WIFI MODULE --- NFT MASTER --- v1.0 - Jan 27 2023 - rb -
stat
CNT: 458 VBAT: 10.14 IBAT: -51.56 VSOL: 4.30 T: 12.73 RH: 57.11 PAR: 1776 T_EC: -22.64 EC: 0.36
OK
>ESP32 watchdog reset
esp_stop 40
ESP> got ip: 192:168:178:47
ESP> connected to ap SSID: Crystal Radio / password:xxxxxxxxx
ESP> socket bound, pESP> got ip: 192:168:178:47
ESP> connected to ap SSID: Crystal Radio / password:xxxxxxxxx
ESP> socket bound, port 23
--- ESP32 WIFI MODULE --- NFT MASTER --- v1.0 - Jan 27 2023 - rb -
stat
CNT: 459 VBAT: 10.14 IBAT: -59.62 VSOL: 4.29 T: 12.72 RH: 57.11 PAR: 0 T_EC: -22.62 EC: 0.33
OK
>ESP32 watchdog reset
esp_stop 40
ESP> got ip: 192:168:178:47
ESP> connected to ap SSID: Crystal Radio / password:xxxxxxxxx
ESP> socket bound, pESP> got ip: 192:168:178:47
ESP> connected to ap SSID: Crystal Radio / password:xxxxxxxxx
ESP> socket bound, port 23
--- ESP32 WIFI MODULE --- NFT MASTER --- v1.0 - Jan 27 2023 - rb -
stat
CNT: 460 VBAT: 10.14 IBAT: -51.56 VSOL: 4.30 T: 12.71 RH: 57.05 PAR: 0 T_EC: -22.66 EC: 0.37
OK
>ESP32 watchdog reset
esp_stop 40
ESP> got ip: 192:168:178:47
ESP> connected to ap SSID: Crystal Radio / password:xxxxxxxxx
ESP> socket bound, pESP> got ip: 192:168:178:47
ESP> connected to ap SSID: Crystal Radio / password:xxxxxxxxx
ESP> socket bound, port 23
--- ESP32 WIFI MODULE --- NFT MASTER --- v1.0 - Jan 27 2023 - rb -
stat
CNT: 461 VBAT: 10.13 IBAT: -60.43 VSOL: 4.29 T: 12.71 RH: 57.00 PAR: 1776 T_EC: -22.62 EC: 0.36
OK
>ESP32 watchdog reset
esp_stop 40
ESP> got ip: 192:168:178:47
ESP> connected to ap SSID: Crystal Radio / password:xxxxxxxxx
ESP> socket bound, pESP> got ip: 192:168:178:47
ESP> connected to ap SSID: Crystal Radio / password:xxxxxxxxx
ESP> socket bound, port 23
--- ESP32 WIFI MODULE --- NFT MASTER --- v1.0 - Jan 27 2023 - rb -
stat
CNT: 462 VBAT: 10.13 IBAT: -49.15 VSOL: 4.29 T: 12.68 RH: 57.03 PAR: 1776 T_EC: -22.62 EC: 0.32
OK
>ESP32 watchdog reset
esp_stop 40
ESP> got ip: 192:168:178:47
ESP> connected to ap SSID: Crystal Radio / password:xxxxxxxxx
ESP> socket bound, pESP> got ip: 192:168:178:47
ESP> connected to ap SSID: Crystal Radio / password:xxxxxxxxx
ESP> socket bound, port 23
--- ESP32 WIFI MODULE --- NFT MASTER --- v1.0 - Jan 27 2023 - rb -
stat
CNT: 463 VBAT: 10.13 IBAT: -54.79 VSOL: 4.29 T: 12.69 RH: 57.08 PAR: 1776 T_EC: -22.65 EC: 0.36
OK
>ESP32 watchdog reset
esp_stop 40
ESP> got ip: 192:168:178:47
ESP> connected to ap SSID: Crystal Radio / password:xxxxxxxxx
ESP> socket bound, pESP> got ip: 192:168:178:47
ESP> connected to ap SSID: Crystal Radio / password:xxxxxxxxx
ESP> socket bound, port 23
--- ESP32 WIFI MODULE --- NFT MASTER --- v1.0 - Jan 27 2023 - rb -
stat
CNT: 464 VBAT: 10.12 IBAT: -51.56 VSOL: 4.28 T: 12.68 RH: 57.11 PAR: 1776 T_EC: -22.66 EC: 0.35
OK
>ESP32 watchdog reset
esp_stop 40
ESP> got ip: 192:168:178:47
ESP> connected to ap SSID: Crystal Radio / password:xxxxxxxxx
ESP> socket bound, port 23
--- ESP32 WIFI MODULE --- NFT MASTER --- v1.0 - Jan 27 2023 - rb -
stat
CNT: 465 VBAT: 10.12 IBAT: -49.95 VSOL: 4.28 T: 12.68 RH: 56.94 PAR: 0 T_EC: -22.63 EC: 0.35
OK
>ESP32 watchdog reset
esp_stop 40
ESP> got ip: 192:168:178:47
ESP> connected to ap SSID: Crystal Radio / password:xxxxxxxxx
ESP> socket bound, pESP> got ip: 192:168:178:47
ESP> connected to ap SSID: Crystal Radio / password:xxxxxxxxx
ESP> socket bound, port 23
--- ESP32 WIFI MODULE --- NFT MASTER --- v1.0 - Jan 27 2023 - rb -
stat
CNT: 466 VBAT: 10.12 IBAT: -51.56 VSOL: 4.28 T: 12.66 RH: 57.22 PAR: 0 T_EC: -22.64 EC: 0.32
OK
>ESP32 watchdog reset
esp_stop 40
ESP> got ip: 192:168:178:47
ESP> connected to ap SSID: Crystal Radio / password:xxxxxxxxx
ESP> socket bound, pESP> got ip: 192:168:178:47
ESP> connected to ap SSID: Crystal Radio / password:xxxxxxxxx
ESP> socket bound, port 23
--- ESP32 WIFI MODULE --- NFT MASTER --- v1.0 - Jan 27 2023 - rb -
stat
CNT: 467 VBAT: 10.12 IBAT: -49.95 VSOL: 4.28 T: 12.66 RH: 57.36 PAR: 0 T_EC: -22.64 EC: 0.37
OK
>ESP32 watchdog reset
esp_stop 40
ESP> got ip: 192:168:178:47
ESP> connected to ap SSID: Crystal Radio / password:xxxxxxxxx
ESP> socket bound, pESP> got ip: 192:168:178:47
ESP> connected to ap SSID: Crystal Radio / password:xxxxxxxxx
ESP> socket bound, port 23
--- ESP32 WIFI MODULE --- NFT MASTER --- v1.0 - Jan 27 2023 - rb -
stat
CNT: 468 VBAT: 10.11 IBAT: -50.76 VSOL: 4.28 T: 12.66 RH: 57.45 PAR: 0 T_EC: -22.64 EC: 0.33
OK
>ESP32 watchdog reset
esp_stop 40
ESP> got ip: 192:168:178:47
ESP> connected to ap SSID: Crystal Radio / password:xxxxxxxxx
ESP> socket bound, pESP> got ip: 192:168:178:47
ESP> connected to ap SSID: Crystal Radio / password:xxxxxxxxx
ESP> socket bound, port 23
--- ESP32 WIFI MODULE --- NFT MASTER --- v1.0 - Jan 27 2023 - rb -
stat
CNT: 469 VBAT: 10.11 IBAT: -50.76 VSOL: 4.27 T: 12.66 RH: 57.20 PAR: 1776 T_EC: -22.69 EC: 0.36
OK
>ESP32 watchdog reset
esp_stop 40
ESP> got ip: 192:168:178:47
ESP> connected to ap SSID: Crystal Radio / password:xxxxxxxxx
ESP> socket bound, pESP> got ip: 192:168:178:47
ESP> connected to ap SSID: Crystal Radio / password:xxxxxxxxx
ESP> socket bound, port 23
--- ESP32 WIFI MODULE --- NFT MASTER --- v1.0 - Jan 27 2023 - rb -
stat
CNT: 470 VBAT: 10.11 IBAT: -51.56 VSOL: 4.27 T: 12.65 RH: 57.17 PAR: 1776 T_EC: -22.64 EC: 0.34
OK
>ESP32 watchdog reset
esp_stop 40
ESP> got ip: 192:168:178:47
ESP> connected to ap SSID: Crystal Radio / password:xxxxxxxxx
ESP> socket bound, port 23
--- ESP32 WIFI MODULE --- NFT MASTER --- v1.0 - Jan 27 2023 - rb -
stat
CNT: 471 VBAT: 10.11 IBAT: -51.56 VSOL: 4.26 T: 12.64 RH: 57.28 PAR: 0 T_EC: -22.62 EC: 0.30
OK
>ESP32 watchdog reset
esp_stop 40
ESP> got ip: 192:168:178:47
ESP> connected to ap SSID: Crystal Radio / password:xxxxxxxxx
ESP> socket bound, pESP> got ip: 192:168:178:47
ESP> connected to ap SSID: Crystal Radio / password:xxxxxxxxx
ESP> socket bound, port 23
--- ESP32 WIFI MODULE --- NFT MASTER --- v1.0 - Jan 27 2023 - rb -
stat
CNT: 472 VBAT: 10.10 IBAT: -49.15 VSOL: 4.27 T: 12.65 RH: 57.14 PAR: 0 T_EC: -22.66 EC: 0.37
OK
>ESP32 watchdog reset
esp_stop 40
ESP> got ip: 192:168:178:47
ESP> connected to ap SSID: Crystal Radio / password:xxxxxxxxx
ESP> socket bound, pESP> got ip: 192:168:178:47
ESP> connected to ap SSID: Crystal Radio / password:xxxxxxxxx
ESP> socket bound, port 23
--- ESP32 WIFI MODULE --- NFT MASTER --- v1.0 - Jan 27 2023 - rb -
stat
CNT: 473 VBAT: 10.10 IBAT: -49.15 VSOL: 4.26 T: 12.62 RH: 57.25 PAR: 0 T_EC: -22.64 EC: 0.37
OK
>ESP32 watchdog reset
esp_stop 40
ESP> got ip: 192:168:178:47
ESP> connected to ap SSID: Crystal Radio / password:xxxxxxxxx
ESP> socket bound, pESP> got ip: 192:168:178:47
ESP> connected to ap SSID: Crystal Radio / password:xxxxxxxxx
ESP> socket bound, port 23
--- ESP32 WIFI MODULE --- NFT MASTER --- v1.0 - Jan 27 2023 - rb -
stat
CNT: 474 VBAT: 10.10 IBAT: -51.56 VSOL: 4.25 T: 12.62 RH: 57.45 PAR: 1777 T_EC: -22.65 EC: 0.34
OK
>ESP32 watchdog reset
esp_stop 40
ESP> got ip: 192:168:178:47
ESP> connected to ap SSID: Crystal Radio / password:xxxxxxxxx
ESP> socket bound, pESP> got ip: 192:168:178:47
ESP> connected to ap SSID: Crystal Radio / password:xxxxxxxxx
ESP> socket bound, port 23
--- ESP32 WIFI MODULE --- NFT MASTER --- v1.0 - Jan 27 2023 - rb -
stat
CNT: 475 VBAT: 10.09 IBAT: -48.34 VSOL: 4.25 T: 12.62 RH: 57.28 PAR: 0 T_EC: -22.62 EC: 0.36
OK
>ESP32 watchdog reset
esp_stop 40
ESP> got ip: 192:168:178:47
ESP> connected to ap SSID: Crystal Radio / password:xxxxxxxxx
ESP> socket bound, pESP> got ip: 192:168:178:47
ESP> connected to ap SSID: Crystal Radio / password:xxxxxxxxx
ESP> socket bound, port 23
--- ESP32 WIFI MODULE --- NFT MASTER --- v1.0 - Jan 27 2023 - rb -
stat
CNT: 476 VBAT: 10.09 IBAT: -49.15 VSOL: 4.25 T: 12.61 RH: 57.42 PAR: 2 T_EC: -22.64 EC: 0.33
OK
>ESP32 watchdog reset
esp_stop 40
ESP> got ip: 192:168:178:47
ESP> connected to ap SSID: Crystal Radio / password:xxxxxxxxx
ESP> socket bound, pESP> got ip: 192:168:178:47
ESP> connected to ap SSID: Crystal Radio / password:xxxxxxxxx
ESP> socket bound, port 23
--- ESP32 WIFI MODULE --- NFT MASTER --- v1.0 - Jan 27 2023 - rb -
stat
CNT: 477 VBAT: 10.08 IBAT: -51.56 VSOL: 4.25 T: 12.62 RH: 57.39 PAR: 0 T_EC: -22.64 EC: 0.34
OK
>ESP32 watchdog reset
esp_stop 40
ESP> got ip: 192:168:178:47
ESP> connected to ap SSID: Crystal Radio / password:xxxxxxxxx
ESP> socket bound, pESP> got ip: 192:168:178:47
ESP> connected to ap SSID: Crystal Radio / password:xxxxxxxxx
ESP> socket bound, port 23
--- ESP32 WIFI MODULE --- NFT MASTER --- v1.0 - Jan 27 2023 - rb -
stat
CNT: 478 VBAT: 10.08 IBAT: -52.37 VSOL: 4.24 T: 12.61 RH: 57.53 PAR: 1776 T_EC: -22.64 EC: 0.33
OK
>ESP32 watchdog reset
esp_stop 40
ESP> got ip: 192:168:178:47
ESP> connected to ap SSID: Crystal Radio / password:xxxxxxxxx
ESP> socket bound, pESP> got ip: 192:168:178:47
ESP> connected to ap SSID: Crystal Radio / password:xxxxxxxxx
ESP> socket bound, port 23
--- ESP32 WIFI MODULE --- NFT MASTER --- v1.0 - Jan 27 2023 - rb -
stat
CNT: 479 VBAT: 10.08 IBAT: -50.76 VSOL: 4.24 T: 12.59 RH: 57.51 PAR: 1776 T_EC: -22.64 EC: 0.36
OK
>ESP32 watchdog reset
esp_stop 40
ESP> got ip: 192:168:178:47
ESP> connected to ap SSID: Crystal Radio / password:xxxxxxxxx
ESP> socket bound, pESP> got ip: 192:168:178:47
ESP> connected to ap SSID: Crystal Radio / password:xxxxxxxxx
ESP> socket bound, port 23
--- ESP32 WIFI MODULE --- NFT MASTER --- v1.0 - Jan 27 2023 - rb -
stat
CNT: 480 VBAT: 10.08 IBAT: -53.17 VSOL: 4.24 T: 12.60 RH: 57.62 PAR: 0 T_EC: -22.65 EC: 0.40
OK
>ESP32 watchdog reset
esp_stop 40
ESP> got ip: 192:168:178:47
ESP> connected to ap SSID: Crystal Radio / password:xxxxxxxxx
ESP> socket bound, pESP> got ip: 192:168:178:47
ESP> connected to ap SSID: Crystal Radio / password:xxxxxxxxx
ESP> socket bound, port 23
--- ESP32 WIFI MODULE --- NFT MASTER --- v1.0 - Jan 27 2023 - rb -
stat
CNT: 481 VBAT: 10.08 IBAT: -53.17 VSOL: 4.24 T: 12.61 RH: 57.56 PAR: 1777 T_EC: -22.65 EC: 0.34
OK
>ESP32 watchdog reset
esp_stop 40
ESP> got ip: 192:168:178:47
ESP> connected to ap SSID: Crystal Radio / password:xxxxxxxxx
ESP> socket bound, pESP> got ip: 192:168:178:47
ESP> connected to ap SSID: Crystal Radio / password:xxxxxxxxx
ESP> socket bound, port 23
--- ESP32 WIFI MODULE --- NFT MASTER --- v1.0 - Jan 27 2023 - rb -
stat
CNT: 482 VBAT: 10.07 IBAT: -54.79 VSOL: 4.24 T: 12.61 RH: 57.62 PAR: 0 T_EC: -22.62 EC: 0.38
OK
>ESP32 watchdog reset
esp_stop 40
ESP> got ip: 192:168:178:47
ESP> connected to ap SSID: Crystal Radio / password:xxxxxxxxx
ESP> socket bound, port 23
--- ESP32 WIFI MODULE --- NFT MASTER --- v1.0 - Jan 27 2023 - rb -
stat
CNT: 483 VBAT: 10.07 IBAT: -49.95 VSOL: 4.23 T: 12.60 RH: 57.76 PAR: 0 T_EC: -22.65 EC: 0.35
OK
>ESP32 watchdog reset
esp_stop 40
ESP> got ip: 192:168:178:47
ESP> connected to ap SSID: Crystal Radio / password:xxxxxxxxx
ESP> socket bound, pESP> got ip: 192:168:178:47
ESP> connected to ap SSID: Crystal Radio / password:xxxxxxxxx
ESP> socket bound, port 23
--- ESP32 WIFI MODULE --- NFT MASTER --- v1.0 - Jan 27 2023 - rb -
stat
CNT: 484 VBAT: 10.06 IBAT: -53.98 VSOL: 4.23 T: 12.58 RH: 57.73 PAR: 1776 T_EC: -22.64 EC: 0.36
OK
>ESP32 watchdog reset
esp_stop 40
ESP> got ip: 192:168:178:47
ESP> connected to ap SSID: Crystal Radio / password:xxxxxxxxx
ESP> socket bound, pESP> got ip: 192:168:178:47
ESP> connected to ap SSID: Crystal Radio / password:xxxxxxxxx
ESP> socket bound, port 23
--- ESP32 WIFI MODULE --- NFT MASTER --- v1.0 - Jan 27 2023 - rb -
stat
CNT: 485 VBAT: 10.06 IBAT: -50.76 VSOL: 4.23 T: 12.58 RH: 57.67 PAR: 1777 T_EC: -22.64 EC: 0.33
OK
>ESP32 watchdog reset
esp_stop 40
ESP> got ip: 192:168:178:47
ESP> connected to ap SSID: Crystal Radio / password:xxxxxxxxx
ESP> socket bound, pESP> got ip: 192:168:178:47
ESP> connected to ap SSID: Crystal Radio / password:xxxxxxxxx
ESP> socket bound, port 23
--- ESP32 WIFI MODULE --- NFT MASTER --- v1.0 - Jan 27 2023 - rb -
stat
CNT: 486 VBAT: 10.06 IBAT: -56.40 VSOL: 4.23 T: 12.57 RH: 57.73 PAR: 13 T_EC: -22.62 EC: 0.36
OK
>ESP32 watchdog reset
esp_stop 40
ESP> got ip: 192:168:178:47
ESP> connected to ap SSID: Crystal Radio / password:xxxxxxxxx
ESP> socket bound, pESP> got ip: 192:168:178:47
ESP> connected to ap SSID: Crystal Radio / password:xxxxxxxxx
ESP> socket bound, port 23
--- ESP32 WIFI MODULE --- NFT MASTER --- v1.0 - Jan 27 2023 - rb -
stat
CNT: 487 VBAT: 10.06 IBAT: -51.56 VSOL: 4.22 T: 12.56 RH: 57.79 PAR: 1777 T_EC: -22.67 EC: 0.36
OK
>ESP32 watchdog reset
esp_stop 40
ESP> got ip: 192:168:178:47
ESP> connected to ap SSID: Crystal Radio / password:xxxxxxxxx
ESP> socket bound, pESP> got ip: 192:168:178:47
ESP> connected to ap SSID: Crystal Radio / password:xxxxxxxxx
ESP> socket bound, port 23
--- ESP32 WIFI MODULE --- NFT MASTER --- v1.0 - Jan 27 2023 - rb -
stat
CNT: 488 VBAT: 10.06 IBAT: -74.12 VSOL: 4.22 T: 12.55 RH: 57.87 PAR: 0 T_EC: -22.64 EC: 0.45
OK
>ESP32 watchdog reset
esp_stop 40
ESP> got ip: 192:168:178:47
ESP> connected to ap SSID: Crystal Radio / password:xxxxxxxxx
ESP> socket bound, port 23
--- ESP32 WIFI MODULE --- NFT MASTER --- v1.0 - Jan 27 2023 - rb -
stat
CNT: 489 VBAT: 10.05 IBAT: -49.95 VSOL: 4.21 T: 12.55 RH: 57.73 PAR: 1776 T_EC: -22.64 EC: 0.34
OK
>ESP32 watchdog reset
esp_stop 40
ESP> got ip: 192:168:178:47
ESP> connected to ap SSID: Crystal Radio / password:xxxxxxxxx
ESP> socket bound, pESP> got ip: 192:168:178:47
ESP> connected to ap SSID: Crystal Radio / password:xxxxxxxxx
ESP> socket bound, port 23
--- ESP32 WIFI MODULE --- NFT MASTER --- v1.0 - Jan 27 2023 - rb -
stat
CNT: 490 VBAT: 10.05 IBAT: -49.15 VSOL: 4.20 T: 12.54 RH: 57.70 PAR: 1776 T_EC: -22.64 EC: 0.36
OK
>ESP32 watchdog reset
esp_stop 40
ESP> got ip: 192:168:178:47
ESP> connected to ap SSID: Crystal Radio / password:xxxxxxxxx
ESP> socket bound, pESP> got ip: 192:168:178:47
ESP> connected to ap SSID: Crystal Radio / password:xxxxxxxxx
ESP> socket bound, port 23
--- ESP32 WIFI MODULE --- NFT MASTER --- v1.0 - Jan 27 2023 - rb -
stat
CNT: 491 VBAT: 10.05 IBAT: -49.95 VSOL: 4.21 T: 12.54 RH: 57.79 PAR: 1776 T_EC: -22.65 EC: 0.44
OK
>ESP32 watchdog reset
esp_stop 40
ESP> got ip: 192:168:178:47
ESP> connected to ap SSID: Crystal Radio / password:xxxxxxxxx
ESP> socket bound, pESP> got ip: 192:168:178:47
ESP> connected to ap SSID: Crystal Radio / password:xxxxxxxxx
ESP> socket bound, port 23
--- ESP32 WIFI MODULE --- NFT MASTER --- v1.0 - Jan 27 2023 - rb -
stat
CNT: 492 VBAT: 10.05 IBAT: -50.76 VSOL: 4.20 T: 12.54 RH: 57.76 PAR: 1776 T_EC: -22.62 EC: 0.36
OK
>ESP32 watchdog reset
esp_stop 40
ESP> got ip: 192:168:178:47
ESP> connected to ap SSID: Crystal Radio / password:xxxxxxxxx
ESP> socket bound, pESP> got ip: 192:168:178:47
ESP> connected to ap SSID: Crystal Radio / password:xxxxxxxxx
ESP> socket bound, port 23
--- ESP32 WIFI MODULE --- NFT MASTER --- v1.0 - Jan 27 2023 - rb -
stat
CNT: 493 VBAT: 10.04 IBAT: -49.95 VSOL: 4.20 T: 12.53 RH: 57.73 PAR: 1776 T_EC: -22.64 EC: 0.34
OK
>ESP32 watchdog reset
esp_stop 40
ESP> got ip: 192:168:178:47
ESP> connected to ap SSID: Crystal Radio / password:xxxxxxxxx
ESP> socket bound, pESP> got ip: 192:168:178:47
ESP> connected to ap SSID: Crystal Radio / password:xxxxxxxxx
ESP> socket bound, port 23
--- ESP32 WIFI MODULE --- NFT MASTER --- v1.0 - Jan 27 2023 - rb -
stat
CNT: 494 VBAT: 10.04 IBAT: -50.76 VSOL: 4.20 T: 12.53 RH: 57.67 PAR: 0 T_EC: -22.64 EC: 0.34
OK
>ESP32 watchdog reset
esp_stop 40
ESP> got ip: 192:168:178:47
ESP> connected to ap SSID: Crystal Radio / password:xxxxxxxxx
ESP> socket bound, pESP> got ip: 192:168:178:47
ESP> connected to ap SSID: Crystal Radio / password:xxxxxxxxx
ESP> socket bound, port 23
--- ESP32 WIFI MODULE --- NFT MASTER --- v1.0 - Jan 27 2023 - rb -
stat
CNT: 495 VBAT: 10.03 IBAT: -51.56 VSOL: 4.19 T: 12.49 RH: 57.79 PAR: 0 T_EC: -22.66 EC: 0.32
OK
>ESP32 watchdog reset
esp_stop 40
ESP> got ip: 192:168:178:47
ESP> connected to ap SSID: Crystal Radio / password:xxxxxxxxx
ESP> socket bound, pESP> got ip: 192:168:178:47
ESP> connected to ap SSID: Crystal Radio / password:xxxxxxxxx
ESP> socket bound, port 23
--- ESP32 WIFI MODULE --- NFT MASTER --- v1.0 - Jan 27 2023 - rb -
stat
CNT: 496 VBAT: 10.03 IBAT: -49.95 VSOL: 4.20 T: 12.50 RH: 57.73 PAR: 0 T_EC: -22.66 EC: 0.34
OK
>ESP32 watchdog reset
esp_stop 40
ESP> got ip: 192:168:178:47
ESP> connected to ap SSID: Crystal Radio / password:xxxxxxxxx
ESP> socket bound, pESP> got ip: 192:168:178:47
ESP> connected to ap SSID: Crystal Radio / password:xxxxxxxxx
ESP> socket bound, port 23
--- ESP32 WIFI MODULE --- NFT MASTER --- v1.0 - Jan 27 2023 - rb -
stat
CNT: 497 VBAT: 10.03 IBAT: -50.76 VSOL: 4.19 T: 12.49 RH: 57.56 PAR: 0 T_EC: -22.64 EC: 0.34
OK
>ESP32 watchdog reset
esp_stop 40
ESP> got ip: 192:168:178:47
ESP> connected to ap SSID: Crystal Radio / password:xxxxxxxxx
ESP> socket bound, pESP> got ip: 192:168:178:47
ESP> connected to ap SSID: Crystal Radio / password:xxxxxxxxx
ESP> socket bound, port 23
--- ESP32 WIFI MODULE --- NFT MASTER --- v1.0 - Jan 27 2023 - rb -
stat
CNT: 498 VBAT: 10.03 IBAT: -51.56 VSOL: 4.19 T: 12.48 RH: 57.73 PAR: 1776 T_EC: -22.62 EC: 0.33
OK
>ESP32 watchdog reset
esp_stop 40
ESP> got ip: 192:168:178:47
ESP> connected to ap SSID: Crystal Radio / password:xxxxxxxxx
ESP> socket bound, pESP> got ip: 192:168:178:47
ESP> connected to ap SSID: Crystal Radio / password:xxxxxxxxx
ESP> socket bound, port 23
--- ESP32 WIFI MODULE --- NFT MASTER --- v1.0 - Jan 27 2023 - rb -
stat
CNT: 499 VBAT: 10.02 IBAT: -49.95 VSOL: 4.18 T: 12.46 RH: 57.56 PAR: 6 T_EC: -22.64 EC: 0.33
OK
>ESP32 watchdog reset
esp_stop 40
ESP> got ip: 192:168:178:47
ESP> connected to ap SSID: Crystal Radio / password:xxxxxxxxx
ESP> socket bound, pESP> got ip: 192:168:178:47
ESP> connected to ap SSID: Crystal Radio / password:xxxxxxxxx
ESP> socket bound, port 23
--- ESP32 WIFI MODULE --- NFT MASTER --- v1.0 - Jan 27 2023 - rb -
stat
CNT: 500 VBAT: 10.02 IBAT: -51.56 VSOL: 4.18 T: 12.48 RH: 57.73 PAR: 5 T_EC: -22.62 EC: 0.33
OK
>ESP32 watchdog reset
esp_stop 40
ESP> got ip: 192:168:178:47
ESP> connected to ap SSID: Crystal Radio / password:xxxxxxxxx
ESP> socket bound, pESP> got ip: 192:168:178:47
ESP> connected to ap SSID: Crystal Radio / password:xxxxxxxxx
ESP> socket bound, port 23
--- ESP32 WIFI MODULE --- NFT MASTER --- v1.0 - Jan 27 2023 - rb -
stat
CNT: 501 VBAT: 10.01 IBAT: -51.56 VSOL: 4.17 T: 12.47 RH: 57.79 PAR: 1776 T_EC: -22.61 EC: 0.35
OK
>ESP32 watchdog reset
esp_stop 40
ESP> got ip: 192:168:178:47
ESP> connected to ap SSID: Crystal Radio / password:xxxxxxxxx
ESP> socket bound, pESP> got ip: 192:168:178:47
ESP> connected to ap SSID: Crystal Radio / password:xxxxxxxxx
ESP> socket bound, port 23
--- ESP32 WIFI MODULE --- NFT MASTER --- v1.0 - Jan 27 2023 - rb -
stat
CNT: 502 VBAT: 10.01 IBAT: -50.76 VSOL: 4.17 T: 12.46 RH: 57.67 PAR: 1776 T_EC: -22.63 EC: 0.31
OK
>ESP32 watchdog reset
esp_stop 40
ESP> got ip: 192:168:178:47
ESP> connected to ap SSID: Crystal Radio / password:xxxxxxxxx
ESP> socket bound, pESP> got ip: 192:168:178:47
ESP> connected to ap SSID: Crystal Radio / password:xxxxxxxxx
ESP> socket bound, port 23
--- ESP32 WIFI MODULE --- NFT MASTER --- v1.0 - Jan 27 2023 - rb -
stat
CNT: 503 VBAT: 10.01 IBAT: -51.56 VSOL: 4.17 T: 12.46 RH: 57.65 PAR: 1 T_EC: -22.64 EC: 0.31
OK
>ESP32 watchdog reset
esp_stop 40
ESP> got ip: 192:168:178:47
ESP> connected to ap SSID: Crystal Radio / password:xxxxxxxxx
ESP> socket bound, pESP> got ip: 192:168:178:47
ESP> connected to ap SSID: Crystal Radio / password:xxxxxxxxx
ESP> socket bound, port 23
--- ESP32 WIFI MODULE --- NFT MASTER --- v1.0 - Jan 27 2023 - rb -
stat
CNT: 504 VBAT: 10.01 IBAT: -50.76 VSOL: 4.16 T: 12.44 RH: 57.70 PAR: 1777 T_EC: -22.64 EC: 0.34
OK
>ESP32 watchdog reset
esp_stop 40
ESP> got ip: 192:168:178:47
ESP> connected to ap SSID: Crystal Radio / password:xxxxxxxxx
ESP> socket bound, pESP> got ip: 192:168:178:47
ESP> connected to ap SSID: Crystal Radio / password:xxxxxxxxx
ESP> socket bound, port 23
--- ESP32 WIFI MODULE --- NFT MASTER --- v1.0 - Jan 27 2023 - rb -
stat
CNT: 505 VBAT: 10.00 IBAT: -49.95 VSOL: 4.16 T: 12.44 RH: 57.79 PAR: 1776 T_EC: -22.63 EC: 0.35
OK
>ESP32 watchdog reset
esp_stop 40
ESP> got ip: 192:168:178:47
ESP> connected to ap SSID: Crystal Radio / password:xxxxxxxxx
ESP> socket bound, pESP> got ip: 192:168:178:47
ESP> connected to ap SSID: Crystal Radio / password:xxxxxxxxx
ESP> socket bound, port 23
--- ESP32 WIFI MODULE --- NFT MASTER --- v1.0 - Jan 27 2023 - rb -
stat
CNT: 506 VBAT: 10.00 IBAT: -49.95 VSOL: 4.16 T: 12.44 RH: 57.79 PAR: 0 T_EC: -22.62 EC: 0.37
OK
>ESP32 watchdog reset
esp_stop 40
ESP> got ip: 192:168:178:47
ESP> connected to ap SSID: Crystal Radio / password:xxxxxxxxx
ESP> socket bound, pESP> got ip: 192:168:178:47
ESP> connected to ap SSID: Crystal Radio / password:xxxxxxxxx
ESP> socket bound, port 23
--- ESP32 WIFI MODULE --- NFT MASTER --- v1.0 - Jan 27 2023 - rb -
stat
CNT: 507 VBAT: 9.99 IBAT: -51.56 VSOL: 4.16 T: 12.42 RH: 57.87 PAR: 1776 T_EC: -22.64 EC: 0.33
OK
>ESP32 watchdog reset
esp_stop 40
ESP> got ip: 192:168:178:47
ESP> connected to ap SSID: Crystal Radio / password:xxxxxxxxx
ESP> socket bound, pESP> got ip: 192:168:178:47
ESP> connected to ap SSID: Crystal Radio / password:xxxxxxxxx
ESP> socket bound, port 23
--- ESP32 WIFI MODULE --- NFT MASTER --- v1.0 - Jan 27 2023 - rb -
stat
CNT: 508 VBAT: 9.99 IBAT: -52.37 VSOL: 4.15 T: 12.41 RH: 57.76 PAR: 1776 T_EC: -22.65 EC: 0.35
OK
>ESP32 watchdog reset
esp_stop 40
ESP> got ip: 192:168:178:47
ESP> connected to ap SSID: Crystal Radio / password:xxxxxxxxx
ESP> socket bound, pESP> got ip: 192:168:178:47
ESP> connected to ap SSID: Crystal Radio / password:xxxxxxxxx
ESP> socket bound, port 23
--- ESP32 WIFI MODULE --- NFT MASTER --- v1.0 - Jan 27 2023 - rb -
stat
CNT: 509 VBAT: 9.99 IBAT: -52.37 VSOL: 4.15 T: 12.43 RH: 57.90 PAR: 468 T_EC: -22.64 EC: 0.32
OK
>ESP32 watchdog reset
esp_stop 40
ESP> got ip: 192:168:178:47
ESP> connected to ap SSID: Crystal Radio / password:xxxxxxxxx
ESP> socket bound, pESP> got ip: 192:168:178:47
ESP> connected to ap SSID: Crystal Radio / password:xxxxxxxxx
ESP> socket bound, port 23
--- ESP32 WIFI MODULE --- NFT MASTER --- v1.0 - Jan 27 2023 - rb -
stat
CNT: 510 VBAT: 9.98 IBAT: -52.37 VSOL: 4.15 T: 12.40 RH: 57.98 PAR: 1776 T_EC: -22.64 EC: 0.34
OK
>ESP32 watchdog reset
esp_stop 40
ESP> got ip: 192:168:178:47
ESP> connected to ap SSID: Crystal Radio / password:xxxxxxxxx
ESP> socket bound, pESP> got ip: 192:168:178:47
ESP> connected to ap SSID: Crystal Radio / password:xxxxxxxxx
ESP> socket bound, port 23
--- ESP32 WIFI MODULE --- NFT MASTER --- v1.0 - Jan 27 2023 - rb -
stat
CNT: 511 VBAT: 9.98 IBAT: -51.56 VSOL: 4.14 T: 12.40 RH: 57.67 PAR: 18 T_EC: -22.64 EC: 0.35
OK
>ESP32 watchdog reset
esp_stop 40
ESP> got ip: 192:168:178:47
ESP> connected to ap SSID: Crystal Radio / password:xxxxxxxxx
ESP> socket bound, pESP> got ip: 192:168:178:47
ESP> connected to ap SSID: Crystal Radio / password:xxxxxxxxx
ESP> socket bound, port 23
--- ESP32 WIFI MODULE --- NFT MASTER --- v1.0 - Jan 27 2023 - rb -
stat
CNT: 512 VBAT: 9.98 IBAT: -52.37 VSOL: 4.13 T: 12.40 RH: 57.76 PAR: 1776 T_EC: -22.66 EC: 0.36
OK
>ESP32 watchdog reset
esp_stop 40
ESP> got ip: 192:168:178:47
ESP> connected to ap SSID: Crystal Radio / password:xxxxxxxxx
ESP> socket bound, pESP> got ip: 192:168:178:47
ESP> connected to ap SSID: Crystal Radio / password:xxxxxxxxx
ESP> socket bound, port 23
--- ESP32 WIFI MODULE --- NFT MASTER --- v1.0 - Jan 27 2023 - rb -
stat
CNT: 513 VBAT: 9.97 IBAT: -52.37 VSOL: 4.13 T: 12.40 RH: 57.90 PAR: 1776 T_EC: -22.64 EC: 0.35
OK
>ESP32 watchdog reset
esp_stop 40
ESP> got ip: 192:168:178:47
ESP> connected to ap SSID: Crystal Radio / password:xxxxxxxxx
ESP> socket bound, pESP> got ip: 192:168:178:47
ESP> connected to ap SSID: Crystal Radio / password:xxxxxxxxx
ESP> socket bound, port 23
--- ESP32 WIFI MODULE --- NFT MASTER --- v1.0 - Jan 27 2023 - rb -
stat
CNT: 514 VBAT: 9.97 IBAT: -51.56 VSOL: 4.13 T: 12.40 RH: 57.90 PAR: 1776 T_EC: -22.64 EC: 0.35
OK
>ESP32 watchdog reset
esp_stop 40
ESP> got ip: 192:168:178:47
ESP> connected to ap SSID: Crystal Radio / password:xxxxxxxxx
ESP> socket bound, pESP> got ip: 192:168:178:47
ESP> connected to ap SSID: Crystal Radio / password:xxxxxxxxx
ESP> socket bound, port 23
--- ESP32 WIFI MODULE --- NFT MASTER --- v1.0 - Jan 27 2023 - rb -
stat
CNT: 515 VBAT: 9.97 IBAT: -52.37 VSOL: 4.12 T: 12.40 RH: 57.87 PAR: 2 T_EC: -22.62 EC: 0.31
OK
>ESP32 watchdog reset
esp_stop 40
ESP> got ip: 192:168:178:47
ESP> connected to ap SSID: Crystal Radio / password:xxxxxxxxx
ESP> socket bound, pESP> got ip: 192:168:178:47
ESP> connected to ap SSID: Crystal Radio / password:xxxxxxxxx
ESP> socket bound, port 23
--- ESP32 WIFI MODULE --- NFT MASTER --- v1.0 - Jan 27 2023 - rb -
stat
CNT: 516 VBAT: 9.96 IBAT: -52.37 VSOL: 4.12 T: 12.39 RH: 57.84 PAR: 1776 T_EC: -22.65 EC: 0.34
OK
>ESP32 watchdog reset
esp_stop 40
ESP> got ip: 192:168:178:47
ESP> connected to ap SSID: Crystal Radio / password:xxxxxxxxx
ESP> socket bound, pESP> got ip: 192:168:178:47
ESP> connected to ap SSID: Crystal Radio / password:xxxxxxxxx
ESP> socket bound, port 23
--- ESP32 WIFI MODULE --- NFT MASTER --- v1.0 - Jan 27 2023 - rb -
stat
CNT: 517 VBAT: 9.96 IBAT: -50.76 VSOL: 4.11 T: 12.38 RH: 58.43 PAR: 1776 T_EC: -22.66 EC: 0.33
OK
>ESP32 watchdog reset
esp_stop 40
ESP> got ip: 192:168:178:47
ESP> connected to ap SSID: Crystal Radio / password:xxxxxxxxx
ESP> socket bound, pESP> got ip: 192:168:178:47
ESP> connected to ap SSID: Crystal Radio / password:xxxxxxxxx
ESP> socket bound, port 23
--- ESP32 WIFI MODULE --- NFT MASTER --- v1.0 - Jan 27 2023 - rb -
stat
CNT: 518 VBAT: 9.95 IBAT: -49.95 VSOL: 4.11 T: 12.39 RH: 58.46 PAR: 0 T_EC: -22.63 EC: 0.34
OK
>ESP32 watchdog reset
esp_stop 40
ESP> got ip: 192:168:178:47
ESP> connected to ap SSID: Crystal Radio / password:xxxxxxxxx
ESP> socket bound, pESP> got ip: 192:168:178:47
ESP> connected to ap SSID: Crystal Radio / password:xxxxxxxxx
ESP> socket bound, port 23
--- ESP32 WIFI MODULE --- NFT MASTER --- v1.0 - Jan 27 2023 - rb -
stat
CNT: 519 VBAT: 9.96 IBAT: -51.56 VSOL: 4.11 T: 12.42 RH: 58.29 PAR: 1777 T_EC: -22.65 EC: 0.34
OK
>ESP32 watchdog reset
esp_stop 40
ESP> got ip: 192:168:178:47
ESP> connected to ap SSID: Crystal Radio / password:xxxxxxxxx
ESP> socket bound, pESP> got ip: 192:168:178:47
ESP> connected to ap SSID: Crystal Radio / password:xxxxxxxxx
ESP> socket bound, port 23
--- ESP32 WIFI MODULE --- NFT MASTER --- v1.0 - Jan 27 2023 - rb -
stat
CNT: 520 VBAT: 9.95 IBAT: -53.17 VSOL: 4.11 T: 12.42 RH: 58.82 PAR: 0 T_EC: -22.64 EC: 0.33
OK
>ESP32 watchdog reset
esp_stop 40
ESP> got ip: 192:168:178:47
ESP> connected to ap SSID: Crystal Radio / password:xxxxxxxxx
ESP> socket bound, pESP> got ip: 192:168:178:47
ESP> connected to ap SSID: Crystal Radio / password:xxxxxxxxx
ESP> socket bound, port 23
--- ESP32 WIFI MODULE --- NFT MASTER --- v1.0 - Jan 27 2023 - rb -
stat
CNT: 521 VBAT: 9.95 IBAT: -49.95 VSOL: 4.11 T: 12.54 RH: 58.76 PAR: 1776 T_EC: -22.64 EC: 0.33
OK
>ESP32 watchdog reset
esp_stop 40
ESP> got ip: 192:168:178:47
ESP> connected to ap SSID: Crystal Radio / password:xxxxxxxxx
ESP> socket bound, pESP> got ip: 192:168:178:47
ESP> connected to ap SSID: Crystal Radio / password:xxxxxxxxx
ESP> socket bound, port 23
--- ESP32 WIFI MODULE --- NFT MASTER --- v1.0 - Jan 27 2023 - rb -
stat
CNT: 522 VBAT: 9.94 IBAT: -55.59 VSOL: 4.11 T: 12.64 RH: 58.49 PAR: 713 T_EC: -22.64 EC: 0.32
OK
>ESP32 watchdog reset
esp_stop 40
ESP> got ip: 192:168:178:47
ESP> connected to ap SSID: Crystal Radio / password:xxxxxxxxx
ESP> socket bound, pESP> got ip: 192:168:178:47
ESP> connected to ap SSID: Crystal Radio / password:xxxxxxxxx
ESP> socket bound, port 23
--- ESP32 WIFI MODULE --- NFT MASTER --- v1.0 - Jan 27 2023 - rb -
stat
CNT: 523 VBAT: 9.94 IBAT: -51.56 VSOL: 4.09 T: 12.75 RH: 58.49 PAR: 0 T_EC: -22.63 EC: 0.35
OK
>ESP32 watchdog reset
esp_stop 40
ESP> got ip: 192:168:178:47
ESP> connected to ap SSID: Crystal Radio / password:xxxxxxxxx
ESP> socket bound, pESP> got ip: 192:168:178:47
ESP> connected to ap SSID: Crystal Radio / password:xxxxxxxxx
ESP> socket bound, port 23
--- ESP32 WIFI MODULE --- NFT MASTER --- v1.0 - Jan 27 2023 - rb -
stat
CNT: 524 VBAT: 9.94 IBAT: -50.76 VSOL: 4.09 T: 12.83 RH: 58.65 PAR: 1776 T_EC: -22.62 EC: 0.37
OK
>ESP32 watchdog reset
esp_stop 40
ESP> got ip: 192:168:178:47
ESP> connected to ap SSID: Crystal Radio / password:xxxxxxxxx
ESP> socket bound, pESP> got ip: 192:168:178:47
ESP> connected to ap SSID: Crystal Radio / password:xxxxxxxxx
ESP> socket bound, port 23
--- ESP32 WIFI MODULE --- NFT MASTER --- v1.0 - Jan 27 2023 - rb -
stat
CNT: 525 VBAT: 9.93 IBAT: -50.76 VSOL: 4.09 T: 12.96 RH: 58.65 PAR: 1776 T_EC: -22.67 EC: 0.54
OK
>ESP32 watchdog reset
esp_stop 40
ESP> got ip: 192:168:178:47
ESP> connected to ap SSID: Crystal Radio / password:xxxxxxxxx
ESP> socket bound, pESP> got ip: 192:168:178:47
ESP> connected to ap SSID: Crystal Radio / password:xxxxxxxxx
ESP> socket bound, port 23
--- ESP32 WIFI MODULE --- NFT MASTER --- v1.0 - Jan 27 2023 - rb -
stat
CNT: 526 VBAT: 9.93 IBAT: -51.56 VSOL: 4.08 T: 13.08 RH: 58.46 PAR: 1776 T_EC: -22.62 EC: 0.33
OK
>ESP32 watchdog reset
esp_stop 40
ESP> got ip: 192:168:178:47
ESP> connected to ap SSID: Crystal Radio / password:xxxxxxxxx
ESP> socket bound, pESP> got ip: 192:168:178:47
ESP> connected to ap SSID: Crystal Radio / password:xxxxxxxxx
ESP> socket bound, port 23
--- ESP32 WIFI MODULE --- NFT MASTER --- v1.0 - Jan 27 2023 - rb -
stat
CNT: 527 VBAT: 9.92 IBAT: -49.95 VSOL: 4.08 T: 13.18 RH: 58.23 PAR: 1776 T_EC: -22.64 EC: 0.34
OK
>ESP32 watchdog reset
esp_stop 40
ESP> got ip: 192:168:178:47
ESP> connected to ap SSID: Crystal Radio / password:xxxxxxxxx
ESP> socket bound, pESP> got ip: 192:168:178:47
ESP> connected to ap SSID: Crystal Radio / password:xxxxxxxxx
ESP> socket bound, port 23
--- ESP32 WIFI MODULE --- NFT MASTER --- v1.0 - Jan 27 2023 - rb -
stat
CNT: 528 VBAT: 9.92 IBAT: -51.56 VSOL: 4.07 T: 13.30 RH: 57.87 PAR: 0 T_EC: -22.65 EC: 0.33
OK
>ESP32 watchdog reset
esp_stop 40
ESP> got ip: 192:168:178:47
ESP> connected to ap SSID: Crystal Radio / password:xxxxxxxxx
ESP> socket bound, pESP> got ip: 192:168:178:47
ESP> connected to ap SSID: Crystal Radio / password:xxxxxxxxx
ESP> socket bound, port 23
--- ESP32 WIFI MODULE --- NFT MASTER --- v1.0 - Jan 27 2023 - rb -
stat
CNT: 529 VBAT: 9.92 IBAT: -49.15 VSOL: 4.08 T: 13.40 RH: 57.76 PAR: 1776 T_EC: -22.62 EC: 0.37
OK
>ESP32 watchdog reset
esp_stop 40
ESP> got ip: 192:168:178:47
ESP> connected to ap SSID: Crystal Radio / password:xxxxxxxxx
ESP> socket bound, pESP> got ip: 192:168:178:47
ESP> connected to ap SSID: Crystal Radio / password:xxxxxxxxx
ESP> socket bound, port 23
--- ESP32 WIFI MODULE --- NFT MASTER --- v1.0 - Jan 27 2023 - rb -
stat
CNT: 530 VBAT: 9.91 IBAT: -51.56 VSOL: 4.07 T: 13.46 RH: 57.87 PAR: 1776 T_EC: -22.64 EC: 0.35
OK
>ESP32 watchdog reset
esp_stop 40
ESP> got ip: 192:168:178:47
ESP> connected to ap SSID: Crystal Radio / password:xxxxxxxxx
ESP> socket bound, pESP> got ip: 192:168:178:47
ESP> connected to ap SSID: Crystal Radio / password:xxxxxxxxx
ESP> socket bound, port 23
--- ESP32 WIFI MODULE --- NFT MASTER --- v1.0 - Jan 27 2023 - rb -
stat
CNT: 531 VBAT: 9.91 IBAT: -50.76 VSOL: 4.07 T: 13.54 RH: 57.39 PAR: 1776 T_EC: -22.65 EC: 0.35
OK
>ESP32 watchdog reset
esp_stop 40
ESP> got ip: 192:168:178:47
ESP> connected to ap SSID: Crystal Radio / password:xxxxxxxxx
ESP> socket bound, pESP> got ip: 192:168:178:47
ESP> connected to ap SSID: Crystal Radio / password:xxxxxxxxx
ESP> socket bound, port 23
--- ESP32 WIFI MODULE --- NFT MASTER --- v1.0 - Jan 27 2023 - rb -
stat
CNT: 532 VBAT: 9.91 IBAT: -49.95 VSOL: 4.06 T: 13.58 RH: 57.93 PAR: 1776 T_EC: -22.64 EC: 0.35
OK
>ESP32 watchdog reset
esp_stop 40
ESP> got ip: 192:168:178:47
ESP> connected to ap SSID: Crystal Radio / password:xxxxxxxxx
ESP> socket bound, pESP> got ip: 192:168:178:47
ESP> connected to ap SSID: Crystal Radio / password:xxxxxxxxx
ESP> socket bound, port 23
--- ESP32 WIFI MODULE --- NFT MASTER --- v1.0 - Jan 27 2023 - rb -
stat
CNT: 533 VBAT: 9.90 IBAT: -49.95 VSOL: 4.06 T: 13.68 RH: 58.29 PAR: 5 T_EC: -22.62 EC: 0.34
OK
>ESP32 watchdog reset
esp_stop 40
ESP> got ip: 192:168:178:47
ESP> connected to ap SSID: Crystal Radio / password:xxxxxxxxx
ESP> socket bound, pESP> got ip: 192:168:178:47
ESP> connected to ap SSID: Crystal Radio / password:xxxxxxxxx
ESP> socket bound, port 23
--- ESP32 WIFI MODULE --- NFT MASTER --- v1.0 - Jan 27 2023 - rb -
stat
CNT: 534 VBAT: 9.89 IBAT: -51.56 VSOL: 4.05 T: 13.70 RH: 57.70 PAR: 1776 T_EC: -22.62 EC: 0.38
OK
>ESP32 watchdog reset
esp_stop 40
ESP> got ip: 192:168:178:47
ESP> connected to ap SSID: Crystal Radio / password:xxxxxxxxx
ESP> socket bound, pESP> got ip: 192:168:178:47
ESP> connected to ap SSID: Crystal Radio / password:xxxxxxxxx
ESP> socket bound, port 23
--- ESP32 WIFI MODULE --- NFT MASTER --- v1.0 - Jan 27 2023 - rb -
stat
CNT: 535 VBAT: 9.89 IBAT: -49.95 VSOL: 4.05 T: 13.69 RH: 57.22 PAR: 1054 T_EC: -22.66 EC: 0.33
OK
>ESP32 watchdog reset
esp_stop 40
ESP> got ip: 192:168:178:47
ESP> connected to ap SSID: Crystal Radio / password:xxxxxxxxx
ESP> socket bound, pESP> got ip: 192:168:178:47
ESP> connected to ap SSID: Crystal Radio / password:xxxxxxxxx
ESP> socket bound, port 23
--- ESP32 WIFI MODULE --- NFT MASTER --- v1.0 - Jan 27 2023 - rb -
stat
CNT: 536 VBAT: 9.88 IBAT: -50.76 VSOL: 4.05 T: 13.66 RH: 56.97 PAR: 1776 T_EC: -22.63 EC: 0.34
OK
>ESP32 watchdog reset
esp_stop 40
ESP> got ip: 192:168:178:47
ESP> connected to ap SSID: Crystal Radio / password:xxxxxxxxx
ESP> socket bound, pESP> got ip: 192:168:178:47
ESP> connected to ap SSID: Crystal Radio / password:xxxxxxxxx
ESP> socket bound, port 23
--- ESP32 WIFI MODULE --- NFT MASTER --- v1.0 - Jan 27 2023 - rb -
stat
CNT: 537 VBAT: 9.88 IBAT: -59.62 VSOL: 4.05 T: 13.62 RH: 56.83 PAR: 1776 T_EC: -22.63 EC: 0.34
OK
>ESP32 watchdog reset
esp_stop 40
ESP> got ip: 192:168:178:47
ESP> connected to ap SSID: Crystal Radio / password:xxxxxxxxx
ESP> socket bound, pESP> got ip: 192:168:178:47
ESP> connected to ap SSID: Crystal Radio / password:xxxxxxxxx
ESP> socket bound, port 23
--- ESP32 WIFI MODULE --- NFT MASTER --- v1.0 - Jan 27 2023 - rb -
stat
CNT: 538 VBAT: 9.88 IBAT: -49.15 VSOL: 4.04 T: 13.58 RH: 56.69 PAR: 0 T_EC: -22.64 EC: 0.36
OK
>ESP32 watchdog reset
esp_stop 40
ESP> got ip: 192:168:178:47
ESP> connected to ap SSID: Crystal Radio / password:xxxxxxxxx
ESP> socket bound, pESP> got ip: 192:168:178:47
ESP> connected to ap SSID: Crystal Radio / password:xxxxxxxxx
ESP> socket bound, port 23
--- ESP32 WIFI MODULE --- NFT MASTER --- v1.0 - Jan 27 2023 - rb -
stat
CNT: 539 VBAT: 9.87 IBAT: -53.17 VSOL: 4.04 T: 13.54 RH: 56.63 PAR: 1776 T_EC: -22.62 EC: 0.38
OK
>ESP32 watchdog reset
esp_stop 40
ESP> got ip: 192:168:178:47
ESP> connected to ap SSID: Crystal Radio / password:xxxxxxxxx
ESP> socket bound, pESP> got ip: 192:168:178:47
ESP> connected to ap SSID: Crystal Radio / password:xxxxxxxxx
ESP> socket bound, port 23
--- ESP32 WIFI MODULE --- NFT MASTER --- v1.0 - Jan 27 2023 - rb -
stat
CNT: 540 VBAT: 9.87 IBAT: -82.98 VSOL: 4.03 T: 13.50 RH: 56.66 PAR: 1776 T_EC: -22.63 EC: 0.36
OK
>ESP32 watchdog reset
esp_stop 40
ESP> got ip: 192:168:178:47
ESP> connected to ap SSID: Crystal Radio / password:xxxxxxxxx
ESP> socket bound, port 23
--- ESP32 WIFI MODULE --- NFT MASTER --- v1.0 - Jan 27 2023 - rb -
stat
CNT: 541 VBAT: 9.87 IBAT: -53.17 VSOL: 4.02 T: 13.46 RH: 56.66 PAR: 1776 T_EC: -22.64 EC: 0.34
OK
>ESP32 watchdog reset
esp_stop 40
ESP> got ip: 192:168:178:47
ESP> connected to ap SSID: Crystal Radio / password:xxxxxxxxx
ESP> socket bound, pESP> got ip: 192:168:178:47
ESP> connected to ap SSID: Crystal Radio / password:xxxxxxxxx
ESP> socket bound, port 23
--- ESP32 WIFI MODULE --- NFT MASTER --- v1.0 - Jan 27 2023 - rb -
stat
CNT: 542 VBAT: 9.86 IBAT: -68.48 VSOL: 4.02 T: 13.41 RH: 56.69 PAR: 0 T_EC: -22.65 EC: 0.33
OK
>ESP32 watchdog reset
esp_stop 40
ESP> got ip: 192:168:178:47
ESP> connected to ap SSID: Crystal Radio / password:xxxxxxxxx
ESP> socket bound, pESP> got ip: 192:168:178:47
ESP> connected to ap SSID: Crystal Radio / password:xxxxxxxxx
ESP> socket bound, port 23
--- ESP32 WIFI MODULE --- NFT MASTER --- v1.0 - Jan 27 2023 - rb -
stat
CNT: 543 VBAT: 9.86 IBAT: -50.76 VSOL: 4.02 T: 13.38 RH: 56.77 PAR: 0 T_EC: -22.64 EC: 0.32
OK
>ESP32 watchdog reset
esp_stop 40
ESP> got ip: 192:168:178:47
ESP> connected to ap SSID: Crystal Radio / password:xxxxxxxxx
ESP> socket bound, pESP> got ip: 192:168:178:47
ESP> connected to ap SSID: Crystal Radio / password:xxxxxxxxx
ESP> socket bound, port 23
--- ESP32 WIFI MODULE --- NFT MASTER --- v1.0 - Jan 27 2023 - rb -
stat
CNT: 544 VBAT: 9.85 IBAT: -53.98 VSOL: 4.01 T: 13.34 RH: 56.72 PAR: 1 T_EC: -22.65 EC: 0.37
OK
>ESP32 watchdog reset
esp_stop 40
ESP> got ip: 192:168:178:47
ESP> connected to ap SSID: Crystal Radio / password:xxxxxxxxx
ESP> socket bound, pESP> got ip: 192:168:178:47
ESP> connected to ap SSID: Crystal Radio / password:xxxxxxxxx
ESP> socket bound, port 23
--- ESP32 WIFI MODULE --- NFT MASTER --- v1.0 - Jan 27 2023 - rb -
stat
CNT: 545 VBAT: 9.85 IBAT: -49.95 VSOL: 4.01 T: 13.32 RH: 56.74 PAR: 1776 T_EC: -22.92 EC: 0.51
OK
>ESP32 watchdog reset
esp_stop 40
ESP> got ip: 192:168:178:47
ESP> connected to ap SSID: Crystal Radio / password:xxxxxxxxx
ESP> socket bound, pESP> got ip: 192:168:178:47
ESP> connected to ap SSID: Crystal Radio / password:xxxxxxxxx
ESP> socket bound, port 23
--- ESP32 WIFI MODULE --- NFT MASTER --- v1.0 - Jan 27 2023 - rb -
stat
CNT: 546 VBAT: 9.85 IBAT: -52.37 VSOL: 4.01 T: 13.28 RH: 56.80 PAR: 436 T_EC: -22.63 EC: 0.33
OK
>ESP32 watchdog reset
esp_stop 40
ESP> got ip: 192:168:178:47
ESP> connected to ap SSID: Crystal Radio / password:xxxxxxxxx
ESP> socket bound, pESP> got ip: 192:168:178:47
ESP> connected to ap SSID: Crystal Radio / password:xxxxxxxxx
ESP> socket bound, port 23
--- ESP32 WIFI MODULE --- NFT MASTER --- v1.0 - Jan 27 2023 - rb -
stat
CNT: 547 VBAT: 9.83 IBAT: -50.76 VSOL: 4.00 T: 13.24 RH: 56.77 PAR: 9 T_EC: -22.64 EC: 0.34
OK
>ESP32 watchdog reset
esp_stop 40
ESP> got ip: 192:168:178:47
ESP> connected to ap SSID: Crystal Radio / password:xxxxxxxxx
ESP> socket bound, pESP> got ip: 192:168:178:47
ESP> connected to ap SSID: Crystal Radio / password:xxxxxxxxx
ESP> socket bound, port 23
--- ESP32 WIFI MODULE --- NFT MASTER --- v1.0 - Jan 27 2023 - rb -
stat
CNT: 548 VBAT: 9.84 IBAT: -52.37 VSOL: 4.00 T: 13.22 RH: 56.83 PAR: 0 T_EC: -22.63 EC: 0.48
OK
>ESP32 watchdog reset
esp_stop 40
ESP> got ip: 192:168:178:47
ESP> connected to ap SSID: Crystal Radio / password:xxxxxxxxx
ESP> socket bound, pESP> got ip: 192:168:178:47
ESP> connected to ap SSID: Crystal Radio / password:xxxxxxxxx
ESP> socket bound, port 23
--- ESP32 WIFI MODULE --- NFT MASTER --- v1.0 - Jan 27 2023 - rb -
stat
CNT: 549 VBAT: 9.83 IBAT: -57.20 VSOL: 3.99 T: 13.20 RH: 56.89 PAR: 0 T_EC: -22.63 EC: 0.34
OK
>ESP32 watchdog reset
esp_stop 40
ESP> got ip: 192:168:178:47
ESP> connected to ap SSID: Crystal Radio / password:xxxxxxxxx
ESP> socket bound, pESP> got ip: 192:168:178:47
ESP> connected to ap SSID: Crystal Radio / password:xxxxxxxxx
ESP> socket bound, port 23
--- ESP32 WIFI MODULE --- NFT MASTER --- v1.0 - Jan 27 2023 - rb -
stat
CNT: 550 VBAT: 9.83 IBAT: -49.15 VSOL: 3.98 T: 13.17 RH: 56.91 PAR: 0 T_EC: -22.62 EC: 0.33
OK
>ESP32 watchdog reset
esp_stop 40
ESP> got ip: 192:168:178:47
ESP> connected to ap SSID: Crystal Radio / password:xxxxxxxxx
ESP> socket bound, port 23
--- ESP32 WIFI MODULE --- NFT MASTER --- v1.0 - Jan 27 2023 - rb -
stat
CNT: 551 VBAT: 9.82 IBAT: -49.95 VSOL: 3.98 T: 13.14 RH: 56.97 PAR: 10 T_EC: -22.63 EC: 0.34
OK
>ESP32 watchdog reset
esp_stop 40
ESP> got ip: 192:168:178:47
ESP> connected to ap SSID: Crystal Radio / password:xxxxxxxxx
ESP> socket bound, pESP> got ip: 192:168:178:47
ESP> connected to ap SSID: Crystal Radio / password:xxxxxxxxx
ESP> socket bound, port 23
--- ESP32 WIFI MODULE --- NFT MASTER --- v1.0 - Jan 27 2023 - rb -
stat
CNT: 552 VBAT: 9.82 IBAT: -49.95 VSOL: 3.98 T: 13.12 RH: 56.94 PAR: 0 T_EC: -22.62 EC: 0.32
OK
>ESP32 watchdog reset
esp_stop 40
ESP> got ip: 192:168:178:47
ESP> connected to ap SSID: Crystal Radio / password:xxxxxxxxx
ESP> socket bound, pESP> got ip: 192:168:178:47
ESP> connected to ap SSID: Crystal Radio / password:xxxxxxxxx
ESP> socket bound, port 23
--- ESP32 WIFI MODULE --- NFT MASTER --- v1.0 - Jan 27 2023 - rb -
stat
CNT: 553 VBAT: 9.81 IBAT: -50.76 VSOL: 3.98 T: 13.10 RH: 57.05 PAR: 1776 T_EC: -22.66 EC: 0.37
OK
>ESP32 watchdog reset
esp_stop 40
ESP> got ip: 192:168:178:47
ESP> connected to ap SSID: Crystal Radio / password:xxxxxxxxx
ESP> socket bound, port 23
--- ESP32 WIFI MODULE --- NFT MASTER --- v1.0 - Jan 27 2023 - rb -
stat
CNT: 554 VBAT: 9.81 IBAT: -51.56 VSOL: 3.98 T: 13.08 RH: 57.03 PAR: 1776 T_EC: -22.62 EC: 0.34
OK
>ESP32 watchdog reset
esp_stop 40
ESP> got ip: 192:168:178:47
ESP> connected to ap SSID: Crystal Radio / password:xxxxxxxxx
ESP> socket bound, pESP> got ip: 192:168:178:47
ESP> connected to ap SSID: Crystal Radio / password:xxxxxxxxx
ESP> socket bound, port 23
--- ESP32 WIFI MODULE --- NFT MASTER --- v1.0 - Jan 27 2023 - rb -
stat
CNT: 555 VBAT: 9.81 IBAT: -49.15 VSOL: 3.98 T: 13.04 RH: 57.03 PAR: 0 T_EC: -22.63 EC: 0.38
OK
>ESP32 watchdog reset
esp_stop 40
ESP> got ip: 192:168:178:47
ESP> connected to ap SSID: Crystal Radio / password:xxxxxxxxx
ESP> socket bound, pESP> got ip: 192:168:178:47
ESP> connected to ap SSID: Crystal Radio / password:xxxxxxxxx
ESP> socket bound, port 23
--- ESP32 WIFI MODULE --- NFT MASTER --- v1.0 - Jan 27 2023 - rb -
stat
CNT: 556 VBAT: 9.80 IBAT: -50.76 VSOL: 3.97 T: 13.04 RH: 57.05 PAR: 1777 T_EC: -22.66 EC: 0.34
OK
>ESP32 watchdog reset
esp_stop 40
ESP> got ip: 192:168:178:47
ESP> connected to ap SSID: Crystal Radio / password:xxxxxxxxx
ESP> socket bound, pESP> got ip: 192:168:178:47
ESP> connected to ap SSID: Crystal Radio / password:xxxxxxxxx
ESP> socket bound, port 23
--- ESP32 WIFI MODULE --- NFT MASTER --- v1.0 - Jan 27 2023 - rb -
stat
CNT: 557 VBAT: 9.80 IBAT: -50.76 VSOL: 3.96 T: 13.01 RH: 57.08 PAR: 1776 T_EC: -22.64 EC: 0.34
OK
>ESP32 watchdog reset
esp_stop 40
ESP> got ip: 192:168:178:47
ESP> connected to ap SSID: Crystal Radio / password:xxxxxxxxx
ESP> socket bound, pESP> got ip: 192:168:178:47
ESP> connected to ap SSID: Crystal Radio / password:xxxxxxxxx
ESP> socket bound, port 23
--- ESP32 WIFI MODULE --- NFT MASTER --- v1.0 - Jan 27 2023 - rb -
stat
CNT: 558 VBAT: 9.79 IBAT: -51.56 VSOL: 3.96 T: 12.98 RH: 57.05 PAR: 1776 T_EC: -22.66 EC: 0.32
OK
>ESP32 watchdog reset
esp_stop 40
ESP> got ip: 192:168:178:47
ESP> connected to ap SSID: Crystal Radio / password:xxxxxxxxx
ESP> socket bound, pESP> got ip: 192:168:178:47
ESP> connected to ap SSID: Crystal Radio / password:xxxxxxxxx
ESP> socket bound, port 23
--- ESP32 WIFI MODULE --- NFT MASTER --- v1.0 - Jan 27 2023 - rb -
stat
CNT: 559 VBAT: 9.79 IBAT: -50.76 VSOL: 3.95 T: 12.96 RH: 57.14 PAR: 384 T_EC: -22.62 EC: 0.36
OK
>ESP32 watchdog reset
esp_stop 40
ESP> got ip: 192:168:178:47
ESP> connected to ap SSID: Crystal Radio / password:xxxxxxxxx
ESP> socket bound, pESP> got ip: 192:168:178:47
ESP> connected to ap SSID: Crystal Radio / password:xxxxxxxxx
ESP> socket bound, port 23
--- ESP32 WIFI MODULE --- NFT MASTER --- v1.0 - Jan 27 2023 - rb -
stat
CNT: 560 VBAT: 9.79 IBAT: -50.76 VSOL: 3.95 T: 12.94 RH: 57.22 PAR: 1 T_EC: -22.64 EC: 0.36
OK
>ESP32 watchdog reset
esp_stop 40
ESP> got ip: 192:168:178:47
ESP> connected to ap SSID: Crystal Radio / password:xxxxxxxxx
ESP> socket bound, pESP> got ip: 192:168:178:47
ESP> connected to ap SSID: Crystal Radio / password:xxxxxxxxx
ESP> socket bound, port 23
--- ESP32 WIFI MODULE --- NFT MASTER --- v1.0 - Jan 27 2023 - rb -
stat
CNT: 561 VBAT: 9.78 IBAT: -49.15 VSOL: 3.94 T: 12.93 RH: 57.31 PAR: 0 T_EC: -22.63 EC: 0.43
OK
>ESP32 watchdog reset
esp_stop 40
ESP> got ip: 192:168:178:47
ESP> connected to ap SSID: Crystal Radio / password:xxxxxxxxx
ESP> socket bound, pESP> got ip: 192:168:178:47
ESP> connected to ap SSID: Crystal Radio / password:xxxxxxxxx
ESP> socket bound, port 23
--- ESP32 WIFI MODULE --- NFT MASTER --- v1.0 - Jan 27 2023 - rb -
stat
CNT: 562 VBAT: 9.77 IBAT: -53.98 VSOL: 3.94 T: 12.90 RH: 57.36 PAR: 0 T_EC: -22.63 EC: 0.32
OK
>ESP32 watchdog reset
esp_stop 40
ESP> got ip: 192:168:178:47
ESP> connected to ap SSID: Crystal Radio / password:xxxxxxxxx
ESP> socket bound, pESP> got ip: 192:168:178:47
ESP> connected to ap SSID: Crystal Radio / password:xxxxxxxxx
ESP> socket bound, port 23
--- ESP32 WIFI MODULE --- NFT MASTER --- v1.0 - Jan 27 2023 - rb -
stat
CNT: 563 VBAT: 9.77 IBAT: -63.65 VSOL: 3.93 T: 12.90 RH: 57.25 PAR: 1776 T_EC: -22.62 EC: 0.33
OK
>ESP32 watchdog reset
esp_stop 40
ESP> got ip: 192:168:178:47
ESP> connected to ap SSID: Crystal Radio / password:xxxxxxxxx
ESP> socket bound, pESP> got ip: 192:168:178:47
ESP> connected to ap SSID: Crystal Radio / password:xxxxxxxxx
ESP> socket bound, port 23
--- ESP32 WIFI MODULE --- NFT MASTER --- v1.0 - Jan 27 2023 - rb -
stat
CNT: 564 VBAT: 9.77 IBAT: -50.76 VSOL: 3.93 T: 12.88 RH: 57.11 PAR: 0 T_EC: -22.63 EC: 0.34
OK
>ESP32 watchdog reset
esp_stop 40
ESP> got ip: 192:168:178:47
ESP> connected to ap SSID: Crystal Radio / password:xxxxxxxxx
ESP> socket bound, pESP> got ip: 192:168:178:47
ESP> connected to ap SSID: Crystal Radio / password:xxxxxxxxx
ESP> socket bound, port 23
--- ESP32 WIFI MODULE --- NFT MASTER --- v1.0 - Jan 27 2023 - rb -
stat
CNT: 565 VBAT: 9.76 IBAT: -67.68 VSOL: 3.92 T: 12.86 RH: 57.11 PAR: 1777 T_EC: -22.66 EC: 0.51
OK
>ESP32 watchdog reset
esp_stop 40
ESP> got ip: 192:168:178:47
ESP> connected to ap SSID: Crystal Radio / password:xxxxxxxxx
ESP> socket bound, pESP> got ip: 192:168:178:47
ESP> connected to ap SSID: Crystal Radio / password:xxxxxxxxx
ESP> socket bound, port 23
--- ESP32 WIFI MODULE --- NFT MASTER --- v1.0 - Jan 27 2023 - rb -
stat
CNT: 566 VBAT: 9.76 IBAT: -50.76 VSOL: 3.91 T: 12.83 RH: 56.94 PAR: 1776 T_EC: -22.62 EC: 0.34
OK
>ESP32 watchdog reset
esp_stop 40
ESP> got ip: 192:168:178:47
ESP> connected to ap SSID: Crystal Radio / password:xxxxxxxxx
ESP> socket bound, pESP> got ip: 192:168:178:47
ESP> connected to ap SSID: Crystal Radio / password:xxxxxxxxx
ESP> socket bound, port 23
--- ESP32 WIFI MODULE --- NFT MASTER --- v1.0 - Jan 27 2023 - rb -
stat
CNT: 567 VBAT: 9.76 IBAT: -78.96 VSOL: 3.91 T: 12.82 RH: 57.14 PAR: 1 T_EC: -22.67 EC: 0.50
OK
>ESP32 watchdog reset
esp_stop 40
ESP> got ip: 192:168:178:47
ESP> connected to ap SSID: Crystal Radio / password:xxxxxxxxx
ESP> socket bound, pESP> got ip: 192:168:178:47
ESP> connected to ap SSID: Crystal Radio / password:xxxxxxxxx
ESP> socket bound, port 23
--- ESP32 WIFI MODULE --- NFT MASTER --- v1.0 - Jan 27 2023 - rb -
stat
CNT: 568 VBAT: 9.75 IBAT: -61.23 VSOL: 3.90 T: 12.80 RH: 57.17 PAR: 0 T_EC: -22.64 EC: 0.35
OK
>ESP32 watchdog reset
esp_stop 40
ESP> got ip: 192:168:178:47
ESP> connected to ap SSID: Crystal Radio / password:xxxxxxxxx
ESP> socket bound, pESP> got ip: 192:168:178:47
ESP> connected to ap SSID: Crystal Radio / password:xxxxxxxxx
ESP> socket bound, port 23
--- ESP32 WIFI MODULE --- NFT MASTER --- v1.0 - Jan 27 2023 - rb -
stat
CNT: 569 VBAT: 9.74 IBAT: -51.56 VSOL: 3.89 T: 12.79 RH: 57.17 PAR: 1776 T_EC: -22.63 EC: 0.30
OK
>ESP32 watchdog reset
esp_stop 40
ESP> got ip: 192:168:178:47
ESP> connected to ap SSID: Crystal Radio / password:xxxxxxxxx
ESP> socket bound, pESP> got ip: 192:168:178:47
ESP> connected to ap SSID: Crystal Radio / password:xxxxxxxxx
ESP> socket bound, port 23
--- ESP32 WIFI MODULE --- NFT MASTER --- v1.0 - Jan 27 2023 - rb -
stat
CNT: 570 VBAT: 9.73 IBAT: -79.76 VSOL: 3.89 T: 12.77 RH: 57.22 PAR: 0 T_EC: -22.64 EC: 0.42
OK
>ESP32 watchdog reset
esp_stop 40
ESP> got ip: 192:168:178:47
ESP> connected to ap SSID: Crystal Radio / password:xxxxxxxxx
ESP> socket bound, pESP> got ip: 192:168:178:47
ESP> connected to ap SSID: Crystal Radio / password:xxxxxxxxx
ESP> socket bound, port 23
--- ESP32 WIFI MODULE --- NFT MASTER --- v1.0 - Jan 27 2023 - rb -
stat
CNT: 571 VBAT: 9.73 IBAT: -51.56 VSOL: 3.89 T: 12.75 RH: 57.22 PAR: 1776 T_EC: -22.64 EC: 0.37
OK
>ESP32 watchdog reset
esp_stop 40
ESP> got ip: 192:168:178:47
ESP> connected to ap SSID: Crystal Radio / password:xxxxxxxxx
ESP> socket bound, pESP> got ip: 192:168:178:47
ESP> connected to ap SSID: Crystal Radio / password:xxxxxxxxx
ESP> socket bound, port 23
--- ESP32 WIFI MODULE --- NFT MASTER --- v1.0 - Jan 27 2023 - rb -
stat
CNT: 572 VBAT: 9.72 IBAT: -57.20 VSOL: 3.88 T: 12.74 RH: 57.25 PAR: 1776 T_EC: -22.64 EC: 0.53
OK
>ESP32 watchdog reset
esp_stop 40
ESP> got ip: 192:168:178:47
ESP> connected to ap SSID: Crystal Radio / password:xxxxxxxxx
ESP> socket bound, pESP> got ip: 192:168:178:47
ESP> connected to ap SSID: Crystal Radio / password:xxxxxxxxx
ESP> socket bound, port 23
--- ESP32 WIFI MODULE --- NFT MASTER --- v1.0 - Jan 27 2023 - rb -
stat
CNT: 573 VBAT: 9.72 IBAT: -54.79 VSOL: 3.89 T: 12.74 RH: 57.20 PAR: 0 T_EC: -22.70 EC: 0.32
OK
>ESP32 watchdog reset
esp_stop 40
ESP> got ip: 192:168:178:47
ESP> connected to ap SSID: Crystal Radio / password:xxxxxxxxx
ESP> socket bound, pESP> got ip: 192:168:178:47
ESP> connected to ap SSID: Crystal Radio / password:xxxxxxxxx
ESP> socket bound, port 23
--- ESP32 WIFI MODULE --- NFT MASTER --- v1.0 - Jan 27 2023 - rb -
stat
CNT: 574 VBAT: 9.71 IBAT: -51.56 VSOL: 3.88 T: 12.72 RH: 57.36 PAR: 0 T_EC: -22.64 EC: 0.32
OK
>ESP32 watchdog reset
esp_stop 40
ESP> got ip: 192:168:178:47
ESP> connected to ap SSID: Crystal Radio / password:xxxxxxxxx
ESP> socket bound, pESP> got ip: 192:168:178:47
ESP> connected to ap SSID: Crystal Radio / password:xxxxxxxxx
ESP> socket bound, port 23
--- ESP32 WIFI MODULE --- NFT MASTER --- v1.0 - Jan 27 2023 - rb -
stat
CNT: 575 VBAT: 9.71 IBAT: -50.76 VSOL: 3.88 T: 12.70 RH: 57.22 PAR: 1776 T_EC: -22.66 EC: 0.31
OK
>ESP32 watchdog reset
esp_stop 40
ESP> got ip: 192:168:178:47
ESP> connected to ap SSID: Crystal Radio / password:xxxxxxxxx
ESP> socket bound, port 23
--- ESP32 WIFI MODULE --- NFT MASTER --- v1.0 - Jan 27 2023 - rb -
stat
CNT: 576 VBAT: 9.70 IBAT: -49.15 VSOL: 3.87 T: 12.70 RH: 57.20 PAR: 1776 T_EC: -22.65 EC: 0.34
OK
>ESP32 watchdog reset
esp_stop 40
ESP> got ip: 192:168:178:47
ESP> connected to ap SSID: Crystal Radio / password:xxxxxxxxx
ESP> socket bound, pESP> got ip: 192:168:178:47
ESP> connected to ap SSID: Crystal Radio / password:xxxxxxxxx
ESP> socket bound, port 23
--- ESP32 WIFI MODULE --- NFT MASTER --- v1.0 - Jan 27 2023 - rb -
stat
CNT: 577 VBAT: 9.70 IBAT: -50.76 VSOL: 3.86 T: 12.69 RH: 57.20 PAR: 0 T_EC: -22.63 EC: 0.33
OK
>ESP32 watchdog reset
esp_stop 40
ESP> got ip: 192:168:178:47
ESP> connected to ap SSID: Crystal Radio / password:xxxxxxxxx
ESP> socket bound, pESP> got ip: 192:168:178:47
ESP> connected to ap SSID: Crystal Radio / password:xxxxxxxxx
ESP> socket bound, port 23
--- ESP32 WIFI MODULE --- NFT MASTER --- v1.0 - Jan 27 2023 - rb -
stat
CNT: 578 VBAT: 9.69 IBAT: -49.15 VSOL: 3.86 T: 12.67 RH: 57.17 PAR: 0 T_EC: -22.62 EC: 0.33
OK
>ESP32 watchdog reset
esp_stop 40
ESP> got ip: 192:168:178:47
ESP> connected to ap SSID: Crystal Radio / password:xxxxxxxxx
ESP> socket bound, pESP> got ip: 192:168:178:47
ESP> connected to ap SSID: Crystal Radio / password:xxxxxxxxx
ESP> socket bound, port 23
--- ESP32 WIFI MODULE --- NFT MASTER --- v1.0 - Jan 27 2023 - rb -
stat
CNT: 579 VBAT: 9.69 IBAT: -49.95 VSOL: 3.85 T: 12.65 RH: 57.25 PAR: 109 T_EC: -22.62 EC: 0.36
OK
>ESP32 watchdog reset
esp_stop 40
ESP> got ip: 192:168:178:47
ESP> connected to ap SSID: Crystal Radio / password:xxxxxxxxx
ESP> socket bound, pESP> got ip: 192:168:178:47
ESP> connected to ap SSID: Crystal Radio / password:xxxxxxxxx
ESP> socket bound, port 23
--- ESP32 WIFI MODULE --- NFT MASTER --- v1.0 - Jan 27 2023 - rb -
stat
CNT: 580 VBAT: 9.68 IBAT: -50.76 VSOL: 3.85 T: 12.64 RH: 57.25 PAR: 1776 T_EC: -22.62 EC: 0.34
OK
>ESP32 watchdog reset
esp_stop 40
ESP> got ip: 192:168:178:47
ESP> connected to ap SSID: Crystal Radio / password:xxxxxxxxx
ESP> socket bound, pESP> got ip: 192:168:178:47
ESP> connected to ap SSID: Crystal Radio / password:xxxxxxxxx
ESP> socket bound, port 23
--- ESP32 WIFI MODULE --- NFT MASTER --- v1.0 - Jan 27 2023 - rb -
stat
CNT: 581 VBAT: 9.68 IBAT: -49.15 VSOL: 3.85 T: 12.63 RH: 57.28 PAR: 1776 T_EC: -22.64 EC: 0.34
OK
>ESP32 watchdog reset
esp_stop 40
ESP> got ip: 192:168:178:47
ESP> connected to ap SSID: Crystal Radio / password:xxxxxxxxx
ESP> socket bound, port 23
--- ESP32 WIFI MODULE --- NFT MASTER --- v1.0 - Jan 27 2023 - rb -
stat
CNT: 582 VBAT: 9.67 IBAT: -49.95 VSOL: 3.84 T: 12.61 RH: 57.25 PAR: 8 T_EC: -22.62 EC: 0.30
OK
>ESP32 watchdog reset
esp_stop 40
ESP> got ip: 192:168:178:47
ESP> connected to ap SSID: Crystal Radio / password:xxxxxxxxx
ESP> socket bound, pESP> got ip: 192:168:178:47
ESP> connected to ap SSID: Crystal Radio / password:xxxxxxxxx
ESP> socket bound, port 23
--- ESP32 WIFI MODULE --- NFT MASTER --- v1.0 - Jan 27 2023 - rb -
stat
CNT: 583 VBAT: 9.67 IBAT: -50.76 VSOL: 3.83 T: 12.60 RH: 57.36 PAR: 1776 T_EC: -22.62 EC: 0.34
OK
>ESP32 watchdog reset
esp_stop 40
ESP> got ip: 192:168:178:47
ESP> connected to ap SSID: Crystal Radio / password:xxxxxxxxx
ESP> socket bound, pESP> got ip: 192:168:178:47
ESP> connected to ap SSID: Crystal Radio / password:xxxxxxxxx
ESP> socket bound, port 23
--- ESP32 WIFI MODULE --- NFT MASTER --- v1.0 - Jan 27 2023 - rb -
stat
CNT: 584 VBAT: 9.66 IBAT: -50.76 VSOL: 3.82 T: 12.58 RH: 57.31 PAR: 1776 T_EC: -22.64 EC: 0.34
OK
>ESP32 watchdog reset
esp_stop 40
ESP> got ip: 192:168:178:47
ESP> connected to ap SSID: Crystal Radio / password:xxxxxxxxx
ESP> socket bound, pESP> got ip: 192:168:178:47
ESP> connected to ap SSID: Crystal Radio / password:xxxxxxxxx
ESP> socket bound, port 23
--- ESP32 WIFI MODULE --- NFT MASTER --- v1.0 - Jan 27 2023 - rb -
stat
CNT: 585 VBAT: 9.66 IBAT: -49.15 VSOL: 3.82 T: 12.59 RH: 57.56 PAR: 43 T_EC: -22.66 EC: 0.34
OK
>ESP32 watchdog reset
esp_stop 40
ESP> got ip: 192:168:178:47
ESP> connected to ap SSID: Crystal Radio / password:xxxxxxxxx
ESP> socket bound, pESP> got ip: 192:168:178:47
ESP> connected to ap SSID: Crystal Radio / password:xxxxxxxxx
ESP> socket bound, port 23
--- ESP32 WIFI MODULE --- NFT MASTER --- v1.0 - Jan 27 2023 - rb -
stat
CNT: 586 VBAT: 9.65 IBAT: -49.95 VSOL: 3.81 T: 12.58 RH: 57.51 PAR: 0 T_EC: -22.64 EC: 0.38
OK
>ESP32 watchdog reset
esp_stop 40
ESP> got ip: 192:168:178:47
ESP> connected to ap SSID: Crystal Radio / password:xxxxxxxxx
ESP> socket bound, pESP> got ip: 192:168:178:47
ESP> connected to ap SSID: Crystal Radio / password:xxxxxxxxx
ESP> socket bound, port 23
--- ESP32 WIFI MODULE --- NFT MASTER --- v1.0 - Jan 27 2023 - rb -
stat
CNT: 587 VBAT: 9.65 IBAT: -52.37 VSOL: 3.81 T: 12.56 RH: 57.34 PAR: 1776 T_EC: -22.63 EC: 0.33
OK
>ESP32 watchdog reset
esp_stop 40
ESP> got ip: 192:168:178:47
ESP> connected to ap SSID: Crystal Radio / password:xxxxxxxxx
ESP> socket bound, pESP> got ip: 192:168:178:47
ESP> connected to ap SSID: Crystal Radio / password:xxxxxxxxx
ESP> socket bound, port 23
--- ESP32 WIFI MODULE --- NFT MASTER --- v1.0 - Jan 27 2023 - rb -
stat
CNT: 588 VBAT: 9.64 IBAT: -51.56 VSOL: 3.81 T: 12.56 RH: 57.42 PAR: 1776 T_EC: -22.65 EC: 0.33
OK
>ESP32 watchdog reset
esp_stop 40
ESP> got ip: 192:168:178:47
ESP> connected to ap SSID: Crystal Radio / password:xxxxxxxxx
ESP> socket bound, port 23
--- ESP32 WIFI MODULE --- NFT MASTER --- v1.0 - Jan 27 2023 - rb -
stat
CNT: 589 VBAT: 9.63 IBAT: -51.56 VSOL: 3.80 T: 12.54 RH: 57.36 PAR: 1776 T_EC: -22.64 EC: 0.33
OK
>ESP32 watchdog reset
esp_stop 40
ESP> got ip: 192:168:178:47
ESP> connected to ap SSID: Crystal Radio / password:xxxxxxxxx
ESP> socket bound, pESP> got ip: 192:168:178:47
ESP> connected to ap SSID: Crystal Radio / password:xxxxxxxxx
ESP> socket bound, port 23
--- ESP32 WIFI MODULE --- NFT MASTER --- v1.0 - Jan 27 2023 - rb -
stat
CNT: 590 VBAT: 9.63 IBAT: -51.56 VSOL: 3.80 T: 12.54 RH: 57.39 PAR: 1776 T_EC: -22.64 EC: 0.33
OK
>ESP32 watchdog reset
esp_stop 40
ESP> got ip: 192:168:178:47
ESP> connected to ap SSID: Crystal Radio / password:xxxxxxxxx
ESP> socket bound, pESP> got ip: 192:168:178:47
ESP> connected to ap SSID: Crystal Radio / password:xxxxxxxxx
ESP> socket bound, port 23
--- ESP32 WIFI MODULE --- NFT MASTER --- v1.0 - Jan 27 2023 - rb -
stat
CNT: 591 VBAT: 9.62 IBAT: -51.56 VSOL: 3.79 T: 12.54 RH: 57.53 PAR: 0 T_EC: -22.64 EC: 0.32
OK
>ESP32 watchdog reset
esp_stop 40
ESP> got ip: 192:168:178:47
ESP> connected to ap SSID: Crystal Radio / password:xxxxxxxxx
ESP> socket bound, pESP> got ip: 192:168:178:47
ESP> connected to ap SSID: Crystal Radio / password:xxxxxxxxx
ESP> socket bound, port 23
--- ESP32 WIFI MODULE --- NFT MASTER --- v1.0 - Jan 27 2023 - rb -
stat
CNT: 592 VBAT: 9.61 IBAT: -53.98 VSOL: 3.78 T: 12.50 RH: 57.42 PAR: 1776 T_EC: -22.67 EC: 0.32
OK
>ESP32 watchdog reset
esp_stop 40
ESP> got ip: 192:168:178:47
ESP> connected to ap SSID: Crystal Radio / password:xxxxxxxxx
ESP> socket bound, pESP> got ip: 192:168:178:47
ESP> connected to ap SSID: Crystal Radio / password:xxxxxxxxx
ESP> socket bound, port 23
--- ESP32 WIFI MODULE --- NFT MASTER --- v1.0 - Jan 27 2023 - rb -
stat
CNT: 593 VBAT: 9.61 IBAT: -53.98 VSOL: 3.77 T: 12.49 RH: 57.51 PAR: 1776 T_EC: -22.64 EC: 0.32
OK
>ESP32 watchdog reset
esp_stop 40
ESP> got ip: 192:168:178:47
ESP> connected to ap SSID: Crystal Radio / password:xxxxxxxxx
ESP> socket bound, pESP> got ip: 192:168:178:47
ESP> connected to ap SSID: Crystal Radio / password:xxxxxxxxx
ESP> socket bound, port 23
--- ESP32 WIFI MODULE --- NFT MASTER --- v1.0 - Jan 27 2023 - rb -
stat
CNT: 594 VBAT: 9.60 IBAT: -51.56 VSOL: 3.76 T: 12.50 RH: 57.51 PAR: 1777 T_EC: -22.64 EC: 0.37
OK
>ESP32 watchdog reset
esp_stop 40
ESP> got ip: 192:168:178:47
ESP> connected to ap SSID: Crystal Radio / password:xxxxxxxxx
ESP> socket bound, pESP> got ip: 192:168:178:47
ESP> connected to ap SSID: Crystal Radio / password:xxxxxxxxx
ESP> socket bound, port 23
--- ESP32 WIFI MODULE --- NFT MASTER --- v1.0 - Jan 27 2023 - rb -
stat
CNT: 595 VBAT: 9.59 IBAT: -49.15 VSOL: 3.76 T: 12.48 RH: 57.56 PAR: 233 T_EC: -22.64 EC: 0.35
OK
>ESP32 watchdog reset
esp_stop 40
ESP> got ip: 192:168:178:47
ESP> connected to ap SSID: Crystal Radio / password:xxxxxxxxx
ESP> socket bound, pESP> got ip: 192:168:178:47
ESP> connected to ap SSID: Crystal Radio / password:xxxxxxxxx
ESP> socket bound, port 23
--- ESP32 WIFI MODULE --- NFT MASTER --- v1.0 - Jan 27 2023 - rb -
stat
CNT: 596 VBAT: 9.59 IBAT: -50.76 VSOL: 3.75 T: 12.46 RH: 57.51 PAR: 1776 T_EC: -22.62 EC: 0.36
OK
>ESP32 watchdog reset
esp_stop 40
ESP> got ip: 192:168:178:47
ESP> connected to ap SSID: Crystal Radio / password:xxxxxxxxx
ESP> socket bound, pESP> got ip: 192:168:178:47
ESP> connected to ap SSID: Crystal Radio / password:xxxxxxxxx
ESP> socket bound, port 23
--- ESP32 WIFI MODULE --- NFT MASTER --- v1.0 - Jan 27 2023 - rb -
stat
CNT: 597 VBAT: 9.58 IBAT: -51.56 VSOL: 3.76 T: 12.46 RH: 57.51 PAR: 1776 T_EC: -22.62 EC: 0.33
OK
>ESP32 watchdog reset
esp_stop 40
ESP> got ip: 192:168:178:47
ESP> connected to ap SSID: Crystal Radio / password:xxxxxxxxx
ESP> socket bound, pESP> got ip: 192:168:178:47
ESP> connected to ap SSID: Crystal Radio / password:xxxxxxxxx
ESP> socket bound, port 23
--- ESP32 WIFI MODULE --- NFT MASTER --- v1.0 - Jan 27 2023 - rb -
stat
CNT: 598 VBAT: 9.57 IBAT: -51.56 VSOL: 3.74 T: 12.46 RH: 57.53 PAR: 1776 T_EC: -22.67 EC: 0.34
OK
>ESP32 watchdog reset
esp_stop 40
ESP> got ip: 192:168:178:47
ESP> connected to ap SSID: Crystal Radio / password:xxxxxxxxx
ESP> socket bound, pESP> got ip: 192:168:178:47
ESP> connected to ap SSID: Crystal Radio / password:xxxxxxxxx
ESP> socket bound, port 23
--- ESP32 WIFI MODULE --- NFT MASTER --- v1.0 - Jan 27 2023 - rb -
stat
CNT: 599 VBAT: 9.57 IBAT: -49.95 VSOL: 3.74 T: 12.45 RH: 57.59 PAR: 1776 T_EC: -22.64 EC: 0.34
OK
>ESP32 watchdog reset
esp_stop 40
ESP> got ip: 192:168:178:47
ESP> connected to ap SSID: Crystal Radio / password:xxxxxxxxx
ESP> socket bound, pESP> got ip: 192:168:178:47
ESP> connected to ap SSID: Crystal Radio / password:xxxxxxxxx
ESP> socket bound, port 23
--- ESP32 WIFI MODULE --- NFT MASTER --- v1.0 - Jan 27 2023 - rb -
stat
CNT: 600 VBAT: 9.57 IBAT: -52.37 VSOL: 3.73 T: 12.44 RH: 57.56 PAR: 3 T_EC: -22.63 EC: 0.32
OK
>ESP32 watchdog reset
esp_stop 40
ESP> got ip: 192:168:178:47
ESP> connected to ap SSID: Crystal Radio / password:xxxxxxxxx
ESP> socket bound, pESP> got ip: 192:168:178:47
ESP> connected to ap SSID: Crystal Radio / password:xxxxxxxxx
ESP> socket bound, port 23
--- ESP32 WIFI MODULE --- NFT MASTER --- v1.0 - Jan 27 2023 - rb -
stat
CNT: 601 VBAT: 9.56 IBAT: -52.37 VSOL: 3.73 T: 12.43 RH: 57.73 PAR: 0 T_EC: -22.62 EC: 0.33
OK
>ESP32 watchdog reset
esp_stop 40
ESP> got ip: 192:168:178:47
ESP> connected to ap SSID: Crystal Radio / password:xxxxxxxxx
ESP> socket bound, pESP> got ip: 192:168:178:47
ESP> connected to ap SSID: Crystal Radio / password:xxxxxxxxx
ESP> socket bound, port 23
--- ESP32 WIFI MODULE --- NFT MASTER --- v1.0 - Jan 27 2023 - rb -
stat
CNT: 602 VBAT: 9.56 IBAT: -51.56 VSOL: 3.72 T: 12.40 RH: 57.62 PAR: 0 T_EC: -22.65 EC: 0.34
OK
>ESP32 watchdog reset
esp_stop 40
ESP> got ip: 192:168:178:47
ESP> connected to ap SSID: Crystal Radio / password:xxxxxxxxx
ESP> socket bound, pESP> got ip: 192:168:178:47
ESP> connected to ap SSID: Crystal Radio / password:xxxxxxxxx
ESP> socket bound, port 23
--- ESP32 WIFI MODULE --- NFT MASTER --- v1.0 - Jan 27 2023 - rb -
stat
CNT: 603 VBAT: 9.55 IBAT: -52.37 VSOL: 3.72 T: 12.40 RH: 57.79 PAR: 0 T_EC: -22.62 EC: 0.35
OK
>ESP32 watchdog reset
esp_stop 40
ESP> got ip: 192:168:178:47
ESP> connected to ap SSID: Crystal Radio / password:xxxxxxxxx
ESP> socket bound, pESP> got ip: 192:168:178:47
ESP> connected to ap SSID: Crystal Radio / password:xxxxxxxxx
ESP> socket bound, port 23
--- ESP32 WIFI MODULE --- NFT MASTER --- v1.0 - Jan 27 2023 - rb -
stat
CNT: 604 VBAT: 9.54 IBAT: -50.76 VSOL: 3.71 T: 12.40 RH: 57.76 PAR: 1777 T_EC: -22.62 EC: 0.33
OK
>ESP32 watchdog reset
esp_stop 40
ESP> got ip: 192:168:178:47
ESP> connected to ap SSID: Crystal Radio / password:xxxxxxxxx
ESP> socket bound, pESP> got ip: 192:168:178:47
ESP> connected to ap SSID: Crystal Radio / password:xxxxxxxxx
ESP> socket bound, port 23
--- ESP32 WIFI MODULE --- NFT MASTER --- v1.0 - Jan 27 2023 - rb -
stat
CNT: 605 VBAT: 9.54 IBAT: -53.17 VSOL: 3.70 T: 12.39 RH: 57.76 PAR: 1 T_EC: -22.62 EC: 0.31
OK
>ESP32 watchdog reset
esp_stop 40
ESP> got ip: 192:168:178:47
ESP> connected to ap SSID: Crystal Radio / password:xxxxxxxxx
ESP> socket bound, pESP> got ip: 192:168:178:47
ESP> connected to ap SSID: Crystal Radio / password:xxxxxxxxx
ESP> socket bound, port 23
--- ESP32 WIFI MODULE --- NFT MASTER --- v1.0 - Jan 27 2023 - rb -
stat
CNT: 606 VBAT: 9.53 IBAT: -49.95 VSOL: 3.70 T: 12.39 RH: 57.84 PAR: 1776 T_EC: -22.60 EC: 0.34
OK
>ESP32 watchdog reset
esp_stop 40
ESP> got ip: 192:168:178:47
ESP> connected to ap SSID: Crystal Radio / password:xxxxxxxxx
ESP> socket bound, pESP> got ip: 192:168:178:47
ESP> connected to ap SSID: Crystal Radio / password:xxxxxxxxx
ESP> socket bound, port 23
--- ESP32 WIFI MODULE --- NFT MASTER --- v1.0 - Jan 27 2023 - rb -
stat
CNT: 607 VBAT: 9.52 IBAT: -51.56 VSOL: 3.69 T: 12.38 RH: 57.76 PAR: 1776 T_EC: -22.64 EC: 0.36
OK
>ESP32 watchdog reset
esp_stop 40
ESP> got ip: 192:168:178:47
ESP> connected to ap SSID: Crystal Radio / password:xxxxxxxxx
ESP> socket bound, pESP> got ip: 192:168:178:47
ESP> connected to ap SSID: Crystal Radio / password:xxxxxxxxx
ESP> socket bound, port 23
--- ESP32 WIFI MODULE --- NFT MASTER --- v1.0 - Jan 27 2023 - rb -
stat
CNT: 608 VBAT: 9.52 IBAT: -51.56 VSOL: 3.68 T: 12.37 RH: 57.87 PAR: 3 T_EC: -22.66 EC: 0.36
OK
>ESP32 watchdog reset
esp_stop 40
ESP> got ip: 192:168:178:47
ESP> connected to ap SSID: Crystal Radio / password:xxxxxxxxx
ESP> socket bound, pESP> got ip: 192:168:178:47
ESP> connected to ap SSID: Crystal Radio / password:xxxxxxxxx
ESP> socket bound, port 23
--- ESP32 WIFI MODULE --- NFT MASTER --- v1.0 - Jan 27 2023 - rb -
stat
CNT: 609 VBAT: 9.50 IBAT: -51.56 VSOL: 3.68 T: 12.36 RH: 57.79 PAR: 8 T_EC: -22.61 EC: 0.35
OK
>ESP32 watchdog reset
esp_stop 40
ESP> got ip: 192:168:178:47
ESP> connected to ap SSID: Crystal Radio / password:xxxxxxxxx
ESP> socket bound, pESP> got ip: 192:168:178:47
ESP> connected to ap SSID: Crystal Radio / password:xxxxxxxxx
ESP> socket bound, port 23
--- ESP32 WIFI MODULE --- NFT MASTER --- v1.0 - Jan 27 2023 - rb -
stat
CNT: 610 VBAT: 9.50 IBAT: -49.15 VSOL: 3.67 T: 12.36 RH: 57.67 PAR: 0 T_EC: -22.64 EC: 0.31
OK
>ESP32 watchdog reset
esp_stop 40
ESP> got ip: 192:168:178:47
ESP> connected to ap SSID: Crystal Radio / password:xxxxxxxxx
ESP> socket bound, pESP> got ip: 192:168:178:47
ESP> connected to ap SSID: Crystal Radio / password:xxxxxxxxx
ESP> socket bound, port 23
--- ESP32 WIFI MODULE --- NFT MASTER --- v1.0 - Jan 27 2023 - rb -
stat
CNT: 611 VBAT: 9.49 IBAT: -50.76 VSOL: 3.66 T: 12.34 RH: 57.98 PAR: 1776 T_EC: -22.63 EC: 0.32
OK
>ESP32 watchdog reset
esp_stop 40
ESP> got ip: 192:168:178:47
ESP> connected to ap SSID: Crystal Radio / password:xxxxxxxxx
ESP> socket bound, pESP> got ip: 192:168:178:47
ESP> connected to ap SSID: Crystal Radio / password:xxxxxxxxx
ESP> socket bound, port 23
--- ESP32 WIFI MODULE --- NFT MASTER --- v1.0 - Jan 27 2023 - rb -
stat
CNT: 612 VBAT: 9.48 IBAT: -51.56 VSOL: 3.65 T: 12.34 RH: 58.01 PAR: 1776 T_EC: -22.65 EC: 0.34
OK
>ESP32 watchdog reset
esp_stop 40
ESP> got ip: 192:168:178:47
ESP> connected to ap SSID: Crystal Radio / password:xxxxxxxxx
ESP> socket bound, pESP> got ip: 192:168:178:47
ESP> connected to ap SSID: Crystal Radio / password:xxxxxxxxx
ESP> socket bound, port 23
--- ESP32 WIFI MODULE --- NFT MASTER --- v1.0 - Jan 27 2023 - rb -
stat
CNT: 613 VBAT: 9.48 IBAT: -50.76 VSOL: 3.64 T: 12.34 RH: 57.95 PAR: 1776 T_EC: -22.64 EC: 0.30
OK
>ESP32 watchdog reset
esp_stop 40
ESP> got ip: 192:168:178:47
ESP> connected to ap SSID: Crystal Radio / password:xxxxxxxxx
ESP> socket bound, pESP> got ip: 192:168:178:47
ESP> connected to ap SSID: Crystal Radio / password:xxxxxxxxx
ESP> socket bound, port 23
--- ESP32 WIFI MODULE --- NFT MASTER --- v1.0 - Jan 27 2023 - rb -
stat
CNT: 614 VBAT: 9.47 IBAT: -50.76 VSOL: 3.64 T: 12.33 RH: 57.95 PAR: 0 T_EC: -22.61 EC: 0.40
OK
>ESP32 watchdog reset
esp_stop 40
ESP> got ip: 192:168:178:47
ESP> connected to ap SSID: Crystal Radio / password:xxxxxxxxx
ESP> socket bound, pESP> got ip: 192:168:178:47
ESP> connected to ap SSID: Crystal Radio / password:xxxxxxxxx
ESP> socket bound, port 23
--- ESP32 WIFI MODULE --- NFT MASTER --- v1.0 - Jan 27 2023 - rb -
stat
CNT: 615 VBAT: 9.47 IBAT: -52.37 VSOL: 3.63 T: 12.34 RH: 57.79 PAR: 1776 T_EC: -22.65 EC: 0.36
OK
>ESP32 watchdog reset
esp_stop 40
ESP> got ip: 192:168:178:47
ESP> connected to ap SSID: Crystal Radio / password:xxxxxxxxx
ESP> socket bound, port 23
--- ESP32 WIFI MODULE --- NFT MASTER --- v1.0 - Jan 27 2023 - rb -
stat
CNT: 616 VBAT: 9.46 IBAT: -53.17 VSOL: 3.63 T: 12.32 RH: 57.79 PAR: 1776 T_EC: -22.64 EC: 0.37
OK
>ESP32 watchdog reset
esp_stop 40
ESP> got ip: 192:168:178:47
ESP> connected to ap SSID: Crystal Radio / password:xxxxxxxxx
ESP> socket bound, pESP> got ip: 192:168:178:47
ESP> connected to ap SSID: Crystal Radio / password:xxxxxxxxx
ESP> socket bound, port 23
--- ESP32 WIFI MODULE --- NFT MASTER --- v1.0 - Jan 27 2023 - rb -
stat
CNT: 617 VBAT: 9.45 IBAT: -49.95 VSOL: 3.63 T: 12.32 RH: 57.90 PAR: 1776 T_EC: -22.61 EC: 0.31
OK
>ESP32 watchdog reset
esp_stop 40
ESP> got ip: 192:168:178:47
ESP> connected to ap SSID: Crystal Radio / password:xxxxxxxxx
ESP> socket bound, pESP> got ip: 192:168:178:47
ESP> connected to ap SSID: Crystal Radio / password:xxxxxxxxx
ESP> socket bound, port 23
--- ESP32 WIFI MODULE --- NFT MASTER --- v1.0 - Jan 27 2023 - rb -
stat
CNT: 618 VBAT: 9.44 IBAT: -51.56 VSOL: 3.61 T: 12.30 RH: 58.01 PAR: 14 T_EC: -22.64 EC: 0.36
OK
>ESP32 watchdog reset
esp_stop 40
ESP> got ip: 192:168:178:47
ESP> connected to ap SSID: Crystal Radio / password:xxxxxxxxx
ESP> socket bound, pESP> got ip: 192:168:178:47
ESP> connected to ap SSID: Crystal Radio / password:xxxxxxxxx
ESP> socket bound, port 23
--- ESP32 WIFI MODULE --- NFT MASTER --- v1.0 - Jan 27 2023 - rb -
stat
CNT: 619 VBAT: 9.44 IBAT: -49.95 VSOL: 3.60 T: 12.32 RH: 58.04 PAR: 23 T_EC: -22.64 EC: 0.34
OK
>ESP32 watchdog reset
esp_stop 40
ESP> got ip: 192:168:178:47
ESP> connected to ap SSID: Crystal Radio / password:xxxxxxxxx
ESP> socket bound, pESP> got ip: 192:168:178:47
ESP> connected to ap SSID: Crystal Radio / password:xxxxxxxxx
ESP> socket bound, port 23
--- ESP32 WIFI MODULE --- NFT MASTER --- v1.0 - Jan 27 2023 - rb -
stat
CNT: 620 VBAT: 9.43 IBAT: -50.76 VSOL: 3.60 T: 12.29 RH: 57.84 PAR: 4 T_EC: -22.62 EC: 0.32
OK
>ESP32 watchdog reset
esp_stop 40
ESP> got ip: 192:168:178:47
ESP> connected to ap SSID: Crystal Radio / password:xxxxxxxxx
ESP> socket bound, pESP> got ip: 192:168:178:47
ESP> connected to ap SSID: Crystal Radio / password:xxxxxxxxx
ESP> socket bound, port 23
--- ESP32 WIFI MODULE --- NFT MASTER --- v1.0 - Jan 27 2023 - rb -
stat
CNT: 621 VBAT: 9.42 IBAT: -50.76 VSOL: 3.59 T: 12.28 RH: 57.93 PAR: 1776 T_EC: -22.63 EC: 0.32
OK
>ESP32 watchdog reset
esp_stop 40
ESP> got ip: 192:168:178:47
ESP> connected to ap SSID: Crystal Radio / password:xxxxxxxxx
ESP> socket bound, pESP> got ip: 192:168:178:47
ESP> connected to ap SSID: Crystal Radio / password:xxxxxxxxx
ESP> socket bound, port 23
--- ESP32 WIFI MODULE --- NFT MASTER --- v1.0 - Jan 27 2023 - rb -
stat
CNT: 622 VBAT: 9.41 IBAT: -52.37 VSOL: 3.59 T: 12.26 RH: 57.90 PAR: 0 T_EC: -22.62 EC: 0.31
OK
>ESP32 watchdog reset
esp_stop 40
ESP> got ip: 192:168:178:47
ESP> connected to ap SSID: Crystal Radio / password:xxxxxxxxx
ESP> socket bound, pESP> got ip: 192:168:178:47
ESP> connected to ap SSID: Crystal Radio / password:xxxxxxxxx
ESP> socket bound, port 23
--- ESP32 WIFI MODULE --- NFT MASTER --- v1.0 - Jan 27 2023 - rb -
stat
CNT: 623 VBAT: 9.41 IBAT: -51.56 VSOL: 3.58 T: 12.28 RH: 58.09 PAR: 1776 T_EC: -22.62 EC: 0.35
OK
>ESP32 watchdog reset
esp_stop 40
ESP> got ip: 192:168:178:47
ESP> connected to ap SSID: Crystal Radio / password:xxxxxxxxx
ESP> socket bound, pESP> got ip: 192:168:178:47
ESP> connected to ap SSID: Crystal Radio / password:xxxxxxxxx
ESP> socket bound, port 23
--- ESP32 WIFI MODULE --- NFT MASTER --- v1.0 - Jan 27 2023 - rb -
stat
CNT: 624 VBAT: 9.40 IBAT: -51.56 VSOL: 3.57 T: 12.26 RH: 57.93 PAR: 1777 T_EC: -22.64 EC: 0.33
OK
>ESP32 watchdog reset
esp_stop 40
ESP> got ip: 192:168:178:47
ESP> connected to ap SSID: Crystal Radio / password:xxxxxxxxx
ESP> socket bound, pESP> got ip: 192:168:178:47
ESP> connected to ap SSID: Crystal Radio / password:xxxxxxxxx
ESP> socket bound, port 23
--- ESP32 WIFI MODULE --- NFT MASTER --- v1.0 - Jan 27 2023 - rb -
stat
CNT: 625 VBAT: 9.39 IBAT: -50.76 VSOL: 3.56 T: 12.27 RH: 58.01 PAR: 0 T_EC: -22.64 EC: 0.35
OK
>ESP32 watchdog reset
esp_stop 40
ESP> got ip: 192:168:178:47
ESP> connected to ap SSID: Crystal Radio / password:xxxxxxxxx
ESP> socket bound, pESP> got ip: 192:168:178:47
ESP> connected to ap SSID: Crystal Radio / password:xxxxxxxxx
ESP> socket bound, port 23
--- ESP32 WIFI MODULE --- NFT MASTER --- v1.0 - Jan 27 2023 - rb -
stat
CNT: 626 VBAT: 9.38 IBAT: -50.76 VSOL: 3.55 T: 12.26 RH: 58.26 PAR: 1776 T_EC: -22.62 EC: 0.35
OK
>ESP32 watchdog reset
esp_stop 40
ESP> got ip: 192:168:178:47
ESP> connected to ap SSID: Crystal Radio / password:xxxxxxxxx
ESP> socket bound, pESP> got ip: 192:168:178:47
ESP> connected to ap SSID: Crystal Radio / password:xxxxxxxxx
ESP> socket bound, port 23
--- ESP32 WIFI MODULE --- NFT MASTER --- v1.0 - Jan 27 2023 - rb -
stat
CNT: 627 VBAT: 9.38 IBAT: -49.95 VSOL: 3.55 T: 12.24 RH: 58.32 PAR: 1776 T_EC: -22.62 EC: 0.34
OK
>ESP32 watchdog reset
esp_stop 40
ESP> got ip: 192:168:178:47
ESP> connected to ap SSID: Crystal Radio / password:xxxxxxxxx
ESP> socket bound, port 23
--- ESP32 WIFI MODULE --- NFT MASTER --- v1.0 - Jan 27 2023 - rb -
stat
CNT: 628 VBAT: 9.37 IBAT: -49.95 VSOL: 3.55 T: 12.24 RH: 58.15 PAR: 2 T_EC: -22.62 EC: 0.33
OK
>ESP32 watchdog reset
esp_stop 40
ESP> got ip: 192:168:178:47
ESP> connected to ap SSID: Crystal Radio / password:xxxxxxxxx
ESP> socket bound, pESP> got ip: 192:168:178:47
ESP> connected to ap SSID: Crystal Radio / password:xxxxxxxxx
ESP> socket bound, port 23
--- ESP32 WIFI MODULE --- NFT MASTER --- v1.0 - Jan 27 2023 - rb -
stat
CNT: 629 VBAT: 9.36 IBAT: -50.76 VSOL: 3.53 T: 12.24 RH: 58.01 PAR: 671 T_EC: -22.64 EC: 0.35
OK
>ESP32 watchdog reset
esp_stop 40
ESP> got ip: 192:168:178:47
ESP> connected to ap SSID: Crystal Radio / password:xxxxxxxxx
ESP> socket bound, pESP> got ip: 192:168:178:47
ESP> connected to ap SSID: Crystal Radio / password:xxxxxxxxx
ESP> socket bound, port 23
--- ESP32 WIFI MODULE --- NFT MASTER --- v1.0 - Jan 27 2023 - rb -
stat
CNT: 630 VBAT: 9.35 IBAT: -51.56 VSOL: 3.52 T: 12.22 RH: 58.09 PAR: 3 T_EC: -22.64 EC: 0.35
OK
>ESP32 watchdog reset
esp_stop 40
ESP> got ip: 192:168:178:47
ESP> connected to ap SSID: Crystal Radio / password:xxxxxxxxx
ESP> socket bound, pESP> got ip: 192:168:178:47
ESP> connected to ap SSID: Crystal Radio / password:xxxxxxxxx
ESP> socket bound, port 23
--- ESP32 WIFI MODULE --- NFT MASTER --- v1.0 - Jan 27 2023 - rb -
stat
CNT: 631 VBAT: 9.35 IBAT: -52.37 VSOL: 3.52 T: 12.21 RH: 58.15 PAR: 1777 T_EC: -22.62 EC: 0.32
OK
>ESP32 watchdog reset
esp_stop 40
ESP> got ip: 192:168:178:47
ESP> connected to ap SSID: Crystal Radio / password:xxxxxxxxx
ESP> socket bound, pESP> got ip: 192:168:178:47
ESP> connected to ap SSID: Crystal Radio / password:xxxxxxxxx
ESP> socket bound, port 23
--- ESP32 WIFI MODULE --- NFT MASTER --- v1.0 - Jan 27 2023 - rb -
stat
CNT: 632 VBAT: 9.34 IBAT: -53.98 VSOL: 3.51 T: 12.21 RH: 58.04 PAR: 1776 T_EC: -22.63 EC: 0.35
OK
>ESP32 watchdog reset
esp_stop 40
ESP> got ip: 192:168:178:47
ESP> connected to ap SSID: Crystal Radio / password:xxxxxxxxx
ESP> socket bound, pESP> got ip: 192:168:178:47
ESP> connected to ap SSID: Crystal Radio / password:xxxxxxxxx
ESP> socket bound, port 23
--- ESP32 WIFI MODULE --- NFT MASTER --- v1.0 - Jan 27 2023 - rb -
stat
CNT: 633 VBAT: 9.33 IBAT: -53.17 VSOL: 3.50 T: 12.22 RH: 58.09 PAR: 0 T_EC: -22.61 EC: 0.33
OK
>ESP32 watchdog reset
esp_stop 40
ESP> got ip: 192:168:178:47
ESP> connected to ap SSID: Crystal Radio / password:xxxxxxxxx
ESP> socket bound, port 23
--- ESP32 WIFI MODULE --- NFT MASTER --- v1.0 - Jan 27 2023 - rb -
stat
CNT: 634 VBAT: 9.32 IBAT: -52.37 VSOL: 3.50 T: 12.22 RH: 58.26 PAR: 1777 T_EC: -22.66 EC: 0.33
OK
>ESP32 watchdog reset
esp_stop 40
ESP> got ip: 192:168:178:47
ESP> connected to ap SSID: Crystal Radio / password:xxxxxxxxx
ESP> socket bound, pESP> got ip: 192:168:178:47
ESP> connected to ap SSID: Crystal Radio / password:xxxxxxxxx
ESP> socket bound, port 23
--- ESP32 WIFI MODULE --- NFT MASTER --- v1.0 - Jan 27 2023 - rb -
stat
CNT: 635 VBAT: 9.32 IBAT: -49.95 VSOL: 3.49 T: 12.20 RH: 58.49 PAR: 1776 T_EC: -22.64 EC: 0.37
OK
>ESP32 watchdog reset
esp_stop 40
ESP> got ip: 192:168:178:47
ESP> connected to ap SSID: Crystal Radio / password:xxxxxxxxx
ESP> socket bound, pESP> got ip: 192:168:178:47
ESP> connected to ap SSID: Crystal Radio / password:xxxxxxxxx
ESP> socket bound, port 23
--- ESP32 WIFI MODULE --- NFT MASTER --- v1.0 - Jan 27 2023 - rb -
stat
CNT: 636 VBAT: 9.31 IBAT: -49.95 VSOL: 3.48 T: 12.19 RH: 58.35 PAR: 1777 T_EC: -22.64 EC: 0.34
OK
>ESP32 watchdog reset
esp_stop 40
ESP> got ip: 192:168:178:47
ESP> connected to ap SSID: Crystal Radio / password:xxxxxxxxx
ESP> socket bound, pESP> got ip: 192:168:178:47
ESP> connected to ap SSID: Crystal Radio / password:xxxxxxxxx
ESP> socket bound, port 23
--- ESP32 WIFI MODULE --- NFT MASTER --- v1.0 - Jan 27 2023 - rb -
stat
CNT: 637 VBAT: 9.30 IBAT: -49.95 VSOL: 3.47 T: 12.18 RH: 58.18 PAR: 1776 T_EC: -22.64 EC: 0.35
OK
>ESP32 watchdog reset
esp_stop 40
ESP> got ip: 192:168:178:47
ESP> connected to ap SSID: Crystal Radio / password:xxxxxxxxx
ESP> socket bound, pESP> got ip: 192:168:178:47
ESP> connected to ap SSID: Crystal Radio / password:xxxxxxxxx
ESP> socket bound, port 23
--- ESP32 WIFI MODULE --- NFT MASTER --- v1.0 - Jan 27 2023 - rb -
stat
CNT: 638 VBAT: 9.29 IBAT: -49.15 VSOL: 3.46 T: 12.18 RH: 57.95 PAR: 0 T_EC: -22.62 EC: 0.33
OK
>ESP32 watchdog reset
esp_stop 40
ESP> got ip: 192:168:178:47
ESP> connected to ap SSID: Crystal Radio / password:xxxxxxxxx
ESP> socket bound, pESP> got ip: 192:168:178:47
ESP> connected to ap SSID: Crystal Radio / password:xxxxxxxxx
ESP> socket bound, port 23
--- ESP32 WIFI MODULE --- NFT MASTER --- v1.0 - Jan 27 2023 - rb -
stat
CNT: 639 VBAT: 9.28 IBAT: -52.37 VSOL: 3.46 T: 12.16 RH: 58.01 PAR: 0 T_EC: -22.64 EC: 0.36
OK
>ESP32 watchdog reset
esp_stop 40
ESP> got ip: 192:168:178:47
ESP> connected to ap SSID: Crystal Radio / password:xxxxxxxxx
ESP> socket bound, port 23
--- ESP32 WIFI MODULE --- NFT MASTER --- v1.0 - Jan 27 2023 - rb -
stat
CNT: 640 VBAT: 9.28 IBAT: -51.56 VSOL: 3.45 T: 12.16 RH: 58.04 PAR: 1776 T_EC: -22.62 EC: 0.36
OK
>ESP32 watchdog reset
esp_stop 40
ESP> got ip: 192:168:178:47
ESP> connected to ap SSID: Crystal Radio / password:xxxxxxxxx
ESP> socket bound, pESP> got ip: 192:168:178:47
ESP> connected to ap SSID: Crystal Radio / password:xxxxxxxxx
ESP> socket bound, port 23
--- ESP32 WIFI MODULE --- NFT MASTER --- v1.0 - Jan 27 2023 - rb -
stat
CNT: 641 VBAT: 9.27 IBAT: -58.81 VSOL: 3.44 T: 12.13 RH: 58.09 PAR: 1776 T_EC: -22.62 EC: 0.34
OK
>ESP32 watchdog reset
esp_stop 40
ESP> got ip: 192:168:178:47
ESP> connected to ap SSID: Crystal Radio / password:xxxxxxxxx
ESP> socket bound, pESP> got ip: 192:168:178:47
ESP> connected to ap SSID: Crystal Radio / password:xxxxxxxxx
ESP> socket bound, port 23
--- ESP32 WIFI MODULE --- NFT MASTER --- v1.0 - Jan 27 2023 - rb -
stat
CNT: 642 VBAT: 9.26 IBAT: -49.95 VSOL: 3.43 T: 12.14 RH: 58.04 PAR: 21 T_EC: -22.64 EC: 0.33
OK
>ESP32 watchdog reset
esp_stop 40
ESP> got ip: 192:168:178:47
ESP> connected to ap SSID: Crystal Radio / password:xxxxxxxxx
ESP> socket bound, pESP> got ip: 192:168:178:47
ESP> connected to ap SSID: Crystal Radio / password:xxxxxxxxx
ESP> socket bound, port 23
--- ESP32 WIFI MODULE --- NFT MASTER --- v1.0 - Jan 27 2023 - rb -
stat
CNT: 643 VBAT: 9.25 IBAT: -55.59 VSOL: 3.42 T: 12.14 RH: 58.18 PAR: 0 T_EC: -22.62 EC: 0.34
OK
>ESP32 watchdog reset
esp_stop 40
ESP> got ip: 192:168:178:47
ESP> connected to ap SSID: Crystal Radio / password:xxxxxxxxx
ESP> socket bound, pESP> got ip: 192:168:178:47
ESP> connected to ap SSID: Crystal Radio / password:xxxxxxxxx
ESP> socket bound, port 23
--- ESP32 WIFI MODULE --- NFT MASTER --- v1.0 - Jan 27 2023 - rb -
stat
CNT: 644 VBAT: 9.24 IBAT: -49.95 VSOL: 3.42 T: 12.15 RH: 58.35 PAR: 0 T_EC: -22.62 EC: 0.35
OK
>ESP32 watchdog reset
esp_stop 40
ESP> got ip: 192:168:178:47
ESP> connected to ap SSID: Crystal Radio / password:xxxxxxxxx
ESP> socket bound, pESP> got ip: 192:168:178:47
ESP> connected to ap SSID: Crystal Radio / password:xxxxxxxxx
ESP> socket bound, port 23
--- ESP32 WIFI MODULE --- NFT MASTER --- v1.0 - Jan 27 2023 - rb -
stat
CNT: 645 VBAT: 9.23 IBAT: -78.15 VSOL: 3.40 T: 12.16 RH: 58.49 PAR: 1776 T_EC: -22.65 EC: 0.33
OK
>ESP32 watchdog reset
esp_stop 40
ESP> got ip: 192:168:178:47
ESP> connected to ap SSID: Crystal Radio / password:xxxxxxxxx
ESP> socket bound, pESP> got ip: 192:168:178:47
ESP> connected to ap SSID: Crystal Radio / password:xxxxxxxxx
ESP> socket bound, port 23
--- ESP32 WIFI MODULE --- NFT MASTER --- v1.0 - Jan 27 2023 - rb -
stat
CNT: 646 VBAT: 9.22 IBAT: -49.95 VSOL: 3.40 T: 12.16 RH: 58.60 PAR: 0 T_EC: -22.65 EC: 0.36
OK
>ESP32 watchdog reset
esp_stop 40
ESP> got ip: 192:168:178:47
ESP> connected to ap SSID: Crystal Radio / password:xxxxxxxxx
ESP> socket bound, pESP> got ip: 192:168:178:47
ESP> connected to ap SSID: Crystal Radio / password:xxxxxxxxx
ESP> socket bound, port 23
--- ESP32 WIFI MODULE --- NFT MASTER --- v1.0 - Jan 27 2023 - rb -
stat
CNT: 647 VBAT: 9.21 IBAT: -53.98 VSOL: 3.38 T: 12.17 RH: 58.23 PAR: 1777 T_EC: -22.64 EC: 0.33
OK
>ESP32 watchdog reset
esp_stop 40
ESP> got ip: 192:168:178:47
ESP> connected to ap SSID: Crystal Radio / password:xxxxxxxxx
ESP> socket bound, pESP> got ip: 192:168:178:47
ESP> connected to ap SSID: Crystal Radio / password:xxxxxxxxx
ESP> socket bound, port 23
--- ESP32 WIFI MODULE --- NFT MASTER --- v1.0 - Jan 27 2023 - rb -
stat
CNT: 648 VBAT: 9.21 IBAT: -49.15 VSOL: 3.38 T: 12.14 RH: 57.98 PAR: 1776 T_EC: -22.61 EC: 0.34
OK
>ESP32 watchdog reset
esp_stop 40
ESP> got ip: 192:168:178:47
ESP> connected to ap SSID: Crystal Radio / password:xxxxxxxxx
ESP> socket bound, pESP> got ip: 192:168:178:47
ESP> connected to ap SSID: Crystal Radio / password:xxxxxxxxx
ESP> socket bound, port 23
--- ESP32 WIFI MODULE --- NFT MASTER --- v1.0 - Jan 27 2023 - rb -
stat
CNT: 649 VBAT: 9.20 IBAT: -67.68 VSOL: 3.37 T: 12.13 RH: 57.79 PAR: 0 T_EC: -22.64 EC: 0.34
OK
>ESP32 watchdog reset
esp_stop 40
ESP> got ip: 192:168:178:47
ESP> connected to ap SSID: Crystal Radio / password:xxxxxxxxx
ESP> socket bound, pESP> got ip: 192:168:178:47
ESP> connected to ap SSID: Crystal Radio / password:xxxxxxxxx
ESP> socket bound, port 23
--- ESP32 WIFI MODULE --- NFT MASTER --- v1.0 - Jan 27 2023 - rb -
stat
CNT: 650 VBAT: 9.19 IBAT: -51.56 VSOL: 3.36 T: 12.12 RH: 57.90 PAR: 1777 T_EC: -22.62 EC: 0.35
OK
>ESP32 watchdog reset
esp_stop 40
ESP> got ip: 192:168:178:47
ESP> connected to ap SSID: Crystal Radio / password:xxxxxxxxx
ESP> socket bound, port 23
--- ESP32 WIFI MODULE --- NFT MASTER --- v1.0 - Jan 27 2023 - rb -
stat
CNT: 651 VBAT: 9.18 IBAT: -78.15 VSOL: 3.36 T: 12.15 RH: 58.18 PAR: 1776 T_EC: -22.64 EC: 0.34
OK
>ESP32 watchdog reset
esp_stop 40
ESP> got ip: 192:168:178:47
ESP> connected to ap SSID: Crystal Radio / password:xxxxxxxxx
ESP> socket bound, pESP> got ip: 192:168:178:47
ESP> connected to ap SSID: Crystal Radio / password:xxxxxxxxx
ESP> socket bound, port 23
--- ESP32 WIFI MODULE --- NFT MASTER --- v1.0 - Jan 27 2023 - rb -
stat
CNT: 652 VBAT: 9.17 IBAT: -49.95 VSOL: 3.34 T: 12.18 RH: 58.21 PAR: 0 T_EC: -22.62 EC: 0.36
OK
>ESP32 watchdog reset
esp_stop 40
ESP> got ip: 192:168:178:47
ESP> connected to ap SSID: Crystal Radio / password:xxxxxxxxx
ESP> socket bound, pESP> got ip: 192:168:178:47
ESP> connected to ap SSID: Crystal Radio / password:xxxxxxxxx
ESP> socket bound, port 23
--- ESP32 WIFI MODULE --- NFT MASTER --- v1.0 - Jan 27 2023 - rb -
stat
CNT: 653 VBAT: 9.16 IBAT: -60.43 VSOL: 3.33 T: 12.25 RH: 58.93 PAR: 1776 T_EC: -22.64 EC: 0.37
OK
>ESP32 watchdog reset
esp_stop 40
ESP> got ip: 192:168:178:47
ESP> connected to ap SSID: Crystal Radio / password:xxxxxxxxx
ESP> socket bound, pESP> got ip: 192:168:178:47
ESP> connected to ap SSID: Crystal Radio / password:xxxxxxxxx
ESP> socket bound, port 23
--- ESP32 WIFI MODULE --- NFT MASTER --- v1.0 - Jan 27 2023 - rb -
stat
CNT: 654 VBAT: 9.16 IBAT: -50.76 VSOL: 3.33 T: 12.38 RH: 60.67 PAR: 1776 T_EC: -22.63 EC: 0.36
OK
>ESP32 watchdog reset
esp_stop 40
ESP> got ip: 192:168:178:47
ESP> connected to ap SSID: Crystal Radio / password:xxxxxxxxx
ESP> socket bound, pESP> got ip: 192:168:178:47
ESP> connected to ap SSID: Crystal Radio / password:xxxxxxxxx
ESP> socket bound, port 23
--- ESP32 WIFI MODULE --- NFT MASTER --- v1.0 - Jan 27 2023 - rb -
stat
CNT: 655 VBAT: 9.14 IBAT: -58.81 VSOL: 3.31 T: 12.57 RH: 58.29 PAR: 1776 T_EC: -22.61 EC: 0.32
OK
>ESP32 watchdog reset
esp_stop 40
ESP> got ip: 192:168:178:47
ESP> connected to ap SSID: Crystal Radio / password:xxxxxxxxx
ESP> socket bound, pESP> got ip: 192:168:178:47
ESP> connected to ap SSID: Crystal Radio / password:xxxxxxxxx
ESP> socket bound, port 23
--- ESP32 WIFI MODULE --- NFT MASTER --- v1.0 - Jan 27 2023 - rb -
stat
CNT: 656 VBAT: 9.14 IBAT: -50.76 VSOL: 3.31 T: 12.70 RH: 58.01 PAR: 1776 T_EC: -22.62 EC: 0.34
OK
>ESP32 watchdog reset
esp_stop 40
ESP> got ip: 192:168:178:47
ESP> connected to ap SSID: Crystal Radio / password:xxxxxxxxx
ESP> socket bound, pESP> got ip: 192:168:178:47
ESP> connected to ap SSID: Crystal Radio / password:xxxxxxxxx
ESP> socket bound, port 23
--- ESP32 WIFI MODULE --- NFT MASTER --- v1.0 - Jan 27 2023 - rb -
stat
CNT: 657 VBAT: 9.13 IBAT: -54.79 VSOL: 3.30 T: 12.88 RH: 57.76 PAR: 0 T_EC: -22.61 EC: 0.32
OK
>ESP32 watchdog reset
esp_stop 40
ESP> got ip: 192:168:178:47
ESP> connected to ap SSID: Crystal Radio / password:xxxxxxxxx
ESP> socket bound, pESP> got ip: 192:168:178:47
ESP> connected to ap SSID: Crystal Radio / password:xxxxxxxxx
ESP> socket bound, port 23
--- ESP32 WIFI MODULE --- NFT MASTER --- v1.0 - Jan 27 2023 - rb -
stat
CNT: 658 VBAT: 9.11 IBAT: -54.79 VSOL: 3.28 T: 13.03 RH: 57.39 PAR: 0 T_EC: -22.64 EC: 0.30
OK
>ESP32 watchdog reset
esp_stop 40
ESP> got ip: 192:168:178:47
ESP> connected to ap SSID: Crystal Radio / password:xxxxxxxxx
ESP> socket bound, pESP> got ip: 192:168:178:47
ESP> connected to ap SSID: Crystal Radio / password:xxxxxxxxx
ESP> socket bound, port 23
--- ESP32 WIFI MODULE --- NFT MASTER --- v1.0 - Jan 27 2023 - rb -
stat
CNT: 659 VBAT: 9.11 IBAT: -58.01 VSOL: 3.28 T: 13.18 RH: 57.11 PAR: 1777 T_EC: -22.63 EC: 0.33
OK
>ESP32 watchdog reset
esp_stop 40
ESP> got ip: 192:168:178:47
ESP> connected to ap SSID: Crystal Radio / password:xxxxxxxxx
ESP> socket bound, pESP> got ip: 192:168:178:47
ESP> connected to ap SSID: Crystal Radio / password:xxxxxxxxx
ESP> socket bound, port 23
--- ESP32 WIFI MODULE --- NFT MASTER --- v1.0 - Jan 27 2023 - rb -
stat
CNT: 660 VBAT: 9.10 IBAT: -51.56 VSOL: 3.27 T: 13.36 RH: 56.86 PAR: 5 T_EC: -22.63 EC: 0.34
OK
>ESP32 watchdog reset
esp_stop 40
ESP> got ip: 192:168:178:47
ESP> connected to ap SSID: Crystal Radio / password:xxxxxxxxx
ESP> socket bound, pESP> got ip: 192:168:178:47
ESP> connected to ap SSID: Crystal Radio / password:xxxxxxxxx
ESP> socket bound, port 23
--- ESP32 WIFI MODULE --- NFT MASTER --- v1.0 - Jan 27 2023 - rb -
stat
CNT: 661 VBAT: 9.09 IBAT: -60.43 VSOL: 3.26 T: 13.47 RH: 56.60 PAR: 3 T_EC: -22.63 EC: 0.39
OK
>ESP32 watchdog reset
esp_stop 40
ESP> got ip: 192:168:178:47
ESP> connected to ap SSID: Crystal Radio / password:xxxxxxxxx
ESP> socket bound, pESP> got ip: 192:168:178:47
ESP> connected to ap SSID: Crystal Radio / password:xxxxxxxxx
ESP> socket bound, port 23
--- ESP32 WIFI MODULE --- NFT MASTER --- v1.0 - Jan 27 2023 - rb -
stat
CNT: 662 VBAT: 9.08 IBAT: -51.56 VSOL: 3.25 T: 13.60 RH: 56.26 PAR: 1776 T_EC: -22.62 EC: 0.33
OK
>ESP32 watchdog reset
esp_stop 40
ESP> got ip: 192:168:178:47
ESP> connected to ap SSID: Crystal Radio / password:xxxxxxxxx
ESP> socket bound, pESP> got ip: 192:168:178:47
ESP> connected to ap SSID: Crystal Radio / password:xxxxxxxxx
ESP> socket bound, port 23
--- ESP32 WIFI MODULE --- NFT MASTER --- v1.0 - Jan 27 2023 - rb -
stat
CNT: 663 VBAT: 9.07 IBAT: -51.56 VSOL: 3.24 T: 13.73 RH: 56.26 PAR: 1776 T_EC: -22.62 EC: 0.34
OK
>ESP32 watchdog reset
esp_stop 40
ESP> got ip: 192:168:178:47
ESP> connected to ap SSID: Crystal Radio / password:xxxxxxxxx
ESP> socket bound, pESP> got ip: 192:168:178:47
ESP> connected to ap SSID: Crystal Radio / password:xxxxxxxxx
ESP> socket bound, port 23
--- ESP32 WIFI MODULE --- NFT MASTER --- v1.0 - Jan 27 2023 - rb -
stat
CNT: 664 VBAT: 9.06 IBAT: -53.98 VSOL: 3.24 T: 13.80 RH: 56.15 PAR: 1776 T_EC: -22.61 EC: 0.32
OK
>ESP32 watchdog reset
esp_stop 40
ESP> got ip: 192:168:178:47
ESP> connected to ap SSID: Crystal Radio / password:xxxxxxxxx
ESP> socket bound, pESP> got ip: 192:168:178:47
ESP> connected to ap SSID: Crystal Radio / password:xxxxxxxxx
ESP> socket bound, port 23
--- ESP32 WIFI MODULE --- NFT MASTER --- v1.0 - Jan 27 2023 - rb -
stat
CNT: 665 VBAT: 9.05 IBAT: -51.56 VSOL: 3.22 T: 13.92 RH: 55.98 PAR: 1775 T_EC: -22.61 EC: 0.33
OK
>ESP32 watchdog reset
esp_stop 40
ESP> got ip: 192:168:178:47
ESP> connected to ap SSID: Crystal Radio / password:xxxxxxxxx
ESP> socket bound, pESP> got ip: 192:168:178:47
ESP> connected to ap SSID: Crystal Radio / password:xxxxxxxxx
ESP> socket bound, port 23
--- ESP32 WIFI MODULE --- NFT MASTER --- v1.0 - Jan 27 2023 - rb -
stat
CNT: 666 VBAT: 9.03 IBAT: -52.37 VSOL: 3.21 T: 13.98 RH: 55.81 PAR: 3 T_EC: -22.63 EC: 0.33
OK
>ESP32 watchdog reset
esp_stop 40
ESP> got ip: 192:168:178:47
ESP> connected to ap SSID: Crystal Radio / password:xxxxxxxxx
ESP> socket bound, pESP> got ip: 192:168:178:47
ESP> connected to ap SSID: Crystal Radio / password:xxxxxxxxx
ESP> socket bound, port 23
--- ESP32 WIFI MODULE --- NFT MASTER --- v1.0 - Jan 27 2023 - rb -
stat
CNT: 667 VBAT: 9.02 IBAT: -49.15 VSOL: 3.20 T: 14.03 RH: 55.58 PAR: 1776 T_EC: -22.63 EC: 0.33
OK
>ESP32 watchdog reset
esp_stop 40
ESP> got ip: 192:168:178:47
ESP> connected to ap SSID: Crystal Radio / password:xxxxxxxxx
ESP> socket bound, port 23
--- ESP32 WIFI MODULE --- NFT MASTER --- v1.0 - Jan 27 2023 - rb -
stat
CNT: 668 VBAT: 9.01 IBAT: -51.56 VSOL: 3.19 T: 14.11 RH: 55.52 PAR: 1776 T_EC: -22.62 EC: 0.33
OK
>ESP32 watchdog reset
esp_stop 40
ESP> got ip: 192:168:178:47
ESP> connected to ap SSID: Crystal Radio / password:xxxxxxxxx
ESP> socket bound, pESP> got ip: 192:168:178:47
ESP> connected to ap SSID: Crystal Radio / password:xxxxxxxxx
ESP> socket bound, port 23
--- ESP32 WIFI MODULE --- NFT MASTER --- v1.0 - Jan 27 2023 - rb -
stat
CNT: 669 VBAT: 9.01 IBAT: -51.56 VSOL: 3.19 T: 14.18 RH: 55.41 PAR: 880 T_EC: -22.62 EC: 0.31
OK
>ESP32 watchdog reset
esp_stop 40
ESP> got ip: 192:168:178:47
ESP> connected to ap SSID: Crystal Radio / password:xxxxxxxxx
ESP> socket bound, pESP> got ip: 192:168:178:47
ESP> connected to ap SSID: Crystal Radio / password:xxxxxxxxx
ESP> socket bound, port 23
--- ESP32 WIFI MODULE --- NFT MASTER --- v1.0 - Jan 27 2023 - rb -
stat
CNT: 670 VBAT: 8.99 IBAT: -49.95 VSOL: 3.18 T: 14.21 RH: 55.12 PAR: 1777 T_EC: -22.62 EC: 0.35
OK
>ESP32 watchdog reset
esp_stop 40
ESP> got ip: 192:168:178:47
ESP> connected to ap SSID: Crystal Radio / password:xxxxxxxxx
ESP> socket bound, pESP> got ip: 192:168:178:47
ESP> connected to ap SSID: Crystal Radio / password:xxxxxxxxx
ESP> socket bound, port 23
--- ESP32 WIFI MODULE --- NFT MASTER --- v1.0 - Jan 27 2023 - rb -
stat
CNT: 671 VBAT: 8.99 IBAT: -52.37 VSOL: 3.16 T: 14.28 RH: 55.07 PAR: 0 T_EC: -22.62 EC: 0.34
OK
>ESP32 watchdog reset
esp_stop 40
ESP> got ip: 192:168:178:47
ESP> connected to ap SSID: Crystal Radio / password:xxxxxxxxx
ESP> socket bound, pESP> got ip: 192:168:178:47
ESP> connected to ap SSID: Crystal Radio / password:xxxxxxxxx
ESP> socket bound, port 23
--- ESP32 WIFI MODULE --- NFT MASTER --- v1.0 - Jan 27 2023 - rb -
stat
CNT: 672 VBAT: 8.98 IBAT: -64.45 VSOL: 3.15 T: 14.33 RH: 54.78 PAR: 1777 T_EC: -22.63 EC: 0.34
OK
>ESP32 watchdog reset
esp_stop 40
ESP> got ip: 192:168:178:47
ESP> connected to ap SSID: Crystal Radio / password:xxxxxxxxx
ESP> socket bound, pESP> got ip: 192:168:178:47
ESP> connected to ap SSID: Crystal Radio / password:xxxxxxxxx
ESP> socket bound, port 23
--- ESP32 WIFI MODULE --- NFT MASTER --- v1.0 - Jan 27 2023 - rb -
stat
CNT: 673 VBAT: 8.97 IBAT: -49.95 VSOL: 3.15 T: 14.38 RH: 54.75 PAR: 19 T_EC: -22.64 EC: 0.32
OK
>ESP32 watchdog reset
esp_stop 40
ESP> got ip: 192:168:178:47
ESP> connected to ap SSID: Crystal Radio / password:xxxxxxxxx
ESP> socket bound, pESP> got ip: 192:168:178:47
ESP> connected to ap SSID: Crystal Radio / password:xxxxxxxxx
ESP> socket bound, port 23
--- ESP32 WIFI MODULE --- NFT MASTER --- v1.0 - Jan 27 2023 - rb -
stat
CNT: 674 VBAT: 8.95 IBAT: -60.43 VSOL: 3.13 T: 14.43 RH: 54.75 PAR: 43 T_EC: -22.64 EC: 0.38
OK
>ESP32 watchdog reset
esp_stop 40
ESP> got ip: 192:168:178:47
ESP> connected to ap SSID: Crystal Radio / password:xxxxxxxxx
ESP> socket bound, pESP> got ip: 192:168:178:47
ESP> connected to ap SSID: Crystal Radio / password:xxxxxxxxx
ESP> socket bound, port 23
--- ESP32 WIFI MODULE --- NFT MASTER --- v1.0 - Jan 27 2023 - rb -
stat
CNT: 675 VBAT: 8.95 IBAT: -50.76 VSOL: 3.13 T: 14.49 RH: 54.58 PAR: 1776 T_EC: -22.62 EC: 0.37
OK
>ESP32 watchdog reset
esp_stop 40
ESP> got ip: 192:168:178:47
ESP> connected to ap SSID: Crystal Radio / password:xxxxxxxxx
ESP> socket bound, pESP> got ip: 192:168:178:47
ESP> connected to ap SSID: Crystal Radio / password:xxxxxxxxx
ESP> socket bound, port 23
--- ESP32 WIFI MODULE --- NFT MASTER --- v1.0 - Jan 27 2023 - rb -
stat
CNT: 676 VBAT: 8.93 IBAT: -59.62 VSOL: 3.10 T: 14.54 RH: 54.49 PAR: 20 T_EC: -22.64 EC: 0.34
OK
>ESP32 watchdog reset
esp_stop 40
ESP> got ip: 192:168:178:47
ESP> connected to ap SSID: Crystal Radio / password:xxxxxxxxx
ESP> socket bound, pESP> got ip: 192:168:178:47
ESP> connected to ap SSID: Crystal Radio / password:xxxxxxxxx
ESP> socket bound, port 23
--- ESP32 WIFI MODULE --- NFT MASTER --- v1.0 - Jan 27 2023 - rb -
stat
CNT: 677 VBAT: 8.93 IBAT: -52.37 VSOL: 3.11 T: 14.60 RH: 54.38 PAR: 0 T_EC: -22.62 EC: 0.33
OK
>ESP32 watchdog reset
esp_stop 40
ESP> got ip: 192:168:178:47
ESP> connected to ap SSID: Crystal Radio / password:xxxxxxxxx
ESP> socket bound, pESP> got ip: 192:168:178:47
ESP> connected to ap SSID: Crystal Radio / password:xxxxxxxxx
ESP> socket bound, port 23
--- ESP32 WIFI MODULE --- NFT MASTER --- v1.0 - Jan 27 2023 - rb -
stat
CNT: 678 VBAT: 8.92 IBAT: -58.01 VSOL: 3.09 T: 14.62 RH: 54.12 PAR: 1776 T_EC: -22.64 EC: 0.38
OK
>ESP32 watchdog reset
esp_stop 40
ESP> got ip: 192:168:178:47
ESP> connected to ap SSID: Crystal Radio / password:xxxxxxxxx
ESP> socket bound, pESP> got ip: 192:168:178:47
ESP> connected to ap SSID: Crystal Radio / password:xxxxxxxxx
ESP> socket bound, port 23
--- ESP32 WIFI MODULE --- NFT MASTER --- v1.0 - Jan 27 2023 - rb -
stat
CNT: 679 VBAT: 8.90 IBAT: -53.17 VSOL: 3.08 T: 14.68 RH: 54.09 PAR: 1776 T_EC: -22.61 EC: 0.33
OK
>ESP32 watchdog reset
esp_stop 40
ESP> got ip: 192:168:178:47
ESP> connected to ap SSID: Crystal Radio / password:xxxxxxxxx
ESP> socket bound, pESP> got ip: 192:168:178:47
ESP> connected to ap SSID: Crystal Radio / password:xxxxxxxxx
ESP> socket bound, port 23
--- ESP32 WIFI MODULE --- NFT MASTER --- v1.0 - Jan 27 2023 - rb -
stat
CNT: 680 VBAT: 8.89 IBAT: -49.95 VSOL: 3.07 T: 14.70 RH: 53.77 PAR: 0 T_EC: -22.62 EC: 0.31
OK
>ESP32 watchdog reset
esp_stop 40
ESP> got ip: 192:168:178:47
ESP> connected to ap SSID: Crystal Radio / password:xxxxxxxxx
ESP> socket bound, pESP> got ip: 192:168:178:47
ESP> connected to ap SSID: Crystal Radio / password:xxxxxxxxx
ESP> socket bound, port 23
--- ESP32 WIFI MODULE --- NFT MASTER --- v1.0 - Jan 27 2023 - rb -
stat
CNT: 681 VBAT: 8.88 IBAT: -49.95 VSOL: 3.06 T: 14.70 RH: 53.57 PAR: 1776 T_EC: -22.61 EC: 0.31
OK
>ESP32 watchdog reset
esp_stop 40
ESP> got ip: 192:168:178:47
ESP> connected to ap SSID: Crystal Radio / password:xxxxxxxxx
ESP> socket bound, pESP> got ip: 192:168:178:47
ESP> connected to ap SSID: Crystal Radio / password:xxxxxxxxx
ESP> socket bound, port 23
--- ESP32 WIFI MODULE --- NFT MASTER --- v1.0 - Jan 27 2023 - rb -
stat
CNT: 682 VBAT: 8.87 IBAT: -49.95 VSOL: 3.05 T: 14.68 RH: 53.40 PAR: 1776 T_EC: -22.61 EC: 0.31
OK
>ESP32 watchdog reset
esp_stop 40
ESP> got ip: 192:168:178:47
ESP> connected to ap SSID: Crystal Radio / password:xxxxxxxxx
ESP> socket bound, pESP> got ip: 192:168:178:47
ESP> connected to ap SSID: Crystal Radio / password:xxxxxxxxx
ESP> socket bound, port 23
--- ESP32 WIFI MODULE --- NFT MASTER --- v1.0 - Jan 27 2023 - rb -
stat
CNT: 683 VBAT: 8.86 IBAT: -50.76 VSOL: 3.04 T: 14.60 RH: 52.64 PAR: 1776 T_EC: -22.62 EC: 0.33
OK
>ESP32 watchdog reset
esp_stop 40
ESP> got ip: 192:168:178:47
ESP> connected to ap SSID: Crystal Radio / password:xxxxxxxxx
ESP> socket bound, pESP> got ip: 192:168:178:47
ESP> connected to ap SSID: Crystal Radio / password:xxxxxxxxx
ESP> socket bound, port 23
--- ESP32 WIFI MODULE --- NFT MASTER --- v1.0 - Jan 27 2023 - rb -
stat
CNT: 684 VBAT: 8.85 IBAT: -49.95 VSOL: 3.02 T: 14.52 RH: 52.73 PAR: 1777 T_EC: -22.62 EC: 0.33
OK
>ESP32 watchdog reset
esp_stop 40
ESP> got ip: 192:168:178:47
ESP> connected to ap SSID: Crystal Radio / password:xxxxxxxxx
ESP> socket bound, pESP> got ip: 192:168:178:47
ESP> connected to ap SSID: Crystal Radio / password:xxxxxxxxx
ESP> socket bound, port 23
--- ESP32 WIFI MODULE --- NFT MASTER --- v1.0 - Jan 27 2023 - rb -
stat
CNT: 685 VBAT: 8.83 IBAT: -50.76 VSOL: 3.02 T: 14.50 RH: 53.31 PAR: 1776 T_EC: -22.63 EC: 0.36
OK
>ESP32 watchdog reset
esp_stop 40
ESP> got ip: 192:168:178:47
ESP> connected to ap SSID: Crystal Radio / password:xxxxxxxxx
ESP> socket bound, port 23
--- ESP32 WIFI MODULE --- NFT MASTER --- v1.0 - Jan 27 2023 - rb -
stat
CNT: 686 VBAT: 8.82 IBAT: -51.56 VSOL: 2.99 T: 14.48 RH: 53.57 PAR: 1776 T_EC: -22.60 EC: 0.33
OK
>ESP32 watchdog reset
esp_stop 40
ESP> got ip: 192:168:178:47
ESP> connected to ap SSID: Crystal Radio / password:xxxxxxxxx
ESP> socket bound, pESP> got ip: 192:168:178:47
ESP> connected to ap SSID: Crystal Radio / password:xxxxxxxxx
ESP> socket bound, port 23
--- ESP32 WIFI MODULE --- NFT MASTER --- v1.0 - Jan 27 2023 - rb -
stat
CNT: 687 VBAT: 8.82 IBAT: -52.37 VSOL: 2.99 T: 14.49 RH: 53.28 PAR: 112 T_EC: -22.61 EC: 0.36
OK
>ESP32 watchdog reset
esp_stop 40
ESP> got ip: 192:168:178:47
ESP> connected to ap SSID: Crystal Radio / password:xxxxxxxxx
ESP> socket bound, pESP> got ip: 192:168:178:47
ESP> connected to ap SSID: Crystal Radio / password:xxxxxxxxx
ESP> socket bound, port 23
--- ESP32 WIFI MODULE --- NFT MASTER --- v1.0 - Jan 27 2023 - rb -
stat
CNT: 688 VBAT: 8.80 IBAT: -51.56 VSOL: 2.98 T: 14.50 RH: 53.46 PAR: 1776 T_EC: -22.63 EC: 0.34
OK
>ESP32 watchdog reset
esp_stop 40
ESP> got ip: 192:168:178:47
ESP> connected to ap SSID: Crystal Radio / password:xxxxxxxxx
ESP> socket bound, pESP> got ip: 192:168:178:47
ESP> connected to ap SSID: Crystal Radio / password:xxxxxxxxx
ESP> socket bound, port 23
--- ESP32 WIFI MODULE --- NFT MASTER --- v1.0 - Jan 27 2023 - rb -
stat
CNT: 689 VBAT: 8.80 IBAT: -49.95 VSOL: 2.97 T: 14.50 RH: 53.63 PAR: 300 T_EC: -22.62 EC: 0.37
OK
>ESP32 watchdog reset
esp_stop 40
ESP> got ip: 192:168:178:47
ESP> connected to ap SSID: Crystal Radio / password:xxxxxxxxx
ESP> socket bound, pESP> got ip: 192:168:178:47
ESP> connected to ap SSID: Crystal Radio / password:xxxxxxxxx
ESP> socket bound, port 23
--- ESP32 WIFI MODULE --- NFT MASTER --- v1.0 - Jan 27 2023 - rb -
stat
CNT: 690 VBAT: 8.79 IBAT: -49.15 VSOL: 2.96 T: 14.51 RH: 53.54 PAR: 1776 T_EC: -22.63 EC: 0.34
OK
>ESP32 watchdog reset
esp_stop 40
ESP> got ip: 192:168:178:47
ESP> connected to ap SSID: Crystal Radio / password:xxxxxxxxx
ESP> socket bound, pESP> got ip: 192:168:178:47
ESP> connected to ap SSID: Crystal Radio / password:xxxxxxxxx
ESP> socket bound, port 23
--- ESP32 WIFI MODULE --- NFT MASTER --- v1.0 - Jan 27 2023 - rb -
stat
CNT: 691 VBAT: 8.78 IBAT: -53.17 VSOL: 2.95 T: 14.51 RH: 53.28 PAR: 1776 T_EC: -22.62 EC: 0.32
OK
>ESP32 watchdog reset
esp_stop 40
ESP> got ip: 192:168:178:47
ESP> connected to ap SSID: Crystal Radio / password:xxxxxxxxx
ESP> socket bound, port 23
--- ESP32 WIFI MODULE --- NFT MASTER --- v1.0 - Jan 27 2023 - rb -
stat
CNT: 692 VBAT: 8.76 IBAT: -51.56 VSOL: 2.94 T: 14.50 RH: 53.25 PAR: 1776 T_EC: -22.59 EC: 0.33
OK
>ESP32 watchdog reset
esp_stop 40
ESP> got ip: 192:168:178:47
ESP> connected to ap SSID: Crystal Radio / password:xxxxxxxxx
ESP> socket bound, pESP> got ip: 192:168:178:47
ESP> connected to ap SSID: Crystal Radio / password:xxxxxxxxx
ESP> socket bound, port 23
--- ESP32 WIFI MODULE --- NFT MASTER --- v1.0 - Jan 27 2023 - rb -
stat
CNT: 693 VBAT: 8.76 IBAT: -66.06 VSOL: 2.93 T: 14.51 RH: 53.25 PAR: 1776 T_EC: -22.61 EC: 0.34
OK
>ESP32 watchdog reset
esp_stop 40
ESP> got ip: 192:168:178:47
ESP> connected to ap SSID: Crystal Radio / password:xxxxxxxxx
ESP> socket bound, pESP> got ip: 192:168:178:47
ESP> connected to ap SSID: Crystal Radio / password:xxxxxxxxx
ESP> socket bound, port 23
--- ESP32 WIFI MODULE --- NFT MASTER --- v1.0 - Jan 27 2023 - rb -
stat
CNT: 694 VBAT: 8.74 IBAT: -53.17 VSOL: 2.91 T: 14.48 RH: 52.62 PAR: 1776 T_EC: -22.62 EC: 0.33
OK
>ESP32 watchdog reset
esp_stop 40
ESP> got ip: 192:168:178:47
ESP> connected to ap SSID: Crystal Radio / password:xxxxxxxxx
ESP> socket bound, pESP> got ip: 192:168:178:47
ESP> connected to ap SSID: Crystal Radio / password:xxxxxxxxx
ESP> socket bound, port 23
--- ESP32 WIFI MODULE --- NFT MASTER --- v1.0 - Jan 27 2023 - rb -
stat
CNT: 695 VBAT: 8.73 IBAT: -60.43 VSOL: 2.91 T: 14.47 RH: 53.17 PAR: 1776 T_EC: -22.61 EC: 0.42
OK
>ESP32 watchdog reset
esp_stop 40
ESP> got ip: 192:168:178:47
ESP> connected to ap SSID: Crystal Radio / password:xxxxxxxxx
ESP> socket bound, pESP> got ip: 192:168:178:47
ESP> connected to ap SSID: Crystal Radio / password:xxxxxxxxx
ESP> socket bound, port 23
--- ESP32 WIFI MODULE --- NFT MASTER --- v1.0 - Jan 27 2023 - rb -
stat
CNT: 696 VBAT: 8.71 IBAT: -53.17 VSOL: 2.89 T: 14.48 RH: 53.37 PAR: 9 T_EC: -22.61 EC: 0.34
OK
>ESP32 watchdog reset
esp_stop 40
ESP> got ip: 192:168:178:47
ESP> connected to ap SSID: Crystal Radio / password:xxxxxxxxx
ESP> socket bound, pESP> got ip: 192:168:178:47
ESP> connected to ap SSID: Crystal Radio / password:xxxxxxxxx
ESP> socket bound, port 23
--- ESP32 WIFI MODULE --- NFT MASTER --- v1.0 - Jan 27 2023 - rb -
stat
CNT: 697 VBAT: 8.70 IBAT: -54.79 VSOL: 2.89 T: 14.48 RH: 52.73 PAR: 1776 T_EC: -22.61 EC: 0.33
OK
>ESP32 watchdog reset
esp_stop 40
ESP> got ip: 192:168:178:47
ESP> connected to ap SSID: Crystal Radio / password:xxxxxxxxx
ESP> socket bound, pESP> got ip: 192:168:178:47
ESP> connected to ap SSID: Crystal Radio / password:xxxxxxxxx
ESP> socket bound, port 23
--- ESP32 WIFI MODULE --- NFT MASTER --- v1.0 - Jan 27 2023 - rb -
stat
CNT: 698 VBAT: 8.70 IBAT: -49.95 VSOL: 2.88 T: 14.48 RH: 53.08 PAR: 3 T_EC: -22.60 EC: 0.34
#apply default EC cell constant, calibration needed
# -- NFT MASTER - v1.0 - Feb 25 2023 - rb --
ESP> got ip: 192:168:178:47
ESP> connected to ap SSID: Crystal Radio / password:xxxxxxxxx
ESP> socket bound, port 23
--- ESP32 WIFI MODULE --- NFT MASTER --- v1.0 - Jan 27 2023 - rb -
stat
CNT: 0 VBAT: 9.33 IBAT: 927.05 VSOL: 15.92 T: 14.57 RH: 54.26 PAR: 1777 T_EC: -22.61 EC: 0.44
OK
>ESP32 watchdog reset
esp_stop 40
ESP> got ip: 192:168:178:47
ESP> connected to ap SSID: Crystal Radio / password:xxxxxxxxx
ESP> socket bound, pESP> got ip: 192:168:178:47
ESP> connected to ap SSID: Crystal Radio / password:xxxxxxxxx
ESP> socket bound, port 23
--- ESP32 WIFI MODULE --- NFT MASTER --- v1.0 - Jan 27 2023 - rb -
stat
CNT: 1 VBAT: 9.57 IBAT: 919.79 VSOL: 15.95 T: 14.60 RH: 53.89 PAR: 4 T_EC: -22.64 EC: 0.44
OK
>ESP32 watchdog reset
esp_stop 40
ESP> got ip: 192:168:178:47
ESP> connected to ap SSID: Crystal Radio / password:xxxxxxxxx
ESP> socket bound, pESP> got ip: 192:168:178:47
ESP> connected to ap SSID: Crystal Radio / password:xxxxxxxxx
ESP> socket bound, port 23
--- ESP32 WIFI MODULE --- NFT MASTER --- v1.0 - Jan 27 2023 - rb -
stat
CNT: 2 VBAT: 9.75 IBAT: 924.63 VSOL: 15.96 T: 14.62 RH: 53.08 PAR: 1776 T_EC: -22.65 EC: 0.40
OK
>ESP32 watchdog reset
esp_stop 40
ESP> got ip: 192:168:178:47
ESP> connected to ap SSID: Crystal Radio / password:xxxxxxxxx
ESP> socket bound, pESP> got ip: 192:168:178:47
ESP> connected to ap SSID: Crystal Radio / password:xxxxxxxxx
ESP> socket bound, port 23
--- ESP32 WIFI MODULE --- NFT MASTER --- v1.0 - Jan 27 2023 - rb -
stat
CNT: 3 VBAT: 9.91 IBAT: 914.15 VSOL: 15.95 T: 14.58 RH: 52.64 PAR: 73 T_EC: -22.64 EC: 0.44
OK
>ESP32 watchdog reset
esp_stop 40
ESP> got ip: 192:168:178:47
ESP> connected to ap SSID: Crystal Radio / password:xxxxxxxxx
ESP> socket bound, pESP> got ip: 192:168:178:47
ESP> connected to ap SSID: Crystal Radio / password:xxxxxxxxx
ESP> socket bound, port 23
--- ESP32 WIFI MODULE --- NFT MASTER --- v1.0 - Jan 27 2023 - rb -
stat
CNT: 4 VBAT: 10.02 IBAT: 912.54 VSOL: 15.98 T: 14.56 RH: 53.14 PAR: 40 T_EC: -22.65 EC: 0.40
OK
>ESP32 watchdog reset
esp_stop 40
ESP> got ip: 192:168:178:47
ESP> connected to ap SSID: Crystal Radio / password:xxxxxxxxx
ESP> socket bound, pESP> got ip: 192:168:178:47
ESP> connected to ap SSID: Crystal Radio / password:xxxxxxxxx
ESP> socket bound, port 23
--- ESP32 WIFI MODULE --- NFT MASTER --- v1.0 - Jan 27 2023 - rb -
stat
CNT: 5 VBAT: 10.13 IBAT: 923.82 VSOL: 15.98 T: 14.57 RH: 52.73 PAR: 1776 T_EC: -22.66 EC: 0.46
OK
>ESP32 watchdog reset
esp_stop 40
ESP> got ip: 192:168:178:47
ESP> connected to ap SSID: Crystal Radio / password:xxxxxxxxx
ESP> socket bound, pESP> got ip: 192:168:178:47
ESP> connected to ap SSID: Crystal Radio / password:xxxxxxxxx
ESP> socket bound, port 23
--- ESP32 WIFI MODULE --- NFT MASTER --- v1.0 - Jan 27 2023 - rb -
stat
CNT: 6 VBAT: 10.21 IBAT: 927.05 VSOL: 15.98 T: 14.54 RH: 52.06 PAR: 1776 T_EC: -22.67 EC: 0.39
OK
>ESP32 watchdog reset
esp_stop 40
ESP> got ip: 192:168:178:47
ESP> connected to ap SSID: Crystal Radio / password:xxxxxxxxx
ESP> socket bound, pESP> got ip: 192:168:178:47
ESP> connected to ap SSID: Crystal Radio / password:xxxxxxxxx
ESP> socket bound, port 23
--- ESP32 WIFI MODULE --- NFT MASTER --- v1.0 - Jan 27 2023 - rb -
stat
CNT: 7 VBAT: 10.29 IBAT: 919.79 VSOL: 16.00 T: 14.50 RH: 51.97 PAR: 0 T_EC: -22.68 EC: 0.44
OK
>ESP32 watchdog reset
esp_stop 40
ESP> got ip: 192:168:178:47
ESP> connected to ap SSID: Crystal Radio / password:xxxxxxxxx
ESP> socket bound, pESP> got ip: 192:168:178:47
ESP> connected to ap SSID: Crystal Radio / password:xxxxxxxxx
ESP> socket bound, port 23
--- ESP32 WIFI MODULE --- NFT MASTER --- v1.0 - Jan 27 2023 - rb -
stat
CNT: 8 VBAT: 10.36 IBAT: 918.98 VSOL: 16.00 T: 14.43 RH: 51.80 PAR: 1776 T_EC: -22.64 EC: 0.43
OK
>ESP32 watchdog reset
esp_stop 40
ESP> got ip: 192:168:178:47
ESP> connected to ap SSID: Crystal Radio / password:xxxxxxxxx
ESP> socket bound, pESP> got ip: 192:168:178:47
ESP> connected to ap SSID: Crystal Radio / password:xxxxxxxxx
ESP> socket bound, port 23
--- ESP32 WIFI MODULE --- NFT MASTER --- v1.0 - Jan 27 2023 - rb -
stat
CNT: 9 VBAT: 10.43 IBAT: 910.12 VSOL: 15.99 T: 14.36 RH: 51.77 PAR: 0 T_EC: -22.66 EC: 0.43
OK
>ESP32 watchdog reset
esp_stop 40
ESP> got ip: 192:168:178:47
ESP> connected to ap SSID: Crystal Radio / password:xxxxxxxxx
ESP> socket bound, pESP> got ip: 192:168:178:47
ESP> connected to ap SSID: Crystal Radio / password:xxxxxxxxx
ESP> socket bound, port 23
--- ESP32 WIFI MODULE --- NFT MASTER --- v1.0 - Jan 27 2023 - rb -
stat
CNT: 10 VBAT: 10.49 IBAT: 923.01 VSOL: 16.00 T: 14.31 RH: 51.77 PAR: 1776 T_EC: -22.68 EC: 0.45
OK
>ESP32 watchdog reset
esp_stop 40
ESP> got ip: 192:168:178:47
ESP> connected to ap SSID: Crystal Radio / password:xxxxxxxxx
ESP> socket bound, pESP> got ip: 192:168:178:47
ESP> connected to ap SSID: Crystal Radio / password:xxxxxxxxx
ESP> socket bound, port 23
--- ESP32 WIFI MODULE --- NFT MASTER --- v1.0 - Jan 27 2023 - rb -
stat
CNT: 11 VBAT: 10.55 IBAT: 904.47 VSOL: 16.00 T: 14.26 RH: 51.83 PAR: 1776 T_EC: -22.68 EC: 0.41
OK
>ESP32 watchdog reset
esp_stop 40
ESP> got ip: 192:168:178:47
ESP> connected to ap SSID: Crystal Radio / password:xxxxxxxxx
ESP> socket bound, pESP> got ip: 192:168:178:47
ESP> connected to ap SSID: Crystal Radio / password:xxxxxxxxx
ESP> socket bound, port 23
--- ESP32 WIFI MODULE --- NFT MASTER --- v1.0 - Jan 27 2023 - rb -
stat
CNT: 12 VBAT: 10.61 IBAT: 914.95 VSOL: 16.01 T: 14.22 RH: 51.65 PAR: 1776 T_EC: -22.77 EC: 0.45
OK
>ESP32 watchdog reset
esp_stop 40
ESP> got ip: 192:168:178:47
ESP> connected to ap SSID: Crystal Radio / password:xxxxxxxxx
ESP> socket bound, pESP> got ip: 192:168:178:47
ESP> connected to ap SSID: Crystal Radio / password:xxxxxxxxx
ESP> socket bound, port 23
--- ESP32 WIFI MODULE --- NFT MASTER --- v1.0 - Jan 27 2023 - rb -
stat
CNT: 13 VBAT: 10.65 IBAT: 916.57 VSOL: 16.01 T: 14.17 RH: 51.77 PAR: 1777 T_EC: -22.72 EC: 0.42
OK
>ESP32 watchdog reset
esp_stop 40
ESP> got ip: 192:168:178:47
ESP> connected to ap SSID: Crystal Radio / password:xxxxxxxxx
ESP> socket bound, pESP> got ip: 192:168:178:47
ESP> connected to ap SSID: Crystal Radio / password:xxxxxxxxx
ESP> socket bound, port 23
--- ESP32 WIFI MODULE --- NFT MASTER --- v1.0 - Jan 27 2023 - rb -
stat
CNT: 14 VBAT: 10.70 IBAT: 919.79 VSOL: 16.01 T: 14.14 RH: 51.65 PAR: 1777 T_EC: -22.68 EC: 0.46
OK
>ESP32 watchdog reset
esp_stop 40
ESP> got ip: 192:168:178:47
ESP> connected to ap SSID: Crystal Radio / password:xxxxxxxxx
ESP> socket bound, pESP> got ip: 192:168:178:47
ESP> connected to ap SSID: Crystal Radio / password:xxxxxxxxx
ESP> socket bound, port 23
--- ESP32 WIFI MODULE --- NFT MASTER --- v1.0 - Jan 27 2023 - rb -
stat
CNT: 15 VBAT: 10.74 IBAT: 910.92 VSOL: 16.02 T: 14.10 RH: 51.54 PAR: 1776 T_EC: -22.70 EC: 0.43
OK
>ESP32 watchdog reset
esp_stop 40
ESP> got ip: 192:168:178:47
ESP> connected to ap SSID: Crystal Radio / password:xxxxxxxxx
ESP> socket bound, pESP> got ip: 192:168:178:47
ESP> connected to ap SSID: Crystal Radio / password:xxxxxxxxx
ESP> socket bound, port 23
--- ESP32 WIFI MODULE --- NFT MASTER --- v1.0 - Jan 27 2023 - rb -
stat
CNT: 16 VBAT: 10.79 IBAT: 920.60 VSOL: 16.01 T: 14.08 RH: 51.59 PAR: 0 T_EC: -22.69 EC: 0.44
OK
>ESP32 watchdog reset
esp_stop 40
ESP> got ip: 192:168:178:47
ESP> connected to ap SSID: Crystal Radio / password:xxxxxxxxx
ESP> socket bound, pESP> got ip: 192:168:178:47
ESP> connected to ap SSID: Crystal Radio / password:xxxxxxxxx
ESP> socket bound, port 23
--- ESP32 WIFI MODULE --- NFT MASTER --- v1.0 - Jan 27 2023 - rb -
stat
CNT: 17 VBAT: 10.83 IBAT: 916.57 VSOL: 16.03 T: 14.06 RH: 51.65 PAR: 1776 T_EC: -22.71 EC: 0.41
OK
>ESP32 watchdog reset
esp_stop 40
ESP> got ip: 192:168:178:47
ESP> connected to ap SSID: Crystal Radio / password:xxxxxxxxx
ESP> socket bound, pESP> got ip: 192:168:178:47
ESP> connected to ap SSID: Crystal Radio / password:xxxxxxxxx
ESP> socket bound, port 23
--- ESP32 WIFI MODULE --- NFT MASTER --- v1.0 - Jan 27 2023 - rb -
stat
CNT: 18 VBAT: 10.86 IBAT: 914.15 VSOL: 16.02 T: 14.02 RH: 51.65 PAR: 0 T_EC: -22.71 EC: 0.39
OK
>ESP32 watchdog reset
esp_stop 40
ESP> got ip: 192:168:178:47
ESP> connected to ap SSID: Crystal Radio / password:xxxxxxxxx
ESP> socket bound, pESP> got ip: 192:168:178:47
ESP> connected to ap SSID: Crystal Radio / password:xxxxxxxxx
ESP> socket bound, port 23
--- ESP32 WIFI MODULE --- NFT MASTER --- v1.0 - Jan 27 2023 - rb -
stat
CNT: 19 VBAT: 10.90 IBAT: 910.12 VSOL: 16.02 T: 14.00 RH: 51.74 PAR: 14 T_EC: -22.71 EC: 0.46
OK
>ESP32 watchdog reset
esp_stop 40
ESP> got ip: 192:168:178:47
ESP> connected to ap SSID: Crystal Radio / password:xxxxxxxxx
ESP> socket bound, pESP> got ip: 192:168:178:47
ESP> connected to ap SSID: Crystal Radio / password:xxxxxxxxx
ESP> socket bound, port 23
--- ESP32 WIFI MODULE --- NFT MASTER --- v1.0 - Jan 27 2023 - rb -
stat
CNT: 20 VBAT: 10.93 IBAT: 914.95 VSOL: 16.02 T: 13.98 RH: 51.59 PAR: 1776 T_EC: -22.74 EC: 0.43
OK
>ESP32 watchdog reset
esp_stop 40
ESP> got ip: 192:168:178:47
ESP> connected to ap SSID: Crystal Radio / password:xxxxxxxxx
ESP> socket bound, pESP> got ip: 192:168:178:47
ESP> connected to ap SSID: Crystal Radio / password:xxxxxxxxx
ESP> socket bound, port 23
--- ESP32 WIFI MODULE --- NFT MASTER --- v1.0 - Jan 27 2023 - rb -
stat
CNT: 21 VBAT: 10.96 IBAT: 914.95 VSOL: 16.02 T: 13.97 RH: 51.65 PAR: 1776 T_EC: -22.71 EC: 0.40
OK
>ESP32 watchdog reset
esp_stop 40
ESP> got ip: 192:168:178:47
ESP> connected to ap SSID: Crystal Radio / password:xxxxxxxxx
ESP> socket bound, pESP> got ip: 192:168:178:47
ESP> connected to ap SSID: Crystal Radio / password:xxxxxxxxx
ESP> socket bound, port 23
--- ESP32 WIFI MODULE --- NFT MASTER --- v1.0 - Jan 27 2023 - rb -
stat
CNT: 22 VBAT: 10.99 IBAT: 911.73 VSOL: 16.02 T: 13.95 RH: 51.51 PAR: 0 T_EC: -22.72 EC: 0.45
OK
>ESP32 watchdog reset
esp_stop 40
ESP> got ip: 192:168:178:47
ESP> connected to ap SSID: Crystal Radio / password:xxxxxxxxx
ESP> socket bound, pESP> got ip: 192:168:178:47
ESP> connected to ap SSID: Crystal Radio / password:xxxxxxxxx
ESP> socket bound, port 23
--- ESP32 WIFI MODULE --- NFT MASTER --- v1.0 - Jan 27 2023 - rb -
stat
CNT: 23 VBAT: 11.02 IBAT: 911.73 VSOL: 16.02 T: 13.93 RH: 51.54 PAR: 0 T_EC: -22.73 EC: 0.49
OK
>ESP32 watchdog reset
esp_stop 40
ESP> got ip: 192:168:178:47
ESP> connected to ap SSID: Crystal Radio / password:xxxxxxxxx
ESP> socket bound, pESP> got ip: 192:168:178:47
ESP> connected to ap SSID: Crystal Radio / password:xxxxxxxxx
ESP> socket bound, port 23
--- ESP32 WIFI MODULE --- NFT MASTER --- v1.0 - Jan 27 2023 - rb -
stat
CNT: 24 VBAT: 11.05 IBAT: 912.54 VSOL: 16.02 T: 13.91 RH: 51.36 PAR: 0 T_EC: -22.70 EC: 0.43
OK
>ESP32 watchdog reset
esp_stop 40
ESP> got ip: 192:168:178:47
ESP> connected to ap SSID: Crystal Radio / password:xxxxxxxxx
ESP> socket bound, pESP> got ip: 192:168:178:47
ESP> connected to ap SSID: Crystal Radio / password:xxxxxxxxx
ESP> socket bound, port 23
--- ESP32 WIFI MODULE --- NFT MASTER --- v1.0 - Jan 27 2023 - rb -
stat
CNT: 25 VBAT: 11.08 IBAT: 912.54 VSOL: 16.02 T: 13.88 RH: 51.39 PAR: 1776 T_EC: -22.69 EC: 0.38
OK
>ESP32 watchdog reset
esp_stop 40
ESP> got ip: 192:168:178:47
ESP> connected to ap SSID: Crystal Radio / password:xxxxxxxxx
ESP> socket bound, pESP> got ip: 192:168:178:47
ESP> connected to ap SSID: Crystal Radio / password:xxxxxxxxx
ESP> socket bound, port 23
--- ESP32 WIFI MODULE --- NFT MASTER --- v1.0 - Jan 27 2023 - rb -
stat
CNT: 26 VBAT: 11.10 IBAT: 893.99 VSOL: 16.03 T: 13.88 RH: 51.51 PAR: 5 T_EC: -22.73 EC: 0.42
OK
>ESP32 watchdog reset
esp_stop 40
ESP> got ip: 192:168:178:47
ESP> connected to ap SSID: Crystal Radio / password:xxxxxxxxx
ESP> socket bound, pESP> got ip: 192:168:178:47
ESP> connected to ap SSID: Crystal Radio / password:xxxxxxxxx
ESP> socket bound, port 23
--- ESP32 WIFI MODULE --- NFT MASTER --- v1.0 - Jan 27 2023 - rb -
stat
CNT: 27 VBAT: 11.13 IBAT: 906.89 VSOL: 16.03 T: 13.86 RH: 51.62 PAR: 1776 T_EC: -22.73 EC: 0.51
OK
>ESP32 watchdog reset
esp_stop 40
ESP> got ip: 192:168:178:47
ESP> connected to ap SSID: Crystal Radio / password:xxxxxxxxx
ESP> socket bound, pESP> got ip: 192:168:178:47
ESP> connected to ap SSID: Crystal Radio / password:xxxxxxxxx
ESP> socket bound, port 23
--- ESP32 WIFI MODULE --- NFT MASTER --- v1.0 - Jan 27 2023 - rb -
stat
CNT: 28 VBAT: 11.16 IBAT: 901.25 VSOL: 16.03 T: 13.84 RH: 51.48 PAR: 1776 T_EC: -22.71 EC: 0.44
OK
>ESP32 watchdog reset
esp_stop 40
ESP> got ip: 192:168:178:47
ESP> connected to ap SSID: Crystal Radio / password:xxxxxxxxx
ESP> socket bound, pESP> got ip: 192:168:178:47
ESP> connected to ap SSID: Crystal Radio / password:xxxxxxxxx
ESP> socket bound, port 23
--- ESP32 WIFI MODULE --- NFT MASTER --- v1.0 - Jan 27 2023 - rb -
stat
CNT: 29 VBAT: 11.19 IBAT: 902.06 VSOL: 16.03 T: 13.83 RH: 51.45 PAR: 1776 T_EC: -22.72 EC: 0.50
OK
>ESP32 watchdog reset
esp_stop 40
ESP> got ip: 192:168:178:47
ESP> connected to ap SSID: Crystal Radio / password:xxxxxxxxx
ESP> socket bound, pESP> got ip: 192:168:178:47
ESP> connected to ap SSID: Crystal Radio / password:xxxxxxxxx
ESP> socket bound, port 23
--- ESP32 WIFI MODULE --- NFT MASTER --- v1.0 - Jan 27 2023 - rb -
stat
CNT: 30 VBAT: 11.21 IBAT: 901.25 VSOL: 16.03 T: 13.81 RH: 51.45 PAR: 1776 T_EC: -22.74 EC: 0.44
OK
>ESP32 watchdog reset
esp_stop 40
ESP> got ip: 192:168:178:47
ESP> connected to ap SSID: Crystal Radio / password:xxxxxxxxx
ESP> socket bound, pESP> got ip: 192:168:178:47
ESP> connected to ap SSID: Crystal Radio / password:xxxxxxxxx
ESP> socket bound, port 23
--- ESP32 WIFI MODULE --- NFT MASTER --- v1.0 - Jan 27 2023 - rb -
stat
CNT: 31 VBAT: 11.22 IBAT: 896.41 VSOL: 16.03 T: 13.80 RH: 51.21 PAR: 0 T_EC: -22.70 EC: 0.43
OK
>ESP32 watchdog reset
esp_stop 40
ESP> got ip: 192:168:178:47
ESP> connected to ap SSID: Crystal Radio / password:xxxxxxxxx
ESP> socket bound, pESP> got ip: 192:168:178:47
ESP> connected to ap SSID: Crystal Radio / password:xxxxxxxxx
ESP> socket bound, port 23
--- ESP32 WIFI MODULE --- NFT MASTER --- v1.0 - Jan 27 2023 - rb -
stat
CNT: 32 VBAT: 11.25 IBAT: 905.28 VSOL: 16.03 T: 13.78 RH: 51.21 PAR: 0 T_EC: -22.68 EC: 0.44
OK
>ESP32 watchdog reset
esp_stop 40
ESP> got ip: 192:168:178:47
ESP> connected to ap SSID: Crystal Radio / password:xxxxxxxxx
ESP> socket bound, pESP> got ip: 192:168:178:47
ESP> connected to ap SSID: Crystal Radio / password:xxxxxxxxx
ESP> socket bound, port 23
--- ESP32 WIFI MODULE --- NFT MASTER --- v1.0 - Jan 27 2023 - rb -
stat
CNT: 33 VBAT: 11.27 IBAT: 903.67 VSOL: 16.03 T: 13.76 RH: 51.33 PAR: 1777 T_EC: -22.69 EC: 0.42
OK
>ESP32 watchdog reset
esp_stop 40
ESP> got ip: 192:168:178:47
ESP> connected to ap SSID: Crystal Radio / password:xxxxxxxxx
ESP> socket bound, pESP> got ip: 192:168:178:47
ESP> connected to ap SSID: Crystal Radio / password:xxxxxxxxx
ESP> socket bound, port 23
--- ESP32 WIFI MODULE --- NFT MASTER --- v1.0 - Jan 27 2023 - rb -
stat
CNT: 34 VBAT: 11.30 IBAT: 893.19 VSOL: 16.03 T: 13.74 RH: 51.42 PAR: 1776 T_EC: -22.71 EC: 0.44
OK
>ESP32 watchdog reset
esp_stop 40
ESP> got ip: 192:168:178:47
ESP> connected to ap SSID: Crystal Radio / password:xxxxxxxxx
ESP> socket bound, pESP> got ip: 192:168:178:47
ESP> connected to ap SSID: Crystal Radio / password:xxxxxxxxx
ESP> socket bound, port 23
--- ESP32 WIFI MODULE --- NFT MASTER --- v1.0 - Jan 27 2023 - rb -
stat
CNT: 35 VBAT: 11.31 IBAT: 886.74 VSOL: 16.03 T: 13.72 RH: 51.24 PAR: 1776 T_EC: -22.83 EC: 0.54
OK
>ESP32 watchdog reset
esp_stop 40
ESP> got ip: 192:168:178:47
ESP> connected to ap SSID: Crystal Radio / password:xxxxxxxxx
ESP> socket bound, pESP> got ip: 192:168:178:47
ESP> connected to ap SSID: Crystal Radio / password:xxxxxxxxx
ESP> socket bound, port 23
--- ESP32 WIFI MODULE --- NFT MASTER --- v1.0 - Jan 27 2023 - rb -
stat
CNT: 36 VBAT: 11.33 IBAT: 889.96 VSOL: 16.03 T: 13.70 RH: 51.48 PAR: 1776 T_EC: -22.72 EC: 0.46
OK
>ESP32 watchdog reset
esp_stop 40
ESP> got ip: 192:168:178:47
ESP> connected to ap SSID: Crystal Radio / password:xxxxxxxxx
ESP> socket bound, pESP> got ip: 192:168:178:47
ESP> connected to ap SSID: Crystal Radio / password:xxxxxxxxx
ESP> socket bound, port 23
--- ESP32 WIFI MODULE --- NFT MASTER --- v1.0 - Jan 27 2023 - rb -
stat
CNT: 37 VBAT: 11.34 IBAT: 899.64 VSOL: 16.04 T: 13.69 RH: 51.45 PAR: 1776 T_EC: -22.70 EC: 0.40
OK
>ESP32 watchdog reset
esp_stop 40
ESP> got ip: 192:168:178:47
ESP> connected to ap SSID: Crystal Radio / password:xxxxxxxxx
ESP> socket bound, pESP> got ip: 192:168:178:47
ESP> connected to ap SSID: Crystal Radio / password:xxxxxxxxx
ESP> socket bound, port 23
--- ESP32 WIFI MODULE --- NFT MASTER --- v1.0 - Jan 27 2023 - rb -
stat
CNT: 38 VBAT: 11.35 IBAT: 889.16 VSOL: 16.03 T: 13.68 RH: 51.30 PAR: 1776 T_EC: -22.75 EC: 0.42
OK
>ESP32 watchdog reset
esp_stop 40
ESP> got ip: 192:168:178:47
ESP> connected to ap SSID: Crystal Radio / password:xxxxxxxxx
ESP> socket bound, pESP> got ip: 192:168:178:47
ESP> connected to ap SSID: Crystal Radio / password:xxxxxxxxx
ESP> socket bound, port 23
--- ESP32 WIFI MODULE --- NFT MASTER --- v1.0 - Jan 27 2023 - rb -
stat
CNT: 39 VBAT: 11.37 IBAT: 890.77 VSOL: 16.03 T: 13.66 RH: 51.48 PAR: 8 T_EC: -22.72 EC: 0.43
OK
>ESP32 watchdog reset
esp_stop 40
ESP> got ip: 192:168:178:47
ESP> connected to ap SSID: Crystal Radio / password:xxxxxxxxx
ESP> socket bound, pESP> got ip: 192:168:178:47
ESP> connected to ap SSID: Crystal Radio / password:xxxxxxxxx
ESP> socket bound, port 23
--- ESP32 WIFI MODULE --- NFT MASTER --- v1.0 - Jan 27 2023 - rb -
stat
CNT: 40 VBAT: 11.38 IBAT: 898.83 VSOL: 16.03 T: 13.64 RH: 51.24 PAR: 0 T_EC: -22.71 EC: 0.42
OK
>ESP32 watchdog reset
esp_stop 40
ESP> got ip: 192:168:178:47
ESP> connected to ap SSID: Crystal Radio / password:xxxxxxxxx
ESP> socket bound, pESP> got ip: 192:168:178:47
ESP> connected to ap SSID: Crystal Radio / password:xxxxxxxxx
ESP> socket bound, port 23
--- ESP32 WIFI MODULE --- NFT MASTER --- v1.0 - Jan 27 2023 - rb -
stat
CNT: 41 VBAT: 11.39 IBAT: 893.99 VSOL: 16.03 T: 13.64 RH: 51.24 PAR: 1776 T_EC: -22.72 EC: 0.45
OK
>ESP32 watchdog reset
esp_stop 40
ESP> got ip: 192:168:178:47
ESP> connected to ap SSID: Crystal Radio / password:xxxxxxxxx
ESP> socket bound, pESP> got ip: 192:168:178:47
ESP> connected to ap SSID: Crystal Radio / password:xxxxxxxxx
ESP> socket bound, port 23
--- ESP32 WIFI MODULE --- NFT MASTER --- v1.0 - Jan 27 2023 - rb -
stat
CNT: 42 VBAT: 11.40 IBAT: 890.77 VSOL: 16.03 T: 13.64 RH: 51.36 PAR: 26 T_EC: -22.72 EC: 0.42
OK
>ESP32 watchdog reset
esp_stop 40
ESP> got ip: 192:168:178:47
ESP> connected to ap SSID: Crystal Radio / password:xxxxxxxxx
ESP> socket bound, pESP> got ip: 192:168:178:47
ESP> connected to ap SSID: Crystal Radio / password:xxxxxxxxx
ESP> socket bound, port 23
--- ESP32 WIFI MODULE --- NFT MASTER --- v1.0 - Jan 27 2023 - rb -
stat
CNT: 43 VBAT: 11.41 IBAT: 891.58 VSOL: 16.04 T: 13.62 RH: 51.24 PAR: 1776 T_EC: -22.70 EC: 0.44
OK
>ESP32 watchdog reset
esp_stop 40
ESP> got ip: 192:168:178:47
ESP> connected to ap SSID: Crystal Radio / password:xxxxxxxxx
ESP> socket bound, pESP> got ip: 192:168:178:47
ESP> connected to ap SSID: Crystal Radio / password:xxxxxxxxx
ESP> socket bound, port 23
--- ESP32 WIFI MODULE --- NFT MASTER --- v1.0 - Jan 27 2023 - rb -
stat
CNT: 44 VBAT: 11.41 IBAT: 892.38 VSOL: 16.03 T: 13.60 RH: 51.24 PAR: 72 T_EC: -22.69 EC: 0.42
OK
>ESP32 watchdog reset
esp_stop 40
ESP> got ip: 192:168:178:47
ESP> connected to ap SSID: Crystal Radio / password:xxxxxxxxx
ESP> socket bound, pESP> got ip: 192:168:178:47
ESP> connected to ap SSID: Crystal Radio / password:xxxxxxxxx
ESP> socket bound, port 23
--- ESP32 WIFI MODULE --- NFT MASTER --- v1.0 - Jan 27 2023 - rb -
stat
CNT: 45 VBAT: 11.41 IBAT: 887.55 VSOL: 16.03 T: 13.58 RH: 51.39 PAR: 1777 T_EC: -22.70 EC: 0.42
OK
>ESP32 watchdog reset
esp_stop 40
ESP> got ip: 192:168:178:47
ESP> connected to ap SSID: Crystal Radio / password:xxxxxxxxx
ESP> socket bound, pESP> got ip: 192:168:178:47
ESP> connected to ap SSID: Crystal Radio / password:xxxxxxxxx
ESP> socket bound, port 23
--- ESP32 WIFI MODULE --- NFT MASTER --- v1.0 - Jan 27 2023 - rb -
stat
CNT: 46 VBAT: 11.41 IBAT: 889.16 VSOL: 16.03 T: 13.58 RH: 51.51 PAR: 1776 T_EC: -22.69 EC: 0.44
OK
>ESP32 watchdog reset
esp_stop 40
ESP> got ip: 192:168:178:47
ESP> connected to ap SSID: Crystal Radio / password:xxxxxxxxx
ESP> socket bound, pESP> got ip: 192:168:178:47
ESP> connected to ap SSID: Crystal Radio / password:xxxxxxxxx
ESP> socket bound, port 23
--- ESP32 WIFI MODULE --- NFT MASTER --- v1.0 - Jan 27 2023 - rb -
stat
CNT: 47 VBAT: 11.42 IBAT: 893.19 VSOL: 16.03 T: 13.56 RH: 51.56 PAR: 0 T_EC: -22.71 EC: 0.47
OK
>ESP32 watchdog reset
esp_stop 40
ESP> got ip: 192:168:178:47
ESP> connected to ap SSID: Crystal Radio / password:xxxxxxxxx
ESP> socket bound, pESP> got ip: 192:168:178:47
ESP> connected to ap SSID: Crystal Radio / password:xxxxxxxxx
ESP> socket bound, port 23
--- ESP32 WIFI MODULE --- NFT MASTER --- v1.0 - Jan 27 2023 - rb -
stat
CNT: 48 VBAT: 11.42 IBAT: 883.51 VSOL: 16.03 T: 13.57 RH: 51.62 PAR: 0 T_EC: -22.72 EC: 0.43
OK
>ESP32 watchdog reset
esp_stop 40
ESP> got ip: 192:168:178:47
ESP> connected to ap SSID: Crystal Radio / password:xxxxxxxxx
ESP> socket bound, pESP> got ip: 192:168:178:47
ESP> connected to ap SSID: Crystal Radio / password:xxxxxxxxx
ESP> socket bound, port 23
--- ESP32 WIFI MODULE --- NFT MASTER --- v1.0 - Jan 27 2023 - rb -
stat
CNT: 49 VBAT: 11.42 IBAT: 893.19 VSOL: 16.05 T: 13.54 RH: 51.65 PAR: 0 T_EC: -22.73 EC: 0.43
OK
>ESP32 watchdog reset
esp_stop 40
ESP> got ip: 192:168:178:47
ESP> connected to ap SSID: Crystal Radio / password:xxxxxxxxx
ESP> socket bound, pESP> got ip: 192:168:178:47
ESP> connected to ap SSID: Crystal Radio / password:xxxxxxxxx
ESP> socket bound, port 23
--- ESP32 WIFI MODULE --- NFT MASTER --- v1.0 - Jan 27 2023 - rb -
stat
CNT: 50 VBAT: 11.44 IBAT: 894.80 VSOL: 16.03 T: 13.53 RH: 51.48 PAR: 1776 T_EC: -22.75 EC: 0.49
OK
>ESP32 watchdog reset
esp_stop 40
ESP> got ip: 192:168:178:47
ESP> connected to ap SSID: Crystal Radio / password:xxxxxxxxx
ESP> socket bound, pESP> got ip: 192:168:178:47
ESP> connected to ap SSID: Crystal Radio / password:xxxxxxxxx
ESP> socket bound, port 23
--- ESP32 WIFI MODULE --- NFT MASTER --- v1.0 - Jan 27 2023 - rb -
stat
CNT: 51 VBAT: 11.43 IBAT: 895.61 VSOL: 16.03 T: 13.52 RH: 51.65 PAR: 43 T_EC: -22.69 EC: 0.41
OK
>ESP32 watchdog reset
esp_stop 40
ESP> got ip: 192:168:178:47
ESP> connected to ap SSID: Crystal Radio / password:xxxxxxxxx
ESP> socket bound, pESP> got ip: 192:168:178:47
ESP> connected to ap SSID: Crystal Radio / password:xxxxxxxxx
ESP> socket bound, port 23
--- ESP32 WIFI MODULE --- NFT MASTER --- v1.0 - Jan 27 2023 - rb -
stat
CNT: 52 VBAT: 11.44 IBAT: 894.80 VSOL: 16.03 T: 13.49 RH: 51.65 PAR: 1777 T_EC: -22.69 EC: 0.41
OK
>ESP32 watchdog reset
esp_stop 40
ESP> got ip: 192:168:178:47
ESP> connected to ap SSID: Crystal Radio / password:xxxxxxxxx
ESP> socket bound, pESP> got ip: 192:168:178:47
ESP> connected to ap SSID: Crystal Radio / password:xxxxxxxxx
ESP> socket bound, port 23
--- ESP32 WIFI MODULE --- NFT MASTER --- v1.0 - Jan 27 2023 - rb -
stat
CNT: 53 VBAT: 11.44 IBAT: 887.55 VSOL: 16.03 T: 13.50 RH: 51.74 PAR: 0 T_EC: -22.72 EC: 0.36
OK
>ESP32 watchdog reset
esp_stop 40
ESP> got ip: 192:168:178:47
ESP> connected to ap SSID: Crystal Radio / password:xxxxxxxxx
ESP> socket bound, pESP> got ip: 192:168:178:47
ESP> connected to ap SSID: Crystal Radio / password:xxxxxxxxx
ESP> socket bound, port 23
--- ESP32 WIFI MODULE --- NFT MASTER --- v1.0 - Jan 27 2023 - rb -
stat
CNT: 54 VBAT: 11.44 IBAT: 885.13 VSOL: 16.05 T: 13.50 RH: 51.65 PAR: 0 T_EC: -22.72 EC: 0.41
OK
>ESP32 watchdog reset
esp_stop 40
ESP> got ip: 192:168:178:47
ESP> connected to ap SSID: Crystal Radio / password:xxxxxxxxx
ESP> socket bound, pESP> got ip: 192:168:178:47
ESP> connected to ap SSID: Crystal Radio / password:xxxxxxxxx
ESP> socket bound, port 23
--- ESP32 WIFI MODULE --- NFT MASTER --- v1.0 - Jan 27 2023 - rb -
stat
CNT: 55 VBAT: 11.44 IBAT: 895.61 VSOL: 16.04 T: 13.48 RH: 51.48 PAR: 1776 T_EC: -22.73 EC: 0.42
OK
>ESP32 watchdog reset
esp_stop 40
ESP> got ip: 192:168:178:47
ESP> connected to ap SSID: Crystal Radio / password:xxxxxxxxx
ESP> socket bound, pESP> got ip: 192:168:178:47
ESP> connected to ap SSID: Crystal Radio / password:xxxxxxxxx
ESP> socket bound, port 23
--- ESP32 WIFI MODULE --- NFT MASTER --- v1.0 - Jan 27 2023 - rb -
stat
CNT: 56 VBAT: 11.44 IBAT: 895.61 VSOL: 16.03 T: 13.46 RH: 51.59 PAR: 0 T_EC: -22.72 EC: 0.43
OK
>ESP32 watchdog reset
esp_stop 40
ESP> got ip: 192:168:178:47
ESP> connected to ap SSID: Crystal Radio / password:xxxxxxxxx
ESP> socket bound, pESP> got ip: 192:168:178:47
ESP> connected to ap SSID: Crystal Radio / password:xxxxxxxxx
ESP> socket bound, port 23
--- ESP32 WIFI MODULE --- NFT MASTER --- v1.0 - Jan 27 2023 - rb -
stat
CNT: 57 VBAT: 11.45 IBAT: 882.71 VSOL: 16.03 T: 13.44 RH: 51.51 PAR: 1777 T_EC: -22.74 EC: 0.47
OK
>ESP32 watchdog reset
esp_stop 40
ESP> got ip: 192:168:178:47
ESP> connected to ap SSID: Crystal Radio / password:xxxxxxxxx
ESP> socket bound, pESP> got ip: 192:168:178:47
ESP> connected to ap SSID: Crystal Radio / password:xxxxxxxxx
ESP> socket bound, port 23
--- ESP32 WIFI MODULE --- NFT MASTER --- v1.0 - Jan 27 2023 - rb -
stat
CNT: 58 VBAT: 11.45 IBAT: 891.58 VSOL: 16.03 T: 13.44 RH: 51.77 PAR: 12 T_EC: -22.70 EC: 0.43
OK
>ESP32 watchdog reset
esp_stop 40
ESP> got ip: 192:168:178:47
ESP> connected to ap SSID: Crystal Radio / password:xxxxxxxxx
ESP> socket bound, pESP> got ip: 192:168:178:47
ESP> connected to ap SSID: Crystal Radio / password:xxxxxxxxx
ESP> socket bound, port 23
--- ESP32 WIFI MODULE --- NFT MASTER --- v1.0 - Jan 27 2023 - rb -
stat
CNT: 59 VBAT: 11.45 IBAT: 893.99 VSOL: 16.03 T: 13.42 RH: 51.86 PAR: 1776 T_EC: -22.71 EC: 0.41
OK
>ESP32 watchdog reset
esp_stop 40
ESP> got ip: 192:168:178:47
ESP> connected to ap SSID: Crystal Radio / password:xxxxxxxxx
ESP> socket bound, port 23
--- ESP32 WIFI MODULE --- NFT MASTER --- v1.0 - Jan 27 2023 - rb -
stat
CNT: 60 VBAT: 11.46 IBAT: 889.96 VSOL: 16.03 T: 13.42 RH: 51.65 PAR: 1777 T_EC: -22.73 EC: 0.43
OK
>ESP32 watchdog reset
esp_stop 40
ESP> got ip: 192:168:178:47
ESP> connected to ap SSID: Crystal Radio / password:xxxxxxxxx
ESP> socket bound, pESP> got ip: 192:168:178:47
ESP> connected to ap SSID: Crystal Radio / password:xxxxxxxxx
ESP> socket bound, port 23
--- ESP32 WIFI MODULE --- NFT MASTER --- v1.0 - Jan 27 2023 - rb -
stat
CNT: 61 VBAT: 11.46 IBAT: 880.29 VSOL: 16.03 T: 13.41 RH: 51.59 PAR: 5 T_EC: -22.73 EC: 0.42
OK
>ESP32 watchdog reset
esp_stop 40
ESP> got ip: 192:168:178:47
ESP> connected to ap SSID: Crystal Radio / password:xxxxxxxxx
ESP> socket bound, pESP> got ip: 192:168:178:47
ESP> connected to ap SSID: Crystal Radio / password:xxxxxxxxx
ESP> socket bound, port 23
--- ESP32 WIFI MODULE --- NFT MASTER --- v1.0 - Jan 27 2023 - rb -
stat
CNT: 62 VBAT: 11.46 IBAT: 889.96 VSOL: 16.03 T: 13.41 RH: 51.51 PAR: 1777 T_EC: -22.72 EC: 0.41
OK
>ESP32 watchdog reset
esp_stop 40
ESP> got ip: 192:168:178:47
ESP> connected to ap SSID: Crystal Radio / password:xxxxxxxxx
ESP> socket bound, pESP> got ip: 192:168:178:47
ESP> connected to ap SSID: Crystal Radio / password:xxxxxxxxx
ESP> socket bound, port 23
--- ESP32 WIFI MODULE --- NFT MASTER --- v1.0 - Jan 27 2023 - rb -
stat
CNT: 63 VBAT: 11.47 IBAT: 889.96 VSOL: 16.04 T: 13.40 RH: 51.54 PAR: 0 T_EC: -22.77 EC: 0.44
OK
>ESP32 watchdog reset
esp_stop 40
ESP> got ip: 192:168:178:47
ESP> connected to ap SSID: Crystal Radio / password:xxxxxxxxx
ESP> socket bound, pESP> got ip: 192:168:178:47
ESP> connected to ap SSID: Crystal Radio / password:xxxxxxxxx
ESP> socket bound, port 23
--- ESP32 WIFI MODULE --- NFT MASTER --- v1.0 - Jan 27 2023 - rb -
stat
CNT: 64 VBAT: 11.47 IBAT: 879.48 VSOL: 16.03 T: 13.39 RH: 51.65 PAR: 0 T_EC: -22.71 EC: 0.39
OK
>ESP32 watchdog reset
esp_stop 40
ESP> got ip: 192:168:178:47
ESP> connected to ap SSID: Crystal Radio / password:xxxxxxxxx
ESP> socket bound, pESP> got ip: 192:168:178:47
ESP> connected to ap SSID: Crystal Radio / password:xxxxxxxxx
ESP> socket bound, port 23
--- ESP32 WIFI MODULE --- NFT MASTER --- v1.0 - Jan 27 2023 - rb -
stat
CNT: 65 VBAT: 11.48 IBAT: 885.13 VSOL: 16.03 T: 13.37 RH: 51.59 PAR: 1776 T_EC: -22.76 EC: 0.44
OK
>ESP32 watchdog reset
esp_stop 40
ESP> got ip: 192:168:178:47
ESP> connected to ap SSID: Crystal Radio / password:xxxxxxxxx
ESP> socket bound, pESP> got ip: 192:168:178:47
ESP> connected to ap SSID: Crystal Radio / password:xxxxxxxxx
ESP> socket bound, port 23
--- ESP32 WIFI MODULE --- NFT MASTER --- v1.0 - Jan 27 2023 - rb -
stat
CNT: 66 VBAT: 11.48 IBAT: 886.74 VSOL: 16.04 T: 13.36 RH: 51.48 PAR: 1776 T_EC: -22.71 EC: 0.46
OK
>ESP32 watchdog reset
esp_stop 40
ESP> got ip: 192:168:178:47
ESP> connected to ap SSID: Crystal Radio / password:xxxxxxxxx
ESP> socket bound, pESP> got ip: 192:168:178:47
ESP> connected to ap SSID: Crystal Radio / password:xxxxxxxxx
ESP> socket bound, port 23
--- ESP32 WIFI MODULE --- NFT MASTER --- v1.0 - Jan 27 2023 - rb -
stat
CNT: 67 VBAT: 11.48 IBAT: 885.93 VSOL: 16.03 T: 13.35 RH: 51.62 PAR: 1776 T_EC: -22.75 EC: 0.45
OK
>ESP32 watchdog reset
esp_stop 40
ESP> got ip: 192:168:178:47
ESP> connected to ap SSID: Crystal Radio / password:xxxxxxxxx
ESP> socket bound, pESP> got ip: 192:168:178:47
ESP> connected to ap SSID: Crystal Radio / password:xxxxxxxxx
ESP> socket bound, port 23
--- ESP32 WIFI MODULE --- NFT MASTER --- v1.0 - Jan 27 2023 - rb -
stat
CNT: 68 VBAT: 11.48 IBAT: 883.51 VSOL: 16.03 T: 13.33 RH: 51.80 PAR: 1776 T_EC: -22.73 EC: 0.41
OK
>ESP32 watchdog reset
esp_stop 40
ESP> got ip: 192:168:178:47
ESP> connected to ap SSID: Crystal Radio / password:xxxxxxxxx
ESP> socket bound, pESP> got ip: 192:168:178:47
ESP> connected to ap SSID: Crystal Radio / password:xxxxxxxxx
ESP> socket bound, port 23
--- ESP32 WIFI MODULE --- NFT MASTER --- v1.0 - Jan 27 2023 - rb -
stat
CNT: 69 VBAT: 11.50 IBAT: 873.84 VSOL: 16.05 T: 13.34 RH: 51.68 PAR: 1776 T_EC: -22.74 EC: 0.44
OK
>ESP32 watchdog reset
esp_stop 40
ESP> got ip: 192:168:178:47
ESP> connected to ap SSID: Crystal Radio / password:xxxxxxxxx
ESP> socket bound, pESP> got ip: 192:168:178:47
ESP> connected to ap SSID: Crystal Radio / password:xxxxxxxxx
ESP> socket bound, port 23
--- ESP32 WIFI MODULE --- NFT MASTER --- v1.0 - Jan 27 2023 - rb -
stat
CNT: 70 VBAT: 11.50 IBAT: 881.90 VSOL: 16.04 T: 13.33 RH: 51.51 PAR: 1776 T_EC: -22.71 EC: 0.45
OK
>ESP32 watchdog reset
esp_stop 40
ESP> got ip: 192:168:178:47
ESP> connected to ap SSID: Crystal Radio / password:xxxxxxxxx
ESP> socket bound, pESP> got ip: 192:168:178:47
ESP> connected to ap SSID: Crystal Radio / password:xxxxxxxxx
ESP> socket bound, port 23
--- ESP32 WIFI MODULE --- NFT MASTER --- v1.0 - Jan 27 2023 - rb -
stat
CNT: 71 VBAT: 11.50 IBAT: 890.77 VSOL: 16.03 T: 13.32 RH: 51.54 PAR: 4 T_EC: -22.71 EC: 0.40
OK
>ESP32 watchdog reset
esp_stop 40
ESP> got ip: 192:168:178:47
ESP> connected to ap SSID: Crystal Radio / password:xxxxxxxxx
ESP> socket bound, pESP> got ip: 192:168:178:47
ESP> connected to ap SSID: Crystal Radio / password:xxxxxxxxx
ESP> socket bound, port 23
--- ESP32 WIFI MODULE --- NFT MASTER --- v1.0 - Jan 27 2023 - rb -
stat
CNT: 72 VBAT: 11.50 IBAT: 887.55 VSOL: 16.03 T: 13.32 RH: 51.56 PAR: 1776 T_EC: -22.74 EC: 0.41
OK
>ESP32 watchdog reset
esp_stop 40
ESP> got ip: 192:168:178:47
ESP> connected to ap SSID: Crystal Radio / password:xxxxxxxxx
ESP> socket bound, pESP> got ip: 192:168:178:47
ESP> connected to ap SSID: Crystal Radio / password:xxxxxxxxx
ESP> socket bound, port 23
--- ESP32 WIFI MODULE --- NFT MASTER --- v1.0 - Jan 27 2023 - rb -
stat
CNT: 73 VBAT: 11.51 IBAT: 885.13 VSOL: 16.03 T: 13.30 RH: 51.48 PAR: 1776 T_EC: -22.72 EC: 0.41
OK
>ESP32 watchdog reset
esp_stop 40
ESP> got ip: 192:168:178:47
ESP> connected to ap SSID: Crystal Radio / password:xxxxxxxxx
ESP> socket bound, pESP> got ip: 192:168:178:47
ESP> connected to ap SSID: Crystal Radio / password:xxxxxxxxx
ESP> socket bound, port 23
--- ESP32 WIFI MODULE --- NFT MASTER --- v1.0 - Jan 27 2023 - rb -
stat
CNT: 74 VBAT: 11.51 IBAT: 889.16 VSOL: 16.05 T: 13.29 RH: 51.56 PAR: 0 T_EC: -22.70 EC: 0.42
OK
>ESP32 watchdog reset
esp_stop 40
ESP> got ip: 192:168:178:47
ESP> connected to ap SSID: Crystal Radio / password:xxxxxxxxx
ESP> socket bound, pESP> got ip: 192:168:178:47
ESP> connected to ap SSID: Crystal Radio / password:xxxxxxxxx
ESP> socket bound, port 23
--- ESP32 WIFI MODULE --- NFT MASTER --- v1.0 - Jan 27 2023 - rb -
stat
CNT: 75 VBAT: 11.51 IBAT: 885.13 VSOL: 16.04 T: 13.27 RH: 51.48 PAR: 24 T_EC: -22.74 EC: 0.41
OK
>ESP32 watchdog reset
esp_stop 40
ESP> got ip: 192:168:178:47
ESP> connected to ap SSID: Crystal Radio / password:xxxxxxxxx
ESP> socket bound, pESP> got ip: 192:168:178:47
ESP> connected to ap SSID: Crystal Radio / password:xxxxxxxxx
ESP> socket bound, port 23
--- ESP32 WIFI MODULE --- NFT MASTER --- v1.0 - Jan 27 2023 - rb -
stat
CNT: 76 VBAT: 11.52 IBAT: 881.90 VSOL: 16.04 T: 13.27 RH: 51.65 PAR: 0 T_EC: -22.72 EC: 0.42
OK
>ESP32 watchdog reset
esp_stop 40
ESP> got ip: 192:168:178:47
ESP> connected to ap SSID: Crystal Radio / password:xxxxxxxxx
ESP> socket bound, pESP> got ip: 192:168:178:47
ESP> connected to ap SSID: Crystal Radio / password:xxxxxxxxx
ESP> socket bound, port 23
--- ESP32 WIFI MODULE --- NFT MASTER --- v1.0 - Jan 27 2023 - rb -
stat
CNT: 77 VBAT: 11.52 IBAT: 884.32 VSOL: 16.03 T: 13.26 RH: 51.71 PAR: 1776 T_EC: -22.70 EC: 0.44
OK
>ESP32 watchdog reset
esp_stop 40
ESP> got ip: 192:168:178:47
ESP> connected to ap SSID: Crystal Radio / password:xxxxxxxxx
ESP> socket bound, pESP> got ip: 192:168:178:47
ESP> connected to ap SSID: Crystal Radio / password:xxxxxxxxx
ESP> socket bound, port 23
--- ESP32 WIFI MODULE --- NFT MASTER --- v1.0 - Jan 27 2023 - rb -
stat
CNT: 78 VBAT: 11.53 IBAT: 884.32 VSOL: 16.05 T: 13.25 RH: 51.94 PAR: 1777 T_EC: -22.74 EC: 0.45
OK
>ESP32 watchdog reset
esp_stop 40
ESP> got ip: 192:168:178:47
ESP> connected to ap SSID: Crystal Radio / password:xxxxxxxxx
ESP> socket bound, pESP> got ip: 192:168:178:47
ESP> connected to ap SSID: Crystal Radio / password:xxxxxxxxx
ESP> socket bound, port 23
--- ESP32 WIFI MODULE --- NFT MASTER --- v1.0 - Jan 27 2023 - rb -
stat
CNT: 79 VBAT: 11.53 IBAT: 885.13 VSOL: 16.03 T: 13.24 RH: 51.83 PAR: 42 T_EC: -22.70 EC: 0.42
OK
>ESP32 watchdog reset
esp_stop 40
ESP> got ip: 192:168:178:47
ESP> connected to ap SSID: Crystal Radio / password:xxxxxxxxx
ESP> socket bound, pESP> got ip: 192:168:178:47
ESP> connected to ap SSID: Crystal Radio / password:xxxxxxxxx
ESP> socket bound, port 23
--- ESP32 WIFI MODULE --- NFT MASTER --- v1.0 - Jan 27 2023 - rb -
stat
CNT: 80 VBAT: 11.54 IBAT: 885.93 VSOL: 16.04 T: 13.24 RH: 51.94 PAR: 1776 T_EC: -22.72 EC: 0.43
OK
>ESP32 watchdog reset
esp_stop 40
ESP> got ip: 192:168:178:47
ESP> connected to ap SSID: Crystal Radio / password:xxxxxxxxx
ESP> socket bound, pESP> got ip: 192:168:178:47
ESP> connected to ap SSID: Crystal Radio / password:xxxxxxxxx
ESP> socket bound, port 23
--- ESP32 WIFI MODULE --- NFT MASTER --- v1.0 - Jan 27 2023 - rb -
stat
CNT: 81 VBAT: 11.54 IBAT: 887.55 VSOL: 16.04 T: 13.23 RH: 51.71 PAR: 1776 T_EC: -22.73 EC: 0.47
OK
>ESP32 watchdog reset
esp_stop 40
ESP> got ip: 192:168:178:47
ESP> connected to ap SSID: Crystal Radio / password:xxxxxxxxx
ESP> socket bound, pESP> got ip: 192:168:178:47
ESP> connected to ap SSID: Crystal Radio / password:xxxxxxxxx
ESP> socket bound, port 23
--- ESP32 WIFI MODULE --- NFT MASTER --- v1.0 - Jan 27 2023 - rb -
stat
CNT: 82 VBAT: 11.55 IBAT: 883.51 VSOL: 16.03 T: 13.23 RH: 51.68 PAR: 0 T_EC: -22.71 EC: 0.43
OK
>ESP32 watchdog reset
esp_stop 40
ESP> got ip: 192:168:178:47
ESP> connected to ap SSID: Crystal Radio / password:xxxxxxxxx
ESP> socket bound, pESP> got ip: 192:168:178:47
ESP> connected to ap SSID: Crystal Radio / password:xxxxxxxxx
ESP> socket bound, port 23
--- ESP32 WIFI MODULE --- NFT MASTER --- v1.0 - Jan 27 2023 - rb -
stat
CNT: 83 VBAT: 11.56 IBAT: 876.26 VSOL: 16.04 T: 13.20 RH: 51.77 PAR: 1776 T_EC: -22.74 EC: 0.52
OK
>ESP32 watchdog reset
esp_stop 40
ESP> got ip: 192:168:178:47
ESP> connected to ap SSID: Crystal Radio / password:xxxxxxxxx
ESP> socket bound, pESP> got ip: 192:168:178:47
ESP> connected to ap SSID: Crystal Radio / password:xxxxxxxxx
ESP> socket bound, port 23
--- ESP32 WIFI MODULE --- NFT MASTER --- v1.0 - Jan 27 2023 - rb -
stat
CNT: 84 VBAT: 11.56 IBAT: 882.71 VSOL: 16.04 T: 13.20 RH: 51.65 PAR: 0 T_EC: -22.74 EC: 0.45
OK
>ESP32 watchdog reset
esp_stop 40
ESP> got ip: 192:168:178:47
ESP> connected to ap SSID: Crystal Radio / password:xxxxxxxxx
ESP> socket bound, pESP> got ip: 192:168:178:47
ESP> connected to ap SSID: Crystal Radio / password:xxxxxxxxx
ESP> socket bound, port 23
--- ESP32 WIFI MODULE --- NFT MASTER --- v1.0 - Jan 27 2023 - rb -
stat
CNT: 85 VBAT: 11.56 IBAT: 866.59 VSOL: 16.04 T: 13.19 RH: 51.89 PAR: 1776 T_EC: -22.72 EC: 0.43
OK
>ESP32 watchdog reset
esp_stop 40
ESP> got ip: 192:168:178:47
ESP> connected to ap SSID: Crystal Radio / password:xxxxxxxxx
ESP> socket bound, pESP> got ip: 192:168:178:47
ESP> connected to ap SSID: Crystal Radio / password:xxxxxxxxx
ESP> socket bound, port 23
--- ESP32 WIFI MODULE --- NFT MASTER --- v1.0 - Jan 27 2023 - rb -
stat
CNT: 86 VBAT: 11.57 IBAT: 877.87 VSOL: 16.04 T: 13.18 RH: 51.71 PAR: 0 T_EC: -22.70 EC: 0.40
OK
>ESP32 watchdog reset
esp_stop 40
ESP> got ip: 192:168:178:47
ESP> connected to ap SSID: Crystal Radio / password:xxxxxxxxx
ESP> socket bound, pESP> got ip: 192:168:178:47
ESP> connected to ap SSID: Crystal Radio / password:xxxxxxxxx
ESP> socket bound, port 23
--- ESP32 WIFI MODULE --- NFT MASTER --- v1.0 - Jan 27 2023 - rb -
stat
CNT: 87 VBAT: 11.57 IBAT: 869.00 VSOL: 16.05 T: 13.17 RH: 51.71 PAR: 1776 T_EC: -22.73 EC: 0.44
OK
>ESP32 watchdog reset
esp_stop 40
ESP> got ip: 192:168:178:47
ESP> connected to ap SSID: Crystal Radio / password:xxxxxxxxx
ESP> socket bound, pESP> got ip: 192:168:178:47
ESP> connected to ap SSID: Crystal Radio / password:xxxxxxxxx
ESP> socket bound, port 23
--- ESP32 WIFI MODULE --- NFT MASTER --- v1.0 - Jan 27 2023 - rb -
stat
CNT: 88 VBAT: 11.57 IBAT: 878.68 VSOL: 16.05 T: 13.17 RH: 51.71 PAR: 1776 T_EC: -22.74 EC: 0.43
OK
>ESP32 watchdog reset
esp_stop 40
ESP> got ip: 192:168:178:47
ESP> connected to ap SSID: Crystal Radio / password:xxxxxxxxx
ESP> socket bound, pESP> got ip: 192:168:178:47
ESP> connected to ap SSID: Crystal Radio / password:xxxxxxxxx
ESP> socket bound, port 23
--- ESP32 WIFI MODULE --- NFT MASTER --- v1.0 - Jan 27 2023 - rb -
stat
CNT: 89 VBAT: 11.58 IBAT: 877.07 VSOL: 16.04 T: 13.16 RH: 51.74 PAR: 14 T_EC: -22.74 EC: 0.46
OK
>ESP32 watchdog reset
esp_stop 40
ESP> got ip: 192:168:178:47
ESP> connected to ap SSID: Crystal Radio / password:xxxxxxxxx
ESP> socket bound, pESP> got ip: 192:168:178:47
ESP> connected to ap SSID: Crystal Radio / password:xxxxxxxxx
ESP> socket bound, port 23
--- ESP32 WIFI MODULE --- NFT MASTER --- v1.0 - Jan 27 2023 - rb -
stat
CNT: 90 VBAT: 11.59 IBAT: 881.10 VSOL: 16.04 T: 13.14 RH: 51.97 PAR: 1776 T_EC: -22.71 EC: 0.44
OK
>ESP32 watchdog reset
esp_stop 40
ESP> got ip: 192:168:178:47
ESP> connected to ap SSID: Crystal Radio / password:xxxxxxxxx
ESP> socket bound, pESP> got ip: 192:168:178:47
ESP> connected to ap SSID: Crystal Radio / password:xxxxxxxxx
ESP> socket bound, port 23
--- ESP32 WIFI MODULE --- NFT MASTER --- v1.0 - Jan 27 2023 - rb -
stat
CNT: 91 VBAT: 11.59 IBAT: 879.48 VSOL: 16.04 T: 13.14 RH: 51.80 PAR: 1776 T_EC: -22.73 EC: 0.41
OK
>ESP32 watchdog reset
esp_stop 40
ESP> got ip: 192:168:178:47
ESP> connected to ap SSID: Crystal Radio / password:xxxxxxxxx
ESP> socket bound, pESP> got ip: 192:168:178:47
ESP> connected to ap SSID: Crystal Radio / password:xxxxxxxxx
ESP> socket bound, port 23
--- ESP32 WIFI MODULE --- NFT MASTER --- v1.0 - Jan 27 2023 - rb -
stat
CNT: 92 VBAT: 11.60 IBAT: 873.03 VSOL: 16.04 T: 13.14 RH: 51.89 PAR: 1776 T_EC: -22.75 EC: 0.45
OK
>ESP32 watchdog reset
esp_stop 40
ESP> got ip: 192:168:178:47
ESP> connected to ap SSID: Crystal Radio / password:xxxxxxxxx
ESP> socket bound, pESP> got ip: 192:168:178:47
ESP> connected to ap SSID: Crystal Radio / password:xxxxxxxxx
ESP> socket bound, port 23
--- ESP32 WIFI MODULE --- NFT MASTER --- v1.0 - Jan 27 2023 - rb -
stat
CNT: 93 VBAT: 11.61 IBAT: 877.87 VSOL: 16.04 T: 13.14 RH: 51.74 PAR: 1776 T_EC: -22.72 EC: 0.45
OK
>ESP32 watchdog reset
esp_stop 40
ESP> got ip: 192:168:178:47
ESP> connected to ap SSID: Crystal Radio / password:xxxxxxxxx
ESP> socket bound, pESP> got ip: 192:168:178:47
ESP> connected to ap SSID: Crystal Radio / password:xxxxxxxxx
ESP> socket bound, port 23
--- ESP32 WIFI MODULE --- NFT MASTER --- v1.0 - Jan 27 2023 - rb -
stat
CNT: 94 VBAT: 11.61 IBAT: 869.00 VSOL: 16.03 T: 13.12 RH: 51.94 PAR: 1776 T_EC: -22.70 EC: 0.51
OK
>ESP32 watchdog reset
esp_stop 40
ESP> got ip: 192:168:178:47
ESP> connected to ap SSID: Crystal Radio / password:xxxxxxxxx
ESP> socket bound, pESP> got ip: 192:168:178:47
ESP> connected to ap SSID: Crystal Radio / password:xxxxxxxxx
ESP> socket bound, port 23
--- ESP32 WIFI MODULE --- NFT MASTER --- v1.0 - Jan 27 2023 - rb -
stat
CNT: 95 VBAT: 11.62 IBAT: 872.23 VSOL: 16.04 T: 13.13 RH: 51.97 PAR: 2 T_EC: -22.74 EC: 0.40
OK
>ESP32 watchdog reset
esp_stop 40
ESP> got ip: 192:168:178:47
ESP> connected to ap SSID: Crystal Radio / password:xxxxxxxxx
ESP> socket bound, pESP> got ip: 192:168:178:47
ESP> connected to ap SSID: Crystal Radio / password:xxxxxxxxx
ESP> socket bound, port 23
--- ESP32 WIFI MODULE --- NFT MASTER --- v1.0 - Jan 27 2023 - rb -
stat
CNT: 96 VBAT: 11.62 IBAT: 864.97 VSOL: 16.04 T: 13.11 RH: 51.89 PAR: 1776 T_EC: -22.73 EC: 0.44
OK
>ESP32 watchdog reset
esp_stop 40
ESP> got ip: 192:168:178:47
ESP> connected to ap SSID: Crystal Radio / password:xxxxxxxxx
ESP> socket bound, pESP> got ip: 192:168:178:47
ESP> connected to ap SSID: Crystal Radio / password:xxxxxxxxx
ESP> socket bound, port 23
--- ESP32 WIFI MODULE --- NFT MASTER --- v1.0 - Jan 27 2023 - rb -
stat
CNT: 97 VBAT: 11.62 IBAT: 881.90 VSOL: 16.04 T: 13.10 RH: 51.97 PAR: 1776 T_EC: -22.72 EC: 0.44
OK
>ESP32 watchdog reset
esp_stop 40
ESP> got ip: 192:168:178:47
ESP> connected to ap SSID: Crystal Radio / password:xxxxxxxxx
ESP> socket bound, pESP> got ip: 192:168:178:47
ESP> connected to ap SSID: Crystal Radio / password:xxxxxxxxx
ESP> socket bound, port 23
--- ESP32 WIFI MODULE --- NFT MASTER --- v1.0 - Jan 27 2023 - rb -
stat
CNT: 98 VBAT: 11.63 IBAT: 864.17 VSOL: 16.04 T: 13.10 RH: 51.97 PAR: 1776 T_EC: -23.26 EC: 0.69
OK
>ESP32 watchdog reset
esp_stop 40
ESP> got ip: 192:168:178:47
ESP> connected to ap SSID: Crystal Radio / password:xxxxxxxxx
ESP> socket bound, port 23
--- ESP32 WIFI MODULE --- NFT MASTER --- v1.0 - Jan 27 2023 - rb -
stat
CNT: 99 VBAT: 11.64 IBAT: 877.87 VSOL: 16.05 T: 13.10 RH: 51.92 PAR: 1776 T_EC: -22.71 EC: 0.43
OK
>ESP32 watchdog reset
esp_stop 40
ESP> got ip: 192:168:178:47
ESP> connected to ap SSID: Crystal Radio / password:xxxxxxxxx
ESP> socket bound, pESP> got ip: 192:168:178:47
ESP> connected to ap SSID: Crystal Radio / password:xxxxxxxxx
ESP> socket bound, port 23
--- ESP32 WIFI MODULE --- NFT MASTER --- v1.0 - Jan 27 2023 - rb -
stat
CNT: 100 VBAT: 11.64 IBAT: 869.00 VSOL: 16.04 T: 13.07 RH: 52.03 PAR: 1777 T_EC: -22.74 EC: 0.61
OK
>ESP32 watchdog reset
esp_stop 40
ESP> got ip: 192:168:178:47
ESP> connected to ap SSID: Crystal Radio / password:xxxxxxxxx
ESP> socket bound, pESP> got ip: 192:168:178:47
ESP> connected to ap SSID: Crystal Radio / password:xxxxxxxxx
ESP> socket bound, port 23
--- ESP32 WIFI MODULE --- NFT MASTER --- v1.0 - Jan 27 2023 - rb -
stat
CNT: 101 VBAT: 11.64 IBAT: 871.42 VSOL: 16.04 T: 13.08 RH: 52.12 PAR: 0 T_EC: -22.74 EC: 0.41
OK
>ESP32 watchdog reset
esp_stop 40
ESP> got ip: 192:168:178:47
ESP> connected to ap SSID: Crystal Radio / password:xxxxxxxxx
ESP> socket bound, pESP> got ip: 192:168:178:47
ESP> connected to ap SSID: Crystal Radio / password:xxxxxxxxx
ESP> socket bound, port 23
--- ESP32 WIFI MODULE --- NFT MASTER --- v1.0 - Jan 27 2023 - rb -
stat
CNT: 102 VBAT: 11.64 IBAT: 876.26 VSOL: 16.05 T: 13.06 RH: 52.18 PAR: 1776 T_EC: -22.73 EC: 0.43
OK
>ESP32 watchdog reset
esp_stop 40
ESP> got ip: 192:168:178:47
ESP> connected to ap SSID: Crystal Radio / password:xxxxxxxxx
ESP> socket bound, pESP> got ip: 192:168:178:47
ESP> connected to ap SSID: Crystal Radio / password:xxxxxxxxx
ESP> socket bound, port 23
--- ESP32 WIFI MODULE --- NFT MASTER --- v1.0 - Jan 27 2023 - rb -
stat
CNT: 103 VBAT: 11.66 IBAT: 870.62 VSOL: 16.04 T: 13.06 RH: 52.00 PAR: 0 T_EC: -22.72 EC: 0.53
OK
>ESP32 watchdog reset
esp_stop 40
ESP> got ip: 192:168:178:47
ESP> connected to ap SSID: Crystal Radio / password:xxxxxxxxx
ESP> socket bound, pESP> got ip: 192:168:178:47
ESP> connected to ap SSID: Crystal Radio / password:xxxxxxxxx
ESP> socket bound, port 23
--- ESP32 WIFI MODULE --- NFT MASTER --- v1.0 - Jan 27 2023 - rb -
stat
CNT: 104 VBAT: 11.66 IBAT: 873.84 VSOL: 16.04 T: 13.06 RH: 52.12 PAR: 1776 T_EC: -22.74 EC: 0.55
OK
>ESP32 watchdog reset
esp_stop 40
ESP> got ip: 192:168:178:47
ESP> connected to ap SSID: Crystal Radio / password:xxxxxxxxx
ESP> socket bound, pESP> got ip: 192:168:178:47
ESP> connected to ap SSID: Crystal Radio / password:xxxxxxxxx
ESP> socket bound, port 23
--- ESP32 WIFI MODULE --- NFT MASTER --- v1.0 - Jan 27 2023 - rb -
stat
CNT: 105 VBAT: 11.67 IBAT: 869.81 VSOL: 16.05 T: 13.05 RH: 52.32 PAR: 0 T_EC: -22.73 EC: 0.44
OK
>ESP32 watchdog reset
esp_stop 40
ESP> got ip: 192:168:178:47
ESP> connected to ap SSID: Crystal Radio / password:xxxxxxxxx
ESP> socket bound, pESP> got ip: 192:168:178:47
ESP> connected to ap SSID: Crystal Radio / password:xxxxxxxxx
ESP> socket bound, port 23
--- ESP32 WIFI MODULE --- NFT MASTER --- v1.0 - Jan 27 2023 - rb -
stat
CNT: 106 VBAT: 11.67 IBAT: 873.03 VSOL: 16.05 T: 13.06 RH: 52.29 PAR: 1776 T_EC: -22.71 EC: 0.51
OK
>ESP32 watchdog reset
esp_stop 40
ESP> got ip: 192:168:178:47
ESP> connected to ap SSID: Crystal Radio / password:xxxxxxxxx
ESP> socket bound, pESP> got ip: 192:168:178:47
ESP> connected to ap SSID: Crystal Radio / password:xxxxxxxxx
ESP> socket bound, port 23
--- ESP32 WIFI MODULE --- NFT MASTER --- v1.0 - Jan 27 2023 - rb -
stat
CNT: 107 VBAT: 11.67 IBAT: 864.97 VSOL: 16.04 T: 13.04 RH: 52.35 PAR: 1776 T_EC: -22.71 EC: 0.40
OK
>ESP32 watchdog reset
esp_stop 40
ESP> got ip: 192:168:178:47
ESP> connected to ap SSID: Crystal Radio / password:xxxxxxxxx
ESP> socket bound, pESP> got ip: 192:168:178:47
ESP> connected to ap SSID: Crystal Radio / password:xxxxxxxxx
ESP> socket bound, port 23
--- ESP32 WIFI MODULE --- NFT MASTER --- v1.0 - Jan 27 2023 - rb -
stat
CNT: 108 VBAT: 11.68 IBAT: 869.81 VSOL: 16.06 T: 13.04 RH: 52.24 PAR: 1776 T_EC: -22.73 EC: 0.50
OK
>ESP32 watchdog reset
esp_stop 40
ESP> got ip: 192:168:178:47
ESP> connected to ap SSID: Crystal Radio / password:xxxxxxxxx
ESP> socket bound, pESP> got ip: 192:168:178:47
ESP> connected to ap SSID: Crystal Radio / password:xxxxxxxxx
ESP> socket bound, port 23
--- ESP32 WIFI MODULE --- NFT MASTER --- v1.0 - Jan 27 2023 - rb -
stat
CNT: 109 VBAT: 11.68 IBAT: 852.88 VSOL: 16.06 T: 13.02 RH: 52.27 PAR: 0 T_EC: -22.75 EC: 0.53
OK
>ESP32 watchdog reset
esp_stop 40
ESP> got ip: 192:168:178:47
ESP> connected to ap SSID: Crystal Radio / password:xxxxxxxxx
ESP> socket bound, pESP> got ip: 192:168:178:47
ESP> connected to ap SSID: Crystal Radio / password:xxxxxxxxx
ESP> socket bound, port 23
--- ESP32 WIFI MODULE --- NFT MASTER --- v1.0 - Jan 27 2023 - rb -
stat
CNT: 110 VBAT: 11.69 IBAT: 864.17 VSOL: 16.03 T: 13.02 RH: 52.44 PAR: 1776 T_EC: -22.72 EC: 0.45
OK
>ESP32 watchdog reset
esp_stop 40
ESP> got ip: 192:168:178:47
ESP> connected to ap SSID: Crystal Radio / password:xxxxxxxxx
ESP> socket bound, pESP> got ip: 192:168:178:47
ESP> connected to ap SSID: Crystal Radio / password:xxxxxxxxx
ESP> socket bound, port 23
--- ESP32 WIFI MODULE --- NFT MASTER --- v1.0 - Jan 27 2023 - rb -
stat
CNT: 111 VBAT: 11.69 IBAT: 860.94 VSOL: 16.05 T: 13.01 RH: 52.38 PAR: 0 T_EC: -22.73 EC: 0.45
OK
>ESP32 watchdog reset
esp_stop 40
ESP> got ip: 192:168:178:47
ESP> connected to ap SSID: Crystal Radio / password:xxxxxxxxx
ESP> socket bound, pESP> got ip: 192:168:178:47
ESP> connected to ap SSID: Crystal Radio / password:xxxxxxxxx
ESP> socket bound, port 23
--- ESP32 WIFI MODULE --- NFT MASTER --- v1.0 - Jan 27 2023 - rb -
stat
CNT: 112 VBAT: 11.70 IBAT: 852.88 VSOL: 16.05 T: 13.02 RH: 52.38 PAR: 0 T_EC: -22.76 EC: 0.41
OK
>ESP32 watchdog reset
esp_stop 40
ESP> got ip: 192:168:178:47
ESP> connected to ap SSID: Crystal Radio / password:xxxxxxxxx
ESP> socket bound, pESP> got ip: 192:168:178:47
ESP> connected to ap SSID: Crystal Radio / password:xxxxxxxxx
ESP> socket bound, port 23
--- ESP32 WIFI MODULE --- NFT MASTER --- v1.0 - Jan 27 2023 - rb -
stat
CNT: 113 VBAT: 11.70 IBAT: 859.33 VSOL: 16.04 T: 13.00 RH: 52.41 PAR: 1777 T_EC: -22.73 EC: 0.42
OK
>ESP32 watchdog reset
esp_stop 40
ESP> got ip: 192:168:178:47
ESP> connected to ap SSID: Crystal Radio / password:xxxxxxxxx
ESP> socket bound, pESP> got ip: 192:168:178:47
ESP> connected to ap SSID: Crystal Radio / password:xxxxxxxxx
ESP> socket bound, port 23
--- ESP32 WIFI MODULE --- NFT MASTER --- v1.0 - Jan 27 2023 - rb -
stat
CNT: 114 VBAT: 11.71 IBAT: 825.47 VSOL: 16.05 T: 13.01 RH: 52.35 PAR: 0 T_EC: -22.75 EC: 0.66
OK
>ESP32 watchdog reset
esp_stop 40
ESP> got ip: 192:168:178:47
ESP> connected to ap SSID: Crystal Radio / password:xxxxxxxxx
ESP> socket bound, pESP> got ip: 192:168:178:47
ESP> connected to ap SSID: Crystal Radio / password:xxxxxxxxx
ESP> socket bound, port 23
--- ESP32 WIFI MODULE --- NFT MASTER --- v1.0 - Jan 27 2023 - rb -
stat
CNT: 115 VBAT: 11.71 IBAT: 855.30 VSOL: 16.04 T: 13.00 RH: 52.56 PAR: 3 T_EC: -22.73 EC: 0.42
OK
>ESP32 watchdog reset
esp_stop 40
ESP> got ip: 192:168:178:47
ESP> connected to ap SSID: Crystal Radio / password:xxxxxxxxx
ESP> socket bound, pESP> got ip: 192:168:178:47
ESP> connected to ap SSID: Crystal Radio / password:xxxxxxxxx
ESP> socket bound, port 23
--- ESP32 WIFI MODULE --- NFT MASTER --- v1.0 - Jan 27 2023 - rb -
stat
CNT: 116 VBAT: 11.72 IBAT: 863.36 VSOL: 16.04 T: 12.98 RH: 52.41 PAR: 0 T_EC: -22.70 EC: 0.46
OK
>ESP32 watchdog reset
esp_stop 40
ESP> got ip: 192:168:178:47
ESP> connected to ap SSID: Crystal Radio / password:xxxxxxxxx
ESP> socket bound, pESP> got ip: 192:168:178:47
ESP> connected to ap SSID: Crystal Radio / password:xxxxxxxxx
ESP> socket bound, port 23
--- ESP32 WIFI MODULE --- NFT MASTER --- v1.0 - Jan 27 2023 - rb -
stat
CNT: 117 VBAT: 11.72 IBAT: 863.36 VSOL: 16.05 T: 12.98 RH: 52.44 PAR: 2 T_EC: -22.74 EC: 0.42
OK
>ESP32 watchdog reset
esp_stop 40
ESP> got ip: 192:168:178:47
ESP> connected to ap SSID: Crystal Radio / password:xxxxxxxxx
ESP> socket bound, pESP> got ip: 192:168:178:47
ESP> connected to ap SSID: Crystal Radio / password:xxxxxxxxx
ESP> socket bound, port 23
--- ESP32 WIFI MODULE --- NFT MASTER --- v1.0 - Jan 27 2023 - rb -
stat
CNT: 118 VBAT: 11.73 IBAT: 858.52 VSOL: 16.05 T: 12.98 RH: 52.44 PAR: 0 T_EC: -22.73 EC: 0.46
OK
>ESP32 watchdog reset
esp_stop 40
ESP> got ip: 192:168:178:47
ESP> connected to ap SSID: Crystal Radio / password:xxxxxxxxx
ESP> socket bound, pESP> got ip: 192:168:178:47
ESP> connected to ap SSID: Crystal Radio / password:xxxxxxxxx
ESP> socket bound, port 23
--- ESP32 WIFI MODULE --- NFT MASTER --- v1.0 - Jan 27 2023 - rb -
stat
CNT: 119 VBAT: 11.73 IBAT: 862.56 VSOL: 16.04 T: 12.96 RH: 52.56 PAR: 3 T_EC: -22.71 EC: 0.48
OK
>ESP32 watchdog reset
esp_stop 40
ESP> got ip: 192:168:178:47
ESP> connected to ap SSID: Crystal Radio / password:xxxxxxxxx
ESP> socket bound, pESP> got ip: 192:168:178:47
ESP> connected to ap SSID: Crystal Radio / password:xxxxxxxxx
ESP> socket bound, port 23
--- ESP32 WIFI MODULE --- NFT MASTER --- v1.0 - Jan 27 2023 - rb -
stat
CNT: 120 VBAT: 11.73 IBAT: 862.56 VSOL: 16.04 T: 12.96 RH: 52.35 PAR: 0 T_EC: -22.68 EC: 0.42
OK
>ESP32 watchdog reset
esp_stop 40
ESP> got ip: 192:168:178:47
ESP> connected to ap SSID: Crystal Radio / password:xxxxxxxxx
ESP> socket bound, pESP> got ip: 192:168:178:47
ESP> connected to ap SSID: Crystal Radio / password:xxxxxxxxx
ESP> socket bound, port 23
--- ESP32 WIFI MODULE --- NFT MASTER --- v1.0 - Jan 27 2023 - rb -
stat
CNT: 121 VBAT: 11.74 IBAT: 852.88 VSOL: 16.04 T: 12.96 RH: 52.41 PAR: 76 T_EC: -22.75 EC: 0.43
OK
>ESP32 watchdog reset
esp_stop 40
ESP> got ip: 192:168:178:47
ESP> connected to ap SSID: Crystal Radio / password:xxxxxxxxx
ESP> socket bound, pESP> got ip: 192:168:178:47
ESP> connected to ap SSID: Crystal Radio / password:xxxxxxxxx
ESP> socket bound, port 23
--- ESP32 WIFI MODULE --- NFT MASTER --- v1.0 - Jan 27 2023 - rb -
stat
CNT: 122 VBAT: 11.74 IBAT: 852.08 VSOL: 16.05 T: 12.96 RH: 52.59 PAR: 1776 T_EC: -22.70 EC: 0.45
OK
>ESP32 watchdog reset
esp_stop 40
ESP> got ip: 192:168:178:47
ESP> connected to ap SSID: Crystal Radio / password:xxxxxxxxx
ESP> socket bound, pESP> got ip: 192:168:178:47
ESP> connected to ap SSID: Crystal Radio / password:xxxxxxxxx
ESP> socket bound, port 23
--- ESP32 WIFI MODULE --- NFT MASTER --- v1.0 - Jan 27 2023 - rb -
stat
CNT: 123 VBAT: 11.74 IBAT: 845.63 VSOL: 16.07 T: 12.96 RH: 52.59 PAR: 1776 T_EC: -22.72 EC: 0.41
OK
>ESP32 watchdog reset
esp_stop 40
ESP> got ip: 192:168:178:47
ESP> connected to ap SSID: Crystal Radio / password:xxxxxxxxx
ESP> socket bound, pESP> got ip: 192:168:178:47
ESP> connected to ap SSID: Crystal Radio / password:xxxxxxxxx
ESP> socket bound, port 23
--- ESP32 WIFI MODULE --- NFT MASTER --- v1.0 - Jan 27 2023 - rb -
stat
CNT: 124 VBAT: 11.75 IBAT: 860.14 VSOL: 16.04 T: 12.94 RH: 52.53 PAR: 1776 T_EC: -22.74 EC: 0.43
OK
>ESP32 watchdog reset
esp_stop 40
ESP> got ip: 192:168:178:47
ESP> connected to ap SSID: Crystal Radio / password:xxxxxxxxx
ESP> socket bound, pESP> got ip: 192:168:178:47
ESP> connected to ap SSID: Crystal Radio / password:xxxxxxxxx
ESP> socket bound, port 23
--- ESP32 WIFI MODULE --- NFT MASTER --- v1.0 - Jan 27 2023 - rb -
stat
CNT: 125 VBAT: 11.75 IBAT: 852.08 VSOL: 16.05 T: 12.95 RH: 52.62 PAR: 1776 T_EC: -22.72 EC: 0.41
OK
>ESP32 watchdog reset
esp_stop 40
ESP> got ip: 192:168:178:47
ESP> connected to ap SSID: Crystal Radio / password:xxxxxxxxx
ESP> socket bound, pESP> got ip: 192:168:178:47
ESP> connected to ap SSID: Crystal Radio / password:xxxxxxxxx
ESP> socket bound, port 23
--- ESP32 WIFI MODULE --- NFT MASTER --- v1.0 - Jan 27 2023 - rb -
stat
CNT: 126 VBAT: 11.75 IBAT: 853.69 VSOL: 16.04 T: 12.94 RH: 52.85 PAR: 1776 T_EC: -22.72 EC: 0.40
OK
>ESP32 watchdog reset
esp_stop 40
ESP> got ip: 192:168:178:47
ESP> connected to ap SSID: Crystal Radio / password:xxxxxxxxx
ESP> socket bound, pESP> got ip: 192:168:178:47
ESP> connected to ap SSID: Crystal Radio / password:xxxxxxxxx
ESP> socket bound, port 23
--- ESP32 WIFI MODULE --- NFT MASTER --- v1.0 - Jan 27 2023 - rb -
stat
CNT: 127 VBAT: 11.75 IBAT: 855.30 VSOL: 16.05 T: 13.00 RH: 52.62 PAR: 1776 T_EC: -22.74 EC: 0.44
OK
>ESP32 watchdog reset
esp_stop 40
ESP> got ip: 192:168:178:47
ESP> connected to ap SSID: Crystal Radio / password:xxxxxxxxx
ESP> socket bound, pESP> got ip: 192:168:178:47
ESP> connected to ap SSID: Crystal Radio / password:xxxxxxxxx
ESP> socket bound, port 23
--- ESP32 WIFI MODULE --- NFT MASTER --- v1.0 - Jan 27 2023 - rb -
stat
CNT: 128 VBAT: 11.76 IBAT: 839.98 VSOL: 16.05 T: 13.08 RH: 53.43 PAR: 1 T_EC: -22.74 EC: 0.41
OK
>ESP32 watchdog reset
esp_stop 40
ESP> got ip: 192:168:178:47
ESP> connected to ap SSID: Crystal Radio / password:xxxxxxxxx
ESP> socket bound, pESP> got ip: 192:168:178:47
ESP> connected to ap SSID: Crystal Radio / password:xxxxxxxxx
ESP> socket bound, port 23
--- ESP32 WIFI MODULE --- NFT MASTER --- v1.0 - Jan 27 2023 - rb -
stat
CNT: 129 VBAT: 11.77 IBAT: 859.33 VSOL: 16.05 T: 13.23 RH: 53.46 PAR: 1777 T_EC: -22.74 EC: 0.39
OK
>ESP32 watchdog reset
esp_stop 40
ESP> got ip: 192:168:178:47
ESP> connected to ap SSID: Crystal Radio / password:xxxxxxxxx
ESP> socket bound, pESP> got ip: 192:168:178:47
ESP> connected to ap SSID: Crystal Radio / password:xxxxxxxxx
ESP> socket bound, port 23
--- ESP32 WIFI MODULE --- NFT MASTER --- v1.0 - Jan 27 2023 - rb -
stat
CNT: 694 VBAT: 11.92 IBAT: -50.79 VSOL: 16.30 T: 10.82 RH: 53.77 PAR: 1777 T_EC: -22.66 EC: 0.34
OK
>ESP32 watchdog reset
esp_stop 40
ESP> got ip: 192:168:178:47
ESP> connected to ap SSID: Crystal Radio / password:xxxxxxxxx
ESP> socket bound, pESP> got ip: 192:168:178:47
ESP> connected to ap SSID: Crystal Radio / password:xxxxxxxxx
ESP> socket bound, port 23
--- ESP32 WIFI MODULE --- NFT MASTER --- v1.0 - Jan 27 2023 - rb -
stat
CNT: 695 VBAT: 11.92 IBAT: -54.01 VSOL: 6.06 T: 11.06 RH: 54.41 PAR: 0 T_EC: -22.64 EC: 0.33
OK
>ESP32 watchdog reset
esp_stop 40
ESP> got ip: 192:168:178:47
ESP> connected to ap SSID: Crystal Radio / password:xxxxxxxxx
ESP> socket bound, pESP> got ip: 192:168:178:47
ESP> connected to ap SSID: Crystal Radio / password:xxxxxxxxx
ESP> socket bound, port 23
--- ESP32 WIFI MODULE --- NFT MASTER --- v1.0 - Jan 27 2023 - rb -
stat
CNT: 696 VBAT: 11.92 IBAT: -50.79 VSOL: 6.05 T: 11.27 RH: 54.49 PAR: 1776 T_EC: -22.67 EC: 0.36
OK
>ESP32 watchdog reset
esp_stop 40
ESP> got ip: 192:168:178:47
ESP> connected to ap SSID: Crystal Radio / password:xxxxxxxxx
ESP> socket bound, pESP> got ip: 192:168:178:47
ESP> connected to ap SSID: Crystal Radio / password:xxxxxxxxx
ESP> socket bound, port 23
--- ESP32 WIFI MODULE --- NFT MASTER --- v1.0 - Jan 27 2023 - rb -
stat
CNT: 697 VBAT: 11.92 IBAT: -54.01 VSOL: 6.06 T: 11.46 RH: 54.21 PAR: 1777 T_EC: -22.73 EC: 0.48
OK
>ESP32 watchdog reset
esp_stop 40
ESP> got ip: 192:168:178:47
ESP> connected to ap SSID: Crystal Radio / password:xxxxxxxxx
ESP> socket bound, pESP> got ip: 192:168:178:47
ESP> connected to ap SSID: Crystal Radio / password:xxxxxxxxx
ESP> socket bound, port 23
--- ESP32 WIFI MODULE --- NFT MASTER --- v1.0 - Jan 27 2023 - rb -
stat
CNT: 698 VBAT: 11.92 IBAT: -61.27 VSOL: 6.06 T: 11.57 RH: 52.64 PAR: 0 T_EC: -22.66 EC: 0.34
OK
>ESP32 watchdog reset
esp_stop 40
ESP> got ip: 192:168:178:47
ESP> connected to ap SSID: Crystal Radio / password:xxxxxxxxx
ESP> socket bound, pESP> got ip: 192:168:178:47
ESP> connected to ap SSID: Crystal Radio / password:xxxxxxxxx
ESP> socket bound, port 23
--- ESP32 WIFI MODULE --- NFT MASTER --- v1.0 - Jan 27 2023 - rb -
stat
CNT: 699 VBAT: 11.92 IBAT: -51.59 VSOL: 6.06 T: 11.62 RH: 52.29 PAR: 1776 T_EC: -22.65 EC: 0.33
OK
>ESP32 watchdog reset
esp_stop 40
ESP> got ip: 192:168:178:47
ESP> connected to ap SSID: Crystal Radio / password:xxxxxxxxx
ESP> socket bound, pESP> got ip: 192:168:178:47
ESP> connected to ap SSID: Crystal Radio / password:xxxxxxxxx
ESP> socket bound, port 23
--- ESP32 WIFI MODULE --- NFT MASTER --- v1.0 - Jan 27 2023 - rb -
stat
CNT: 700 VBAT: 11.92 IBAT: -52.40 VSOL: 6.05 T: 11.65 RH: 51.89 PAR: 6 T_EC: -22.66 EC: 0.33
OK
>ESP32 watchdog reset
esp_stop 40
ESP> got ip: 192:168:178:47
ESP> connected to ap SSID: Crystal Radio / password:xxxxxxxxx
ESP> socket bound, pESP> got ip: 192:168:178:47
ESP> connected to ap SSID: Crystal Radio / password:xxxxxxxxx
ESP> socket bound, port 23
--- ESP32 WIFI MODULE --- NFT MASTER --- v1.0 - Jan 27 2023 - rb -
stat
CNT: 701 VBAT: 11.92 IBAT: -51.59 VSOL: 6.05 T: 11.68 RH: 51.51 PAR: 1776 T_EC: -22.67 EC: 0.34
OK
>ESP32 watchdog reset
esp_stop 40
ESP> got ip: 192:168:178:47
ESP> connected to ap SSID: Crystal Radio / password:xxxxxxxxx
ESP> socket bound, port 23
--- ESP32 WIFI MODULE --- NFT MASTER --- v1.0 - Jan 27 2023 - rb -
stat
CNT: 702 VBAT: 11.92 IBAT: -79.00 VSOL: 6.05 T: 11.70 RH: 51.33 PAR: 0 T_EC: -22.65 EC: 0.42
OK
>ESP32 watchdog reset
esp_stop 40
ESP> got ip: 192:168:178:47
ESP> connected to ap SSID: Crystal Radio / password:xxxxxxxxx
ESP> socket bound, pESP> got ip: 192:168:178:47
ESP> connected to ap SSID: Crystal Radio / password:xxxxxxxxx
ESP> socket bound, port 23
--- ESP32 WIFI MODULE --- NFT MASTER --- v1.0 - Jan 27 2023 - rb -
stat
CNT: 703 VBAT: 11.92 IBAT: -53.20 VSOL: 6.06 T: 11.71 RH: 51.30 PAR: 0 T_EC: -22.68 EC: 0.35
OK
>ESP32 watchdog reset
esp_stop 40
ESP> got ip: 192:168:178:47
ESP> connected to ap SSID: Crystal Radio / password:xxxxxxxxx
ESP> socket bound, pESP> got ip: 192:168:178:47
ESP> connected to ap SSID: Crystal Radio / password:xxxxxxxxx
ESP> socket bound, port 23
--- ESP32 WIFI MODULE --- NFT MASTER --- v1.0 - Jan 27 2023 - rb -
stat
CNT: 704 VBAT: 11.92 IBAT: -54.82 VSOL: 6.06 T: 11.70 RH: 51.68 PAR: 0 T_EC: -22.64 EC: 0.33
OK
>ESP32 watchdog reset
esp_stop 40
ESP> got ip: 192:168:178:47
ESP> connected to ap SSID: Crystal Radio / password:xxxxxxxxx
ESP> socket bound, pESP> got ip: 192:168:178:47
ESP> connected to ap SSID: Crystal Radio / password:xxxxxxxxx
ESP> socket bound, port 23
--- ESP32 WIFI MODULE --- NFT MASTER --- v1.0 - Jan 27 2023 - rb -
stat
CNT: 705 VBAT: 11.92 IBAT: -49.98 VSOL: 6.06 T: 11.68 RH: 52.18 PAR: 1776 T_EC: -22.64 EC: 0.36
OK
>ESP32 watchdog reset
esp_stop 40
ESP> got ip: 192:168:178:47
ESP> connected to ap SSID: Crystal Radio / password:xxxxxxxxx
ESP> socket bound, pESP> got ip: 192:168:178:47
ESP> connected to ap SSID: Crystal Radio / password:xxxxxxxxx
ESP> socket bound, port 23
--- ESP32 WIFI MODULE --- NFT MASTER --- v1.0 - Jan 27 2023 - rb -
stat
CNT: 706 VBAT: 11.92 IBAT: -56.43 VSOL: 6.06 T: 11.72 RH: 51.92 PAR: 0 T_EC: -22.65 EC: 0.38
OK
>ESP32 watchdog reset
esp_stop 40
ESP> got ip: 192:168:178:47
ESP> connected to ap SSID: Crystal Radio / password:xxxxxxxxx
ESP> socket bound, pESP> got ip: 192:168:178:47
ESP> connected to ap SSID: Crystal Radio / password:xxxxxxxxx
ESP> socket bound, port 23
--- ESP32 WIFI MODULE --- NFT MASTER --- v1.0 - Jan 27 2023 - rb -
stat
CNT: 707 VBAT: 11.92 IBAT: -51.59 VSOL: 6.06 T: 11.79 RH: 51.68 PAR: 1776 T_EC: -22.66 EC: 0.35
OK
>ESP32 watchdog reset
esp_stop 40
ESP> got ip: 192:168:178:47
ESP> connected to ap SSID: Crystal Radio / password:xxxxxxxxx
ESP> socket bound, pESP> got ip: 192:168:178:47
ESP> connected to ap SSID: Crystal Radio / password:xxxxxxxxx
ESP> socket bound, port 23
--- ESP32 WIFI MODULE --- NFT MASTER --- v1.0 - Jan 27 2023 - rb -
stat
CNT: 708 VBAT: 11.92 IBAT: -55.62 VSOL: 6.05 T: 11.86 RH: 51.83 PAR: 265 T_EC: -22.65 EC: 0.40
OK
>ESP32 watchdog reset
esp_stop 40
ESP> got ip: 192:168:178:47
ESP> connected to ap SSID: Crystal Radio / password:xxxxxxxxx
ESP> socket bound, pESP> got ip: 192:168:178:47
ESP> connected to ap SSID: Crystal Radio / password:xxxxxxxxx
ESP> socket bound, port 23
--- ESP32 WIFI MODULE --- NFT MASTER --- v1.0 - Jan 27 2023 - rb -
stat
CNT: 709 VBAT: 11.92 IBAT: -51.59 VSOL: 6.06 T: 11.92 RH: 51.48 PAR: 0 T_EC: -22.66 EC: 0.34
OK
>ESP32 watchdog reset
esp_stop 40
ESP> got ip: 192:168:178:47
ESP> connected to ap SSID: Crystal Radio / password:xxxxxxxxx
ESP> socket bound, pESP> got ip: 192:168:178:47
ESP> connected to ap SSID: Crystal Radio / password:xxxxxxxxx
ESP> socket bound, port 23
--- ESP32 WIFI MODULE --- NFT MASTER --- v1.0 - Jan 27 2023 - rb -
stat
CNT: 710 VBAT: 11.91 IBAT: -56.43 VSOL: 6.04 T: 11.92 RH: 51.68 PAR: 0 T_EC: -22.67 EC: 0.36
OK
>ESP32 watchdog reset
esp_stop 40
ESP> got ip: 192:168:178:47
ESP> connected to ap SSID: Crystal Radio / password:xxxxxxxxx
ESP> socket bound, pESP> got ip: 192:168:178:47
ESP> connected to ap SSID: Crystal Radio / password:xxxxxxxxx
ESP> socket bound, port 23
--- ESP32 WIFI MODULE --- NFT MASTER --- v1.0 - Jan 27 2023 - rb -
stat
CNT: 711 VBAT: 11.92 IBAT: -49.98 VSOL: 6.06 T: 11.98 RH: 51.59 PAR: 1776 T_EC: -22.69 EC: 0.36
OK
>ESP32 watchdog reset
esp_stop 40
ESP> got ip: 192:168:178:47
ESP> connected to ap SSID: Crystal Radio / password:xxxxxxxxx
ESP> socket bound, pESP> got ip: 192:168:178:47
ESP> connected to ap SSID: Crystal Radio / password:xxxxxxxxx
ESP> socket bound, port 23
--- ESP32 WIFI MODULE --- NFT MASTER --- v1.0 - Jan 27 2023 - rb -
stat
CNT: 712 VBAT: 11.92 IBAT: -55.62 VSOL: 6.05 T: 12.01 RH: 51.65 PAR: 0 T_EC: -22.65 EC: 0.36
OK
>ESP32 watchdog reset
esp_stop 40
ESP> got ip: 192:168:178:47
ESP> connected to ap SSID: Crystal Radio / password:xxxxxxxxx
ESP> socket bound, pESP> got ip: 192:168:178:47
ESP> connected to ap SSID: Crystal Radio / password:xxxxxxxxx
ESP> socket bound, port 23
--- ESP32 WIFI MODULE --- NFT MASTER --- v1.0 - Jan 27 2023 - rb -
stat
CNT: 713 VBAT: 11.91 IBAT: -51.59 VSOL: 6.04 T: 12.07 RH: 51.59 PAR: 0 T_EC: -22.68 EC: 0.36
OK
>ESP32 watchdog reset
esp_stop 40
ESP> got ip: 192:168:178:47
ESP> connected to ap SSID: Crystal Radio / password:xxxxxxxxx
ESP> socket bound, pESP> got ip: 192:168:178:47
ESP> connected to ap SSID: Crystal Radio / password:xxxxxxxxx
ESP> socket bound, port 23
--- ESP32 WIFI MODULE --- NFT MASTER --- v1.0 - Jan 27 2023 - rb -
stat
CNT: 714 VBAT: 11.92 IBAT: -54.82 VSOL: 6.06 T: 12.12 RH: 51.45 PAR: 1776 T_EC: -22.65 EC: 0.34
OK
>ESP32 watchdog reset
esp_stop 40
ESP> got ip: 192:168:178:47
ESP> connected to ap SSID: Crystal Radio / password:xxxxxxxxx
ESP> socket bound, pESP> got ip: 192:168:178:47
ESP> connected to ap SSID: Crystal Radio / password:xxxxxxxxx
ESP> socket bound, port 23
--- ESP32 WIFI MODULE --- NFT MASTER --- v1.0 - Jan 27 2023 - rb -
stat
CNT: 715 VBAT: 11.92 IBAT: -51.59 VSOL: 6.05 T: 12.18 RH: 50.95 PAR: 1776 T_EC: -22.66 EC: 0.35
OK
>ESP32 watchdog reset
esp_stop 40
ESP> got ip: 192:168:178:47
ESP> connected to ap SSID: Crystal Radio / password:xxxxxxxxx
ESP> socket bound, pESP> got ip: 192:168:178:47
ESP> connected to ap SSID: Crystal Radio / password:xxxxxxxxx
ESP> socket bound, port 23
--- ESP32 WIFI MODULE --- NFT MASTER --- v1.0 - Jan 27 2023 - rb -
stat
CNT: 716 VBAT: 11.92 IBAT: -51.59 VSOL: 6.05 T: 12.23 RH: 50.86 PAR: 1776 T_EC: -22.67 EC: 0.35
OK
>ESP32 watchdog reset
esp_stop 40
ESP> got ip: 192:168:178:47
ESP> connected to ap SSID: Crystal Radio / password:xxxxxxxxx
ESP> socket bound, pESP> got ip: 192:168:178:47
ESP> connected to ap SSID: Crystal Radio / password:xxxxxxxxx
ESP> socket bound, port 23
--- ESP32 WIFI MODULE --- NFT MASTER --- v1.0 - Jan 27 2023 - rb -
stat
CNT: 717 VBAT: 11.92 IBAT: -50.79 VSOL: 6.05 T: 12.26 RH: 50.68 PAR: 1776 T_EC: -22.66 EC: 0.39
OK
>ESP32 watchdog reset
esp_stop 40
ESP> got ip: 192:168:178:47
ESP> connected to ap SSID: Crystal Radio / password:xxxxxxxxx
ESP> socket bound, pESP> got ip: 192:168:178:47
ESP> connected to ap SSID: Crystal Radio / password:xxxxxxxxx
ESP> socket bound, port 23
--- ESP32 WIFI MODULE --- NFT MASTER --- v1.0 - Jan 27 2023 - rb -
stat
CNT: 718 VBAT: 11.91 IBAT: -51.59 VSOL: 6.04 T: 12.28 RH: 50.71 PAR: 0 T_EC: -22.64 EC: 0.34
OK
>ESP32 watchdog reset
esp_stop 40
ESP> got ip: 192:168:178:47
ESP> connected to ap SSID: Crystal Radio / password:xxxxxxxxx
ESP> socket bound, port 23
--- ESP32 WIFI MODULE --- NFT MASTER --- v1.0 - Jan 27 2023 - rb -
stat
CNT: 719 VBAT: 11.92 IBAT: -50.79 VSOL: 6.06 T: 12.31 RH: 51.01 PAR: 1777 T_EC: -22.65 EC: 0.36
OK
>ESP32 watchdog reset
esp_stop 40
ESP> got ip: 192:168:178:47
ESP> connected to ap SSID: Crystal Radio / password:xxxxxxxxx
ESP> socket bound, port 23
--- ESP32 WIFI MODULE --- NFT MASTER --- v1.0 - Jan 27 2023 - rb -
stat
CNT: 720 VBAT: 11.92 IBAT: -49.98 VSOL: 6.05 T: 12.33 RH: 50.77 PAR: 1059 T_EC: -22.66 EC: 0.34
OK
>ESP32 watchdog reset
esp_stop 40
ESP> got ip: 192:168:178:47
ESP> connected to ap SSID: Crystal Radio / password:xxxxxxxxx
ESP> socket bound, pESP> got ip: 192:168:178:47
ESP> connected to ap SSID: Crystal Radio / password:xxxxxxxxx
ESP> socket bound, port 23
--- ESP32 WIFI MODULE --- NFT MASTER --- v1.0 - Jan 27 2023 - rb -
stat
CNT: 721 VBAT: 11.92 IBAT: -54.01 VSOL: 6.05 T: 12.34 RH: 50.12 PAR: 1776 T_EC: -22.66 EC: 0.34
OK
>ESP32 watchdog reset
esp_stop 40
ESP> got ip: 192:168:178:47
ESP> connected to ap SSID: Crystal Radio / password:xxxxxxxxx
ESP> socket bound, pESP> got ip: 192:168:178:47
ESP> connected to ap SSID: Crystal Radio / password:xxxxxxxxx
ESP> socket bound, port 23
--- ESP32 WIFI MODULE --- NFT MASTER --- v1.0 - Jan 27 2023 - rb -
stat
CNT: 722 VBAT: 11.92 IBAT: -51.59 VSOL: 6.05 T: 12.38 RH: 50.09 PAR: 0 T_EC: -22.67 EC: 0.36
OK
>ESP32 watchdog reset
esp_stop 40
ESP> got ip: 192:168:178:47
ESP> connected to ap SSID: Crystal Radio / password:xxxxxxxxx
ESP> socket bound, pESP> got ip: 192:168:178:47
ESP> connected to ap SSID: Crystal Radio / password:xxxxxxxxx
ESP> socket bound, port 23
--- ESP32 WIFI MODULE --- NFT MASTER --- v1.0 - Jan 27 2023 - rb -
stat
CNT: 723 VBAT: 11.91 IBAT: -57.24 VSOL: 6.06 T: 12.41 RH: 49.77 PAR: 1776 T_EC: -22.66 EC: 0.34
OK
>ESP32 watchdog reset
esp_stop 40
ESP> got ip: 192:168:178:47
ESP> connected to ap SSID: Crystal Radio / password:xxxxxxxxx
ESP> socket bound, pESP> got ip: 192:168:178:47
ESP> connected to ap SSID: Crystal Radio / password:xxxxxxxxx
ESP> socket bound, port 23
--- ESP32 WIFI MODULE --- NFT MASTER --- v1.0 - Jan 27 2023 - rb -
stat
CNT: 724 VBAT: 11.92 IBAT: -49.98 VSOL: 6.05 T: 12.43 RH: 50.27 PAR: 1776 T_EC: -22.69 EC: 0.33
OK
>ESP32 watchdog reset
esp_stop 40
ESP> got ip: 192:168:178:47
ESP> connected to ap SSID: Crystal Radio / password:xxxxxxxxx
ESP> socket bound, pESP> got ip: 192:168:178:47
ESP> connected to ap SSID: Crystal Radio / password:xxxxxxxxx
ESP> socket bound, port 23
--- ESP32 WIFI MODULE --- NFT MASTER --- v1.0 - Jan 27 2023 - rb -
stat
CNT: 725 VBAT: 11.92 IBAT: -55.62 VSOL: 6.06 T: 12.41 RH: 50.42 PAR: 15 T_EC: -22.63 EC: 0.36
OK
>ESP32 watchdog reset
esp_stop 40
ESP> got ip: 192:168:178:47
ESP> connected to ap SSID: Crystal Radio / password:xxxxxxxxx
ESP> socket bound, pESP> got ip: 192:168:178:47
ESP> connected to ap SSID: Crystal Radio / password:xxxxxxxxx
ESP> socket bound, port 23
--- ESP32 WIFI MODULE --- NFT MASTER --- v1.0 - Jan 27 2023 - rb -
stat
CNT: 726 VBAT: 11.92 IBAT: -49.98 VSOL: 6.05 T: 12.44 RH: 50.60 PAR: 1776 T_EC: -22.68 EC: 0.36
OK
>ESP32 watchdog reset
esp_stop 40
ESP> got ip: 192:168:178:47
ESP> connected to ap SSID: Crystal Radio / password:xxxxxxxxx
ESP> socket bound, pESP> got ip: 192:168:178:47
ESP> connected to ap SSID: Crystal Radio / password:xxxxxxxxx
ESP> socket bound, port 23
--- ESP32 WIFI MODULE --- NFT MASTER --- v1.0 - Jan 27 2023 - rb -
stat
CNT: 727 VBAT: 11.91 IBAT: -57.24 VSOL: 6.05 T: 12.48 RH: 50.09 PAR: 9 T_EC: -22.63 EC: 0.33
OK
>ESP32 watchdog reset
esp_stop 40
ESP> got ip: 192:168:178:47
ESP> connected to ap SSID: Crystal Radio / password:xxxxxxxxx
ESP> socket bound, pESP> got ip: 192:168:178:47
ESP> connected to ap SSID: Crystal Radio / password:xxxxxxxxx
ESP> socket bound, port 23
--- ESP32 WIFI MODULE --- NFT MASTER --- v1.0 - Jan 27 2023 - rb -
stat
CNT: 728 VBAT: 11.92 IBAT: -53.20 VSOL: 6.05 T: 12.54 RH: 50.27 PAR: 1776 T_EC: -22.68 EC: 0.35
OK
>ESP32 watchdog reset
esp_stop 40
ESP> got ip: 192:168:178:47
ESP> connected to ap SSID: Crystal Radio / password:xxxxxxxxx
ESP> socket bound, pESP> got ip: 192:168:178:47
ESP> connected to ap SSID: Crystal Radio / password:xxxxxxxxx
ESP> socket bound, port 23
--- ESP32 WIFI MODULE --- NFT MASTER --- v1.0 - Jan 27 2023 - rb -
stat
CNT: 729 VBAT: 11.91 IBAT: -49.17 VSOL: 6.05 T: 12.58 RH: 49.89 PAR: 1776 T_EC: -22.72 EC: 0.36
OK
>ESP32 watchdog reset
esp_stop 40
ESP> got ip: 192:168:178:47
ESP> connected to ap SSID: Crystal Radio / password:xxxxxxxxx
ESP> socket bound, pESP> got ip: 192:168:178:47
ESP> connected to ap SSID: Crystal Radio / password:xxxxxxxxx
ESP> socket bound, port 23
--- ESP32 WIFI MODULE --- NFT MASTER --- v1.0 - Jan 27 2023 - rb -
stat
CNT: 730 VBAT: 11.91 IBAT: -67.72 VSOL: 6.05 T: 12.59 RH: 50.51 PAR: 1776 T_EC: -22.70 EC: 0.38
OK
>ESP32 watchdog reset
esp_stop 40
ESP> got ip: 192:168:178:47
ESP> connected to ap SSID: Crystal Radio / password:xxxxxxxxx
ESP> socket bound, pESP> got ip: 192:168:178:47
ESP> connected to ap SSID: Crystal Radio / password:xxxxxxxxx
ESP> socket bound, port 23
--- ESP32 WIFI MODULE --- NFT MASTER --- v1.0 - Jan 27 2023 - rb -
stat
CNT: 731 VBAT: 11.92 IBAT: -52.40 VSOL: 6.05 T: 12.59 RH: 50.65 PAR: 1776 T_EC: -22.68 EC: 0.34
OK
>ESP32 watchdog reset
esp_stop 40
ESP> got ip: 192:168:178:47
ESP> connected to ap SSID: Crystal Radio / password:xxxxxxxxx
ESP> socket bound, pESP> got ip: 192:168:178:47
ESP> connected to ap SSID: Crystal Radio / password:xxxxxxxxx
ESP> socket bound, port 23
--- ESP32 WIFI MODULE --- NFT MASTER --- v1.0 - Jan 27 2023 - rb -
stat
CNT: 732 VBAT: 11.92 IBAT: -69.33 VSOL: 6.05 T: 12.55 RH: 51.65 PAR: 0 T_EC: -22.71 EC: 0.35
OK
>ESP32 watchdog reset
esp_stop 40
ESP> got ip: 192:168:178:47
ESP> connected to ap SSID: Crystal Radio / password:xxxxxxxxx
ESP> socket bound, pESP> got ip: 192:168:178:47
ESP> connected to ap SSID: Crystal Radio / password:xxxxxxxxx
ESP> socket bound, port 23
--- ESP32 WIFI MODULE --- NFT MASTER --- v1.0 - Jan 27 2023 - rb -
stat
CNT: 733 VBAT: 11.91 IBAT: -52.40 VSOL: 6.05 T: 12.53 RH: 51.21 PAR: 0 T_EC: -22.67 EC: 0.34
OK
>ESP32 watchdog reset
esp_stop 40
ESP> got ip: 192:168:178:47
ESP> connected to ap SSID: Crystal Radio / password:xxxxxxxxx
ESP> socket bound, pESP> got ip: 192:168:178:47
ESP> connected to ap SSID: Crystal Radio / password:xxxxxxxxx
ESP> socket bound, port 23
--- ESP32 WIFI MODULE --- NFT MASTER --- v1.0 - Jan 27 2023 - rb -
stat
CNT: 734 VBAT: 11.91 IBAT: -67.72 VSOL: 6.05 T: 12.50 RH: 51.42 PAR: 2 T_EC: -22.67 EC: 0.41
OK
>ESP32 watchdog reset
esp_stop 40
ESP> got ip: 192:168:178:47
ESP> connected to ap SSID: Crystal Radio / password:xxxxxxxxx
ESP> socket bound, pESP> got ip: 192:168:178:47
ESP> connected to ap SSID: Crystal Radio / password:xxxxxxxxx
ESP> socket bound, port 23
--- ESP32 WIFI MODULE --- NFT MASTER --- v1.0 - Jan 27 2023 - rb -
stat
CNT: 735 VBAT: 11.91 IBAT: -52.40 VSOL: 6.04 T: 12.52 RH: 51.62 PAR: 0 T_EC: -22.73 EC: 0.34
OK
>ESP32 watchdog reset
esp_stop 40
ESP> got ip: 192:168:178:47
ESP> connected to ap SSID: Crystal Radio / password:xxxxxxxxx
ESP> socket bound, pESP> got ip: 192:168:178:47
ESP> connected to ap SSID: Crystal Radio / password:xxxxxxxxx
ESP> socket bound, port 23
--- ESP32 WIFI MODULE --- NFT MASTER --- v1.0 - Jan 27 2023 - rb -
stat
CNT: 736 VBAT: 11.91 IBAT: -62.07 VSOL: 6.05 T: 12.54 RH: 51.54 PAR: 0 T_EC: -22.62 EC: 0.34
OK
>ESP32 watchdog reset
esp_stop 40
ESP> got ip: 192:168:178:47
ESP> connected to ap SSID: Crystal Radio / password:xxxxxxxxx
ESP> socket bound, pESP> got ip: 192:168:178:47
ESP> connected to ap SSID: Crystal Radio / password:xxxxxxxxx
ESP> socket bound, port 23
--- ESP32 WIFI MODULE --- NFT MASTER --- v1.0 - Jan 27 2023 - rb -
stat
CNT: 737 VBAT: 11.91 IBAT: -51.59 VSOL: 6.05 T: 12.56 RH: 51.27 PAR: 1776 T_EC: -22.66 EC: 0.34
OK
>ESP32 watchdog reset
esp_stop 40
ESP> got ip: 192:168:178:47
ESP> connected to ap SSID: Crystal Radio / password:xxxxxxxxx
ESP> socket bound, pESP> got ip: 192:168:178:47
ESP> connected to ap SSID: Crystal Radio / password:xxxxxxxxx
ESP> socket bound, port 23
--- ESP32 WIFI MODULE --- NFT MASTER --- v1.0 - Jan 27 2023 - rb -
stat
CNT: 738 VBAT: 11.91 IBAT: -49.98 VSOL: 6.05 T: 12.58 RH: 50.89 PAR: 0 T_EC: -22.70 EC: 0.36
OK
>ESP32 watchdog reset
esp_stop 40
ESP> got ip: 192:168:178:47
ESP> connected to ap SSID: Crystal Radio / password:xxxxxxxxx
ESP> socket bound, pESP> got ip: 192:168:178:47
ESP> connected to ap SSID: Crystal Radio / password:xxxxxxxxx
ESP> socket bound, port 23
--- ESP32 WIFI MODULE --- NFT MASTER --- v1.0 - Jan 27 2023 - rb -
stat
CNT: 739 VBAT: 11.91 IBAT: -51.59 VSOL: 6.04 T: 12.62 RH: 50.51 PAR: 0 T_EC: -22.68 EC: 0.42
OK
>ESP32 watchdog reset
esp_stop 40
ESP> got ip: 192:168:178:47
ESP> connected to ap SSID: Crystal Radio / password:xxxxxxxxx
ESP> socket bound, port 23
--- ESP32 WIFI MODULE --- NFT MASTER --- v1.0 - Jan 27 2023 - rb -
stat
CNT: 740 VBAT: 11.91 IBAT: -50.79 VSOL: 6.05 T: 12.60 RH: 50.60 PAR: 1776 T_EC: -22.70 EC: 0.35
OK
>ESP32 watchdog reset
esp_stop 40
ESP> got ip: 192:168:178:47
ESP> connected to ap SSID: Crystal Radio / password:xxxxxxxxx
ESP> socket bound, pESP> got ip: 192:168:178:47
ESP> connected to ap SSID: Crystal Radio / password:xxxxxxxxx
ESP> socket bound, port 23
--- ESP32 WIFI MODULE --- NFT MASTER --- v1.0 - Jan 27 2023 - rb -
stat
CNT: 741 VBAT: 11.91 IBAT: -51.59 VSOL: 6.05 T: 12.61 RH: 50.95 PAR: 0 T_EC: -22.64 EC: 0.40
OK
>ESP32 watchdog reset
esp_stop 40
ESP> got ip: 192:168:178:47
ESP> connected to ap SSID: Crystal Radio / password:xxxxxxxxx
ESP> socket bound, pESP> got ip: 192:168:178:47
ESP> connected to ap SSID: Crystal Radio / password:xxxxxxxxx
ESP> socket bound, port 23
--- ESP32 WIFI MODULE --- NFT MASTER --- v1.0 - Jan 27 2023 - rb -
stat
CNT: 742 VBAT: 11.91 IBAT: -49.98 VSOL: 6.05 T: 12.62 RH: 50.51 PAR: 1776 T_EC: -22.66 EC: 0.36
OK
>ESP32 watchdog reset
esp_stop 40
ESP> got ip: 192:168:178:47
ESP> connected to ap SSID: Crystal Radio / password:xxxxxxxxx
ESP> socket bound, pESP> got ip: 192:168:178:47
ESP> connected to ap SSID: Crystal Radio / password:xxxxxxxxx
ESP> socket bound, port 23
--- ESP32 WIFI MODULE --- NFT MASTER --- v1.0 - Jan 27 2023 - rb -
stat
CNT: 743 VBAT: 11.91 IBAT: -50.79 VSOL: 6.05 T: 12.60 RH: 50.33 PAR: 0 T_EC: -22.66 EC: 0.36
OK
>ESP32 watchdog reset
esp_stop 40
ESP> got ip: 192:168:178:47
ESP> connected to ap SSID: Crystal Radio / password:xxxxxxxxx
ESP> socket bound, pESP> got ip: 192:168:178:47
ESP> connected to ap SSID: Crystal Radio / password:xxxxxxxxx
ESP> socket bound, port 23
--- ESP32 WIFI MODULE --- NFT MASTER --- v1.0 - Jan 27 2023 - rb -
stat
CNT: 744 VBAT: 11.91 IBAT: -50.79 VSOL: 6.05 T: 12.56 RH: 50.09 PAR: 1776 T_EC: -22.62 EC: 0.34
OK
>ESP32 watchdog reset
esp_stop 40
ESP> got ip: 192:168:178:47
ESP> connected to ap SSID: Crystal Radio / password:xxxxxxxxx
ESP> socket bound, pESP> got ip: 192:168:178:47
ESP> connected to ap SSID: Crystal Radio / password:xxxxxxxxx
ESP> socket bound, port 23
--- ESP32 WIFI MODULE --- NFT MASTER --- v1.0 - Jan 27 2023 - rb -
stat
CNT: 745 VBAT: 11.91 IBAT: -50.79 VSOL: 6.05 T: 12.51 RH: 50.89 PAR: 1776 T_EC: -22.74 EC: 0.34
OK
>ESP32 watchdog reset
esp_stop 40
ESP> got ip: 192:168:178:47
ESP> connected to ap SSID: Crystal Radio / password:xxxxxxxxx
ESP> socket bound, pESP> got ip: 192:168:178:47
ESP> connected to ap SSID: Crystal Radio / password:xxxxxxxxx
ESP> socket bound, port 23
--- ESP32 WIFI MODULE --- NFT MASTER --- v1.0 - Jan 27 2023 - rb -
stat
CNT: 746 VBAT: 11.91 IBAT: -50.79 VSOL: 6.05 T: 12.64 RH: 50.42 PAR: 1776 T_EC: -22.67 EC: 0.34
OK
>ESP32 watchdog reset
esp_stop 40
ESP> got ip: 192:168:178:47
ESP> connected to ap SSID: Crystal Radio / password:xxxxxxxxx
ESP> socket bound, pESP> got ip: 192:168:178:47
ESP> connected to ap SSID: Crystal Radio / password:xxxxxxxxx
ESP> socket bound, port 23
--- ESP32 WIFI MODULE --- NFT MASTER --- v1.0 - Jan 27 2023 - rb -
stat
CNT: 747 VBAT: 11.91 IBAT: -49.98 VSOL: 6.05 T: 12.62 RH: 50.54 PAR: 1776 T_EC: -22.68 EC: 0.35
OK
>ESP32 watchdog reset
esp_stop 40
ESP> got ip: 192:168:178:47
ESP> connected to ap SSID: Crystal Radio / password:xxxxxxxxx
ESP> socket bound, pESP> got ip: 192:168:178:47
ESP> connected to ap SSID: Crystal Radio / password:xxxxxxxxx
ESP> socket bound, port 23
--- ESP32 WIFI MODULE --- NFT MASTER --- v1.0 - Jan 27 2023 - rb -
stat
CNT: 748 VBAT: 11.91 IBAT: -50.79 VSOL: 6.05 T: 12.61 RH: 51.01 PAR: 0 T_EC: -22.66 EC: 0.36
OK
>ESP32 watchdog reset
esp_stop 40
ESP> got ip: 192:168:178:47
ESP> connected to ap SSID: Crystal Radio / password:xxxxxxxxx
ESP> socket bound, pESP> got ip: 192:168:178:47
ESP> connected to ap SSID: Crystal Radio / password:xxxxxxxxx
ESP> socket bound, port 23
--- ESP32 WIFI MODULE --- NFT MASTER --- v1.0 - Jan 27 2023 - rb -
stat
CNT: 749 VBAT: 11.91 IBAT: -54.82 VSOL: 6.04 T: 12.58 RH: 51.33 PAR: 0 T_EC: -22.67 EC: 0.36
OK
>ESP32 watchdog reset
esp_stop 40
ESP> got ip: 192:168:178:47
ESP> connected to ap SSID: Crystal Radio / password:xxxxxxxxx
ESP> socket bound, pESP> got ip: 192:168:178:47
ESP> connected to ap SSID: Crystal Radio / password:xxxxxxxxx
ESP> socket bound, port 23
--- ESP32 WIFI MODULE --- NFT MASTER --- v1.0 - Jan 27 2023 - rb -
stat
CNT: 750 VBAT: 11.91 IBAT: -50.79 VSOL: 6.05 T: 12.60 RH: 50.92 PAR: 12 T_EC: -22.69 EC: 0.33
OK
>ESP32 watchdog reset
esp_stop 40
ESP> got ip: 192:168:178:47
ESP> connected to ap SSID: Crystal Radio / password:xxxxxxxxx
ESP> socket bound, pESP> got ip: 192:168:178:47
ESP> connected to ap SSID: Crystal Radio / password:xxxxxxxxx
ESP> socket bound, port 23
--- ESP32 WIFI MODULE --- NFT MASTER --- v1.0 - Jan 27 2023 - rb -
stat
CNT: 751 VBAT: 11.91 IBAT: -49.98 VSOL: 6.05 T: 12.60 RH: 50.95 PAR: 1776 T_EC: -22.69 EC: 0.36
OK
>ESP32 watchdog reset
esp_stop 40
ESP> got ip: 192:168:178:47
ESP> connected to ap SSID: Crystal Radio / password:xxxxxxxxx
ESP> socket bound, pESP> got ip: 192:168:178:47
ESP> connected to ap SSID: Crystal Radio / password:xxxxxxxxx
ESP> socket bound, port 23
--- ESP32 WIFI MODULE --- NFT MASTER --- v1.0 - Jan 27 2023 - rb -
stat
CNT: 752 VBAT: 11.91 IBAT: -70.13 VSOL: 6.04 T: 12.62 RH: 51.10 PAR: 1776 T_EC: -22.66 EC: 0.34
OK
>ESP32 watchdog reset
esp_stop 40
ESP> got ip: 192:168:178:47
ESP> connected to ap SSID: Crystal Radio / password:xxxxxxxxx
ESP> socket bound, pESP> got ip: 192:168:178:47
ESP> connected to ap SSID: Crystal Radio / password:xxxxxxxxx
ESP> socket bound, port 23
--- ESP32 WIFI MODULE --- NFT MASTER --- v1.0 - Jan 27 2023 - rb -
stat
CNT: 753 VBAT: 11.91 IBAT: -50.79 VSOL: 6.05 T: 12.66 RH: 51.48 PAR: 0 T_EC: -22.68 EC: 0.36
OK
>ESP32 watchdog reset
esp_stop 40
ESP> got ip: 192:168:178:47
ESP> connected to ap SSID: Crystal Radio / password:xxxxxxxxx
ESP> socket bound, pESP> got ip: 192:168:178:47
ESP> connected to ap SSID: Crystal Radio / password:xxxxxxxxx
ESP> socket bound, port 23
--- ESP32 WIFI MODULE --- NFT MASTER --- v1.0 - Jan 27 2023 - rb -
stat
CNT: 754 VBAT: 11.91 IBAT: -53.20 VSOL: 6.05 T: 12.70 RH: 51.30 PAR: 1776 T_EC: -22.66 EC: 0.34
OK
>ESP32 watchdog reset
esp_stop 40
ESP> got ip: 192:168:178:47
ESP> connected to ap SSID: Crystal Radio / password:xxxxxxxxx
ESP> socket bound, pESP> got ip: 192:168:178:47
ESP> connected to ap SSID: Crystal Radio / password:xxxxxxxxx
ESP> socket bound, port 23
--- ESP32 WIFI MODULE --- NFT MASTER --- v1.0 - Jan 27 2023 - rb -
stat
CNT: 755 VBAT: 11.91 IBAT: -50.79 VSOL: 6.05 T: 12.72 RH: 51.21 PAR: 0 T_EC: -22.68 EC: 0.36
OK
>ESP32 watchdog reset
esp_stop 40
ESP> got ip: 192:168:178:47
ESP> connected to ap SSID: Crystal Radio / password:xxxxxxxxx
ESP> socket bound, pESP> got ip: 192:168:178:47
ESP> connected to ap SSID: Crystal Radio / password:xxxxxxxxx
ESP> socket bound, port 23
--- ESP32 WIFI MODULE --- NFT MASTER --- v1.0 - Jan 27 2023 - rb -
stat
CNT: 756 VBAT: 11.90 IBAT: -50.79 VSOL: 6.04 T: 12.73 RH: 50.98 PAR: 10 T_EC: -22.68 EC: 0.34
OK
>ESP32 watchdog reset
esp_stop 40
ESP> got ip: 192:168:178:47
ESP> connected to ap SSID: Crystal Radio / password:xxxxxxxxx
ESP> socket bound, pESP> got ip: 192:168:178:47
ESP> connected to ap SSID: Crystal Radio / password:xxxxxxxxx
ESP> socket bound, port 23
--- ESP32 WIFI MODULE --- NFT MASTER --- v1.0 - Jan 27 2023 - rb -
stat
CNT: 757 VBAT: 11.91 IBAT: -51.59 VSOL: 6.04 T: 12.75 RH: 51.62 PAR: 41 T_EC: -22.73 EC: 0.35
OK
>ESP32 watchdog reset
esp_stop 40
ESP> got ip: 192:168:178:47
ESP> connected to ap SSID: Crystal Radio / password:xxxxxxxxx
ESP> socket bound, pESP> got ip: 192:168:178:47
ESP> connected to ap SSID: Crystal Radio / password:xxxxxxxxx
ESP> socket bound, port 23
--- ESP32 WIFI MODULE --- NFT MASTER --- v1.0 - Jan 27 2023 - rb -
stat
CNT: 758 VBAT: 11.92 IBAT: -51.59 VSOL: 6.05 T: 12.77 RH: 51.71 PAR: 0 T_EC: -22.67 EC: 0.33
OK
>ESP32 watchdog reset
esp_stop 40
ESP> got ip: 192:168:178:47
ESP> connected to ap SSID: Crystal Radio / password:xxxxxxxxx
ESP> socket bound, pESP> got ip: 192:168:178:47
ESP> connected to ap SSID: Crystal Radio / password:xxxxxxxxx
ESP> socket bound, port 23
--- ESP32 WIFI MODULE --- NFT MASTER --- v1.0 - Jan 27 2023 - rb -
stat
CNT: 759 VBAT: 11.91 IBAT: -50.79 VSOL: 6.04 T: 12.81 RH: 51.12 PAR: 0 T_EC: -22.65 EC: 0.33
OK
>ESP32 watchdog reset
esp_stop 40
ESP> got ip: 192:168:178:47
ESP> connected to ap SSID: Crystal Radio / password:xxxxxxxxx
ESP> socket bound, pESP> got ip: 192:168:178:47
ESP> connected to ap SSID: Crystal Radio / password:xxxxxxxxx
ESP> socket bound, port 23
--- ESP32 WIFI MODULE --- NFT MASTER --- v1.0 - Jan 27 2023 - rb -
stat
CNT: 760 VBAT: 11.91 IBAT: -52.40 VSOL: 6.04 T: 12.84 RH: 50.83 PAR: 1776 T_EC: -22.67 EC: 0.35
OK
>ESP32 watchdog reset
esp_stop 40
ESP> got ip: 192:168:178:47
ESP> connected to ap SSID: Crystal Radio / password:xxxxxxxxx
ESP> socket bound, pESP> got ip: 192:168:178:47
ESP> connected to ap SSID: Crystal Radio / password:xxxxxxxxx
ESP> socket bound, port 23
--- ESP32 WIFI MODULE --- NFT MASTER --- v1.0 - Jan 27 2023 - rb -
stat
CNT: 761 VBAT: 11.90 IBAT: -51.59 VSOL: 6.04 T: 12.86 RH: 51.07 PAR: 1776 T_EC: -22.66 EC: 0.36
OK
>ESP32 watchdog reset
esp_stop 40
ESP> got ip: 192:168:178:47
ESP> connected to ap SSID: Crystal Radio / password:xxxxxxxxx
ESP> socket bound, pESP> got ip: 192:168:178:47
ESP> connected to ap SSID: Crystal Radio / password:xxxxxxxxx
ESP> socket bound, port 23
--- ESP32 WIFI MODULE --- NFT MASTER --- v1.0 - Jan 27 2023 - rb -
stat
CNT: 762 VBAT: 11.91 IBAT: -52.40 VSOL: 6.04 T: 12.86 RH: 51.12 PAR: 0 T_EC: -22.69 EC: 0.35
OK
>ESP32 watchdog reset
esp_stop 40
ESP> got ip: 192:168:178:47
ESP> connected to ap SSID: Crystal Radio / password:xxxxxxxxx
ESP> socket bound, pESP> got ip: 192:168:178:47
ESP> connected to ap SSID: Crystal Radio / password:xxxxxxxxx
ESP> socket bound, port 23
--- ESP32 WIFI MODULE --- NFT MASTER --- v1.0 - Jan 27 2023 - rb -
stat
CNT: 763 VBAT: 11.91 IBAT: -86.26 VSOL: 6.04 T: 12.89 RH: 51.54 PAR: 1776 T_EC: -22.68 EC: 0.50
OK
>ESP32 watchdog reset
esp_stop 40
ESP> got ip: 192:168:178:47
ESP> connected to ap SSID: Crystal Radio / password:xxxxxxxxx
ESP> socket bound, pESP> got ip: 192:168:178:47
ESP> connected to ap SSID: Crystal Radio / password:xxxxxxxxx
ESP> socket bound, port 23
--- ESP32 WIFI MODULE --- NFT MASTER --- v1.0 - Jan 27 2023 - rb -
stat
CNT: 764 VBAT: 11.91 IBAT: -50.79 VSOL: 6.04 T: 12.92 RH: 51.12 PAR: 0 T_EC: -22.68 EC: 0.34
OK
>ESP32 watchdog reset
esp_stop 40
ESP> got ip: 192:168:178:47
ESP> connected to ap SSID: Crystal Radio / password:xxxxxxxxx
ESP> socket bound, pESP> got ip: 192:168:178:47
ESP> connected to ap SSID: Crystal Radio / password:xxxxxxxxx
ESP> socket bound, port 23
--- ESP32 WIFI MODULE --- NFT MASTER --- v1.0 - Jan 27 2023 - rb -
stat
CNT: 765 VBAT: 11.91 IBAT: -56.43 VSOL: 6.04 T: 12.92 RH: 50.89 PAR: 0 T_EC: -22.66 EC: 0.35
OK
>ESP32 watchdog reset
esp_stop 40
ESP> got ip: 192:168:178:47
ESP> connected to ap SSID: Crystal Radio / password:xxxxxxxxx
ESP> socket bound, pESP> got ip: 192:168:178:47
ESP> connected to ap SSID: Crystal Radio / password:xxxxxxxxx
ESP> socket bound, port 23
--- ESP32 WIFI MODULE --- NFT MASTER --- v1.0 - Jan 27 2023 - rb -
stat
CNT: 766 VBAT: 11.91 IBAT: -50.79 VSOL: 6.04 T: 12.95 RH: 51.71 PAR: 1776 T_EC: -22.66 EC: 0.33
OK
>ESP32 watchdog reset
esp_stop 40
ESP> got ip: 192:168:178:47
ESP> connected to ap SSID: Crystal Radio / password:xxxxxxxxx
ESP> socket bound, pESP> got ip: 192:168:178:47
ESP> connected to ap SSID: Crystal Radio / password:xxxxxxxxx
ESP> socket bound, port 23
--- ESP32 WIFI MODULE --- NFT MASTER --- v1.0 - Jan 27 2023 - rb -
stat
CNT: 767 VBAT: 11.90 IBAT: -58.04 VSOL: 6.06 T: 12.98 RH: 52.38 PAR: 1776 T_EC: -22.72 EC: 0.34
OK
>ESP32 watchdog reset
esp_stop 40
ESP> got ip: 192:168:178:47
ESP> connected to ap SSID: Crystal Radio / password:xxxxxxxxx
ESP> socket bound, pESP> got ip: 192:168:178:47
ESP> connected to ap SSID: Crystal Radio / password:xxxxxxxxx
ESP> socket bound, port 23
--- ESP32 WIFI MODULE --- NFT MASTER --- v1.0 - Jan 27 2023 - rb -
stat
CNT: 768 VBAT: 11.91 IBAT: -50.79 VSOL: 6.04 T: 13.05 RH: 51.86 PAR: 1776 T_EC: -22.64 EC: 0.34
OK
>ESP32 watchdog reset
esp_stop 40
ESP> got ip: 192:168:178:47
ESP> connected to ap SSID: Crystal Radio / password:xxxxxxxxx
ESP> socket bound, pESP> got ip: 192:168:178:47
ESP> connected to ap SSID: Crystal Radio / password:xxxxxxxxx
ESP> socket bound, port 23
--- ESP32 WIFI MODULE --- NFT MASTER --- v1.0 - Jan 27 2023 - rb -
stat
CNT: 769 VBAT: 11.91 IBAT: -51.59 VSOL: 6.04 T: 13.09 RH: 51.24 PAR: 1777 T_EC: -22.74 EC: 0.39
OK
>ESP32 watchdog reset
esp_stop 40
ESP> got ip: 192:168:178:47
ESP> connected to ap SSID: Crystal Radio / password:xxxxxxxxx
ESP> socket bound, pESP> got ip: 192:168:178:47
ESP> connected to ap SSID: Crystal Radio / password:xxxxxxxxx
ESP> socket bound, port 23
--- ESP32 WIFI MODULE --- NFT MASTER --- v1.0 - Jan 27 2023 - rb -
stat
CNT: 770 VBAT: 11.91 IBAT: -49.17 VSOL: 6.05 T: 13.12 RH: 51.89 PAR: 15 T_EC: -22.63 EC: 0.33
OK
>ESP32 watchdog reset
esp_stop 40
ESP> got ip: 192:168:178:47
ESP> connected to ap SSID: Crystal Radio / password:xxxxxxxxx
ESP> socket bound, pESP> got ip: 192:168:178:47
ESP> connected to ap SSID: Crystal Radio / password:xxxxxxxxx
ESP> socket bound, port 23
--- ESP32 WIFI MODULE --- NFT MASTER --- v1.0 - Jan 27 2023 - rb -
stat
CNT: 771 VBAT: 11.90 IBAT: -51.59 VSOL: 6.04 T: 13.15 RH: 51.83 PAR: 0 T_EC: -22.70 EC: 0.33
OK
>ESP32 watchdog reset
esp_stop 40
ESP> got ip: 192:168:178:47
ESP> connected to ap SSID: Crystal Radio / password:xxxxxxxxx
ESP> socket bound, pESP> got ip: 192:168:178:47
ESP> connected to ap SSID: Crystal Radio / password:xxxxxxxxx
ESP> socket bound, port 23
--- ESP32 WIFI MODULE --- NFT MASTER --- v1.0 - Jan 27 2023 - rb -
stat
CNT: 772 VBAT: 11.90 IBAT: -51.59 VSOL: 6.05 T: 13.28 RH: 51.07 PAR: 1776 T_EC: -22.69 EC: 0.33
OK
>ESP32 watchdog reset
esp_stop 40
ESP> got ip: 192:168:178:47
ESP> connected to ap SSID: Crystal Radio / password:xxxxxxxxx
ESP> socket bound, pESP> got ip: 192:168:178:47
ESP> connected to ap SSID: Crystal Radio / password:xxxxxxxxx
ESP> socket bound, port 23
--- ESP32 WIFI MODULE --- NFT MASTER --- v1.0 - Jan 27 2023 - rb -
stat
CNT: 773 VBAT: 11.90 IBAT: -50.79 VSOL: 6.04 T: 13.34 RH: 49.83 PAR: 1777 T_EC: -22.63 EC: 0.38
OK
>ESP32 watchdog reset
esp_stop 40
ESP> got ip: 192:168:178:47
ESP> connected to ap SSID: Crystal Radio / password:xxxxxxxxx
ESP> socket bound, pESP> got ip: 192:168:178:47
ESP> connected to ap SSID: Crystal Radio / password:xxxxxxxxx
ESP> socket bound, port 23
--- ESP32 WIFI MODULE --- NFT MASTER --- v1.0 - Jan 27 2023 - rb -
stat
CNT: 774 VBAT: 11.90 IBAT: -74.16 VSOL: 6.04 T: 13.30 RH: 49.50 PAR: 1777 T_EC: -22.67 EC: 0.33
OK
>ESP32 watchdog reset
esp_stop 40
ESP> got ip: 192:168:178:47
ESP> connected to ap SSID: Crystal Radio / password:xxxxxxxxx
ESP> socket bound, pESP> got ip: 192:168:178:47
ESP> connected to ap SSID: Crystal Radio / password:xxxxxxxxx
ESP> socket bound, port 23
--- ESP32 WIFI MODULE --- NFT MASTER --- v1.0 - Jan 27 2023 - rb -
stat
CNT: 775 VBAT: 11.91 IBAT: -50.79 VSOL: 6.04 T: 13.24 RH: 49.59 PAR: 1776 T_EC: -22.65 EC: 0.34
OK
>ESP32 watchdog reset
esp_stop 40
ESP> got ip: 192:168:178:47
ESP> connected to ap SSID: Crystal Radio / password:xxxxxxxxx
ESP> socket bound, pESP> got ip: 192:168:178:47
ESP> connected to ap SSID: Crystal Radio / password:xxxxxxxxx
ESP> socket bound, port 23
--- ESP32 WIFI MODULE --- NFT MASTER --- v1.0 - Jan 27 2023 - rb -
stat
CNT: 776 VBAT: 11.90 IBAT: -57.24 VSOL: 6.04 T: 13.17 RH: 49.59 PAR: 1777 T_EC: -22.71 EC: 0.35
OK
>ESP32 watchdog reset
esp_stop 40
ESP> got ip: 192:168:178:47
ESP> connected to ap SSID: Crystal Radio / password:xxxxxxxxx
ESP> socket bound, pESP> got ip: 192:168:178:47
ESP> connected to ap SSID: Crystal Radio / password:xxxxxxxxx
ESP> socket bound, port 23
--- ESP32 WIFI MODULE --- NFT MASTER --- v1.0 - Jan 27 2023 - rb -
stat
CNT: 777 VBAT: 11.91 IBAT: -50.79 VSOL: 6.04 T: 13.12 RH: 49.62 PAR: 1 T_EC: -22.67 EC: 0.34
OK
>ESP32 watchdog reset
esp_stop 40
ESP> got ip: 192:168:178:47
ESP> connected to ap SSID: Crystal Radio / password:xxxxxxxxx
ESP> socket bound, pESP> got ip: 192:168:178:47
ESP> connected to ap SSID: Crystal Radio / password:xxxxxxxxx
ESP> socket bound, port 23
--- ESP32 WIFI MODULE --- NFT MASTER --- v1.0 - Jan 27 2023 - rb -
stat
CNT: 778 VBAT: 11.91 IBAT: -57.24 VSOL: 6.04 T: 13.08 RH: 49.71 PAR: 1776 T_EC: -22.66 EC: 0.33
OK
>ESP32 watchdog reset
esp_stop 40
ESP> got ip: 192:168:178:47
ESP> connected to ap SSID: Crystal Radio / password:xxxxxxxxx
ESP> socket bound, pESP> got ip: 192:168:178:47
ESP> connected to ap SSID: Crystal Radio / password:xxxxxxxxx
ESP> socket bound, port 23
--- ESP32 WIFI MODULE --- NFT MASTER --- v1.0 - Jan 27 2023 - rb -
stat
CNT: 779 VBAT: 11.91 IBAT: -66.10 VSOL: 6.04 T: 13.06 RH: 49.80 PAR: 1776 T_EC: -22.64 EC: 0.35
OK
>ESP32 watchdog reset
esp_stop 40
ESP> got ip: 192:168:178:47
ESP> connected to ap SSID: Crystal Radio / password:xxxxxxxxx
ESP> socket bound, pESP> got ip: 192:168:178:47
ESP> connected to ap SSID: Crystal Radio / password:xxxxxxxxx
ESP> socket bound, port 23
--- ESP32 WIFI MODULE --- NFT MASTER --- v1.0 - Jan 27 2023 - rb -
stat
CNT: 780 VBAT: 11.90 IBAT: -49.17 VSOL: 6.04 T: 13.04 RH: 50.57 PAR: 1776 T_EC: -22.70 EC: 0.34
OK
>ESP32 watchdog reset
esp_stop 40
ESP> got ip: 192:168:178:47
ESP> connected to ap SSID: Crystal Radio / password:xxxxxxxxx
ESP> socket bound, port 23
--- ESP32 WIFI MODULE --- NFT MASTER --- v1.0 - Jan 27 2023 - rb -
stat
CNT: 781 VBAT: 11.90 IBAT: -52.40 VSOL: 6.04 T: 12.99 RH: 50.95 PAR: 0 T_EC: -22.66 EC: 0.32
OK
>ESP32 watchdog reset
esp_stop 40
ESP> got ip: 192:168:178:47
ESP> connected to ap SSID: Crystal Radio / password:xxxxxxxxx
ESP> socket bound, pESP> got ip: 192:168:178:47
ESP> connected to ap SSID: Crystal Radio / password:xxxxxxxxx
ESP> socket bound, port 23
--- ESP32 WIFI MODULE --- NFT MASTER --- v1.0 - Jan 27 2023 - rb -
stat
CNT: 782 VBAT: 11.90 IBAT: -65.30 VSOL: 6.04 T: 12.93 RH: 51.10 PAR: 1776 T_EC: -22.67 EC: 0.37
OK
>ESP32 watchdog reset
esp_stop 40
ESP> got ip: 192:168:178:47
ESP> connected to ap SSID: Crystal Radio / password:xxxxxxxxx
ESP> socket bound, pESP> got ip: 192:168:178:47
ESP> connected to ap SSID: Crystal Radio / password:xxxxxxxxx
ESP> socket bound, port 23
--- ESP32 WIFI MODULE --- NFT MASTER --- v1.0 - Jan 27 2023 - rb -
stat
CNT: 783 VBAT: 11.90 IBAT: -49.98 VSOL: 6.05 T: 12.88 RH: 51.24 PAR: 1776 T_EC: -22.66 EC: 0.34
OK
>ESP32 watchdog reset
esp_stop 40
ESP> got ip: 192:168:178:47
ESP> connected to ap SSID: Crystal Radio / password:xxxxxxxxx
ESP> socket bound, pESP> got ip: 192:168:178:47
ESP> connected to ap SSID: Crystal Radio / password:xxxxxxxxx
ESP> socket bound, port 23
--- ESP32 WIFI MODULE --- NFT MASTER --- v1.0 - Jan 27 2023 - rb -
stat
CNT: 784 VBAT: 11.90 IBAT: -57.24 VSOL: 6.04 T: 12.86 RH: 51.94 PAR: 0 T_EC: -22.66 EC: 0.38
OK
>ESP32 watchdog reset
esp_stop 40
ESP> got ip: 192:168:178:47
ESP> connected to ap SSID: Crystal Radio / password:xxxxxxxxx
ESP> socket bound, pESP> got ip: 192:168:178:47
ESP> connected to ap SSID: Crystal Radio / password:xxxxxxxxx
ESP> socket bound, port 23
--- ESP32 WIFI MODULE --- NFT MASTER --- v1.0 - Jan 27 2023 - rb -
stat
CNT: 785 VBAT: 11.90 IBAT: -50.79 VSOL: 6.04 T: 12.86 RH: 51.48 PAR: 1776 T_EC: -22.68 EC: 0.32
OK
>ESP32 watchdog reset
esp_stop 40
ESP> got ip: 192:168:178:47
ESP> connected to ap SSID: Crystal Radio / password:xxxxxxxxx
ESP> socket bound, port 23
--- ESP32 WIFI MODULE --- NFT MASTER --- v1.0 - Jan 27 2023 - rb -
stat
CNT: 786 VBAT: 11.90 IBAT: -54.01 VSOL: 6.04 T: 12.84 RH: 52.44 PAR: 1776 T_EC: -22.68 EC: 0.34
OK
>ESP32 watchdog reset
esp_stop 40
ESP> got ip: 192:168:178:47
ESP> connected to ap SSID: Crystal Radio / password:xxxxxxxxx
ESP> socket bound, pESP> got ip: 192:168:178:47
ESP> connected to ap SSID: Crystal Radio / password:xxxxxxxxx
ESP> socket bound, port 23
--- ESP32 WIFI MODULE --- NFT MASTER --- v1.0 - Jan 27 2023 - rb -
stat
CNT: 787 VBAT: 11.90 IBAT: -49.98 VSOL: 6.04 T: 12.81 RH: 52.12 PAR: 1776 T_EC: -22.67 EC: 0.33
OK
>ESP32 watchdog reset
esp_stop 40
ESP> got ip: 192:168:178:47
ESP> connected to ap SSID: Crystal Radio / password:xxxxxxxxx
ESP> socket bound, pESP> got ip: 192:168:178:47
ESP> connected to ap SSID: Crystal Radio / password:xxxxxxxxx
ESP> socket bound, port 23
--- ESP32 WIFI MODULE --- NFT MASTER --- v1.0 - Jan 27 2023 - rb -
stat
CNT: 788 VBAT: 11.90 IBAT: -49.17 VSOL: 6.04 T: 12.82 RH: 51.56 PAR: 1776 T_EC: -22.67 EC: 0.33
OK
>ESP32 watchdog reset
esp_stop 40
ESP> got ip: 192:168:178:47
ESP> connected to ap SSID: Crystal Radio / password:xxxxxxxxx
ESP> socket bound, pESP> got ip: 192:168:178:47
ESP> connected to ap SSID: Crystal Radio / password:xxxxxxxxx
ESP> socket bound, port 23
--- ESP32 WIFI MODULE --- NFT MASTER --- v1.0 - Jan 27 2023 - rb -
stat
CNT: 789 VBAT: 11.90 IBAT: -49.98 VSOL: 6.04 T: 12.82 RH: 51.54 PAR: 1776 T_EC: -22.70 EC: 0.35
OK
>ESP32 watchdog reset
esp_stop 40
ESP> got ip: 192:168:178:47
ESP> connected to ap SSID: Crystal Radio / password:xxxxxxxxx
ESP> socket bound, pESP> got ip: 192:168:178:47
ESP> connected to ap SSID: Crystal Radio / password:xxxxxxxxx
ESP> socket bound, port 23
--- ESP32 WIFI MODULE --- NFT MASTER --- v1.0 - Jan 27 2023 - rb -
stat
CNT: 790 VBAT: 11.90 IBAT: -50.79 VSOL: 6.04 T: 12.81 RH: 51.39 PAR: 69 T_EC: -22.68 EC: 0.35
OK
>ESP32 watchdog reset
esp_stop 40
ESP> got ip: 192:168:178:47
ESP> connected to ap SSID: Crystal Radio / password:xxxxxxxxx
ESP> socket bound, pESP> got ip: 192:168:178:47
ESP> connected to ap SSID: Crystal Radio / password:xxxxxxxxx
ESP> socket bound, port 23
--- ESP32 WIFI MODULE --- NFT MASTER --- v1.0 - Jan 27 2023 - rb -
stat
CNT: 791 VBAT: 11.90 IBAT: -66.10 VSOL: 6.04 T: 12.82 RH: 51.04 PAR: 1776 T_EC: -22.71 EC: 0.34
OK
>ESP32 watchdog reset
esp_stop 40
ESP> got ip: 192:168:178:47
ESP> connected to ap SSID: Crystal Radio / password:xxxxxxxxx
ESP> socket bound, port 23
--- ESP32 WIFI MODULE --- NFT MASTER --- v1.0 - Jan 27 2023 - rb -
stat
CNT: 792 VBAT: 11.90 IBAT: -55.62 VSOL: 6.04 T: 12.80 RH: 51.10 PAR: 0 T_EC: -22.65 EC: 0.33
OK
>ESP32 watchdog reset
esp_stop 40
ESP> got ip: 192:168:178:47
ESP> connected to ap SSID: Crystal Radio / password:xxxxxxxxx
ESP> socket bound, pESP> got ip: 192:168:178:47
ESP> connected to ap SSID: Crystal Radio / password:xxxxxxxxx
ESP> socket bound, port 23
--- ESP32 WIFI MODULE --- NFT MASTER --- v1.0 - Jan 27 2023 - rb -
stat
CNT: 793 VBAT: 11.90 IBAT: -59.65 VSOL: 6.05 T: 12.80 RH: 51.30 PAR: 1776 T_EC: -22.66 EC: 0.34
OK
>ESP32 watchdog reset
esp_stop 40
ESP> got ip: 192:168:178:47
ESP> connected to ap SSID: Crystal Radio / password:xxxxxxxxx
ESP> socket bound, pESP> got ip: 192:168:178:47
ESP> connected to ap SSID: Crystal Radio / password:xxxxxxxxx
ESP> socket bound, port 23
--- ESP32 WIFI MODULE --- NFT MASTER --- v1.0 - Jan 27 2023 - rb -
stat
CNT: 794 VBAT: 11.90 IBAT: -51.59 VSOL: 6.04 T: 12.82 RH: 51.89 PAR: 1776 T_EC: -22.66 EC: 0.37
OK
>ESP32 watchdog reset
esp_stop 40
ESP> got ip: 192:168:178:47
ESP> connected to ap SSID: Crystal Radio / password:xxxxxxxxx
ESP> socket bound, pESP> got ip: 192:168:178:47
ESP> connected to ap SSID: Crystal Radio / password:xxxxxxxxx
ESP> socket bound, port 23
--- ESP32 WIFI MODULE --- NFT MASTER --- v1.0 - Jan 27 2023 - rb -
stat
CNT: 795 VBAT: 11.90 IBAT: -58.85 VSOL: 6.04 T: 12.90 RH: 50.95 PAR: 0 T_EC: -22.67 EC: 0.35
OK
>ESP32 watchdog reset
esp_stop 40
ESP> got ip: 192:168:178:47
ESP> connected to ap SSID: Crystal Radio / password:xxxxxxxxx
ESP> socket bound, pESP> got ip: 192:168:178:47
ESP> connected to ap SSID: Crystal Radio / password:xxxxxxxxx
ESP> socket bound, port 23
--- ESP32 WIFI MODULE --- NFT MASTER --- v1.0 - Jan 27 2023 - rb -
stat
CNT: 796 VBAT: 11.90 IBAT: -50.79 VSOL: 6.04 T: 12.93 RH: 51.01 PAR: 1777 T_EC: -22.65 EC: 0.33
OK
>ESP32 watchdog reset
esp_stop 40
ESP> got ip: 192:168:178:47
ESP> connected to ap SSID: Crystal Radio / password:xxxxxxxxx
ESP> socket bound, pESP> got ip: 192:168:178:47
ESP> connected to ap SSID: Crystal Radio / password:xxxxxxxxx
ESP> socket bound, port 23
--- ESP32 WIFI MODULE --- NFT MASTER --- v1.0 - Jan 27 2023 - rb -
stat
CNT: 797 VBAT: 11.90 IBAT: -49.17 VSOL: 6.04 T: 12.94 RH: 51.59 PAR: 0 T_EC: -22.66 EC: 0.32
OK
>ESP32 watchdog reset
esp_stop 40
ESP> got ip: 192:168:178:47
ESP> connected to ap SSID: Crystal Radio / password:xxxxxxxxx
ESP> socket bound, pESP> got ip: 192:168:178:47
ESP> connected to ap SSID: Crystal Radio / password:xxxxxxxxx
ESP> socket bound, port 23
--- ESP32 WIFI MODULE --- NFT MASTER --- v1.0 - Jan 27 2023 - rb -
stat
CNT: 798 VBAT: 11.90 IBAT: -65.30 VSOL: 6.04 T: 12.91 RH: 51.54 PAR: 1776 T_EC: -22.68 EC: 0.37
OK
>ESP32 watchdog reset
esp_stop 40
ESP> got ip: 192:168:178:47
ESP> connected to ap SSID: Crystal Radio / password:xxxxxxxxx
ESP> socket bound, pESP> got ip: 192:168:178:47
ESP> connected to ap SSID: Crystal Radio / password:xxxxxxxxx
ESP> socket bound, port 23
--- ESP32 WIFI MODULE --- NFT MASTER --- v1.0 - Jan 27 2023 - rb -
stat
CNT: 799 VBAT: 11.90 IBAT: -66.91 VSOL: 6.04 T: 12.88 RH: 51.89 PAR: 0 T_EC: -22.67 EC: 0.35
OK
>ESP32 watchdog reset
esp_stop 40
ESP> got ip: 192:168:178:47
ESP> connected to ap SSID: Crystal Radio / password:xxxxxxxxx
ESP> socket bound, pESP> got ip: 192:168:178:47
ESP> connected to ap SSID: Crystal Radio / password:xxxxxxxxx
ESP> socket bound, port 23
--- ESP32 WIFI MODULE --- NFT MASTER --- v1.0 - Jan 27 2023 - rb -
stat
CNT: 800 VBAT: 11.90 IBAT: -49.98 VSOL: 6.04 T: 12.92 RH: 51.01 PAR: 1776 T_EC: -22.69 EC: 0.33
OK
>ESP32 watchdog reset
esp_stop 40
ESP> got ip: 192:168:178:47
ESP> connected to ap SSID: Crystal Radio / password:xxxxxxxxx
ESP> socket bound, pESP> got ip: 192:168:178:47
ESP> connected to ap SSID: Crystal Radio / password:xxxxxxxxx
ESP> socket bound, port 23
--- ESP32 WIFI MODULE --- NFT MASTER --- v1.0 - Jan 27 2023 - rb -
stat
CNT: 801 VBAT: 11.90 IBAT: -62.07 VSOL: 6.04 T: 12.91 RH: 51.39 PAR: 1776 T_EC: -22.64 EC: 0.32
OK
>ESP32 watchdog reset
esp_stop 40
ESP> got ip: 192:168:178:47
ESP> connected to ap SSID: Crystal Radio / password:xxxxxxxxx
ESP> socket bound, pESP> got ip: 192:168:178:47
ESP> connected to ap SSID: Crystal Radio / password:xxxxxxxxx
ESP> socket bound, port 23
--- ESP32 WIFI MODULE --- NFT MASTER --- v1.0 - Jan 27 2023 - rb -
stat
CNT: 802 VBAT: 11.90 IBAT: -49.98 VSOL: 6.04 T: 12.88 RH: 51.21 PAR: 1776 T_EC: -22.64 EC: 0.33
OK
>ESP32 watchdog reset
esp_stop 40
ESP> got ip: 192:168:178:47
ESP> connected to ap SSID: Crystal Radio / password:xxxxxxxxx
ESP> socket bound, pESP> got ip: 192:168:178:47
ESP> connected to ap SSID: Crystal Radio / password:xxxxxxxxx
ESP> socket bound, port 23
--- ESP32 WIFI MODULE --- NFT MASTER --- v1.0 - Jan 27 2023 - rb -
stat
CNT: 803 VBAT: 11.90 IBAT: -65.30 VSOL: 6.04 T: 12.89 RH: 51.04 PAR: 1776 T_EC: -22.65 EC: 0.34
OK
>ESP32 watchdog reset
esp_stop 40
ESP> got ip: 192:168:178:47
ESP> connected to ap SSID: Crystal Radio / password:xxxxxxxxx
ESP> socket bound, pESP> got ip: 192:168:178:47
ESP> connected to ap SSID: Crystal Radio / password:xxxxxxxxx
ESP> socket bound, port 23
--- ESP32 WIFI MODULE --- NFT MASTER --- v1.0 - Jan 27 2023 - rb -
stat
CNT: 804 VBAT: 11.90 IBAT: -50.79 VSOL: 6.04 T: 12.88 RH: 51.51 PAR: 1776 T_EC: -22.72 EC: 0.36
OK
>ESP32 watchdog reset
esp_stop 40
ESP> got ip: 192:168:178:47
ESP> connected to ap SSID: Crystal Radio / password:xxxxxxxxx
ESP> socket bound, pESP> got ip: 192:168:178:47
ESP> connected to ap SSID: Crystal Radio / password:xxxxxxxxx
ESP> socket bound, port 23
--- ESP32 WIFI MODULE --- NFT MASTER --- v1.0 - Jan 27 2023 - rb -
stat
CNT: 805 VBAT: 11.90 IBAT: -49.17 VSOL: 6.04 T: 12.91 RH: 51.10 PAR: 0 T_EC: -22.65 EC: 0.35
OK
>ESP32 watchdog reset
esp_stop 40
ESP> got ip: 192:168:178:47
ESP> connected to ap SSID: Crystal Radio / password:xxxxxxxxx
ESP> socket bound, pESP> got ip: 192:168:178:47
ESP> connected to ap SSID: Crystal Radio / password:xxxxxxxxx
ESP> socket bound, port 23
--- ESP32 WIFI MODULE --- NFT MASTER --- v1.0 - Jan 27 2023 - rb -
stat
CNT: 806 VBAT: 11.90 IBAT: -50.79 VSOL: 6.04 T: 12.92 RH: 51.59 PAR: 538 T_EC: -22.68 EC: 0.35
OK
>ESP32 watchdog reset
esp_stop 40
ESP> got ip: 192:168:178:47
ESP> connected to ap SSID: Crystal Radio / password:xxxxxxxxx
ESP> socket bound, pESP> got ip: 192:168:178:47
ESP> connected to ap SSID: Crystal Radio / password:xxxxxxxxx
ESP> socket bound, port 23
--- ESP32 WIFI MODULE --- NFT MASTER --- v1.0 - Jan 27 2023 - rb -
stat
CNT: 807 VBAT: 11.90 IBAT: -49.98 VSOL: 6.05 T: 12.94 RH: 51.07 PAR: 1776 T_EC: -22.67 EC: 0.34
OK
>ESP32 watchdog reset
esp_stop 40
ESP> got ip: 192:168:178:47
ESP> connected to ap SSID: Crystal Radio / password:xxxxxxxxx
ESP> socket bound, pESP> got ip: 192:168:178:47
ESP> connected to ap SSID: Crystal Radio / password:xxxxxxxxx
ESP> socket bound, port 23
--- ESP32 WIFI MODULE --- NFT MASTER --- v1.0 - Jan 27 2023 - rb -
stat
CNT: 808 VBAT: 11.90 IBAT: -51.59 VSOL: 6.04 T: 12.94 RH: 51.27 PAR: 0 T_EC: -22.66 EC: 0.33
OK
>ESP32 watchdog reset
esp_stop 40
ESP> got ip: 192:168:178:47
ESP> connected to ap SSID: Crystal Radio / password:xxxxxxxxx
ESP> socket bound, pESP> got ip: 192:168:178:47
ESP> connected to ap SSID: Crystal Radio / password:xxxxxxxxx
ESP> socket bound, port 23
--- ESP32 WIFI MODULE --- NFT MASTER --- v1.0 - Jan 27 2023 - rb -
stat
CNT: 809 VBAT: 11.90 IBAT: -49.98 VSOL: 6.04 T: 12.94 RH: 51.27 PAR: 741 T_EC: -22.68 EC: 0.34
OK
>ESP32 watchdog reset
esp_stop 40
ESP> got ip: 192:168:178:47
ESP> connected to ap SSID: Crystal Radio / password:xxxxxxxxx
ESP> socket bound, pESP> got ip: 192:168:178:47
ESP> connected to ap SSID: Crystal Radio / password:xxxxxxxxx
ESP> socket bound, port 23
--- ESP32 WIFI MODULE --- NFT MASTER --- v1.0 - Jan 27 2023 - rb -
stat
CNT: 810 VBAT: 11.90 IBAT: -49.17 VSOL: 6.04 T: 12.94 RH: 51.18 PAR: 0 T_EC: -22.64 EC: 0.35
OK
>ESP32 watchdog reset
esp_stop 40
ESP> got ip: 192:168:178:47
ESP> connected to ap SSID: Crystal Radio / password:xxxxxxxxx
ESP> socket bound, pESP> got ip: 192:168:178:47
ESP> connected to ap SSID: Crystal Radio / password:xxxxxxxxx
ESP> socket bound, port 23
--- ESP32 WIFI MODULE --- NFT MASTER --- v1.0 - Jan 27 2023 - rb -
stat
CNT: 811 VBAT: 11.90 IBAT: -52.40 VSOL: 6.04 T: 12.92 RH: 51.24 PAR: 0 T_EC: -22.75 EC: 0.47
OK
>ESP32 watchdog reset
esp_stop 40
ESP> got ip: 192:168:178:47
ESP> connected to ap SSID: Crystal Radio / password:xxxxxxxxx
ESP> socket bound, pESP> got ip: 192:168:178:47
ESP> connected to ap SSID: Crystal Radio / password:xxxxxxxxx
ESP> socket bound, port 23
--- ESP32 WIFI MODULE --- NFT MASTER --- v1.0 - Jan 27 2023 - rb -
stat
CNT: 812 VBAT: 11.90 IBAT: -50.79 VSOL: 6.04 T: 12.92 RH: 51.74 PAR: 1777 T_EC: -22.67 EC: 0.33
OK
>ESP32 watchdog reset
esp_stop 40
ESP> got ip: 192:168:178:47
ESP> connected to ap SSID: Crystal Radio / password:xxxxxxxxx
ESP> socket bound, pESP> got ip: 192:168:178:47
ESP> connected to ap SSID: Crystal Radio / password:xxxxxxxxx
ESP> socket bound, port 23
--- ESP32 WIFI MODULE --- NFT MASTER --- v1.0 - Jan 27 2023 - rb -
stat
CNT: 813 VBAT: 11.90 IBAT: -49.98 VSOL: 6.04 T: 12.95 RH: 50.18 PAR: 1776 T_EC: -22.69 EC: 0.34
OK
>ESP32 watchdog reset
esp_stop 40
ESP> got ip: 192:168:178:47
ESP> connected to ap SSID: Crystal Radio / password:xxxxxxxxx
ESP> socket bound, pESP> got ip: 192:168:178:47
ESP> connected to ap SSID: Crystal Radio / password:xxxxxxxxx
ESP> socket bound, port 23
--- ESP32 WIFI MODULE --- NFT MASTER --- v1.0 - Jan 27 2023 - rb -
stat
CNT: 814 VBAT: 11.90 IBAT: -51.59 VSOL: 6.04 T: 12.97 RH: 50.86 PAR: 337 T_EC: -22.64 EC: 0.34
OK
>ESP32 watchdog reset
esp_stop 40
ESP> got ip: 192:168:178:47
ESP> connected to ap SSID: Crystal Radio / password:xxxxxxxxx
ESP> socket bound, pESP> got ip: 192:168:178:47
ESP> connected to ap SSID: Crystal Radio / password:xxxxxxxxx
ESP> socket bound, port 23
--- ESP32 WIFI MODULE --- NFT MASTER --- v1.0 - Jan 27 2023 - rb -
stat
CNT: 815 VBAT: 11.90 IBAT: -58.85 VSOL: 6.04 T: 12.98 RH: 50.77 PAR: 1777 T_EC: -22.70 EC: 0.36
OK
>ESP32 watchdog reset
esp_stop 40
ESP> got ip: 192:168:178:47
ESP> connected to ap SSID: Crystal Radio / password:xxxxxxxxx
ESP> socket bound, pESP> got ip: 192:168:178:47
ESP> connected to ap SSID: Crystal Radio / password:xxxxxxxxx
ESP> socket bound, port 23
--- ESP32 WIFI MODULE --- NFT MASTER --- v1.0 - Jan 27 2023 - rb -
stat
CNT: 816 VBAT: 11.90 IBAT: -51.59 VSOL: 6.04 T: 12.98 RH: 50.95 PAR: 0 T_EC: -22.66 EC: 0.35
OK
>ESP32 watchdog reset
esp_stop 40
ESP> got ip: 192:168:178:47
ESP> connected to ap SSID: Crystal Radio / password:xxxxxxxxx
ESP> socket bound, pESP> got ip: 192:168:178:47
ESP> connected to ap SSID: Crystal Radio / password:xxxxxxxxx
ESP> socket bound, port 23
--- ESP32 WIFI MODULE --- NFT MASTER --- v1.0 - Jan 27 2023 - rb -
stat
CNT: 817 VBAT: 11.90 IBAT: -59.65 VSOL: 6.04 T: 12.97 RH: 51.92 PAR: 0 T_EC: -22.67 EC: 0.34
OK
>ESP32 watchdog reset
esp_stop 40
ESP> got ip: 192:168:178:47
ESP> connected to ap SSID: Crystal Radio / password:xxxxxxxxx
ESP> socket bound, pESP> got ip: 192:168:178:47
ESP> connected to ap SSID: Crystal Radio / password:xxxxxxxxx
ESP> socket bound, port 23
--- ESP32 WIFI MODULE --- NFT MASTER --- v1.0 - Jan 27 2023 - rb -
stat
CNT: 818 VBAT: 11.90 IBAT: -51.59 VSOL: 6.04 T: 12.97 RH: 52.41 PAR: 1776 T_EC: -22.69 EC: 0.33
OK
>ESP32 watchdog reset
esp_stop 40
ESP> got ip: 192:168:178:47
ESP> connected to ap SSID: Crystal Radio / password:xxxxxxxxx
ESP> socket bound, pESP> got ip: 192:168:178:47
ESP> connected to ap SSID: Crystal Radio / password:xxxxxxxxx
ESP> socket bound, port 23
--- ESP32 WIFI MODULE --- NFT MASTER --- v1.0 - Jan 27 2023 - rb -
stat
CNT: 819 VBAT: 11.90 IBAT: -49.98 VSOL: 6.04 T: 12.98 RH: 50.92 PAR: 1776 T_EC: -22.65 EC: 0.34
OK
>ESP32 watchdog reset
esp_stop 40
ESP> got ip: 192:168:178:47
ESP> connected to ap SSID: Crystal Radio / password:xxxxxxxxx
ESP> socket bound, pESP> got ip: 192:168:178:47
ESP> connected to ap SSID: Crystal Radio / password:xxxxxxxxx
ESP> socket bound, port 23
--- ESP32 WIFI MODULE --- NFT MASTER --- v1.0 - Jan 27 2023 - rb -
stat
CNT: 820 VBAT: 11.90 IBAT: -50.79 VSOL: 6.04 T: 12.96 RH: 51.54 PAR: 0 T_EC: -22.67 EC: 0.33
OK
>ESP32 watchdog reset
esp_stop 40
ESP> got ip: 192:168:178:47
ESP> connected to ap SSID: Crystal Radio / password:xxxxxxxxx
ESP> socket bound, pESP> got ip: 192:168:178:47
ESP> connected to ap SSID: Crystal Radio / password:xxxxxxxxx
ESP> socket bound, port 23
--- ESP32 WIFI MODULE --- NFT MASTER --- v1.0 - Jan 27 2023 - rb -
stat
CNT: 821 VBAT: 11.90 IBAT: -49.98 VSOL: 6.03 T: 12.97 RH: 51.24 PAR: 0 T_EC: -22.68 EC: 0.32
OK
>ESP32 watchdog reset
esp_stop 40
ESP> got ip: 192:168:178:47
ESP> connected to ap SSID: Crystal Radio / password:xxxxxxxxx
ESP> socket bound, pESP> got ip: 192:168:178:47
ESP> connected to ap SSID: Crystal Radio / password:xxxxxxxxx
ESP> socket bound, port 23
--- ESP32 WIFI MODULE --- NFT MASTER --- v1.0 - Jan 27 2023 - rb -
stat
CNT: 822 VBAT: 11.90 IBAT: -67.72 VSOL: 6.04 T: 12.99 RH: 51.21 PAR: 0 T_EC: -22.67 EC: 0.33
OK
>ESP32 watchdog reset
esp_stop 40
ESP> got ip: 192:168:178:47
ESP> connected to ap SSID: Crystal Radio / password:xxxxxxxxx
ESP> socket bound, pESP> got ip: 192:168:178:47
ESP> connected to ap SSID: Crystal Radio / password:xxxxxxxxx
ESP> socket bound, port 23
--- ESP32 WIFI MODULE --- NFT MASTER --- v1.0 - Jan 27 2023 - rb -
stat
CNT: 823 VBAT: 11.90 IBAT: -52.40 VSOL: 6.04 T: 12.98 RH: 50.68 PAR: 1776 T_EC: -22.67 EC: 0.34
OK
>ESP32 watchdog reset
esp_stop 40
ESP> got ip: 192:168:178:47
ESP> connected to ap SSID: Crystal Radio / password:xxxxxxxxx
ESP> socket bound, pESP> got ip: 192:168:178:47
ESP> connected to ap SSID: Crystal Radio / password:xxxxxxxxx
ESP> socket bound, port 23
--- ESP32 WIFI MODULE --- NFT MASTER --- v1.0 - Jan 27 2023 - rb -
stat
CNT: 824 VBAT: 11.90 IBAT: -52.40 VSOL: 6.04 T: 12.99 RH: 50.83 PAR: 1776 T_EC: -22.66 EC: 0.33
OK
>ESP32 watchdog reset
esp_stop 40
ESP> got ip: 192:168:178:47
ESP> connected to ap SSID: Crystal Radio / password:xxxxxxxxx
ESP> socket bound, pESP> got ip: 192:168:178:47
ESP> connected to ap SSID: Crystal Radio / password:xxxxxxxxx
ESP> socket bound, port 23
--- ESP32 WIFI MODULE --- NFT MASTER --- v1.0 - Jan 27 2023 - rb -
stat
CNT: 825 VBAT: 11.90 IBAT: -51.59 VSOL: 6.04 T: 13.00 RH: 52.12 PAR: 0 T_EC: -22.69 EC: 0.34
OK
>ESP32 watchdog reset
esp_stop 40
ESP> got ip: 192:168:178:47
ESP> connected to ap SSID: Crystal Radio / password:xxxxxxxxx
ESP> socket bound, pESP> got ip: 192:168:178:47
ESP> connected to ap SSID: Crystal Radio / password:xxxxxxxxx
ESP> socket bound, port 23
--- ESP32 WIFI MODULE --- NFT MASTER --- v1.0 - Jan 27 2023 - rb -
stat
CNT: 826 VBAT: 11.90 IBAT: -66.10 VSOL: 6.04 T: 13.02 RH: 51.54 PAR: 1776 T_EC: -22.69 EC: 0.42
OK
>ESP32 watchdog reset
esp_stop 40
ESP> got ip: 192:168:178:47
ESP> connected to ap SSID: Crystal Radio / password:xxxxxxxxx
ESP> socket bound, pESP> got ip: 192:168:178:47
ESP> connected to ap SSID: Crystal Radio / password:xxxxxxxxx
ESP> socket bound, port 23
--- ESP32 WIFI MODULE --- NFT MASTER --- v1.0 - Jan 27 2023 - rb -
stat
CNT: 827 VBAT: 11.90 IBAT: -50.79 VSOL: 6.04 T: 13.11 RH: 51.54 PAR: 1776 T_EC: -22.66 EC: 0.34
OK
>ESP32 watchdog reset
esp_stop 40
ESP> got ip: 192:168:178:47
ESP> connected to ap SSID: Crystal Radio / password:xxxxxxxxx
ESP> socket bound, pESP> got ip: 192:168:178:47
ESP> connected to ap SSID: Crystal Radio / password:xxxxxxxxx
ESP> socket bound, port 23
--- ESP32 WIFI MODULE --- NFT MASTER --- v1.0 - Jan 27 2023 - rb -
stat
CNT: 828 VBAT: 11.90 IBAT: -53.20 VSOL: 6.04 T: 13.16 RH: 51.36 PAR: 0 T_EC: -22.68 EC: 0.33
OK
>ESP32 watchdog reset
esp_stop 40
ESP> got ip: 192:168:178:47
ESP> connected to ap SSID: Crystal Radio / password:xxxxxxxxx
ESP> socket bound, pESP> got ip: 192:168:178:47
ESP> connected to ap SSID: Crystal Radio / password:xxxxxxxxx
ESP> socket bound, port 23
--- ESP32 WIFI MODULE --- NFT MASTER --- v1.0 - Jan 27 2023 - rb -
stat
CNT: 829 VBAT: 11.90 IBAT: -49.98 VSOL: 6.04 T: 13.22 RH: 50.80 PAR: 0 T_EC: -22.66 EC: 0.34
OK
>ESP32 watchdog reset
esp_stop 40
ESP> got ip: 192:168:178:47
ESP> connected to ap SSID: Crystal Radio / password:xxxxxxxxx
ESP> socket bound, pESP> got ip: 192:168:178:47
ESP> connected to ap SSID: Crystal Radio / password:xxxxxxxxx
ESP> socket bound, port 23
--- ESP32 WIFI MODULE --- NFT MASTER --- v1.0 - Jan 27 2023 - rb -
stat
CNT: 830 VBAT: 11.90 IBAT: -50.79 VSOL: 6.04 T: 13.26 RH: 50.51 PAR: 1776 T_EC: -22.71 EC: 0.36
OK
>ESP32 watchdog reset
esp_stop 40
ESP> got ip: 192:168:178:47
ESP> connected to ap SSID: Crystal Radio / password:xxxxxxxxx
ESP> socket bound, pESP> got ip: 192:168:178:47
ESP> connected to ap SSID: Crystal Radio / password:xxxxxxxxx
ESP> socket bound, port 23
--- ESP32 WIFI MODULE --- NFT MASTER --- v1.0 - Jan 27 2023 - rb -
stat
CNT: 831 VBAT: 11.90 IBAT: -49.98 VSOL: 6.04 T: 13.29 RH: 50.74 PAR: 1777 T_EC: -22.67 EC: 0.33
OK
>ESP32 watchdog reset
esp_stop 40
ESP> got ip: 192:168:178:47
ESP> connected to ap SSID: Crystal Radio / password:xxxxxxxxx
ESP> socket bound, pESP> got ip: 192:168:178:47
ESP> connected to ap SSID: Crystal Radio / password:xxxxxxxxx
ESP> socket bound, port 23
--- ESP32 WIFI MODULE --- NFT MASTER --- v1.0 - Jan 27 2023 - rb -
stat
CNT: 832 VBAT: 11.90 IBAT: -80.61 VSOL: 6.02 T: 13.32 RH: 50.18 PAR: 1 T_EC: -22.69 EC: 0.46
OK
>ESP32 watchdog reset
esp_stop 40
ESP> got ip: 192:168:178:47
ESP> connected to ap SSID: Crystal Radio / password:xxxxxxxxx
ESP> socket bound, pESP> got ip: 192:168:178:47
ESP> connected to ap SSID: Crystal Radio / password:xxxxxxxxx
ESP> socket bound, port 23
--- ESP32 WIFI MODULE --- NFT MASTER --- v1.0 - Jan 27 2023 - rb -
stat
CNT: 833 VBAT: 11.90 IBAT: -50.79 VSOL: 6.04 T: 13.36 RH: 50.06 PAR: 1776 T_EC: -22.66 EC: 0.33
OK
>ESP32 watchdog reset
esp_stop 40
ESP> got ip: 192:168:178:47
ESP> connected to ap SSID: Crystal Radio / password:xxxxxxxxx
ESP> socket bound, pESP> got ip: 192:168:178:47
ESP> connected to ap SSID: Crystal Radio / password:xxxxxxxxx
ESP> socket bound, port 23
--- ESP32 WIFI MODULE --- NFT MASTER --- v1.0 - Jan 27 2023 - rb -
stat
CNT: 834 VBAT: 11.90 IBAT: -58.85 VSOL: 6.04 T: 13.37 RH: 50.01 PAR: 0 T_EC: -22.66 EC: 0.32
OK
>ESP32 watchdog reset
esp_stop 40
ESP> got ip: 192:168:178:47
ESP> connected to ap SSID: Crystal Radio / password:xxxxxxxxx
ESP> socket bound, pESP> got ip: 192:168:178:47
ESP> connected to ap SSID: Crystal Radio / password:xxxxxxxxx
ESP> socket bound, port 23
--- ESP32 WIFI MODULE --- NFT MASTER --- v1.0 - Jan 27 2023 - rb -
stat
CNT: 835 VBAT: 11.90 IBAT: -49.98 VSOL: 6.04 T: 13.40 RH: 50.24 PAR: 1776 T_EC: -22.67 EC: 0.36
OK
>ESP32 watchdog reset
esp_stop 40
ESP> got ip: 192:168:178:47
ESP> connected to ap SSID: Crystal Radio / password:xxxxxxxxx
ESP> socket bound, pESP> got ip: 192:168:178:47
ESP> connected to ap SSID: Crystal Radio / password:xxxxxxxxx
ESP> socket bound, port 23
--- ESP32 WIFI MODULE --- NFT MASTER --- v1.0 - Jan 27 2023 - rb -
stat
CNT: 836 VBAT: 11.91 IBAT: -55.62 VSOL: 6.04 T: 13.44 RH: 50.74 PAR: 1776 T_EC: -22.65 EC: 0.32
OK
>ESP32 watchdog reset
esp_stop 40
ESP> got ip: 192:168:178:47
ESP> connected to ap SSID: Crystal Radio / password:xxxxxxxxx
ESP> socket bound, pESP> got ip: 192:168:178:47
ESP> connected to ap SSID: Crystal Radio / password:xxxxxxxxx
ESP> socket bound, port 23
--- ESP32 WIFI MODULE --- NFT MASTER --- v1.0 - Jan 27 2023 - rb -
stat
CNT: 837 VBAT: 11.90 IBAT: -50.79 VSOL: 6.04 T: 13.46 RH: 51.42 PAR: 0 T_EC: -22.68 EC: 0.34
OK
>ESP32 watchdog reset
esp_stop 40
ESP> got ip: 192:168:178:47
ESP> connected to ap SSID: Crystal Radio / password:xxxxxxxxx
ESP> socket bound, pESP> got ip: 192:168:178:47
ESP> connected to ap SSID: Crystal Radio / password:xxxxxxxxx
ESP> socket bound, port 23
--- ESP32 WIFI MODULE --- NFT MASTER --- v1.0 - Jan 27 2023 - rb -
stat
CNT: 838 VBAT: 11.90 IBAT: -50.79 VSOL: 6.04 T: 13.45 RH: 50.54 PAR: 1777 T_EC: -22.65 EC: 0.33
OK
>ESP32 watchdog reset
esp_stop 40
ESP> got ip: 192:168:178:47
ESP> connected to ap SSID: Crystal Radio / password:xxxxxxxxx
ESP> socket bound, pESP> got ip: 192:168:178:47
ESP> connected to ap SSID: Crystal Radio / password:xxxxxxxxx
ESP> socket bound, port 23
--- ESP32 WIFI MODULE --- NFT MASTER --- v1.0 - Jan 27 2023 - rb -
stat
CNT: 839 VBAT: 11.90 IBAT: -55.62 VSOL: 6.04 T: 13.38 RH: 50.77 PAR: 1776 T_EC: -22.66 EC: 0.33
OK
>ESP32 watchdog reset
esp_stop 40
ESP> got ip: 192:168:178:47
ESP> connected to ap SSID: Crystal Radio / password:xxxxxxxxx
ESP> socket bound, pESP> got ip: 192:168:178:47
ESP> connected to ap SSID: Crystal Radio / password:xxxxxxxxx
ESP> socket bound, port 23
--- ESP32 WIFI MODULE --- NFT MASTER --- v1.0 - Jan 27 2023 - rb -
stat
CNT: 840 VBAT: 11.90 IBAT: -54.82 VSOL: 6.04 T: 13.32 RH: 50.80 PAR: 1776 T_EC: -22.70 EC: 0.38
OK
>ESP32 watchdog reset
esp_stop 40
ESP> got ip: 192:168:178:47
ESP> connected to ap SSID: Crystal Radio / password:xxxxxxxxx
ESP> socket bound, pESP> got ip: 192:168:178:47
ESP> connected to ap SSID: Crystal Radio / password:xxxxxxxxx
ESP> socket bound, port 23
--- ESP32 WIFI MODULE --- NFT MASTER --- v1.0 - Jan 27 2023 - rb -
stat
CNT: 841 VBAT: 11.90 IBAT: -74.16 VSOL: 6.04 T: 13.28 RH: 52.00 PAR: 1776 T_EC: -22.67 EC: 0.36
OK
>ESP32 watchdog reset
esp_stop 40
ESP> got ip: 192:168:178:47
ESP> connected to ap SSID: Crystal Radio / password:xxxxxxxxx
ESP> socket bound, pESP> got ip: 192:168:178:47
ESP> connected to ap SSID: Crystal Radio / password:xxxxxxxxx
ESP> socket bound, port 23
--- ESP32 WIFI MODULE --- NFT MASTER --- v1.0 - Jan 27 2023 - rb -
stat
CNT: 842 VBAT: 11.90 IBAT: -49.17 VSOL: 6.04 T: 13.29 RH: 50.65 PAR: 1777 T_EC: -22.65 EC: 0.35
OK
>ESP32 watchdog reset
esp_stop 40
ESP> got ip: 192:168:178:47
ESP> connected to ap SSID: Crystal Radio / password:xxxxxxxxx
ESP> socket bound, pESP> got ip: 192:168:178:47
ESP> connected to ap SSID: Crystal Radio / password:xxxxxxxxx
ESP> socket bound, port 23
--- ESP32 WIFI MODULE --- NFT MASTER --- v1.0 - Jan 27 2023 - rb -
stat
CNT: 843 VBAT: 11.90 IBAT: -49.98 VSOL: 6.04 T: 13.30 RH: 49.68 PAR: 1776 T_EC: -22.66 EC: 0.34
OK
>ESP32 watchdog reset
esp_stop 40
ESP> got ip: 192:168:178:47
ESP> connected to ap SSID: Crystal Radio / password:xxxxxxxxx
ESP> socket bound, pESP> got ip: 192:168:178:47
ESP> connected to ap SSID: Crystal Radio / password:xxxxxxxxx
ESP> socket bound, port 23
--- ESP32 WIFI MODULE --- NFT MASTER --- v1.0 - Jan 27 2023 - rb -
stat
CNT: 844 VBAT: 11.90 IBAT: -54.01 VSOL: 6.04 T: 13.28 RH: 51.65 PAR: 1776 T_EC: -22.67 EC: 0.33
OK
>ESP32 watchdog reset
esp_stop 40
ESP> got ip: 192:168:178:47
ESP> connected to ap SSID: Crystal Radio / password:xxxxxxxxx
ESP> socket bound, port 23
--- ESP32 WIFI MODULE --- NFT MASTER --- v1.0 - Jan 27 2023 - rb -
stat
CNT: 845 VBAT: 11.90 IBAT: -50.79 VSOL: 6.04 T: 13.30 RH: 50.74 PAR: 1776 T_EC: -22.69 EC: 0.35
OK
>ESP32 watchdog reset
esp_stop 40
ESP> got ip: 192:168:178:47
ESP> connected to ap SSID: Crystal Radio / password:xxxxxxxxx
ESP> socket bound, pESP> got ip: 192:168:178:47
ESP> connected to ap SSID: Crystal Radio / password:xxxxxxxxx
ESP> socket bound, port 23
--- ESP32 WIFI MODULE --- NFT MASTER --- v1.0 - Jan 27 2023 - rb -
stat
CNT: 846 VBAT: 11.90 IBAT: -50.79 VSOL: 6.04 T: 13.26 RH: 50.06 PAR: 1776 T_EC: -22.66 EC: 0.33
OK
>ESP32 watchdog reset
esp_stop 40
ESP> got ip: 192:168:178:47
ESP> connected to ap SSID: Crystal Radio / password:xxxxxxxxx
ESP> socket bound, pESP> got ip: 192:168:178:47
ESP> connected to ap SSID: Crystal Radio / password:xxxxxxxxx
ESP> socket bound, port 23
--- ESP32 WIFI MODULE --- NFT MASTER --- v1.0 - Jan 27 2023 - rb -
stat
CNT: 847 VBAT: 11.90 IBAT: -49.98 VSOL: 6.04 T: 13.24 RH: 50.01 PAR: 0 T_EC: -22.68 EC: 0.43
OK
>ESP32 watchdog reset
esp_stop 40
ESP> got ip: 192:168:178:47
ESP> connected to ap SSID: Crystal Radio / password:xxxxxxxxx
ESP> socket bound, pESP> got ip: 192:168:178:47
ESP> connected to ap SSID: Crystal Radio / password:xxxxxxxxx
ESP> socket bound, port 23
--- ESP32 WIFI MODULE --- NFT MASTER --- v1.0 - Jan 27 2023 - rb -
stat
CNT: 848 VBAT: 11.90 IBAT: -50.79 VSOL: 6.04 T: 13.22 RH: 50.60 PAR: 0 T_EC: -22.65 EC: 0.34
OK
>ESP32 watchdog reset
esp_stop 40
ESP> got ip: 192:168:178:47
ESP> connected to ap SSID: Crystal Radio / password:xxxxxxxxx
ESP> socket bound, pESP> got ip: 192:168:178:47
ESP> connected to ap SSID: Crystal Radio / password:xxxxxxxxx
ESP> socket bound, port 23
--- ESP32 WIFI MODULE --- NFT MASTER --- v1.0 - Jan 27 2023 - rb -
stat
CNT: 849 VBAT: 11.90 IBAT: -68.52 VSOL: 6.04 T: 13.20 RH: 51.77 PAR: 0 T_EC: -22.68 EC: 0.45
OK
>ESP32 watchdog reset
esp_stop 40
ESP> got ip: 192:168:178:47
ESP> connected to ap SSID: Crystal Radio / password:xxxxxxxxx
ESP> socket bound, pESP> got ip: 192:168:178:47
ESP> connected to ap SSID: Crystal Radio / password:xxxxxxxxx
ESP> socket bound, port 23
--- ESP32 WIFI MODULE --- NFT MASTER --- v1.0 - Jan 27 2023 - rb -
stat
CNT: 850 VBAT: 11.90 IBAT: -49.98 VSOL: 6.04 T: 13.22 RH: 50.27 PAR: 1776 T_EC: -22.65 EC: 0.44
OK
>ESP32 watchdog reset
esp_stop 40
ESP> got ip: 192:168:178:47
ESP> connected to ap SSID: Crystal Radio / password:xxxxxxxxx
ESP> socket bound, pESP> got ip: 192:168:178:47
ESP> connected to ap SSID: Crystal Radio / password:xxxxxxxxx
ESP> socket bound, port 23
--- ESP32 WIFI MODULE --- NFT MASTER --- v1.0 - Jan 27 2023 - rb -
stat
CNT: 851 VBAT: 11.90 IBAT: -58.04 VSOL: 6.03 T: 13.23 RH: 50.36 PAR: 1776 T_EC: -22.70 EC: 0.34
OK
>ESP32 watchdog reset
esp_stop 40
ESP> got ip: 192:168:178:47
ESP> connected to ap SSID: Crystal Radio / password:xxxxxxxxx
ESP> socket bound, pESP> got ip: 192:168:178:47
ESP> connected to ap SSID: Crystal Radio / password:xxxxxxxxx
ESP> socket bound, port 23
--- ESP32 WIFI MODULE --- NFT MASTER --- v1.0 - Jan 27 2023 - rb -
stat
CNT: 852 VBAT: 11.90 IBAT: -79.81 VSOL: 6.04 T: 13.23 RH: 50.03 PAR: 1776 T_EC: -22.72 EC: 0.51
OK
>ESP32 watchdog reset
esp_stop 40
ESP> got ip: 192:168:178:47
ESP> connected to ap SSID: Crystal Radio / password:xxxxxxxxx
ESP> socket bound, pESP> got ip: 192:168:178:47
ESP> connected to ap SSID: Crystal Radio / password:xxxxxxxxx
ESP> socket bound, port 23
--- ESP32 WIFI MODULE --- NFT MASTER --- v1.0 - Jan 27 2023 - rb -
stat
CNT: 853 VBAT: 11.90 IBAT: -50.79 VSOL: 6.04 T: 13.24 RH: 50.12 PAR: 1776 T_EC: -22.69 EC: 0.33
OK
>ESP32 watchdog reset
esp_stop 40
ESP> got ip: 192:168:178:47
ESP> connected to ap SSID: Crystal Radio / password:xxxxxxxxx
ESP> socket bound, pESP> got ip: 192:168:178:47
ESP> connected to ap SSID: Crystal Radio / password:xxxxxxxxx
ESP> socket bound, port 23
--- ESP32 WIFI MODULE --- NFT MASTER --- v1.0 - Jan 27 2023 - rb -
stat
CNT: 854 VBAT: 11.90 IBAT: -54.82 VSOL: 6.04 T: 13.22 RH: 50.30 PAR: 0 T_EC: -22.72 EC: 0.46
OK
>ESP32 watchdog reset
esp_stop 40
ESP> got ip: 192:168:178:47
ESP> connected to ap SSID: Crystal Radio / password:xxxxxxxxx
ESP> socket bound, pESP> got ip: 192:168:178:47
ESP> connected to ap SSID: Crystal Radio / password:xxxxxxxxx
ESP> socket bound, port 23
--- ESP32 WIFI MODULE --- NFT MASTER --- v1.0 - Jan 27 2023 - rb -
stat
CNT: 855 VBAT: 11.90 IBAT: -53.20 VSOL: 6.04 T: 13.23 RH: 50.77 PAR: 1777 T_EC: -22.64 EC: 0.34
OK
>ESP32 watchdog reset
esp_stop 40
ESP> got ip: 192:168:178:47
ESP> connected to ap SSID: Crystal Radio / password:xxxxxxxxx
ESP> socket bound, pESP> got ip: 192:168:178:47
ESP> connected to ap SSID: Crystal Radio / password:xxxxxxxxx
ESP> socket bound, port 23
--- ESP32 WIFI MODULE --- NFT MASTER --- v1.0 - Jan 27 2023 - rb -
stat
CNT: 856 VBAT: 11.90 IBAT: -57.24 VSOL: 6.04 T: 13.22 RH: 50.36 PAR: 0 T_EC: -22.67 EC: 0.34
OK
>ESP32 watchdog reset
esp_stop 40
ESP> got ip: 192:168:178:47
ESP> connected to ap SSID: Crystal Radio / password:xxxxxxxxx
ESP> socket bound, pESP> got ip: 192:168:178:47
ESP> connected to ap SSID: Crystal Radio / password:xxxxxxxxx
ESP> socket bound, port 23
--- ESP32 WIFI MODULE --- NFT MASTER --- v1.0 - Jan 27 2023 - rb -
stat
CNT: 857 VBAT: 11.90 IBAT: -52.40 VSOL: 6.04 T: 13.24 RH: 50.65 PAR: 0 T_EC: -22.69 EC: 0.36
OK
>ESP32 watchdog reset
esp_stop 40
ESP> got ip: 192:168:178:47
ESP> connected to ap SSID: Crystal Radio / password:xxxxxxxxx
ESP> socket bound, port 23
--- ESP32 WIFI MODULE --- NFT MASTER --- v1.0 - Jan 27 2023 - rb -
stat
CNT: 858 VBAT: 11.90 IBAT: -50.79 VSOL: 6.04 T: 13.24 RH: 50.71 PAR: 1776 T_EC: -22.71 EC: 0.45
OK
>ESP32 watchdog reset
esp_stop 40
ESP> got ip: 192:168:178:47
ESP> connected to ap SSID: Crystal Radio / password:xxxxxxxxx
ESP> socket bound, pESP> got ip: 192:168:178:47
ESP> connected to ap SSID: Crystal Radio / password:xxxxxxxxx
ESP> socket bound, port 23
--- ESP32 WIFI MODULE --- NFT MASTER --- v1.0 - Jan 27 2023 - rb -
stat
CNT: 859 VBAT: 11.90 IBAT: -52.40 VSOL: 6.04 T: 13.24 RH: 50.18 PAR: 0 T_EC: -22.68 EC: 0.35
OK
>ESP32 watchdog reset
esp_stop 40
ESP> got ip: 192:168:178:47
ESP> connected to ap SSID: Crystal Radio / password:xxxxxxxxx
ESP> socket bound, pESP> got ip: 192:168:178:47
ESP> connected to ap SSID: Crystal Radio / password:xxxxxxxxx
ESP> socket bound, port 23
--- ESP32 WIFI MODULE --- NFT MASTER --- v1.0 - Jan 27 2023 - rb -
stat
CNT: 860 VBAT: 11.90 IBAT: -78.19 VSOL: 6.04 T: 13.26 RH: 50.42 PAR: 1776 T_EC: -22.68 EC: 0.47
OK
>ESP32 watchdog reset
esp_stop 40
ESP> got ip: 192:168:178:47
ESP> connected to ap SSID: Crystal Radio / password:xxxxxxxxx
ESP> socket bound, pESP> got ip: 192:168:178:47
ESP> connected to ap SSID: Crystal Radio / password:xxxxxxxxx
ESP> socket bound, port 23
--- ESP32 WIFI MODULE --- NFT MASTER --- v1.0 - Jan 27 2023 - rb -
stat
CNT: 861 VBAT: 11.90 IBAT: -52.40 VSOL: 6.04 T: 13.25 RH: 51.18 PAR: 0 T_EC: -22.67 EC: 0.44
OK
>ESP32 watchdog reset
esp_stop 40
ESP> got ip: 192:168:178:47
ESP> connected to ap SSID: Crystal Radio / password:xxxxxxxxx
ESP> socket bound, pESP> got ip: 192:168:178:47
ESP> connected to ap SSID: Crystal Radio / password:xxxxxxxxx
ESP> socket bound, port 23
--- ESP32 WIFI MODULE --- NFT MASTER --- v1.0 - Jan 27 2023 - rb -
stat
CNT: 862 VBAT: 11.90 IBAT: -53.20 VSOL: 6.04 T: 13.29 RH: 49.95 PAR: 1776 T_EC: -22.71 EC: 0.45
OK
>ESP32 watchdog reset
esp_stop 40
ESP> got ip: 192:168:178:47
ESP> connected to ap SSID: Crystal Radio / password:xxxxxxxxx
ESP> socket bound, pESP> got ip: 192:168:178:47
ESP> connected to ap SSID: Crystal Radio / password:xxxxxxxxx
ESP> socket bound, port 23
--- ESP32 WIFI MODULE --- NFT MASTER --- v1.0 - Jan 27 2023 - rb -
stat
CNT: 863 VBAT: 11.90 IBAT: -51.59 VSOL: 6.04 T: 13.32 RH: 50.06 PAR: 1776 T_EC: -22.68 EC: 0.37
OK
>ESP32 watchdog reset
esp_stop 40
ESP> got ip: 192:168:178:47
ESP> connected to ap SSID: Crystal Radio / password:xxxxxxxxx
ESP> socket bound, pESP> got ip: 192:168:178:47
ESP> connected to ap SSID: Crystal Radio / password:xxxxxxxxx
ESP> socket bound, port 23
--- ESP32 WIFI MODULE --- NFT MASTER --- v1.0 - Jan 27 2023 - rb -
stat
CNT: 864 VBAT: 11.90 IBAT: -54.82 VSOL: 6.03 T: 13.32 RH: 50.12 PAR: 1776 T_EC: -22.68 EC: 0.38
OK
>ESP32 watchdog reset
esp_stop 40
ESP> got ip: 192:168:178:47
ESP> connected to ap SSID: Crystal Radio / password:xxxxxxxxx
ESP> socket bound, pESP> got ip: 192:168:178:47
ESP> connected to ap SSID: Crystal Radio / password:xxxxxxxxx
ESP> socket bound, port 23
--- ESP32 WIFI MODULE --- NFT MASTER --- v1.0 - Jan 27 2023 - rb -
stat
CNT: 865 VBAT: 11.90 IBAT: -49.17 VSOL: 6.04 T: 13.32 RH: 48.49 PAR: 0 T_EC: -22.69 EC: 0.39
OK
>ESP32 watchdog reset
esp_stop 40
ESP> got ip: 192:168:178:47
ESP> connected to ap SSID: Crystal Radio / password:xxxxxxxxx
ESP> socket bound, pESP> got ip: 192:168:178:47
ESP> connected to ap SSID: Crystal Radio / password:xxxxxxxxx
ESP> socket bound, port 23
--- ESP32 WIFI MODULE --- NFT MASTER --- v1.0 - Jan 27 2023 - rb -
stat
CNT: 866 VBAT: 11.90 IBAT: -49.98 VSOL: 6.04 T: 13.32 RH: 50.83 PAR: 0 T_EC: -22.68 EC: 0.35
OK
>ESP32 watchdog reset
esp_stop 40
ESP> got ip: 192:168:178:47
ESP> connected to ap SSID: Crystal Radio / password:xxxxxxxxx
ESP> socket bound, pESP> got ip: 192:168:178:47
ESP> connected to ap SSID: Crystal Radio / password:xxxxxxxxx
ESP> socket bound, port 23
--- ESP32 WIFI MODULE --- NFT MASTER --- v1.0 - Jan 27 2023 - rb -
stat
CNT: 867 VBAT: 11.90 IBAT: -49.98 VSOL: 6.04 T: 13.32 RH: 50.06 PAR: 1776 T_EC: -22.70 EC: 0.35
OK
>ESP32 watchdog reset
esp_stop 40
ESP> got ip: 192:168:178:47
ESP> connected to ap SSID: Crystal Radio / password:xxxxxxxxx
ESP> socket bound, pESP> got ip: 192:168:178:47
ESP> connected to ap SSID: Crystal Radio / password:xxxxxxxxx
ESP> socket bound, port 23
--- ESP32 WIFI MODULE --- NFT MASTER --- v1.0 - Jan 27 2023 - rb -
stat
CNT: 868 VBAT: 11.90 IBAT: -51.59 VSOL: 6.04 T: 13.29 RH: 50.54 PAR: 0 T_EC: -22.66 EC: 0.34
OK
>ESP32 watchdog reset
esp_stop 40
ESP> got ip: 192:168:178:47
ESP> connected to ap SSID: Crystal Radio / password:xxxxxxxxx
ESP> socket bound, pESP> got ip: 192:168:178:47
ESP> connected to ap SSID: Crystal Radio / password:xxxxxxxxx
ESP> socket bound, port 23
--- ESP32 WIFI MODULE --- NFT MASTER --- v1.0 - Jan 27 2023 - rb -
stat
CNT: 869 VBAT: 11.89 IBAT: -50.79 VSOL: 6.04 T: 13.36 RH: 50.95 PAR: 0 T_EC: -22.68 EC: 0.34
OK
>ESP32 watchdog reset
esp_stop 40
ESP> got ip: 192:168:178:47
ESP> connected to ap SSID: Crystal Radio / password:xxxxxxxxx
ESP> socket bound, pESP> got ip: 192:168:178:47
ESP> connected to ap SSID: Crystal Radio / password:xxxxxxxxx
ESP> socket bound, port 23
--- ESP32 WIFI MODULE --- NFT MASTER --- v1.0 - Jan 27 2023 - rb -
stat
CNT: 870 VBAT: 11.89 IBAT: -50.79 VSOL: 6.04 T: 13.48 RH: 50.95 PAR: 7 T_EC: -22.66 EC: 0.46
OK
>ESP32 watchdog reset
esp_stop 40
ESP> got ip: 192:168:178:47
ESP> connected to ap SSID: Crystal Radio / password:xxxxxxxxx
ESP> socket bound, pESP> got ip: 192:168:178:47
ESP> connected to ap SSID: Crystal Radio / password:xxxxxxxxx
ESP> socket bound, port 23
--- ESP32 WIFI MODULE --- NFT MASTER --- v1.0 - Jan 27 2023 - rb -
stat
CNT: 871 VBAT: 11.90 IBAT: -54.82 VSOL: 6.04 T: 13.58 RH: 50.42 PAR: 0 T_EC: -22.67 EC: 0.37
OK
>ESP32 watchdog reset
esp_stop 40
ESP> got ip: 192:168:178:47
ESP> connected to ap SSID: Crystal Radio / password:xxxxxxxxx
ESP> socket bound, pESP> got ip: 192:168:178:47
ESP> connected to ap SSID: Crystal Radio / password:xxxxxxxxx
ESP> socket bound, port 23
--- ESP32 WIFI MODULE --- NFT MASTER --- v1.0 - Jan 27 2023 - rb -
stat
CNT: 872 VBAT: 11.90 IBAT: -49.98 VSOL: 6.04 T: 13.67 RH: 50.30 PAR: 0 T_EC: -22.70 EC: 0.34
OK
>ESP32 watchdog reset
esp_stop 40
ESP> got ip: 192:168:178:47
ESP> connected to ap SSID: Crystal Radio / password:xxxxxxxxx
ESP> socket bound, pESP> got ip: 192:168:178:47
ESP> connected to ap SSID: Crystal Radio / password:xxxxxxxxx
ESP> socket bound, port 23
--- ESP32 WIFI MODULE --- NFT MASTER --- v1.0 - Jan 27 2023 - rb -
stat
CNT: 873 VBAT: 11.90 IBAT: -56.43 VSOL: 6.04 T: 13.78 RH: 50.54 PAR: 0 T_EC: -22.70 EC: 0.42
OK
>ESP32 watchdog reset
esp_stop 40
ESP> got ip: 192:168:178:47
ESP> connected to ap SSID: Crystal Radio / password:xxxxxxxxx
ESP> socket bound, pESP> got ip: 192:168:178:47
ESP> connected to ap SSID: Crystal Radio / password:xxxxxxxxx
ESP> socket bound, port 23
--- ESP32 WIFI MODULE --- NFT MASTER --- v1.0 - Jan 27 2023 - rb -
stat
CNT: 874 VBAT: 11.89 IBAT: -73.36 VSOL: 6.03 T: 13.84 RH: 50.48 PAR: 1777 T_EC: -22.76 EC: 0.43
OK
>ESP32 watchdog reset
esp_stop 40
ESP> got ip: 192:168:178:47
ESP> connected to ap SSID: Crystal Radio / password:xxxxxxxxx
ESP> socket bound, pESP> got ip: 192:168:178:47
ESP> connected to ap SSID: Crystal Radio / password:xxxxxxxxx
ESP> socket bound, port 23
--- ESP32 WIFI MODULE --- NFT MASTER --- v1.0 - Jan 27 2023 - rb -
stat
CNT: 875 VBAT: 11.90 IBAT: -49.98 VSOL: 6.04 T: 13.90 RH: 50.21 PAR: 1776 T_EC: -22.68 EC: 0.34
OK
>ESP32 watchdog reset
esp_stop 40
ESP> got ip: 192:168:178:47
ESP> connected to ap SSID: Crystal Radio / password:xxxxxxxxx
ESP> socket bound, pESP> got ip: 192:168:178:47
ESP> connected to ap SSID: Crystal Radio / password:xxxxxxxxx
ESP> socket bound, port 23
--- ESP32 WIFI MODULE --- NFT MASTER --- v1.0 - Jan 27 2023 - rb -
stat
CNT: 876 VBAT: 11.90 IBAT: -74.97 VSOL: 6.04 T: 13.96 RH: 50.65 PAR: 21 T_EC: -22.68 EC: 0.42
OK
>ESP32 watchdog reset
esp_stop 40
ESP> got ip: 192:168:178:47
ESP> connected to ap SSID: Crystal Radio / password:xxxxxxxxx
ESP> socket bound, pESP> got ip: 192:168:178:47
ESP> connected to ap SSID: Crystal Radio / password:xxxxxxxxx
ESP> socket bound, port 23
--- ESP32 WIFI MODULE --- NFT MASTER --- v1.0 - Jan 27 2023 - rb -
stat
CNT: 877 VBAT: 11.89 IBAT: -52.40 VSOL: 6.04 T: 14.01 RH: 50.42 PAR: 0 T_EC: -22.64 EC: 0.34
OK
>ESP32 watchdog reset
esp_stop 40
ESP> got ip: 192:168:178:47
ESP> connected to ap SSID: Crystal Radio / password:xxxxxxxxx
ESP> socket bound, pESP> got ip: 192:168:178:47
ESP> connected to ap SSID: Crystal Radio / password:xxxxxxxxx
ESP> socket bound, port 23
--- ESP32 WIFI MODULE --- NFT MASTER --- v1.0 - Jan 27 2023 - rb -
stat
CNT: 878 VBAT: 11.90 IBAT: -49.98 VSOL: 6.04 T: 14.06 RH: 49.77 PAR: 4 T_EC: -22.68 EC: 0.35
OK
>ESP32 watchdog reset
esp_stop 40
ESP> got ip: 192:168:178:47
ESP> connected to ap SSID: Crystal Radio / password:xxxxxxxxx
ESP> socket bound, pESP> got ip: 192:168:178:47
ESP> connected to ap SSID: Crystal Radio / password:xxxxxxxxx
ESP> socket bound, port 23
--- ESP32 WIFI MODULE --- NFT MASTER --- v1.0 - Jan 27 2023 - rb -
stat
CNT: 879 VBAT: 11.90 IBAT: -57.24 VSOL: 6.04 T: 14.08 RH: 49.95 PAR: 0 T_EC: -22.66 EC: 0.34
OK
>ESP32 watchdog reset
esp_stop 40
ESP> got ip: 192:168:178:47
ESP> connected to ap SSID: Crystal Radio / password:xxxxxxxxx
ESP> socket bound, pESP> got ip: 192:168:178:47
ESP> connected to ap SSID: Crystal Radio / password:xxxxxxxxx
ESP> socket bound, port 23
--- ESP32 WIFI MODULE --- NFT MASTER --- v1.0 - Jan 27 2023 - rb -
stat
CNT: 880 VBAT: 11.89 IBAT: -49.98 VSOL: 6.04 T: 14.12 RH: 49.95 PAR: 781 T_EC: -22.67 EC: 0.32
OK
>ESP32 watchdog reset
esp_stop 40
ESP> got ip: 192:168:178:47
ESP> connected to ap SSID: Crystal Radio / password:xxxxxxxxx
ESP> socket bound, pESP> got ip: 192:168:178:47
ESP> connected to ap SSID: Crystal Radio / password:xxxxxxxxx
ESP> socket bound, port 23
--- ESP32 WIFI MODULE --- NFT MASTER --- v1.0 - Jan 27 2023 - rb -
stat
CNT: 881 VBAT: 11.90 IBAT: -54.01 VSOL: 6.04 T: 14.16 RH: 50.12 PAR: 0 T_EC: -22.68 EC: 0.34
OK
>ESP32 watchdog reset
esp_stop 40
ESP> got ip: 192:168:178:47
ESP> connected to ap SSID: Crystal Radio / password:xxxxxxxxx
ESP> socket bound, pESP> got ip: 192:168:178:47
ESP> connected to ap SSID: Crystal Radio / password:xxxxxxxxx
ESP> socket bound, port 23
--- ESP32 WIFI MODULE --- NFT MASTER --- v1.0 - Jan 27 2023 - rb -
stat
CNT: 882 VBAT: 11.89 IBAT: -51.59 VSOL: 6.04 T: 14.18 RH: 50.18 PAR: 1776 T_EC: -22.66 EC: 0.34
OK
>ESP32 watchdog reset
esp_stop 40
ESP> got ip: 192:168:178:47
ESP> connected to ap SSID: Crystal Radio / password:xxxxxxxxx
ESP> socket bound, pESP> got ip: 192:168:178:47
ESP> connected to ap SSID: Crystal Radio / password:xxxxxxxxx
ESP> socket bound, port 23
--- ESP32 WIFI MODULE --- NFT MASTER --- v1.0 - Jan 27 2023 - rb -
stat
CNT: 883 VBAT: 11.89 IBAT: -49.98 VSOL: 6.04 T: 14.22 RH: 50.36 PAR: 1776 T_EC: -22.66 EC: 0.33
OK
>ESP32 watchdog reset
esp_stop 40
ESP> got ip: 192:168:178:47
ESP> connected to ap SSID: Crystal Radio / password:xxxxxxxxx
ESP> socket bound, pESP> got ip: 192:168:178:47
ESP> connected to ap SSID: Crystal Radio / password:xxxxxxxxx
ESP> socket bound, port 23
--- ESP32 WIFI MODULE --- NFT MASTER --- v1.0 - Jan 27 2023 - rb -
stat
CNT: 884 VBAT: 11.89 IBAT: -51.59 VSOL: 6.04 T: 14.26 RH: 49.83 PAR: 1776 T_EC: -22.66 EC: 0.35
OK
>ESP32 watchdog reset
esp_stop 40
ESP> got ip: 192:168:178:47
ESP> connected to ap SSID: Crystal Radio / password:xxxxxxxxx
ESP> socket bound, pESP> got ip: 192:168:178:47
ESP> connected to ap SSID: Crystal Radio / password:xxxxxxxxx
ESP> socket bound, port 23
--- ESP32 WIFI MODULE --- NFT MASTER --- v1.0 - Jan 27 2023 - rb -
stat
CNT: 885 VBAT: 11.90 IBAT: -71.75 VSOL: 6.04 T: 14.30 RH: 49.83 PAR: 1777 T_EC: -22.69 EC: 0.43
OK
>ESP32 watchdog reset
esp_stop 40
ESP> got ip: 192:168:178:47
ESP> connected to ap SSID: Crystal Radio / password:xxxxxxxxx
ESP> socket bound, pESP> got ip: 192:168:178:47
ESP> connected to ap SSID: Crystal Radio / password:xxxxxxxxx
ESP> socket bound, port 23
--- ESP32 WIFI MODULE --- NFT MASTER --- v1.0 - Jan 27 2023 - rb -
stat
CNT: 886 VBAT: 11.89 IBAT: -50.79 VSOL: 6.04 T: 14.32 RH: 49.35 PAR: 1776 T_EC: -22.67 EC: 0.34
OK
>ESP32 watchdog reset
esp_stop 40
ESP> got ip: 192:168:178:47
ESP> connected to ap SSID: Crystal Radio / password:xxxxxxxxx
ESP> socket bound, pESP> got ip: 192:168:178:47
ESP> connected to ap SSID: Crystal Radio / password:xxxxxxxxx
ESP> socket bound, port 23
--- ESP32 WIFI MODULE --- NFT MASTER --- v1.0 - Jan 27 2023 - rb -
stat
CNT: 887 VBAT: 11.90 IBAT: -52.40 VSOL: 6.04 T: 14.35 RH: 49.56 PAR: 58 T_EC: -22.70 EC: 0.31
OK
>ESP32 watchdog reset
esp_stop 40
ESP> got ip: 192:168:178:47
ESP> connected to ap SSID: Crystal Radio / password:xxxxxxxxx
ESP> socket bound, pESP> got ip: 192:168:178:47
ESP> connected to ap SSID: Crystal Radio / password:xxxxxxxxx
ESP> socket bound, port 23
--- ESP32 WIFI MODULE --- NFT MASTER --- v1.0 - Jan 27 2023 - rb -
stat
CNT: 888 VBAT: 11.89 IBAT: -52.40 VSOL: 6.04 T: 14.34 RH: 47.98 PAR: 1776 T_EC: -22.71 EC: 0.46
OK
>ESP32 watchdog reset
esp_stop 40
ESP> got ip: 192:168:178:47
ESP> connected to ap SSID: Crystal Radio / password:xxxxxxxxx
ESP> socket bound, pESP> got ip: 192:168:178:47
ESP> connected to ap SSID: Crystal Radio / password:xxxxxxxxx
ESP> socket bound, port 23
--- ESP32 WIFI MODULE --- NFT MASTER --- v1.0 - Jan 27 2023 - rb -
stat
CNT: 889 VBAT: 11.90 IBAT: -51.59 VSOL: 6.04 T: 14.21 RH: 48.43 PAR: 1777 T_EC: -22.68 EC: 0.34
OK
>ESP32 watchdog reset
esp_stop 40
ESP> got ip: 192:168:178:47
ESP> connected to ap SSID: Crystal Radio / password:xxxxxxxxx
ESP> socket bound, pESP> got ip: 192:168:178:47
ESP> connected to ap SSID: Crystal Radio / password:xxxxxxxxx
ESP> socket bound, port 23
--- ESP32 WIFI MODULE --- NFT MASTER --- v1.0 - Jan 27 2023 - rb -
stat
CNT: 890 VBAT: 11.89 IBAT: -66.10 VSOL: 6.03 T: 14.12 RH: 49.26 PAR: 1776 T_EC: -22.67 EC: 0.35
OK
>ESP32 watchdog reset
esp_stop 40
ESP> got ip: 192:168:178:47
ESP> connected to ap SSID: Crystal Radio / password:xxxxxxxxx
ESP> socket bound, pESP> got ip: 192:168:178:47
ESP> connected to ap SSID: Crystal Radio / password:xxxxxxxxx
ESP> socket bound, port 23
--- ESP32 WIFI MODULE --- NFT MASTER --- v1.0 - Jan 27 2023 - rb -
stat
CNT: 891 VBAT: 11.90 IBAT: -49.98 VSOL: 6.04 T: 14.05 RH: 48.88 PAR: 1776 T_EC: -22.69 EC: 0.37
OK
>ESP32 watchdog reset
esp_stop 40
ESP> got ip: 192:168:178:47
ESP> connected to ap SSID: Crystal Radio / password:xxxxxxxxx
ESP> socket bound, pESP> got ip: 192:168:178:47
ESP> connected to ap SSID: Crystal Radio / password:xxxxxxxxx
ESP> socket bound, port 23
--- ESP32 WIFI MODULE --- NFT MASTER --- v1.0 - Jan 27 2023 - rb -
stat
CNT: 892 VBAT: 11.89 IBAT: -50.79 VSOL: 6.04 T: 13.96 RH: 49.17 PAR: 0 T_EC: -22.68 EC: 0.34
OK
>ESP32 watchdog reset
esp_stop 40
ESP> got ip: 192:168:178:47
ESP> connected to ap SSID: Crystal Radio / password:xxxxxxxxx
ESP> socket bound, pESP> got ip: 192:168:178:47
ESP> connected to ap SSID: Crystal Radio / password:xxxxxxxxx
ESP> socket bound, port 23
--- ESP32 WIFI MODULE --- NFT MASTER --- v1.0 - Jan 27 2023 - rb -
stat
CNT: 893 VBAT: 11.89 IBAT: -66.91 VSOL: 6.04 T: 13.85 RH: 48.91 PAR: 0 T_EC: -22.68 EC: 0.32
OK
>ESP32 watchdog reset
esp_stop 40
ESP> got ip: 192:168:178:47
ESP> connected to ap SSID: Crystal Radio / password:xxxxxxxxx
ESP> socket bound, pESP> got ip: 192:168:178:47
ESP> connected to ap SSID: Crystal Radio / password:xxxxxxxxx
ESP> socket bound, port 23
--- ESP32 WIFI MODULE --- NFT MASTER --- v1.0 - Jan 27 2023 - rb -
stat
CNT: 894 VBAT: 11.89 IBAT: -50.79 VSOL: 6.04 T: 13.74 RH: 48.76 PAR: 0 T_EC: -22.66 EC: 0.34
OK
>ESP32 watchdog reset
esp_stop 40
ESP> got ip: 192:168:178:47
ESP> connected to ap SSID: Crystal Radio / password:xxxxxxxxx
ESP> socket bound, port 23
--- ESP32 WIFI MODULE --- NFT MASTER --- v1.0 - Jan 27 2023 - rb -
stat
CNT: 895 VBAT: 11.89 IBAT: -50.79 VSOL: 6.03 T: 13.64 RH: 48.76 PAR: 1776 T_EC: -22.69 EC: 0.34
OK
>ESP32 watchdog reset
esp_stop 40
ESP> got ip: 192:168:178:47
ESP> connected to ap SSID: Crystal Radio / password:xxxxxxxxx
ESP> socket bound, pESP> got ip: 192:168:178:47
ESP> connected to ap SSID: Crystal Radio / password:xxxxxxxxx
ESP> socket bound, port 23
--- ESP32 WIFI MODULE --- NFT MASTER --- v1.0 - Jan 27 2023 - rb -
stat
CNT: 896 VBAT: 11.89 IBAT: -49.98 VSOL: 6.04 T: 13.56 RH: 48.61 PAR: 1776 T_EC: -22.64 EC: 0.33
OK
>ESP32 watchdog reset
esp_stop 40
ESP> got ip: 192:168:178:47
ESP> connected to ap SSID: Crystal Radio / password:xxxxxxxxx
ESP> socket bound, pESP> got ip: 192:168:178:47
ESP> connected to ap SSID: Crystal Radio / password:xxxxxxxxx
ESP> socket bound, port 23
--- ESP32 WIFI MODULE --- NFT MASTER --- v1.0 - Jan 27 2023 - rb -
stat
CNT: 897 VBAT: 11.89 IBAT: -50.79 VSOL: 6.03 T: 13.50 RH: 49.06 PAR: 1776 T_EC: -22.67 EC: 0.33
OK
>ESP32 watchdog reset
esp_stop 40
ESP> got ip: 192:168:178:47
ESP> connected to ap SSID: Crystal Radio / password:xxxxxxxxx
ESP> socket bound, pESP> got ip: 192:168:178:47
ESP> connected to ap SSID: Crystal Radio / password:xxxxxxxxx
ESP> socket bound, port 23
--- ESP32 WIFI MODULE --- NFT MASTER --- v1.0 - Jan 27 2023 - rb -
stat
CNT: 898 VBAT: 11.89 IBAT: -68.52 VSOL: 6.04 T: 13.45 RH: 49.09 PAR: 1776 T_EC: -22.67 EC: 0.33
OK
>ESP32 watchdog reset
esp_stop 40
ESP> got ip: 192:168:178:47
ESP> connected to ap SSID: Crystal Radio / password:xxxxxxxxx
ESP> socket bound, pESP> got ip: 192:168:178:47
ESP> connected to ap SSID: Crystal Radio / password:xxxxxxxxx
ESP> socket bound, port 23
--- ESP32 WIFI MODULE --- NFT MASTER --- v1.0 - Jan 27 2023 - rb -
stat
CNT: 899 VBAT: 11.89 IBAT: -50.79 VSOL: 6.03 T: 13.40 RH: 48.73 PAR: 2 T_EC: -22.69 EC: 0.34
OK
>ESP32 watchdog reset
esp_stop 40
ESP> got ip: 192:168:178:47
ESP> connected to ap SSID: Crystal Radio / password:xxxxxxxxx
ESP> socket bound, pESP> got ip: 192:168:178:47
ESP> connected to ap SSID: Crystal Radio / password:xxxxxxxxx
ESP> socket bound, port 23
--- ESP32 WIFI MODULE --- NFT MASTER --- v1.0 - Jan 27 2023 - rb -
stat
CNT: 900 VBAT: 11.89 IBAT: -66.10 VSOL: 6.04 T: 13.34 RH: 48.64 PAR: 0 T_EC: -22.65 EC: 0.39
OK
>ESP32 watchdog reset
esp_stop 40
ESP> got ip: 192:168:178:47
ESP> connected to ap SSID: Crystal Radio / password:xxxxxxxxx
ESP> socket bound, pESP> got ip: 192:168:178:47
ESP> connected to ap SSID: Crystal Radio / password:xxxxxxxxx
ESP> socket bound, port 23
--- ESP32 WIFI MODULE --- NFT MASTER --- v1.0 - Jan 27 2023 - rb -
stat
CNT: 901 VBAT: 11.89 IBAT: -48.37 VSOL: 6.04 T: 13.29 RH: 49.03 PAR: 1776 T_EC: -22.67 EC: 0.35
OK
>ESP32 watchdog reset
esp_stop 40
ESP> got ip: 192:168:178:47
ESP> connected to ap SSID: Crystal Radio / password:xxxxxxxxx
ESP> socket bound, pESP> got ip: 192:168:178:47
ESP> connected to ap SSID: Crystal Radio / password:xxxxxxxxx
ESP> socket bound, port 23
--- ESP32 WIFI MODULE --- NFT MASTER --- v1.0 - Jan 27 2023 - rb -
stat
CNT: 902 VBAT: 11.89 IBAT: -52.40 VSOL: 6.04 T: 13.26 RH: 49.12 PAR: 0 T_EC: -22.66 EC: 0.38
OK
>ESP32 watchdog reset
esp_stop 40
ESP> got ip: 192:168:178:47
ESP> connected to ap SSID: Crystal Radio / password:xxxxxxxxx
ESP> socket bound, pESP> got ip: 192:168:178:47
ESP> connected to ap SSID: Crystal Radio / password:xxxxxxxxx
ESP> socket bound, port 23
--- ESP32 WIFI MODULE --- NFT MASTER --- v1.0 - Jan 27 2023 - rb -
stat
CNT: 903 VBAT: 11.89 IBAT: -50.79 VSOL: 6.03 T: 13.30 RH: 48.85 PAR: 7 T_EC: -22.68 EC: 0.33
OK
>ESP32 watchdog reset
esp_stop 40
ESP> got ip: 192:168:178:47
ESP> connected to ap SSID: Crystal Radio / password:xxxxxxxxx
ESP> socket bound, pESP> got ip: 192:168:178:47
ESP> connected to ap SSID: Crystal Radio / password:xxxxxxxxx
ESP> socket bound, port 23
--- ESP32 WIFI MODULE --- NFT MASTER --- v1.0 - Jan 27 2023 - rb -
stat
CNT: 904 VBAT: 11.89 IBAT: -50.79 VSOL: 6.04 T: 13.40 RH: 49.06 PAR: 0 T_EC: -22.67 EC: 0.35
OK
>ESP32 watchdog reset
esp_stop 40
ESP> got ip: 192:168:178:47
ESP> connected to ap SSID: Crystal Radio / password:xxxxxxxxx
ESP> socket bound, pESP> got ip: 192:168:178:47
ESP> connected to ap SSID: Crystal Radio / password:xxxxxxxxx
ESP> socket bound, port 23
--- ESP32 WIFI MODULE --- NFT MASTER --- v1.0 - Jan 27 2023 - rb -
stat
CNT: 905 VBAT: 11.89 IBAT: -94.32 VSOL: 6.04 T: 13.50 RH: 48.73 PAR: 0 T_EC: -22.63 EC: 0.41
OK
>ESP32 watchdog reset
esp_stop 40
ESP> got ip: 192:168:178:47
ESP> connected to ap SSID: Crystal Radio / password:xxxxxxxxx
ESP> socket bound, pESP> got ip: 192:168:178:47
ESP> connected to ap SSID: Crystal Radio / password:xxxxxxxxx
ESP> socket bound, port 23
--- ESP32 WIFI MODULE --- NFT MASTER --- v1.0 - Jan 27 2023 - rb -
stat
CNT: 906 VBAT: 11.89 IBAT: -49.98 VSOL: 6.04 T: 13.57 RH: 49.06 PAR: 0 T_EC: -22.69 EC: 0.36
OK
>ESP32 watchdog reset
esp_stop 40
ESP> got ip: 192:168:178:47
ESP> connected to ap SSID: Crystal Radio / password:xxxxxxxxx
ESP> socket bound, pESP> got ip: 192:168:178:47
ESP> connected to ap SSID: Crystal Radio / password:xxxxxxxxx
ESP> socket bound, port 23
--- ESP32 WIFI MODULE --- NFT MASTER --- v1.0 - Jan 27 2023 - rb -
stat
CNT: 907 VBAT: 11.89 IBAT: -60.46 VSOL: 6.03 T: 13.70 RH: 49.62 PAR: 1776 T_EC: -22.66 EC: 0.33
OK
>ESP32 watchdog reset
esp_stop 40
ESP> got ip: 192:168:178:47
ESP> connected to ap SSID: Crystal Radio / password:xxxxxxxxx
ESP> socket bound, pESP> got ip: 192:168:178:47
ESP> connected to ap SSID: Crystal Radio / password:xxxxxxxxx
ESP> socket bound, port 23
--- ESP32 WIFI MODULE --- NFT MASTER --- v1.0 - Jan 27 2023 - rb -
stat
CNT: 908 VBAT: 11.89 IBAT: -49.98 VSOL: 6.03 T: 13.79 RH: 48.61 PAR: 0 T_EC: -22.69 EC: 0.34
OK
>ESP32 watchdog reset
esp_stop 40
ESP> got ip: 192:168:178:47
ESP> connected to ap SSID: Crystal Radio / password:xxxxxxxxx
ESP> socket bound, pESP> got ip: 192:168:178:47
ESP> connected to ap SSID: Crystal Radio / password:xxxxxxxxx
ESP> socket bound, port 23
--- ESP32 WIFI MODULE --- NFT MASTER --- v1.0 - Jan 27 2023 - rb -
stat
CNT: 909 VBAT: 11.89 IBAT: -56.43 VSOL: 6.04 T: 13.83 RH: 47.77 PAR: 1776 T_EC: -22.70 EC: 0.33
OK
>ESP32 watchdog reset
esp_stop 40
ESP> got ip: 192:168:178:47
ESP> connected to ap SSID: Crystal Radio / password:xxxxxxxxx
ESP> socket bound, port 23
--- ESP32 WIFI MODULE --- NFT MASTER --- v1.0 - Jan 27 2023 - rb -
stat
CNT: 910 VBAT: 11.89 IBAT: -50.79 VSOL: 6.03 T: 13.84 RH: 47.68 PAR: 1776 T_EC: -22.71 EC: 0.36
OK
>ESP32 watchdog reset
esp_stop 40
ESP> got ip: 192:168:178:47
ESP> connected to ap SSID: Crystal Radio / password:xxxxxxxxx
ESP> socket bound, pESP> got ip: 192:168:178:47
ESP> connected to ap SSID: Crystal Radio / password:xxxxxxxxx
ESP> socket bound, port 23
--- ESP32 WIFI MODULE --- NFT MASTER --- v1.0 - Jan 27 2023 - rb -
stat
CNT: 911 VBAT: 11.89 IBAT: -49.98 VSOL: 6.03 T: 13.86 RH: 47.59 PAR: 1776 T_EC: -22.63 EC: 0.33
OK
>ESP32 watchdog reset
esp_stop 40
ESP> got ip: 192:168:178:47
ESP> connected to ap SSID: Crystal Radio / password:xxxxxxxxx
ESP> socket bound, pESP> got ip: 192:168:178:47
ESP> connected to ap SSID: Crystal Radio / password:xxxxxxxxx
ESP> socket bound, port 23
--- ESP32 WIFI MODULE --- NFT MASTER --- v1.0 - Jan 27 2023 - rb -
stat
CNT: 912 VBAT: 11.89 IBAT: -50.79 VSOL: 6.04 T: 13.90 RH: 48.22 PAR: 1776 T_EC: -22.67 EC: 0.46
OK
>ESP32 watchdog reset
esp_stop 40
ESP> got ip: 192:168:178:47
ESP> connected to ap SSID: Crystal Radio / password:xxxxxxxxx
ESP> socket bound, pESP> got ip: 192:168:178:47
ESP> connected to ap SSID: Crystal Radio / password:xxxxxxxxx
ESP> socket bound, port 23
--- ESP32 WIFI MODULE --- NFT MASTER --- v1.0 - Jan 27 2023 - rb -
stat
CNT: 913 VBAT: 11.89 IBAT: -50.79 VSOL: 6.04 T: 13.96 RH: 48.19 PAR: 1776 T_EC: -22.66 EC: 0.34
OK
>ESP32 watchdog reset
esp_stop 40
ESP> got ip: 192:168:178:47
ESP> connected to ap SSID: Crystal Radio / password:xxxxxxxxx
ESP> socket bound, pESP> got ip: 192:168:178:47
ESP> connected to ap SSID: Crystal Radio / password:xxxxxxxxx
ESP> socket bound, port 23
--- ESP32 WIFI MODULE --- NFT MASTER --- v1.0 - Jan 27 2023 - rb -
stat
CNT: 914 VBAT: 11.89 IBAT: -50.79 VSOL: 6.04 T: 14.01 RH: 47.89 PAR: 0 T_EC: -22.66 EC: 0.36
OK
>ESP32 watchdog reset
esp_stop 40
ESP> got ip: 192:168:178:47
ESP> connected to ap SSID: Crystal Radio / password:xxxxxxxxx
ESP> socket bound, pESP> got ip: 192:168:178:47
ESP> connected to ap SSID: Crystal Radio / password:xxxxxxxxx
ESP> socket bound, port 23
--- ESP32 WIFI MODULE --- NFT MASTER --- v1.0 - Jan 27 2023 - rb -
stat
CNT: 915 VBAT: 11.89 IBAT: -61.27 VSOL: 6.04 T: 14.08 RH: 48.58 PAR: 1776 T_EC: -22.71 EC: 0.45
OK
>ESP32 watchdog reset
esp_stop 40
ESP> got ip: 192:168:178:47
ESP> connected to ap SSID: Crystal Radio / password:xxxxxxxxx
ESP> socket bound, pESP> got ip: 192:168:178:47
ESP> connected to ap SSID: Crystal Radio / password:xxxxxxxxx
ESP> socket bound, port 23
--- ESP32 WIFI MODULE --- NFT MASTER --- v1.0 - Jan 27 2023 - rb -
stat
CNT: 916 VBAT: 11.89 IBAT: -49.98 VSOL: 6.04 T: 14.16 RH: 49.12 PAR: 12 T_EC: -22.67 EC: 0.33
OK
>ESP32 watchdog reset
esp_stop 40
ESP> got ip: 192:168:178:47
ESP> connected to ap SSID: Crystal Radio / password:xxxxxxxxx
ESP> socket bound, pESP> got ip: 192:168:178:47
ESP> connected to ap SSID: Crystal Radio / password:xxxxxxxxx
ESP> socket bound, port 23
--- ESP32 WIFI MODULE --- NFT MASTER --- v1.0 - Jan 27 2023 - rb -
stat
CNT: 917 VBAT: 11.89 IBAT: -58.04 VSOL: 6.03 T: 14.26 RH: 49.59 PAR: 1777 T_EC: -22.69 EC: 0.33
OK
>ESP32 watchdog reset
esp_stop 40
ESP> got ip: 192:168:178:47
ESP> connected to ap SSID: Crystal Radio / password:xxxxxxxxx
ESP> socket bound, pESP> got ip: 192:168:178:47
ESP> connected to ap SSID: Crystal Radio / password:xxxxxxxxx
ESP> socket bound, port 23
--- ESP32 WIFI MODULE --- NFT MASTER --- v1.0 - Jan 27 2023 - rb -
stat
CNT: 918 VBAT: 11.89 IBAT: -53.20 VSOL: 6.04 T: 14.36 RH: 49.83 PAR: 1776 T_EC: -22.67 EC: 0.34
OK
>ESP32 watchdog reset
esp_stop 40
ESP> got ip: 192:168:178:47
ESP> connected to ap SSID: Crystal Radio / password:xxxxxxxxx
ESP> socket bound, pESP> got ip: 192:168:178:47
ESP> connected to ap SSID: Crystal Radio / password:xxxxxxxxx
ESP> socket bound, port 23
--- ESP32 WIFI MODULE --- NFT MASTER --- v1.0 - Jan 27 2023 - rb -
stat
CNT: 919 VBAT: 11.88 IBAT: -51.59 VSOL: 6.04 T: 14.46 RH: 50.01 PAR: 1776 T_EC: -22.66 EC: 0.32
OK
>ESP32 watchdog reset
esp_stop 40
ESP> got ip: 192:168:178:47
ESP> connected to ap SSID: Crystal Radio / password:xxxxxxxxx
ESP> socket bound, pESP> got ip: 192:168:178:47
ESP> connected to ap SSID: Crystal Radio / password:xxxxxxxxx
ESP> socket bound, port 23
--- ESP32 WIFI MODULE --- NFT MASTER --- v1.0 - Jan 27 2023 - rb -
stat
CNT: 920 VBAT: 11.89 IBAT: -51.59 VSOL: 6.04 T: 14.58 RH: 49.89 PAR: 1777 T_EC: -22.67 EC: 0.35
OK
>ESP32 watchdog reset
esp_stop 40
ESP> got ip: 192:168:178:47
ESP> connected to ap SSID: Crystal Radio / password:xxxxxxxxx
ESP> socket bound, pESP> got ip: 192:168:178:47
ESP> connected to ap SSID: Crystal Radio / password:xxxxxxxxx
ESP> socket bound, port 23
--- ESP32 WIFI MODULE --- NFT MASTER --- v1.0 - Jan 27 2023 - rb -
stat
CNT: 921 VBAT: 11.89 IBAT: -53.20 VSOL: 6.04 T: 14.64 RH: 50.09 PAR: 1776 T_EC: -22.66 EC: 0.36
OK
>ESP32 watchdog reset
esp_stop 40
ESP> got ip: 192:168:178:47
ESP> connected to ap SSID: Crystal Radio / password:xxxxxxxxx
ESP> socket bound, pESP> got ip: 192:168:178:47
ESP> connected to ap SSID: Crystal Radio / password:xxxxxxxxx
ESP> socket bound, port 23
--- ESP32 WIFI MODULE --- NFT MASTER --- v1.0 - Jan 27 2023 - rb -
stat
CNT: 922 VBAT: 11.89 IBAT: -49.17 VSOL: 6.04 T: 14.71 RH: 50.42 PAR: 1776 T_EC: -22.66 EC: 0.34
OK
>ESP32 watchdog reset
esp_stop 40
ESP> got ip: 192:168:178:47
ESP> connected to ap SSID: Crystal Radio / password:xxxxxxxxx
ESP> socket bound, pESP> got ip: 192:168:178:47
ESP> connected to ap SSID: Crystal Radio / password:xxxxxxxxx
ESP> socket bound, port 23
--- ESP32 WIFI MODULE --- NFT MASTER --- v1.0 - Jan 27 2023 - rb -
stat
CNT: 923 VBAT: 11.89 IBAT: -49.17 VSOL: 6.04 T: 14.80 RH: 50.15 PAR: 1776 T_EC: -22.66 EC: 0.34
OK
>ESP32 watchdog reset
esp_stop 40
ESP> got ip: 192:168:178:47
ESP> connected to ap SSID: Crystal Radio / password:xxxxxxxxx
ESP> socket bound, pESP> got ip: 192:168:178:47
ESP> connected to ap SSID: Crystal Radio / password:xxxxxxxxx
ESP> socket bound, port 23
--- ESP32 WIFI MODULE --- NFT MASTER --- v1.0 - Jan 27 2023 - rb -
stat
CNT: 924 VBAT: 11.89 IBAT: -56.43 VSOL: 6.04 T: 14.88 RH: 50.06 PAR: 1776 T_EC: -22.66 EC: 0.34
OK
>ESP32 watchdog reset
esp_stop 40
ESP> got ip: 192:168:178:47
ESP> connected to ap SSID: Crystal Radio / password:xxxxxxxxx
ESP> socket bound, port 23
--- ESP32 WIFI MODULE --- NFT MASTER --- v1.0 - Jan 27 2023 - rb -
stat
CNT: 925 VBAT: 11.89 IBAT: -50.79 VSOL: 6.03 T: 14.91 RH: 50.15 PAR: 7 T_EC: -22.67 EC: 0.35
OK
>ESP32 watchdog reset
esp_stop 40
ESP> got ip: 192:168:178:47
ESP> connected to ap SSID: Crystal Radio / password:xxxxxxxxx
ESP> socket bound, pESP> got ip: 192:168:178:47
ESP> connected to ap SSID: Crystal Radio / password:xxxxxxxxx
ESP> socket bound, port 23
--- ESP32 WIFI MODULE --- NFT MASTER --- v1.0 - Jan 27 2023 - rb -
stat
CNT: 926 VBAT: 11.89 IBAT: -55.62 VSOL: 6.04 T: 14.98 RH: 50.45 PAR: 0 T_EC: -22.70 EC: 0.35
OK
>ESP32 watchdog reset
esp_stop 40
ESP> got ip: 192:168:178:47
ESP> connected to ap SSID: Crystal Radio / password:xxxxxxxxx
ESP> socket bound, pESP> got ip: 192:168:178:47
ESP> connected to ap SSID: Crystal Radio / password:xxxxxxxxx
ESP> socket bound, port 23
--- ESP32 WIFI MODULE --- NFT MASTER --- v1.0 - Jan 27 2023 - rb -
stat
CNT: 927 VBAT: 11.89 IBAT: -50.79 VSOL: 6.04 T: 15.02 RH: 50.60 PAR: 6 T_EC: -22.69 EC: 0.36
OK
>ESP32 watchdog reset
esp_stop 40
ESP> got ip: 192:168:178:47
ESP> connected to ap SSID: Crystal Radio / password:xxxxxxxxx
ESP> socket bound, pESP> got ip: 192:168:178:47
ESP> connected to ap SSID: Crystal Radio / password:xxxxxxxxx
ESP> socket bound, port 23
--- ESP32 WIFI MODULE --- NFT MASTER --- v1.0 - Jan 27 2023 - rb -
stat
CNT: 928 VBAT: 11.89 IBAT: -53.20 VSOL: 6.04 T: 15.11 RH: 50.51 PAR: 1776 T_EC: -22.69 EC: 0.33
OK
>ESP32 watchdog reset
esp_stop 40
ESP> got ip: 192:168:178:47
ESP> connected to ap SSID: Crystal Radio / password:xxxxxxxxx
ESP> socket bound, pESP> got ip: 192:168:178:47
ESP> connected to ap SSID: Crystal Radio / password:xxxxxxxxx
ESP> socket bound, port 23
--- ESP32 WIFI MODULE --- NFT MASTER --- v1.0 - Jan 27 2023 - rb -
stat
CNT: 929 VBAT: 11.89 IBAT: -49.98 VSOL: 6.04 T: 15.18 RH: 50.77 PAR: 0 T_EC: -22.68 EC: 0.34
OK
>ESP32 watchdog reset
esp_stop 40
ESP> got ip: 192:168:178:47
ESP> connected to ap SSID: Crystal Radio / password:xxxxxxxxx
ESP> socket bound, pESP> got ip: 192:168:178:47
ESP> connected to ap SSID: Crystal Radio / password:xxxxxxxxx
ESP> socket bound, port 23
--- ESP32 WIFI MODULE --- NFT MASTER --- v1.0 - Jan 27 2023 - rb -
stat
CNT: 930 VBAT: 11.89 IBAT: -50.79 VSOL: 6.04 T: 15.20 RH: 48.67 PAR: 1776 T_EC: -22.69 EC: 0.34
OK
>ESP32 watchdog reset
esp_stop 40
ESP> got ip: 192:168:178:47
ESP> connected to ap SSID: Crystal Radio / password:xxxxxxxxx
ESP> socket bound, pESP> got ip: 192:168:178:47
ESP> connected to ap SSID: Crystal Radio / password:xxxxxxxxx
ESP> socket bound, port 23
--- ESP32 WIFI MODULE --- NFT MASTER --- v1.0 - Jan 27 2023 - rb -
stat
CNT: 931 VBAT: 11.89 IBAT: -54.82 VSOL: 6.04 T: 15.08 RH: 47.65 PAR: 0 T_EC: -22.66 EC: 0.33
OK
>ESP32 watchdog reset
esp_stop 40
ESP> got ip: 192:168:178:47
ESP> connected to ap SSID: Crystal Radio / password:xxxxxxxxx
ESP> socket bound, pESP> got ip: 192:168:178:47
ESP> connected to ap SSID: Crystal Radio / password:xxxxxxxxx
ESP> socket bound, port 23
--- ESP32 WIFI MODULE --- NFT MASTER --- v1.0 - Jan 27 2023 - rb -
stat
CNT: 932 VBAT: 11.88 IBAT: -50.79 VSOL: 6.03 T: 14.98 RH: 47.44 PAR: 3 T_EC: -22.68 EC: 0.35
OK
>ESP32 watchdog reset
esp_stop 40
ESP> got ip: 192:168:178:47
ESP> connected to ap SSID: Crystal Radio / password:xxxxxxxxx
ESP> socket bound, pESP> got ip: 192:168:178:47
ESP> connected to ap SSID: Crystal Radio / password:xxxxxxxxx
ESP> socket bound, port 23
--- ESP32 WIFI MODULE --- NFT MASTER --- v1.0 - Jan 27 2023 - rb -
stat
CNT: 933 VBAT: 11.89 IBAT: -49.98 VSOL: 6.03 T: 14.83 RH: 47.71 PAR: 0 T_EC: -22.65 EC: 0.35
OK
>ESP32 watchdog reset
esp_stop 40
ESP> got ip: 192:168:178:47
ESP> connected to ap SSID: Crystal Radio / password:xxxxxxxxx
ESP> socket bound, pESP> got ip: 192:168:178:47
ESP> connected to ap SSID: Crystal Radio / password:xxxxxxxxx
ESP> socket bound, port 23
--- ESP32 WIFI MODULE --- NFT MASTER --- v1.0 - Jan 27 2023 - rb -
stat
CNT: 934 VBAT: 11.88 IBAT: -89.48 VSOL: 6.04 T: 14.70 RH: 47.92 PAR: 1776 T_EC: -22.71 EC: 0.53
OK
>ESP32 watchdog reset
esp_stop 40
ESP> got ip: 192:168:178:47
ESP> connected to ap SSID: Crystal Radio / password:xxxxxxxxx
ESP> socket bound, pESP> got ip: 192:168:178:47
ESP> connected to ap SSID: Crystal Radio / password:xxxxxxxxx
ESP> socket bound, port 23
--- ESP32 WIFI MODULE --- NFT MASTER --- v1.0 - Jan 27 2023 - rb -
stat
CNT: 935 VBAT: 11.89 IBAT: -50.79 VSOL: 6.04 T: 14.54 RH: 46.87 PAR: 0 T_EC: -22.65 EC: 0.34
OK
>ESP32 watchdog reset
esp_stop 40
ESP> got ip: 192:168:178:47
ESP> connected to ap SSID: Crystal Radio / password:xxxxxxxxx
ESP> socket bound, pESP> got ip: 192:168:178:47
ESP> connected to ap SSID: Crystal Radio / password:xxxxxxxxx
ESP> socket bound, port 23
--- ESP32 WIFI MODULE --- NFT MASTER --- v1.0 - Jan 27 2023 - rb -
stat
CNT: 936 VBAT: 11.89 IBAT: -55.62 VSOL: 6.04 T: 14.28 RH: 46.42 PAR: 1776 T_EC: -22.66 EC: 0.33
OK
>ESP32 watchdog reset
esp_stop 40
ESP> got ip: 192:168:178:47
ESP> connected to ap SSID: Crystal Radio / password:xxxxxxxxx
ESP> socket bound, pESP> got ip: 192:168:178:47
ESP> connected to ap SSID: Crystal Radio / password:xxxxxxxxx
ESP> socket bound, port 23
--- ESP32 WIFI MODULE --- NFT MASTER --- v1.0 - Jan 27 2023 - rb -
stat
CNT: 937 VBAT: 11.89 IBAT: -51.59 VSOL: 6.04 T: 14.09 RH: 46.51 PAR: 1776 T_EC: -22.68 EC: 0.35
OK
>ESP32 watchdog reset
esp_stop 40
ESP> got ip: 192:168:178:47
ESP> connected to ap SSID: Crystal Radio / password:xxxxxxxxx
ESP> socket bound, pESP> got ip: 192:168:178:47
ESP> connected to ap SSID: Crystal Radio / password:xxxxxxxxx
ESP> socket bound, port 23
--- ESP32 WIFI MODULE --- NFT MASTER --- v1.0 - Jan 27 2023 - rb -
stat
CNT: 938 VBAT: 11.89 IBAT: -52.40 VSOL: 6.03 T: 13.94 RH: 47.32 PAR: 1776 T_EC: -22.65 EC: 0.34
OK
>ESP32 watchdog reset
esp_stop 40
ESP> got ip: 192:168:178:47
ESP> connected to ap SSID: Crystal Radio / password:xxxxxxxxx
ESP> socket bound, pESP> got ip: 192:168:178:47
ESP> connected to ap SSID: Crystal Radio / password:xxxxxxxxx
ESP> socket bound, port 23
--- ESP32 WIFI MODULE --- NFT MASTER --- v1.0 - Jan 27 2023 - rb -
stat
CNT: 939 VBAT: 11.89 IBAT: -103.18 VSOL: 6.03 T: 13.75 RH: 47.62 PAR: 1776 T_EC: -22.63 EC: 0.50
OK
>ESP32 watchdog reset
esp_stop 40
ESP> got ip: 192:168:178:47
ESP> connected to ap SSID: Crystal Radio / password:xxxxxxxxx
ESP> socket bound, pESP> got ip: 192:168:178:47
ESP> connected to ap SSID: Crystal Radio / password:xxxxxxxxx
ESP> socket bound, port 23
--- ESP32 WIFI MODULE --- NFT MASTER --- v1.0 - Jan 27 2023 - rb -
stat
CNT: 940 VBAT: 11.88 IBAT: -49.17 VSOL: 6.03 T: 13.63 RH: 47.68 PAR: 0 T_EC: -22.67 EC: 0.34
OK
>ESP32 watchdog reset
esp_stop 40
ESP> got ip: 192:168:178:47
ESP> connected to ap SSID: Crystal Radio / password:xxxxxxxxx
ESP> socket bound, pESP> got ip: 192:168:178:47
ESP> connected to ap SSID: Crystal Radio / password:xxxxxxxxx
ESP> socket bound, port 23
--- ESP32 WIFI MODULE --- NFT MASTER --- v1.0 - Jan 27 2023 - rb -
stat
CNT: 941 VBAT: 11.88 IBAT: -55.62 VSOL: 6.03 T: 13.55 RH: 48.10 PAR: 0 T_EC: -22.72 EC: 0.35
OK
>ESP32 watchdog reset
esp_stop 40
ESP> got ip: 192:168:178:47
ESP> connected to ap SSID: Crystal Radio / password:xxxxxxxxx
ESP> socket bound, pESP> got ip: 192:168:178:47
ESP> connected to ap SSID: Crystal Radio / password:xxxxxxxxx
ESP> socket bound, port 23
--- ESP32 WIFI MODULE --- NFT MASTER --- v1.0 - Jan 27 2023 - rb -
stat
CNT: 942 VBAT: 11.88 IBAT: -50.79 VSOL: 6.03 T: 13.50 RH: 48.37 PAR: 1776 T_EC: -22.68 EC: 0.35
OK
>ESP32 watchdog reset
esp_stop 40
ESP> got ip: 192:168:178:47
ESP> connected to ap SSID: Crystal Radio / password:xxxxxxxxx
ESP> socket bound, pESP> got ip: 192:168:178:47
ESP> connected to ap SSID: Crystal Radio / password:xxxxxxxxx
ESP> socket bound, port 23
--- ESP32 WIFI MODULE --- NFT MASTER --- v1.0 - Jan 27 2023 - rb -
stat
CNT: 943 VBAT: 11.89 IBAT: -49.17 VSOL: 6.03 T: 13.49 RH: 48.67 PAR: 0 T_EC: -22.67 EC: 0.35
OK
>ESP32 watchdog reset
esp_stop 40
ESP> got ip: 192:168:178:47
ESP> connected to ap SSID: Crystal Radio / password:xxxxxxxxx
ESP> socket bound, pESP> got ip: 192:168:178:47
ESP> connected to ap SSID: Crystal Radio / password:xxxxxxxxx
ESP> socket bound, port 23
--- ESP32 WIFI MODULE --- NFT MASTER --- v1.0 - Jan 27 2023 - rb -
stat
CNT: 944 VBAT: 11.80 IBAT: -71.75 VSOL: 6.00 T: 13.50 RH: 48.82 PAR: 0 T_EC: -22.67 EC: 0.33
OK
>ESP32 watchdog reset
esp_stop 40
ESP> got ip: 192:168:178:47
ESP> connected to ap SSID: Crystal Radio / password:xxxxxxxxx
ESP> socket bound, pESP> got ip: 192:168:178:47
ESP> connected to ap SSID: Crystal Radio / password:xxxxxxxxx
ESP> socket bound, port 23
--- ESP32 WIFI MODULE --- NFT MASTER --- v1.0 - Jan 27 2023 - rb -
stat
CNT: 945 VBAT: 11.89 IBAT: -50.79 VSOL: 6.03 T: 13.50 RH: 49.12 PAR: 1777 T_EC: -22.67 EC: 0.33
OK
>ESP32 watchdog reset
esp_stop 40
ESP> got ip: 192:168:178:47
ESP> connected to ap SSID: Crystal Radio / password:xxxxxxxxx
ESP> socket bound, pESP> got ip: 192:168:178:47
ESP> connected to ap SSID: Crystal Radio / password:xxxxxxxxx
ESP> socket bound, port 23
--- ESP32 WIFI MODULE --- NFT MASTER --- v1.0 - Jan 27 2023 - rb -
stat
CNT: 946 VBAT: 11.89 IBAT: -51.59 VSOL: 6.03 T: 13.54 RH: 49.95 PAR: 1776 T_EC: -22.65 EC: 0.34
OK
>ESP32 watchdog reset
esp_stop 40
ESP> got ip: 192:168:178:47
ESP> connected to ap SSID: Crystal Radio / password:xxxxxxxxx
ESP> socket bound, pESP> got ip: 192:168:178:47
ESP> connected to ap SSID: Crystal Radio / password:xxxxxxxxx
ESP> socket bound, port 23
--- ESP32 WIFI MODULE --- NFT MASTER --- v1.0 - Jan 27 2023 - rb -
stat
CNT: 947 VBAT: 11.88 IBAT: -49.98 VSOL: 6.04 T: 13.62 RH: 49.62 PAR: 1776 T_EC: -22.69 EC: 0.34
OK
>ESP32 watchdog reset
esp_stop 40
ESP> got ip: 192:168:178:47
ESP> connected to ap SSID: Crystal Radio / password:xxxxxxxxx
ESP> socket bound, pESP> got ip: 192:168:178:47
ESP> connected to ap SSID: Crystal Radio / password:xxxxxxxxx
ESP> socket bound, port 23
--- ESP32 WIFI MODULE --- NFT MASTER --- v1.0 - Jan 27 2023 - rb -
stat
CNT: 948 VBAT: 11.88 IBAT: -51.59 VSOL: 6.03 T: 13.62 RH: 49.89 PAR: 0 T_EC: -22.70 EC: 0.34
OK
>ESP32 watchdog reset
esp_stop 40
ESP> got ip: 192:168:178:47
ESP> connected to ap SSID: Crystal Radio / password:xxxxxxxxx
ESP> socket bound, pESP> got ip: 192:168:178:47
ESP> connected to ap SSID: Crystal Radio / password:xxxxxxxxx
ESP> socket bound, port 23
--- ESP32 WIFI MODULE --- NFT MASTER --- v1.0 - Jan 27 2023 - rb -
stat
CNT: 949 VBAT: 11.89 IBAT: -87.87 VSOL: 6.04 T: 13.60 RH: 50.36 PAR: 1777 T_EC: -22.68 EC: 0.45
OK
>ESP32 watchdog reset
esp_stop 40
ESP> got ip: 192:168:178:47
ESP> connected to ap SSID: Crystal Radio / password:xxxxxxxxx
ESP> socket bound, pESP> got ip: 192:168:178:47
ESP> connected to ap SSID: Crystal Radio / password:xxxxxxxxx
ESP> socket bound, port 23
--- ESP32 WIFI MODULE --- NFT MASTER --- v1.0 - Jan 27 2023 - rb -
stat
CNT: 950 VBAT: 11.89 IBAT: -54.01 VSOL: 6.03 T: 13.54 RH: 50.77 PAR: 1776 T_EC: -22.64 EC: 0.33
OK
>ESP32 watchdog reset
esp_stop 40
ESP> got ip: 192:168:178:47
ESP> connected to ap SSID: Crystal Radio / password:xxxxxxxxx
ESP> socket bound, pESP> got ip: 192:168:178:47
ESP> connected to ap SSID: Crystal Radio / password:xxxxxxxxx
ESP> socket bound, port 23
--- ESP32 WIFI MODULE --- NFT MASTER --- v1.0 - Jan 27 2023 - rb -
stat
CNT: 951 VBAT: 11.88 IBAT: -54.82 VSOL: 6.03 T: 13.49 RH: 50.71 PAR: 1776 T_EC: -22.70 EC: 0.40
OK
>ESP32 watchdog reset
esp_stop 40
ESP> got ip: 192:168:178:47
ESP> connected to ap SSID: Crystal Radio / password:xxxxxxxxx
ESP> socket bound, pESP> got ip: 192:168:178:47
ESP> connected to ap SSID: Crystal Radio / password:xxxxxxxxx
ESP> socket bound, port 23
--- ESP32 WIFI MODULE --- NFT MASTER --- v1.0 - Jan 27 2023 - rb -
stat
CNT: 952 VBAT: 11.88 IBAT: -51.59 VSOL: 6.03 T: 13.46 RH: 50.92 PAR: 1776 T_EC: -22.69 EC: 0.33
OK
>ESP32 watchdog reset
esp_stop 40
ESP> got ip: 192:168:178:47
ESP> connected to ap SSID: Crystal Radio / password:xxxxxxxxx
ESP> socket bound, pESP> got ip: 192:168:178:47
ESP> connected to ap SSID: Crystal Radio / password:xxxxxxxxx
ESP> socket bound, port 23
--- ESP32 WIFI MODULE --- NFT MASTER --- v1.0 - Jan 27 2023 - rb -
stat
CNT: 953 VBAT: 11.88 IBAT: -51.59 VSOL: 6.04 T: 13.40 RH: 51.10 PAR: 1776 T_EC: -22.68 EC: 0.35
OK
>ESP32 watchdog reset
esp_stop 40
ESP> got ip: 192:168:178:47
ESP> connected to ap SSID: Crystal Radio / password:xxxxxxxxx
ESP> socket bound, port 23
--- ESP32 WIFI MODULE --- NFT MASTER --- v1.0 - Jan 27 2023 - rb -
stat
CNT: 954 VBAT: 11.88 IBAT: -75.78 VSOL: 6.03 T: 13.37 RH: 51.30 PAR: 0 T_EC: -22.69 EC: 0.37
OK
>ESP32 watchdog reset
esp_stop 40
ESP> got ip: 192:168:178:47
ESP> connected to ap SSID: Crystal Radio / password:xxxxxxxxx
ESP> socket bound, pESP> got ip: 192:168:178:47
ESP> connected to ap SSID: Crystal Radio / password:xxxxxxxxx
ESP> socket bound, port 23
--- ESP32 WIFI MODULE --- NFT MASTER --- v1.0 - Jan 27 2023 - rb -
stat
CNT: 955 VBAT: 11.89 IBAT: -50.79 VSOL: 6.03 T: 13.31 RH: 51.07 PAR: 1776 T_EC: -22.66 EC: 0.34
OK
>ESP32 watchdog reset
esp_stop 40
ESP> got ip: 192:168:178:47
ESP> connected to ap SSID: Crystal Radio / password:xxxxxxxxx
ESP> socket bound, pESP> got ip: 192:168:178:47
ESP> connected to ap SSID: Crystal Radio / password:xxxxxxxxx
ESP> socket bound, port 23
--- ESP32 WIFI MODULE --- NFT MASTER --- v1.0 - Jan 27 2023 - rb -
stat
CNT: 956 VBAT: 11.88 IBAT: -54.01 VSOL: 6.03 T: 13.32 RH: 50.83 PAR: 0 T_EC: -22.72 EC: 0.36
OK
>ESP32 watchdog reset
esp_stop 40
ESP> got ip: 192:168:178:47
ESP> connected to ap SSID: Crystal Radio / password:xxxxxxxxx
ESP> socket bound, pESP> got ip: 192:168:178:47
ESP> connected to ap SSID: Crystal Radio / password:xxxxxxxxx
ESP> socket bound, port 23
--- ESP32 WIFI MODULE --- NFT MASTER --- v1.0 - Jan 27 2023 - rb -
stat
CNT: 957 VBAT: 11.88 IBAT: -49.98 VSOL: 6.03 T: 13.31 RH: 50.68 PAR: 1776 T_EC: -22.67 EC: 0.35
OK
>ESP32 watchdog reset
esp_stop 40
ESP> got ip: 192:168:178:47
ESP> connected to ap SSID: Crystal Radio / password:xxxxxxxxx
ESP> socket bound, pESP> got ip: 192:168:178:47
ESP> connected to ap SSID: Crystal Radio / password:xxxxxxxxx
ESP> socket bound, port 23
--- ESP32 WIFI MODULE --- NFT MASTER --- v1.0 - Jan 27 2023 - rb -
stat
CNT: 958 VBAT: 11.88 IBAT: -49.98 VSOL: 6.04 T: 13.33 RH: 50.83 PAR: 0 T_EC: -22.70 EC: 0.40
OK
>ESP32 watchdog reset
esp_stop 40
ESP> got ip: 192:168:178:47
ESP> connected to ap SSID: Crystal Radio / password:xxxxxxxxx
ESP> socket bound, pESP> got ip: 192:168:178:47
ESP> connected to ap SSID: Crystal Radio / password:xxxxxxxxx
ESP> socket bound, port 23
--- ESP32 WIFI MODULE --- NFT MASTER --- v1.0 - Jan 27 2023 - rb -
stat
CNT: 959 VBAT: 11.88 IBAT: -69.33 VSOL: 6.03 T: 13.40 RH: 51.51 PAR: 1776 T_EC: -22.67 EC: 0.41
OK
>ESP32 watchdog reset
esp_stop 40
ESP> got ip: 192:168:178:47
ESP> connected to ap SSID: Crystal Radio / password:xxxxxxxxx
ESP> socket bound, pESP> got ip: 192:168:178:47
ESP> connected to ap SSID: Crystal Radio / password:xxxxxxxxx
ESP> socket bound, port 23
--- ESP32 WIFI MODULE --- NFT MASTER --- v1.0 - Jan 27 2023 - rb -
stat
CNT: 960 VBAT: 11.88 IBAT: -49.98 VSOL: 6.03 T: 13.46 RH: 52.35 PAR: 1777 T_EC: -22.69 EC: 0.34
OK
>ESP32 watchdog reset
esp_stop 40
ESP> got ip: 192:168:178:47
ESP> connected to ap SSID: Crystal Radio / password:xxxxxxxxx
ESP> socket bound, pESP> got ip: 192:168:178:47
ESP> connected to ap SSID: Crystal Radio / password:xxxxxxxxx
ESP> socket bound, port 23
--- ESP32 WIFI MODULE --- NFT MASTER --- v1.0 - Jan 27 2023 - rb -
stat
CNT: 961 VBAT: 11.88 IBAT: -54.01 VSOL: 6.03 T: 13.54 RH: 52.99 PAR: 1776 T_EC: -22.65 EC: 0.33
OK
>ESP32 watchdog reset
esp_stop 40
ESP> got ip: 192:168:178:47
ESP> connected to ap SSID: Crystal Radio / password:xxxxxxxxx
ESP> socket bound, port 23
--- ESP32 WIFI MODULE --- NFT MASTER --- v1.0 - Jan 27 2023 - rb -
stat
CNT: 962 VBAT: 11.88 IBAT: -50.79 VSOL: 6.03 T: 13.60 RH: 53.63 PAR: 1776 T_EC: -22.67 EC: 0.34
OK
>ESP32 watchdog reset
esp_stop 40
ESP> got ip: 192:168:178:47
ESP> connected to ap SSID: Crystal Radio / password:xxxxxxxxx
ESP> socket bound, pESP> got ip: 192:168:178:47
ESP> connected to ap SSID: Crystal Radio / password:xxxxxxxxx
ESP> socket bound, port 23
--- ESP32 WIFI MODULE --- NFT MASTER --- v1.0 - Jan 27 2023 - rb -
stat
CNT: 963 VBAT: 11.89 IBAT: -53.20 VSOL: 6.02 T: 13.69 RH: 54.06 PAR: 0 T_EC: -22.69 EC: 0.34
OK
>ESP32 watchdog reset
esp_stop 40
ESP> got ip: 192:168:178:47
ESP> connected to ap SSID: Crystal Radio / password:xxxxxxxxx
ESP> socket bound, pESP> got ip: 192:168:178:47
ESP> connected to ap SSID: Crystal Radio / password:xxxxxxxxx
ESP> socket bound, port 23
--- ESP32 WIFI MODULE --- NFT MASTER --- v1.0 - Jan 27 2023 - rb -
stat
CNT: 964 VBAT: 11.88 IBAT: -49.17 VSOL: 6.03 T: 13.74 RH: 54.26 PAR: 1776 T_EC: -22.64 EC: 0.33
OK
>ESP32 watchdog reset
esp_stop 40
ESP> got ip: 192:168:178:47
ESP> connected to ap SSID: Crystal Radio / password:xxxxxxxxx
ESP> socket bound, pESP> got ip: 192:168:178:47
ESP> connected to ap SSID: Crystal Radio / password:xxxxxxxxx
ESP> socket bound, port 23
--- ESP32 WIFI MODULE --- NFT MASTER --- v1.0 - Jan 27 2023 - rb -
stat
CNT: 965 VBAT: 11.88 IBAT: -49.17 VSOL: 6.03 T: 13.82 RH: 54.61 PAR: 0 T_EC: -22.65 EC: 0.33
OK
>ESP32 watchdog reset
esp_stop 40
ESP> got ip: 192:168:178:47
ESP> connected to ap SSID: Crystal Radio / password:xxxxxxxxx
ESP> socket bound, pESP> got ip: 192:168:178:47
ESP> connected to ap SSID: Crystal Radio / password:xxxxxxxxx
ESP> socket bound, port 23
--- ESP32 WIFI MODULE --- NFT MASTER --- v1.0 - Jan 27 2023 - rb -
stat
CNT: 966 VBAT: 11.89 IBAT: -49.98 VSOL: 6.03 T: 13.90 RH: 55.09 PAR: 0 T_EC: -22.68 EC: 0.35
OK
>ESP32 watchdog reset
esp_stop 40
ESP> got ip: 192:168:178:47
ESP> connected to ap SSID: Crystal Radio / password:xxxxxxxxx
ESP> socket bound, pESP> got ip: 192:168:178:47
ESP> connected to ap SSID: Crystal Radio / password:xxxxxxxxx
ESP> socket bound, port 23
--- ESP32 WIFI MODULE --- NFT MASTER --- v1.0 - Jan 27 2023 - rb -
stat
CNT: 967 VBAT: 11.88 IBAT: -50.79 VSOL: 6.03 T: 13.95 RH: 53.51 PAR: 1776 T_EC: -22.68 EC: 0.34
OK
>ESP32 watchdog reset
esp_stop 40
ESP> got ip: 192:168:178:47
ESP> connected to ap SSID: Crystal Radio / password:xxxxxxxxx
ESP> socket bound, pESP> got ip: 192:168:178:47
ESP> connected to ap SSID: Crystal Radio / password:xxxxxxxxx
ESP> socket bound, port 23
--- ESP32 WIFI MODULE --- NFT MASTER --- v1.0 - Jan 27 2023 - rb -
stat
CNT: 968 VBAT: 11.89 IBAT: -50.79 VSOL: 6.03 T: 13.94 RH: 52.64 PAR: 1776 T_EC: -22.68 EC: 0.34
OK
>ESP32 watchdog reset
esp_stop 40
ESP> got ip: 192:168:178:47
ESP> connected to ap SSID: Crystal Radio / password:xxxxxxxxx
ESP> socket bound, pESP> got ip: 192:168:178:47
ESP> connected to ap SSID: Crystal Radio / password:xxxxxxxxx
ESP> socket bound, port 23
--- ESP32 WIFI MODULE --- NFT MASTER --- v1.0 - Jan 27 2023 - rb -
stat
CNT: 969 VBAT: 11.88 IBAT: -50.79 VSOL: 6.03 T: 13.88 RH: 51.77 PAR: 1776 T_EC: -22.67 EC: 0.35
OK
>ESP32 watchdog reset
esp_stop 40
ESP> got ip: 192:168:178:47
ESP> connected to ap SSID: Crystal Radio / password:xxxxxxxxx
ESP> socket bound, pESP> got ip: 192:168:178:47
ESP> connected to ap SSID: Crystal Radio / password:xxxxxxxxx
ESP> socket bound, port 23
--- ESP32 WIFI MODULE --- NFT MASTER --- v1.0 - Jan 27 2023 - rb -
stat
CNT: 970 VBAT: 11.88 IBAT: -81.42 VSOL: 6.03 T: 13.80 RH: 51.54 PAR: 44 T_EC: -22.67 EC: 0.33
OK
>ESP32 watchdog reset
esp_stop 40
ESP> got ip: 192:168:178:47
ESP> connected to ap SSID: Crystal Radio / password:xxxxxxxxx
ESP> socket bound, pESP> got ip: 192:168:178:47
ESP> connected to ap SSID: Crystal Radio / password:xxxxxxxxx
ESP> socket bound, port 23
--- ESP32 WIFI MODULE --- NFT MASTER --- v1.0 - Jan 27 2023 - rb -
stat
CNT: 971 VBAT: 11.88 IBAT: -51.59 VSOL: 6.02 T: 13.72 RH: 51.89 PAR: 1776 T_EC: -22.68 EC: 0.36
OK
>ESP32 watchdog reset
esp_stop 40
ESP> got ip: 192:168:178:47
ESP> connected to ap SSID: Crystal Radio / password:xxxxxxxxx
ESP> socket bound, pESP> got ip: 192:168:178:47
ESP> connected to ap SSID: Crystal Radio / password:xxxxxxxxx
ESP> socket bound, port 23
--- ESP32 WIFI MODULE --- NFT MASTER --- v1.0 - Jan 27 2023 - rb -
stat
CNT: 972 VBAT: 11.88 IBAT: -50.79 VSOL: 6.02 T: 13.68 RH: 52.18 PAR: 98 T_EC: -22.69 EC: 0.34
OK
>ESP32 watchdog reset
esp_stop 40
ESP> got ip: 192:168:178:47
ESP> connected to ap SSID: Crystal Radio / password:xxxxxxxxx
ESP> socket bound, pESP> got ip: 192:168:178:47
ESP> connected to ap SSID: Crystal Radio / password:xxxxxxxxx
ESP> socket bound, port 23
--- ESP32 WIFI MODULE --- NFT MASTER --- v1.0 - Jan 27 2023 - rb -
stat
CNT: 973 VBAT: 11.88 IBAT: -58.04 VSOL: 6.03 T: 13.66 RH: 51.83 PAR: 0 T_EC: -22.69 EC: 0.45
OK
>ESP32 watchdog reset
esp_stop 40
ESP> got ip: 192:168:178:47
ESP> connected to ap SSID: Crystal Radio / password:xxxxxxxxx
ESP> socket bound, pESP> got ip: 192:168:178:47
ESP> connected to ap SSID: Crystal Radio / password:xxxxxxxxx
ESP> socket bound, port 23
--- ESP32 WIFI MODULE --- NFT MASTER --- v1.0 - Jan 27 2023 - rb -
stat
CNT: 974 VBAT: 11.88 IBAT: -49.17 VSOL: 6.03 T: 13.63 RH: 51.80 PAR: 0 T_EC: -22.67 EC: 0.32
OK
>ESP32 watchdog reset
esp_stop 40
ESP> got ip: 192:168:178:47
ESP> connected to ap SSID: Crystal Radio / password:xxxxxxxxx
ESP> socket bound, pESP> got ip: 192:168:178:47
ESP> connected to ap SSID: Crystal Radio / password:xxxxxxxxx
ESP> socket bound, port 23
--- ESP32 WIFI MODULE --- NFT MASTER --- v1.0 - Jan 27 2023 - rb -
stat
CNT: 975 VBAT: 11.88 IBAT: -51.59 VSOL: 6.03 T: 13.62 RH: 51.56 PAR: 1776 T_EC: -22.67 EC: 0.35
OK
>ESP32 watchdog reset
esp_stop 40
ESP> got ip: 192:168:178:47
ESP> connected to ap SSID: Crystal Radio / password:xxxxxxxxx
ESP> socket bound, port 23
--- ESP32 WIFI MODULE --- NFT MASTER --- v1.0 - Jan 27 2023 - rb -
stat
CNT: 976 VBAT: 11.88 IBAT: -51.59 VSOL: 6.03 T: 13.59 RH: 51.48 PAR: 9 T_EC: -22.65 EC: 0.31
OK
>ESP32 watchdog reset
esp_stop 40
ESP> got ip: 192:168:178:47
ESP> connected to ap SSID: Crystal Radio / password:xxxxxxxxx
ESP> socket bound, pESP> got ip: 192:168:178:47
ESP> connected to ap SSID: Crystal Radio / password:xxxxxxxxx
ESP> socket bound, port 23
--- ESP32 WIFI MODULE --- NFT MASTER --- v1.0 - Jan 27 2023 - rb -
stat
CNT: 977 VBAT: 11.88 IBAT: -50.79 VSOL: 6.03 T: 13.56 RH: 51.36 PAR: 1776 T_EC: -22.70 EC: 0.34
OK
>ESP32 watchdog reset
esp_stop 40
ESP> got ip: 192:168:178:47
ESP> connected to ap SSID: Crystal Radio / password:xxxxxxxxx
ESP> socket bound, pESP> got ip: 192:168:178:47
ESP> connected to ap SSID: Crystal Radio / password:xxxxxxxxx
ESP> socket bound, port 23
--- ESP32 WIFI MODULE --- NFT MASTER --- v1.0 - Jan 27 2023 - rb -
stat
CNT: 978 VBAT: 11.88 IBAT: -57.24 VSOL: 6.03 T: 13.52 RH: 51.48 PAR: 1776 T_EC: -22.69 EC: 0.34
OK
>ESP32 watchdog reset
esp_stop 40
ESP> got ip: 192:168:178:47
ESP> connected to ap SSID: Crystal Radio / password:xxxxxxxxx
ESP> socket bound, pESP> got ip: 192:168:178:47
ESP> connected to ap SSID: Crystal Radio / password:xxxxxxxxx
ESP> socket bound, port 23
--- ESP32 WIFI MODULE --- NFT MASTER --- v1.0 - Jan 27 2023 - rb -
stat
CNT: 979 VBAT: 11.88 IBAT: -54.82 VSOL: 6.03 T: 13.52 RH: 51.39 PAR: 0 T_EC: -22.66 EC: 0.38
OK
>ESP32 watchdog reset
esp_stop 40
ESP> got ip: 192:168:178:47
ESP> connected to ap SSID: Crystal Radio / password:xxxxxxxxx
ESP> socket bound, pESP> got ip: 192:168:178:47
ESP> connected to ap SSID: Crystal Radio / password:xxxxxxxxx
ESP> socket bound, port 23
--- ESP32 WIFI MODULE --- NFT MASTER --- v1.0 - Jan 27 2023 - rb -
stat
CNT: 980 VBAT: 11.88 IBAT: -54.01 VSOL: 6.03 T: 13.51 RH: 51.48 PAR: 0 T_EC: -22.70 EC: 0.34
OK
>ESP32 watchdog reset
esp_stop 40
ESP> got ip: 192:168:178:47
ESP> connected to ap SSID: Crystal Radio / password:xxxxxxxxx
ESP> socket bound, pESP> got ip: 192:168:178:47
ESP> connected to ap SSID: Crystal Radio / password:xxxxxxxxx
ESP> socket bound, port 23
--- ESP32 WIFI MODULE --- NFT MASTER --- v1.0 - Jan 27 2023 - rb -
stat
CNT: 981 VBAT: 11.88 IBAT: -52.40 VSOL: 6.03 T: 13.48 RH: 51.12 PAR: 0 T_EC: -22.71 EC: 0.34
OK
>ESP32 watchdog reset
esp_stop 40
ESP> got ip: 192:168:178:47
ESP> connected to ap SSID: Crystal Radio / password:xxxxxxxxx
ESP> socket bound, pESP> got ip: 192:168:178:47
ESP> connected to ap SSID: Crystal Radio / password:xxxxxxxxx
ESP> socket bound, port 23
--- ESP32 WIFI MODULE --- NFT MASTER --- v1.0 - Jan 27 2023 - rb -
stat
CNT: 982 VBAT: 11.88 IBAT: -51.59 VSOL: 6.03 T: 13.48 RH: 51.10 PAR: 1776 T_EC: -22.67 EC: 0.33
OK
>ESP32 watchdog reset
esp_stop 40
ESP> got ip: 192:168:178:47
ESP> connected to ap SSID: Crystal Radio / password:xxxxxxxxx
ESP> socket bound, pESP> got ip: 192:168:178:47
ESP> connected to ap SSID: Crystal Radio / password:xxxxxxxxx
ESP> socket bound, port 23
--- ESP32 WIFI MODULE --- NFT MASTER --- v1.0 - Jan 27 2023 - rb -
stat
CNT: 983 VBAT: 11.89 IBAT: -64.49 VSOL: 6.03 T: 13.46 RH: 51.07 PAR: 1776 T_EC: -22.69 EC: 0.40
OK
>ESP32 watchdog reset
esp_stop 40
ESP> got ip: 192:168:178:47
ESP> connected to ap SSID: Crystal Radio / password:xxxxxxxxx
ESP> socket bound, pESP> got ip: 192:168:178:47
ESP> connected to ap SSID: Crystal Radio / password:xxxxxxxxx
ESP> socket bound, port 23
--- ESP32 WIFI MODULE --- NFT MASTER --- v1.0 - Jan 27 2023 - rb -
stat
CNT: 984 VBAT: 11.88 IBAT: -53.20 VSOL: 6.03 T: 13.46 RH: 51.15 PAR: 0 T_EC: -22.68 EC: 0.35
OK
>ESP32 watchdog reset
esp_stop 40
ESP> got ip: 192:168:178:47
ESP> connected to ap SSID: Crystal Radio / password:xxxxxxxxx
ESP> socket bound, pESP> got ip: 192:168:178:47
ESP> connected to ap SSID: Crystal Radio / password:xxxxxxxxx
ESP> socket bound, port 23
--- ESP32 WIFI MODULE --- NFT MASTER --- v1.0 - Jan 27 2023 - rb -
stat
CNT: 985 VBAT: 11.88 IBAT: -56.43 VSOL: 6.03 T: 13.43 RH: 51.59 PAR: 1776 T_EC: -22.67 EC: 0.34
OK
>ESP32 watchdog reset
esp_stop 40
ESP> got ip: 192:168:178:47
ESP> connected to ap SSID: Crystal Radio / password:xxxxxxxxx
ESP> socket bound, pESP> got ip: 192:168:178:47
ESP> connected to ap SSID: Crystal Radio / password:xxxxxxxxx
ESP> socket bound, port 23
--- ESP32 WIFI MODULE --- NFT MASTER --- v1.0 - Jan 27 2023 - rb -
stat
CNT: 986 VBAT: 11.88 IBAT: -51.59 VSOL: 6.03 T: 13.42 RH: 51.51 PAR: 17 T_EC: -22.67 EC: 0.34
OK
>ESP32 watchdog reset
esp_stop 40
ESP> got ip: 192:168:178:47
ESP> connected to ap SSID: Crystal Radio / password:xxxxxxxxx
ESP> socket bound, pESP> got ip: 192:168:178:47
ESP> connected to ap SSID: Crystal Radio / password:xxxxxxxxx
ESP> socket bound, port 23
--- ESP32 WIFI MODULE --- NFT MASTER --- v1.0 - Jan 27 2023 - rb -
stat
CNT: 987 VBAT: 11.88 IBAT: -50.79 VSOL: 6.03 T: 13.42 RH: 51.54 PAR: 1776 T_EC: -22.65 EC: 0.34
OK
>ESP32 watchdog reset
esp_stop 40
ESP> got ip: 192:168:178:47
ESP> connected to ap SSID: Crystal Radio / password:xxxxxxxxx
ESP> socket bound, pESP> got ip: 192:168:178:47
ESP> connected to ap SSID: Crystal Radio / password:xxxxxxxxx
ESP> socket bound, port 23
--- ESP32 WIFI MODULE --- NFT MASTER --- v1.0 - Jan 27 2023 - rb -
stat
CNT: 988 VBAT: 11.88 IBAT: -50.79 VSOL: 6.03 T: 13.40 RH: 51.65 PAR: 1776 T_EC: -22.66 EC: 0.34
OK
>ESP32 watchdog reset
esp_stop 40
ESP> got ip: 192:168:178:47
ESP> connected to ap SSID: Crystal Radio / password:xxxxxxxxx
ESP> socket bound, pESP> got ip: 192:168:178:47
ESP> connected to ap SSID: Crystal Radio / password:xxxxxxxxx
ESP> socket bound, port 23
--- ESP32 WIFI MODULE --- NFT MASTER --- v1.0 - Jan 27 2023 - rb -
stat
CNT: 989 VBAT: 11.88 IBAT: -50.79 VSOL: 6.03 T: 13.42 RH: 52.27 PAR: 6 T_EC: -22.65 EC: 0.34
OK
>ESP32 watchdog reset
esp_stop 40
ESP> got ip: 192:168:178:47
ESP> connected to ap SSID: Crystal Radio / password:xxxxxxxxx
ESP> socket bound, pESP> got ip: 192:168:178:47
ESP> connected to ap SSID: Crystal Radio / password:xxxxxxxxx
ESP> socket bound, port 23
--- ESP32 WIFI MODULE --- NFT MASTER --- v1.0 - Jan 27 2023 - rb -
stat
CNT: 990 VBAT: 11.88 IBAT: -50.79 VSOL: 6.02 T: 13.51 RH: 52.70 PAR: 0 T_EC: -22.66 EC: 0.35
OK
>ESP32 watchdog reset
esp_stop 40
ESP> got ip: 192:168:178:47
ESP> connected to ap SSID: Crystal Radio / password:xxxxxxxxx
ESP> socket bound, pESP> got ip: 192:168:178:47
ESP> connected to ap SSID: Crystal Radio / password:xxxxxxxxx
ESP> socket bound, port 23
--- ESP32 WIFI MODULE --- NFT MASTER --- v1.0 - Jan 27 2023 - rb -
stat
CNT: 991 VBAT: 11.88 IBAT: -50.79 VSOL: 6.03 T: 13.61 RH: 52.56 PAR: 1776 T_EC: -22.68 EC: 0.35
OK
>ESP32 watchdog reset
esp_stop 40
ESP> got ip: 192:168:178:47
ESP> connected to ap SSID: Crystal Radio / password:xxxxxxxxx
ESP> socket bound, pESP> got ip: 192:168:178:47
ESP> connected to ap SSID: Crystal Radio / password:xxxxxxxxx
ESP> socket bound, port 23
--- ESP32 WIFI MODULE --- NFT MASTER --- v1.0 - Jan 27 2023 - rb -
stat
CNT: 992 VBAT: 11.88 IBAT: -53.20 VSOL: 6.03 T: 13.73 RH: 52.73 PAR: 1777 T_EC: -22.70 EC: 0.34
OK
>ESP32 watchdog reset
esp_stop 40
ESP> got ip: 192:168:178:47
ESP> connected to ap SSID: Crystal Radio / password:xxxxxxxxx
ESP> socket bound, pESP> got ip: 192:168:178:47
ESP> connected to ap SSID: Crystal Radio / password:xxxxxxxxx
ESP> socket bound, port 23
--- ESP32 WIFI MODULE --- NFT MASTER --- v1.0 - Jan 27 2023 - rb -
stat
CNT: 993 VBAT: 11.88 IBAT: -51.59 VSOL: 6.03 T: 13.88 RH: 52.85 PAR: 1777 T_EC: -22.67 EC: 0.35
OK
>ESP32 watchdog reset
esp_stop 40
ESP> got ip: 192:168:178:47
ESP> connected to ap SSID: Crystal Radio / password:xxxxxxxxx
ESP> socket bound, pESP> got ip: 192:168:178:47
ESP> connected to ap SSID: Crystal Radio / password:xxxxxxxxx
ESP> socket bound, port 23
--- ESP32 WIFI MODULE --- NFT MASTER --- v1.0 - Jan 27 2023 - rb -
stat
CNT: 994 VBAT: 11.88 IBAT: -49.98 VSOL: 6.02 T: 13.98 RH: 53.11 PAR: 1776 T_EC: -22.70 EC: 0.35
OK
>ESP32 watchdog reset
esp_stop 40
ESP> got ip: 192:168:178:47
ESP> connected to ap SSID: Crystal Radio / password:xxxxxxxxx
ESP> socket bound, pESP> got ip: 192:168:178:47
ESP> connected to ap SSID: Crystal Radio / password:xxxxxxxxx
ESP> socket bound, port 23
--- ESP32 WIFI MODULE --- NFT MASTER --- v1.0 - Jan 27 2023 - rb -
stat
CNT: 995 VBAT: 11.88 IBAT: -52.40 VSOL: 6.03 T: 14.04 RH: 51.71 PAR: 1776 T_EC: -22.64 EC: 0.34
OK
>ESP32 watchdog reset
esp_stop 40
ESP> got ip: 192:168:178:47
ESP> connected to ap SSID: Crystal Radio / password:xxxxxxxxx
ESP> socket bound, pESP> got ip: 192:168:178:47
ESP> connected to ap SSID: Crystal Radio / password:xxxxxxxxx
ESP> socket bound, port 23
--- ESP32 WIFI MODULE --- NFT MASTER --- v1.0 - Jan 27 2023 - rb -
stat
CNT: 996 VBAT: 11.88 IBAT: -50.79 VSOL: 6.03 T: 13.92 RH: 50.89 PAR: 0 T_EC: -22.66 EC: 0.35
OK
>ESP32 watchdog reset
esp_stop 40
ESP> got ip: 192:168:178:47
ESP> connected to ap SSID: Crystal Radio / password:xxxxxxxxx
ESP> socket bound, pESP> got ip: 192:168:178:47
ESP> connected to ap SSID: Crystal Radio / password:xxxxxxxxx
ESP> socket bound, port 23
--- ESP32 WIFI MODULE --- NFT MASTER --- v1.0 - Jan 27 2023 - rb -
stat
CNT: 997 VBAT: 11.88 IBAT: -67.72 VSOL: 6.03 T: 13.85 RH: 51.39 PAR: 1776 T_EC: -22.63 EC: 0.35
OK
>ESP32 watchdog reset
esp_stop 40
ESP> got ip: 192:168:178:47
ESP> connected to ap SSID: Crystal Radio / password:xxxxxxxxx
ESP> socket bound, pESP> got ip: 192:168:178:47
ESP> connected to ap SSID: Crystal Radio / password:xxxxxxxxx
ESP> socket bound, port 23
--- ESP32 WIFI MODULE --- NFT MASTER --- v1.0 - Jan 27 2023 - rb -
stat
CNT: 998 VBAT: 11.88 IBAT: -49.98 VSOL: 6.03 T: 13.76 RH: 51.12 PAR: 1777 T_EC: -22.68 EC: 0.35
OK
>ESP32 watchdog reset
esp_stop 40
ESP> got ip: 192:168:178:47
ESP> connected to ap SSID: Crystal Radio / password:xxxxxxxxx
ESP> socket bound, pESP> got ip: 192:168:178:47
ESP> connected to ap SSID: Crystal Radio / password:xxxxxxxxx
ESP> socket bound, port 23
--- ESP32 WIFI MODULE --- NFT MASTER --- v1.0 - Jan 27 2023 - rb -
stat
CNT: 999 VBAT: 11.88 IBAT: -51.59 VSOL: 6.03 T: 13.66 RH: 51.18 PAR: 1776 T_EC: -22.69 EC: 0.35
OK
>ESP32 watchdog reset
esp_stop 40
ESP> got ip: 192:168:178:47
ESP> connected to ap SSID: Crystal Radio / password:xxxxxxxxx
ESP> socket bound, pESP> got ip: 192:168:178:47
ESP> connected to ap SSID: Crystal Radio / password:xxxxxxxxx
ESP> socket bound, port 23
--- ESP32 WIFI MODULE --- NFT MASTER --- v1.0 - Jan 27 2023 - rb -
stat
CNT: 1000 VBAT: 11.88 IBAT: -49.98 VSOL: 6.03 T: 13.59 RH: 51.12 PAR: 114 T_EC: -22.65 EC: 0.40
OK
>ESP32 watchdog reset
esp_stop 40
ESP> got ip: 192:168:178:47
ESP> connected to ap SSID: Crystal Radio / password:xxxxxxxxx
ESP> socket bound, pESP> got ip: 192:168:178:47
ESP> connected to ap SSID: Crystal Radio / password:xxxxxxxxx
ESP> socket bound, port 23
--- ESP32 WIFI MODULE --- NFT MASTER --- v1.0 - Jan 27 2023 - rb -
stat
CNT: 1001 VBAT: 11.88 IBAT: -49.98 VSOL: 6.03 T: 13.48 RH: 51.12 PAR: 1776 T_EC: -22.69 EC: 0.34
OK
>ESP32 watchdog reset
esp_stop 40
ESP> got ip: 192:168:178:47
ESP> connected to ap SSID: Crystal Radio / password:xxxxxxxxx
ESP> socket bound, pESP> got ip: 192:168:178:47
ESP> connected to ap SSID: Crystal Radio / password:xxxxxxxxx
ESP> socket bound, port 23
--- ESP32 WIFI MODULE --- NFT MASTER --- v1.0 - Jan 27 2023 - rb -
stat
CNT: 1002 VBAT: 11.88 IBAT: -50.79 VSOL: 6.02 T: 13.39 RH: 51.12 PAR: 1776 T_EC: -22.69 EC: 0.34
OK
>ESP32 watchdog reset
esp_stop 40
ESP> got ip: 192:168:178:47
ESP> connected to ap SSID: Crystal Radio / password:xxxxxxxxx
ESP> socket bound, pESP> got ip: 192:168:178:47
ESP> connected to ap SSID: Crystal Radio / password:xxxxxxxxx
ESP> socket bound, port 23
--- ESP32 WIFI MODULE --- NFT MASTER --- v1.0 - Jan 27 2023 - rb -
stat
CNT: 1003 VBAT: 11.88 IBAT: -51.59 VSOL: 6.02 T: 13.28 RH: 51.27 PAR: 1776 T_EC: -22.68 EC: 0.35
OK
>ESP32 watchdog reset
esp_stop 40
ESP> got ip: 192:168:178:47
ESP> connected to ap SSID: Crystal Radio / password:xxxxxxxxx
ESP> socket bound, pESP> got ip: 192:168:178:47
ESP> connected to ap SSID: Crystal Radio / password:xxxxxxxxx
ESP> socket bound, port 23
--- ESP32 WIFI MODULE --- NFT MASTER --- v1.0 - Jan 27 2023 - rb -
stat
CNT: 1004 VBAT: 11.88 IBAT: -49.98 VSOL: 6.03 T: 13.22 RH: 51.54 PAR: 0 T_EC: -22.69 EC: 0.34
OK
>ESP32 watchdog reset
esp_stop 40
ESP> got ip: 192:168:178:47
ESP> connected to ap SSID: Crystal Radio / password:xxxxxxxxx
ESP> socket bound, port 23
--- ESP32 WIFI MODULE --- NFT MASTER --- v1.0 - Jan 27 2023 - rb -
stat
CNT: 1005 VBAT: 11.88 IBAT: -49.17 VSOL: 6.03 T: 13.14 RH: 51.59 PAR: 1776 T_EC: -22.73 EC: 0.34
OK
>ESP32 watchdog reset
esp_stop 40
ESP> got ip: 192:168:178:47
ESP> connected to ap SSID: Crystal Radio / password:xxxxxxxxx
ESP> socket bound, pESP> got ip: 192:168:178:47
ESP> connected to ap SSID: Crystal Radio / password:xxxxxxxxx
ESP> socket bound, port 23
--- ESP32 WIFI MODULE --- NFT MASTER --- v1.0 - Jan 27 2023 - rb -
stat
CNT: 1006 VBAT: 11.88 IBAT: -49.98 VSOL: 6.03 T: 13.08 RH: 51.65 PAR: 0 T_EC: -22.64 EC: 0.34
OK
>ESP32 watchdog reset
esp_stop 40
ESP> got ip: 192:168:178:47
ESP> connected to ap SSID: Crystal Radio / password:xxxxxxxxx
ESP> socket bound, pESP> got ip: 192:168:178:47
ESP> connected to ap SSID: Crystal Radio / password:xxxxxxxxx
ESP> socket bound, port 23
--- ESP32 WIFI MODULE --- NFT MASTER --- v1.0 - Jan 27 2023 - rb -
stat
CNT: 1007 VBAT: 11.88 IBAT: -49.17 VSOL: 6.03 T: 13.00 RH: 51.71 PAR: 0 T_EC: -22.71 EC: 0.35
OK
>ESP32 watchdog reset
esp_stop 40
ESP> got ip: 192:168:178:47
ESP> connected to ap SSID: Crystal Radio / password:xxxxxxxxx
ESP> socket bound, pESP> got ip: 192:168:178:47
ESP> connected to ap SSID: Crystal Radio / password:xxxxxxxxx
ESP> socket bound, port 23
--- ESP32 WIFI MODULE --- NFT MASTER --- v1.0 - Jan 27 2023 - rb -
stat
CNT: 1008 VBAT: 11.88 IBAT: -65.30 VSOL: 6.02 T: 12.97 RH: 51.77 PAR: 0 T_EC: -22.67 EC: 0.44
OK
>ESP32 watchdog reset
esp_stop 40
ESP> got ip: 192:168:178:47
ESP> connected to ap SSID: Crystal Radio / password:xxxxxxxxx
ESP> socket bound, pESP> got ip: 192:168:178:47
ESP> connected to ap SSID: Crystal Radio / password:xxxxxxxxx
ESP> socket bound, port 23
--- ESP32 WIFI MODULE --- NFT MASTER --- v1.0 - Jan 27 2023 - rb -
stat
CNT: 1009 VBAT: 11.88 IBAT: -51.59 VSOL: 6.02 T: 12.91 RH: 51.89 PAR: 0 T_EC: -22.70 EC: 0.37
OK
>ESP32 watchdog reset
esp_stop 40
ESP> got ip: 192:168:178:47
ESP> connected to ap SSID: Crystal Radio / password:xxxxxxxxx
ESP> socket bound, pESP> got ip: 192:168:178:47
ESP> connected to ap SSID: Crystal Radio / password:xxxxxxxxx
ESP> socket bound, port 23
--- ESP32 WIFI MODULE --- NFT MASTER --- v1.0 - Jan 27 2023 - rb -
stat
CNT: 1010 VBAT: 11.88 IBAT: -52.40 VSOL: 6.03 T: 12.86 RH: 51.94 PAR: 0 T_EC: -22.65 EC: 0.34
OK
>ESP32 watchdog reset
esp_stop 40
ESP> got ip: 192:168:178:47
ESP> connected to ap SSID: Crystal Radio / password:xxxxxxxxx
ESP> socket bound, pESP> got ip: 192:168:178:47
ESP> connected to ap SSID: Crystal Radio / password:xxxxxxxxx
ESP> socket bound, port 23
--- ESP32 WIFI MODULE --- NFT MASTER --- v1.0 - Jan 27 2023 - rb -
stat
CNT: 1011 VBAT: 11.88 IBAT: -49.98 VSOL: 6.02 T: 12.84 RH: 51.92 PAR: 1776 T_EC: -22.68 EC: 0.35
OK
>ESP32 watchdog reset
esp_stop 40
ESP> got ip: 192:168:178:47
ESP> connected to ap SSID: Crystal Radio / password:xxxxxxxxx
ESP> socket bound, pESP> got ip: 192:168:178:47
ESP> connected to ap SSID: Crystal Radio / password:xxxxxxxxx
ESP> socket bound, port 23
--- ESP32 WIFI MODULE --- NFT MASTER --- v1.0 - Jan 27 2023 - rb -
stat
CNT: 1012 VBAT: 11.88 IBAT: -49.98 VSOL: 6.02 T: 12.81 RH: 51.94 PAR: 4 T_EC: -22.67 EC: 0.34
OK
>ESP32 watchdog reset
esp_stop 40
ESP> got ip: 192:168:178:47
ESP> connected to ap SSID: Crystal Radio / password:xxxxxxxxx
ESP> socket bound, pESP> got ip: 192:168:178:47
ESP> connected to ap SSID: Crystal Radio / password:xxxxxxxxx
ESP> socket bound, port 23
--- ESP32 WIFI MODULE --- NFT MASTER --- v1.0 - Jan 27 2023 - rb -
stat
CNT: 1013 VBAT: 11.88 IBAT: -57.24 VSOL: 6.02 T: 12.76 RH: 51.92 PAR: 0 T_EC: -22.70 EC: 0.35
OK
>ESP32 watchdog reset
esp_stop 40
ESP> got ip: 192:168:178:47
ESP> connected to ap SSID: Crystal Radio / password:xxxxxxxxx
ESP> socket bound, pESP> got ip: 192:168:178:47
ESP> connected to ap SSID: Crystal Radio / password:xxxxxxxxx
ESP> socket bound, port 23
--- ESP32 WIFI MODULE --- NFT MASTER --- v1.0 - Jan 27 2023 - rb -
stat
CNT: 1014 VBAT: 11.88 IBAT: -52.40 VSOL: 6.02 T: 12.75 RH: 52.06 PAR: 1776 T_EC: -22.70 EC: 0.33
OK
>ESP32 watchdog reset
esp_stop 40
ESP> got ip: 192:168:178:47
ESP> connected to ap SSID: Crystal Radio / password:xxxxxxxxx
ESP> socket bound, pESP> got ip: 192:168:178:47
ESP> connected to ap SSID: Crystal Radio / password:xxxxxxxxx
ESP> socket bound, port 23
--- ESP32 WIFI MODULE --- NFT MASTER --- v1.0 - Jan 27 2023 - rb -
stat
CNT: 1015 VBAT: 11.88 IBAT: -52.40 VSOL: 6.02 T: 12.78 RH: 52.09 PAR: 1776 T_EC: -22.66 EC: 0.35
OK
>ESP32 watchdog reset
esp_stop 40
ESP> got ip: 192:168:178:47
ESP> connected to ap SSID: Crystal Radio / password:xxxxxxxxx
ESP> socket bound, pESP> got ip: 192:168:178:47
ESP> connected to ap SSID: Crystal Radio / password:xxxxxxxxx
ESP> socket bound, port 23
--- ESP32 WIFI MODULE --- NFT MASTER --- v1.0 - Jan 27 2023 - rb -
stat
CNT: 1016 VBAT: 11.88 IBAT: -55.62 VSOL: 6.03 T: 12.76 RH: 52.24 PAR: 0 T_EC: -22.67 EC: 0.36
OK
>ESP32 watchdog reset
esp_stop 40
ESP> got ip: 192:168:178:47
ESP> connected to ap SSID: Crystal Radio / password:xxxxxxxxx
ESP> socket bound, pESP> got ip: 192:168:178:47
ESP> connected to ap SSID: Crystal Radio / password:xxxxxxxxx
ESP> socket bound, port 23
--- ESP32 WIFI MODULE --- NFT MASTER --- v1.0 - Jan 27 2023 - rb -
stat
CNT: 1017 VBAT: 11.88 IBAT: -53.20 VSOL: 6.02 T: 12.79 RH: 52.32 PAR: 1776 T_EC: -22.65 EC: 0.34
OK
>ESP32 watchdog reset
esp_stop 40
ESP> got ip: 192:168:178:47
ESP> connected to ap SSID: Crystal Radio / password:xxxxxxxxx
ESP> socket bound, pESP> got ip: 192:168:178:47
ESP> connected to ap SSID: Crystal Radio / password:xxxxxxxxx
ESP> socket bound, port 23
--- ESP32 WIFI MODULE --- NFT MASTER --- v1.0 - Jan 27 2023 - rb -
stat
CNT: 1018 VBAT: 11.88 IBAT: -49.98 VSOL: 6.02 T: 12.82 RH: 52.29 PAR: 1776 T_EC: -22.65 EC: 0.35
OK
>ESP32 watchdog reset
esp_stop 40
ESP> got ip: 192:168:178:47
ESP> connected to ap SSID: Crystal Radio / password:xxxxxxxxx
ESP> socket bound, pESP> got ip: 192:168:178:47
ESP> connected to ap SSID: Crystal Radio / password:xxxxxxxxx
ESP> socket bound, port 23
--- ESP32 WIFI MODULE --- NFT MASTER --- v1.0 - Jan 27 2023 - rb -
stat
CNT: 1019 VBAT: 11.88 IBAT: -50.79 VSOL: 6.03 T: 12.86 RH: 52.44 PAR: 1776 T_EC: -22.67 EC: 0.33
OK
>ESP32 watchdog reset
esp_stop 40
ESP> got ip: 192:168:178:47
ESP> connected to ap SSID: Crystal Radio / password:xxxxxxxxx
ESP> socket bound, pESP> got ip: 192:168:178:47
ESP> connected to ap SSID: Crystal Radio / password:xxxxxxxxx
ESP> socket bound, port 23
--- ESP32 WIFI MODULE --- NFT MASTER --- v1.0 - Jan 27 2023 - rb -
stat
CNT: 1020 VBAT: 11.88 IBAT: -49.98 VSOL: 6.03 T: 12.90 RH: 52.41 PAR: 1776 T_EC: -22.64 EC: 0.33
OK
>ESP32 watchdog reset
esp_stop 40
ESP> got ip: 192:168:178:47
ESP> connected to ap SSID: Crystal Radio / password:xxxxxxxxx
ESP> socket bound, pESP> got ip: 192:168:178:47
ESP> connected to ap SSID: Crystal Radio / password:xxxxxxxxx
ESP> socket bound, port 23
--- ESP32 WIFI MODULE --- NFT MASTER --- v1.0 - Jan 27 2023 - rb -
stat
CNT: 1021 VBAT: 11.88 IBAT: -50.79 VSOL: 6.02 T: 12.96 RH: 52.73 PAR: 1777 T_EC: -22.66 EC: 0.36
OK
>ESP32 watchdog reset
esp_stop 40
ESP> got ip: 192:168:178:47
ESP> connected to ap SSID: Crystal Radio / password:xxxxxxxxx
ESP> socket bound, pESP> got ip: 192:168:178:47
ESP> connected to ap SSID: Crystal Radio / password:xxxxxxxxx
ESP> socket bound, port 23
--- ESP32 WIFI MODULE --- NFT MASTER --- v1.0 - Jan 27 2023 - rb -
stat
CNT: 1022 VBAT: 11.88 IBAT: -50.79 VSOL: 6.03 T: 13.01 RH: 52.67 PAR: 1776 T_EC: -22.66 EC: 0.36
OK
>ESP32 watchdog reset
esp_stop 40
ESP> got ip: 192:168:178:47
ESP> connected to ap SSID: Crystal Radio / password:xxxxxxxxx
ESP> socket bound, pESP> got ip: 192:168:178:47
ESP> connected to ap SSID: Crystal Radio / password:xxxxxxxxx
ESP> socket bound, port 23
--- ESP32 WIFI MODULE --- NFT MASTER --- v1.0 - Jan 27 2023 - rb -
stat
CNT: 1023 VBAT: 11.88 IBAT: -75.78 VSOL: 6.02 T: 13.09 RH: 52.73 PAR: 1776 T_EC: -22.65 EC: 0.41
OK
>ESP32 watchdog reset
esp_stop 40
ESP> got ip: 192:168:178:47
ESP> connected to ap SSID: Crystal Radio / password:xxxxxxxxx
ESP> socket bound, pESP> got ip: 192:168:178:47
ESP> connected to ap SSID: Crystal Radio / password:xxxxxxxxx
ESP> socket bound, port 23
--- ESP32 WIFI MODULE --- NFT MASTER --- v1.0 - Jan 27 2023 - rb -
stat
CNT: 1024 VBAT: 11.88 IBAT: -50.79 VSOL: 6.02 T: 13.16 RH: 52.44 PAR: 1777 T_EC: -22.70 EC: 0.34
OK
>ESP32 watchdog reset
esp_stop 40
ESP> got ip: 192:168:178:47
ESP> connected to ap SSID: Crystal Radio / password:xxxxxxxxx
ESP> socket bound, pESP> got ip: 192:168:178:47
ESP> connected to ap SSID: Crystal Radio / password:xxxxxxxxx
ESP> socket bound, port 23
--- ESP32 WIFI MODULE --- NFT MASTER --- v1.0 - Jan 27 2023 - rb -
stat
CNT: 1025 VBAT: 11.88 IBAT: -49.98 VSOL: 6.03 T: 13.22 RH: 52.47 PAR: 0 T_EC: -22.70 EC: 0.34
OK
>ESP32 watchdog reset
esp_stop 40
ESP> got ip: 192:168:178:47
ESP> connected to ap SSID: Crystal Radio / password:xxxxxxxxx
ESP> socket bound, pESP> got ip: 192:168:178:47
ESP> connected to ap SSID: Crystal Radio / password:xxxxxxxxx
ESP> socket bound, port 23
--- ESP32 WIFI MODULE --- NFT MASTER --- v1.0 - Jan 27 2023 - rb -
stat
CNT: 1026 VBAT: 11.88 IBAT: -48.37 VSOL: 6.03 T: 13.29 RH: 52.44 PAR: 0 T_EC: -22.66 EC: 0.35
OK
>ESP32 watchdog reset
esp_stop 40
ESP> got ip: 192:168:178:47
ESP> connected to ap SSID: Crystal Radio / password:xxxxxxxxx
ESP> socket bound, port 23
--- ESP32 WIFI MODULE --- NFT MASTER --- v1.0 - Jan 27 2023 - rb -
stat
CNT: 1027 VBAT: 11.88 IBAT: -50.79 VSOL: 6.02 T: 13.34 RH: 52.27 PAR: 0 T_EC: -22.70 EC: 0.35
OK
>ESP32 watchdog reset
esp_stop 40
ESP> got ip: 192:168:178:47
ESP> connected to ap SSID: Crystal Radio / password:xxxxxxxxx
ESP> socket bound, pESP> got ip: 192:168:178:47
ESP> connected to ap SSID: Crystal Radio / password:xxxxxxxxx
ESP> socket bound, port 23
--- ESP32 WIFI MODULE --- NFT MASTER --- v1.0 - Jan 27 2023 - rb -
stat
CNT: 1028 VBAT: 11.88 IBAT: -50.79 VSOL: 6.02 T: 13.40 RH: 52.53 PAR: 553 T_EC: -22.68 EC: 0.33
OK
>ESP32 watchdog reset
esp_stop 40
ESP> got ip: 192:168:178:47
ESP> connected to ap SSID: Crystal Radio / password:xxxxxxxxx
ESP> socket bound, pESP> got ip: 192:168:178:47
ESP> connected to ap SSID: Crystal Radio / password:xxxxxxxxx
ESP> socket bound, port 23
--- ESP32 WIFI MODULE --- NFT MASTER --- v1.0 - Jan 27 2023 - rb -
stat
CNT: 1029 VBAT: 11.88 IBAT: -50.79 VSOL: 6.02 T: 13.46 RH: 52.50 PAR: 1777 T_EC: -22.68 EC: 0.33
OK
>ESP32 watchdog reset
esp_stop 40
ESP> got ip: 192:168:178:47
ESP> connected to ap SSID: Crystal Radio / password:xxxxxxxxx
ESP> socket bound, pESP> got ip: 192:168:178:47
ESP> connected to ap SSID: Crystal Radio / password:xxxxxxxxx
ESP> socket bound, port 23
--- ESP32 WIFI MODULE --- NFT MASTER --- v1.0 - Jan 27 2023 - rb -
stat
CNT: 1030 VBAT: 11.88 IBAT: -65.30 VSOL: 6.02 T: 13.48 RH: 52.12 PAR: 1776 T_EC: -22.68 EC: 0.44
OK
>ESP32 watchdog reset
esp_stop 40
ESP> got ip: 192:168:178:47
ESP> connected to ap SSID: Crystal Radio / password:xxxxxxxxx
ESP> socket bound, pESP> got ip: 192:168:178:47
ESP> connected to ap SSID: Crystal Radio / password:xxxxxxxxx
ESP> socket bound, port 23
--- ESP32 WIFI MODULE --- NFT MASTER --- v1.0 - Jan 27 2023 - rb -
stat
CNT: 1031 VBAT: 11.88 IBAT: -50.79 VSOL: 6.02 T: 13.52 RH: 52.18 PAR: 1777 T_EC: -22.69 EC: 0.32
OK
>ESP32 watchdog reset
esp_stop 40
ESP> got ip: 192:168:178:47
ESP> connected to ap SSID: Crystal Radio / password:xxxxxxxxx
ESP> socket bound, pESP> got ip: 192:168:178:47
ESP> connected to ap SSID: Crystal Radio / password:xxxxxxxxx
ESP> socket bound, port 23
--- ESP32 WIFI MODULE --- NFT MASTER --- v1.0 - Jan 27 2023 - rb -
stat
CNT: 1032 VBAT: 11.88 IBAT: -58.85 VSOL: 6.02 T: 13.56 RH: 52.00 PAR: 3 T_EC: -22.65 EC: 0.34
OK
>ESP32 watchdog reset
esp_stop 40
ESP> got ip: 192:168:178:47
ESP> connected to ap SSID: Crystal Radio / password:xxxxxxxxx
ESP> socket bound, pESP> got ip: 192:168:178:47
ESP> connected to ap SSID: Crystal Radio / password:xxxxxxxxx
ESP> socket bound, port 23
--- ESP32 WIFI MODULE --- NFT MASTER --- v1.0 - Jan 27 2023 - rb -
stat
CNT: 1033 VBAT: 11.88 IBAT: -51.59 VSOL: 6.03 T: 13.61 RH: 52.09 PAR: 0 T_EC: -22.66 EC: 0.34
OK
>ESP32 watchdog reset
esp_stop 40
ESP> got ip: 192:168:178:47
ESP> connected to ap SSID: Crystal Radio / password:xxxxxxxxx
ESP> socket bound, pESP> got ip: 192:168:178:47
ESP> connected to ap SSID: Crystal Radio / password:xxxxxxxxx
ESP> socket bound, port 23
--- ESP32 WIFI MODULE --- NFT MASTER --- v1.0 - Jan 27 2023 - rb -
stat
CNT: 1034 VBAT: 11.88 IBAT: -53.20 VSOL: 6.02 T: 13.65 RH: 52.44 PAR: 1776 T_EC: -22.69 EC: 0.35
OK
>ESP32 watchdog reset
esp_stop 40
ESP> got ip: 192:168:178:47
ESP> connected to ap SSID: Crystal Radio / password:xxxxxxxxx
ESP> socket bound, pESP> got ip: 192:168:178:47
ESP> connected to ap SSID: Crystal Radio / password:xxxxxxxxx
ESP> socket bound, port 23
--- ESP32 WIFI MODULE --- NFT MASTER --- v1.0 - Jan 27 2023 - rb -
stat
CNT: 1035 VBAT: 11.88 IBAT: -70.94 VSOL: 6.02 T: 13.68 RH: 51.86 PAR: 1629 T_EC: -22.69 EC: 0.37
OK
>ESP32 watchdog reset
esp_stop 40
ESP> got ip: 192:168:178:47
ESP> connected to ap SSID: Crystal Radio / password:xxxxxxxxx
ESP> socket bound, pESP> got ip: 192:168:178:47
ESP> connected to ap SSID: Crystal Radio / password:xxxxxxxxx
ESP> socket bound, port 23
--- ESP32 WIFI MODULE --- NFT MASTER --- v1.0 - Jan 27 2023 - rb -
stat
CNT: 1036 VBAT: 11.88 IBAT: -51.59 VSOL: 6.02 T: 13.73 RH: 51.83 PAR: 1 T_EC: -22.70 EC: 0.33
OK
>ESP32 watchdog reset
esp_stop 40
ESP> got ip: 192:168:178:47
ESP> connected to ap SSID: Crystal Radio / password:xxxxxxxxx
ESP> socket bound, pESP> got ip: 192:168:178:47
ESP> connected to ap SSID: Crystal Radio / password:xxxxxxxxx
ESP> socket bound, port 23
--- ESP32 WIFI MODULE --- NFT MASTER --- v1.0 - Jan 27 2023 - rb -
stat
CNT: 1037 VBAT: 11.88 IBAT: -62.07 VSOL: 6.03 T: 13.78 RH: 52.12 PAR: 1776 T_EC: -22.68 EC: 0.35
OK
>ESP32 watchdog reset
esp_stop 40
ESP> got ip: 192:168:178:47
ESP> connected to ap SSID: Crystal Radio / password:xxxxxxxxx
ESP> socket bound, pESP> got ip: 192:168:178:47
ESP> connected to ap SSID: Crystal Radio / password:xxxxxxxxx
ESP> socket bound, port 23
--- ESP32 WIFI MODULE --- NFT MASTER --- v1.0 - Jan 27 2023 - rb -
stat
CNT: 1038 VBAT: 11.88 IBAT: -49.98 VSOL: 6.02 T: 13.80 RH: 51.71 PAR: 1776 T_EC: -22.66 EC: 0.35
OK
>ESP32 watchdog reset
esp_stop 40
ESP> got ip: 192:168:178:47
ESP> connected to ap SSID: Crystal Radio / password:xxxxxxxxx
ESP> socket bound, pESP> got ip: 192:168:178:47
ESP> connected to ap SSID: Crystal Radio / password:xxxxxxxxx
ESP> socket bound, port 23
--- ESP32 WIFI MODULE --- NFT MASTER --- v1.0 - Jan 27 2023 - rb -
stat
CNT: 1039 VBAT: 11.88 IBAT: -51.59 VSOL: 6.02 T: 13.81 RH: 51.51 PAR: 1776 T_EC: -22.67 EC: 0.32
OK
>ESP32 watchdog reset
esp_stop 40
ESP> got ip: 192:168:178:47
ESP> connected to ap SSID: Crystal Radio / password:xxxxxxxxx
ESP> socket bound, pESP> got ip: 192:168:178:47
ESP> connected to ap SSID: Crystal Radio / password:xxxxxxxxx
ESP> socket bound, port 23
--- ESP32 WIFI MODULE --- NFT MASTER --- v1.0 - Jan 27 2023 - rb -
stat
CNT: 1040 VBAT: 11.88 IBAT: -51.59 VSOL: 6.02 T: 13.83 RH: 51.86 PAR: 968 T_EC: -22.68 EC: 0.34
OK
>ESP32 watchdog reset
esp_stop 40
ESP> got ip: 192:168:178:47
ESP> connected to ap SSID: Crystal Radio / password:xxxxxxxxx
ESP> socket bound, pESP> got ip: 192:168:178:47
ESP> connected to ap SSID: Crystal Radio / password:xxxxxxxxx
ESP> socket bound, port 23
--- ESP32 WIFI MODULE --- NFT MASTER --- v1.0 - Jan 27 2023 - rb -
stat
CNT: 1041 VBAT: 11.88 IBAT: -50.79 VSOL: 6.02 T: 13.84 RH: 52.59 PAR: 5 T_EC: -22.65 EC: 0.33
OK
>ESP32 watchdog reset
esp_stop 40
ESP> got ip: 192:168:178:47
ESP> connected to ap SSID: Crystal Radio / password:xxxxxxxxx
ESP> socket bound, pESP> got ip: 192:168:178:47
ESP> connected to ap SSID: Crystal Radio / password:xxxxxxxxx
ESP> socket bound, port 23
--- ESP32 WIFI MODULE --- NFT MASTER --- v1.0 - Jan 27 2023 - rb -
stat
CNT: 1042 VBAT: 11.88 IBAT: -66.10 VSOL: 6.02 T: 13.85 RH: 51.54 PAR: 1776 T_EC: -22.67 EC: 0.34
OK
>ESP32 watchdog reset
esp_stop 40
ESP> got ip: 192:168:178:47
ESP> connected to ap SSID: Crystal Radio / password:xxxxxxxxx
ESP> socket bound, pESP> got ip: 192:168:178:47
ESP> connected to ap SSID: Crystal Radio / password:xxxxxxxxx
ESP> socket bound, port 23
--- ESP32 WIFI MODULE --- NFT MASTER --- v1.0 - Jan 27 2023 - rb -
stat
CNT: 1043 VBAT: 11.88 IBAT: -53.20 VSOL: 6.02 T: 13.90 RH: 51.80 PAR: 1777 T_EC: -22.67 EC: 0.35
OK
>ESP32 watchdog reset
esp_stop 40
ESP> got ip: 192:168:178:47
ESP> connected to ap SSID: Crystal Radio / password:xxxxxxxxx
ESP> socket bound, pESP> got ip: 192:168:178:47
ESP> connected to ap SSID: Crystal Radio / password:xxxxxxxxx
ESP> socket bound, port 23
--- ESP32 WIFI MODULE --- NFT MASTER --- v1.0 - Jan 27 2023 - rb -
stat
CNT: 1044 VBAT: 11.88 IBAT: -54.82 VSOL: 6.02 T: 13.99 RH: 52.09 PAR: 1776 T_EC: -22.67 EC: 0.34
OK
>ESP32 watchdog reset
esp_stop 40
ESP> got ip: 192:168:178:47
ESP> connected to ap SSID: Crystal Radio / password:xxxxxxxxx
ESP> socket bound, pESP> got ip: 192:168:178:47
ESP> connected to ap SSID: Crystal Radio / password:xxxxxxxxx
ESP> socket bound, port 23
--- ESP32 WIFI MODULE --- NFT MASTER --- v1.0 - Jan 27 2023 - rb -
stat
CNT: 1045 VBAT: 11.88 IBAT: -51.59 VSOL: 6.02 T: 14.06 RH: 52.09 PAR: 1777 T_EC: -22.68 EC: 0.34
OK
>ESP32 watchdog reset
esp_stop 40
ESP> got ip: 192:168:178:47
ESP> connected to ap SSID: Crystal Radio / password:xxxxxxxxx
ESP> socket bound, pESP> got ip: 192:168:178:47
ESP> connected to ap SSID: Crystal Radio / password:xxxxxxxxx
ESP> socket bound, port 23
--- ESP32 WIFI MODULE --- NFT MASTER --- v1.0 - Jan 27 2023 - rb -
stat
CNT: 1046 VBAT: 11.88 IBAT: -52.40 VSOL: 6.03 T: 14.13 RH: 52.56 PAR: 0 T_EC: -22.68 EC: 0.33
OK
>ESP32 watchdog reset
esp_stop 40
ESP> got ip: 192:168:178:47
ESP> connected to ap SSID: Crystal Radio / password:xxxxxxxxx
ESP> socket bound, pESP> got ip: 192:168:178:47
ESP> connected to ap SSID: Crystal Radio / password:xxxxxxxxx
ESP> socket bound, port 23
--- ESP32 WIFI MODULE --- NFT MASTER --- v1.0 - Jan 27 2023 - rb -
stat
CNT: 1047 VBAT: 11.88 IBAT: -71.75 VSOL: 6.01 T: 14.08 RH: 50.86 PAR: 1776 T_EC: -22.71 EC: 0.35
OK
>ESP32 watchdog reset
esp_stop 40
ESP> got ip: 192:168:178:47
ESP> connected to ap SSID: Crystal Radio / password:xxxxxxxxx
ESP> socket bound, port 23
--- ESP32 WIFI MODULE --- NFT MASTER --- v1.0 - Jan 27 2023 - rb -
stat
CNT: 1048 VBAT: 11.87 IBAT: -52.40 VSOL: 6.02 T: 13.98 RH: 50.71 PAR: 46 T_EC: -22.68 EC: 0.35
OK
>ESP32 watchdog reset
esp_stop 40
ESP> got ip: 192:168:178:47
ESP> connected to ap SSID: Crystal Radio / password:xxxxxxxxx
ESP> socket bound, pESP> got ip: 192:168:178:47
ESP> connected to ap SSID: Crystal Radio / password:xxxxxxxxx
ESP> socket bound, port 23
--- ESP32 WIFI MODULE --- NFT MASTER --- v1.0 - Jan 27 2023 - rb -
stat
CNT: 1049 VBAT: 11.88 IBAT: -59.65 VSOL: 6.03 T: 13.89 RH: 50.57 PAR: 1776 T_EC: -22.68 EC: 0.35
OK
>ESP32 watchdog reset
esp_stop 40
ESP> got ip: 192:168:178:47
ESP> connected to ap SSID: Crystal Radio / password:xxxxxxxxx
ESP> socket bound, pESP> got ip: 192:168:178:47
ESP> connected to ap SSID: Crystal Radio / password:xxxxxxxxx
ESP> socket bound, port 23
--- ESP32 WIFI MODULE --- NFT MASTER --- v1.0 - Jan 27 2023 - rb -
stat
CNT: 1050 VBAT: 11.88 IBAT: -49.98 VSOL: 6.02 T: 13.76 RH: 50.33 PAR: 1776 T_EC: -22.69 EC: 0.35
OK
>ESP32 watchdog reset
esp_stop 40
ESP> got ip: 192:168:178:47
ESP> connected to ap SSID: Crystal Radio / password:xxxxxxxxx
ESP> socket bound, pESP> got ip: 192:168:178:47
ESP> connected to ap SSID: Crystal Radio / password:xxxxxxxxx
ESP> socket bound, port 23
--- ESP32 WIFI MODULE --- NFT MASTER --- v1.0 - Jan 27 2023 - rb -
stat
CNT: 1051 VBAT: 11.88 IBAT: -59.65 VSOL: 6.02 T: 13.66 RH: 50.33 PAR: 1776 T_EC: -22.65 EC: 0.36
OK
>ESP32 watchdog reset
esp_stop 40
ESP> got ip: 192:168:178:47
ESP> connected to ap SSID: Crystal Radio / password:xxxxxxxxx
ESP> socket bound, pESP> got ip: 192:168:178:47
ESP> connected to ap SSID: Crystal Radio / password:xxxxxxxxx
ESP> socket bound, port 23
--- ESP32 WIFI MODULE --- NFT MASTER --- v1.0 - Jan 27 2023 - rb -
stat
CNT: 1052 VBAT: 11.88 IBAT: -50.79 VSOL: 6.03 T: 13.58 RH: 50.74 PAR: 5 T_EC: -22.70 EC: 0.35
OK
>ESP32 watchdog reset
esp_stop 40
ESP> got ip: 192:168:178:47
ESP> connected to ap SSID: Crystal Radio / password:xxxxxxxxx
ESP> socket bound, pESP> got ip: 192:168:178:47
ESP> connected to ap SSID: Crystal Radio / password:xxxxxxxxx
ESP> socket bound, port 23
--- ESP32 WIFI MODULE --- NFT MASTER --- v1.0 - Jan 27 2023 - rb -
stat
CNT: 1053 VBAT: 11.88 IBAT: -52.40 VSOL: 6.02 T: 13.50 RH: 50.71 PAR: 0 T_EC: -22.68 EC: 0.34
OK
>ESP32 watchdog reset
esp_stop 40
ESP> got ip: 192:168:178:47
ESP> connected to ap SSID: Crystal Radio / password:xxxxxxxxx
ESP> socket bound, pESP> got ip: 192:168:178:47
ESP> connected to ap SSID: Crystal Radio / password:xxxxxxxxx
ESP> socket bound, port 23
--- ESP32 WIFI MODULE --- NFT MASTER --- v1.0 - Jan 27 2023 - rb -
stat
CNT: 1054 VBAT: 11.88 IBAT: -49.17 VSOL: 6.03 T: 13.44 RH: 51.30 PAR: 1776 T_EC: -22.68 EC: 0.36
OK
>ESP32 watchdog reset
esp_stop 40
ESP> got ip: 192:168:178:47
ESP> connected to ap SSID: Crystal Radio / password:xxxxxxxxx
ESP> socket bound, pESP> got ip: 192:168:178:47
ESP> connected to ap SSID: Crystal Radio / password:xxxxxxxxx
ESP> socket bound, port 23
--- ESP32 WIFI MODULE --- NFT MASTER --- v1.0 - Jan 27 2023 - rb -
stat
CNT: 1055 VBAT: 11.88 IBAT: -50.79 VSOL: 6.02 T: 13.36 RH: 50.95 PAR: 1776 T_EC: -22.68 EC: 0.39
OK
>ESP32 watchdog reset
esp_stop 40
ESP> got ip: 192:168:178:47
ESP> connected to ap SSID: Crystal Radio / password:xxxxxxxxx
ESP> socket bound, pESP> got ip: 192:168:178:47
ESP> connected to ap SSID: Crystal Radio / password:xxxxxxxxx
ESP> socket bound, port 23
--- ESP32 WIFI MODULE --- NFT MASTER --- v1.0 - Jan 27 2023 - rb -
stat
CNT: 1056 VBAT: 11.88 IBAT: -50.79 VSOL: 6.02 T: 13.30 RH: 50.77 PAR: 231 T_EC: -22.66 EC: 0.35
OK
>ESP32 watchdog reset
esp_stop 40
ESP> got ip: 192:168:178:47
ESP> connected to ap SSID: Crystal Radio / password:xxxxxxxxx
ESP> socket bound, pESP> got ip: 192:168:178:47
ESP> connected to ap SSID: Crystal Radio / password:xxxxxxxxx
ESP> socket bound, port 23
--- ESP32 WIFI MODULE --- NFT MASTER --- v1.0 - Jan 27 2023 - rb -
stat
CNT: 1057 VBAT: 11.88 IBAT: -50.79 VSOL: 6.02 T: 13.24 RH: 51.18 PAR: 520 T_EC: -22.67 EC: 0.33
OK
>ESP32 watchdog reset
esp_stop 40
ESP> got ip: 192:168:178:47
ESP> connected to ap SSID: Crystal Radio / password:xxxxxxxxx
ESP> socket bound, pESP> got ip: 192:168:178:47
ESP> connected to ap SSID: Crystal Radio / password:xxxxxxxxx
ESP> socket bound, port 23
--- ESP32 WIFI MODULE --- NFT MASTER --- v1.0 - Jan 27 2023 - rb -
stat
CNT: 1058 VBAT: 11.87 IBAT: -54.82 VSOL: 6.01 T: 13.20 RH: 51.01 PAR: 0 T_EC: -22.70 EC: 0.35
OK
>ESP32 watchdog reset
esp_stop 40
ESP> got ip: 192:168:178:47
ESP> connected to ap SSID: Crystal Radio / password:xxxxxxxxx
ESP> socket bound, pESP> got ip: 192:168:178:47
ESP> connected to ap SSID: Crystal Radio / password:xxxxxxxxx
ESP> socket bound, port 23
--- ESP32 WIFI MODULE --- NFT MASTER --- v1.0 - Jan 27 2023 - rb -
stat
CNT: 1059 VBAT: 11.88 IBAT: -51.59 VSOL: 6.02 T: 13.15 RH: 51.15 PAR: 0 T_EC: -22.66 EC: 0.34
OK
>ESP32 watchdog reset
esp_stop 40
ESP> got ip: 192:168:178:47
ESP> connected to ap SSID: Crystal Radio / password:xxxxxxxxx
ESP> socket bound, pESP> got ip: 192:168:178:47
ESP> connected to ap SSID: Crystal Radio / password:xxxxxxxxx
ESP> socket bound, port 23
--- ESP32 WIFI MODULE --- NFT MASTER --- v1.0 - Jan 27 2023 - rb -
stat
CNT: 1060 VBAT: 11.88 IBAT: -53.20 VSOL: 6.02 T: 13.12 RH: 51.07 PAR: 1777 T_EC: -22.71 EC: 0.35
OK
>ESP32 watchdog reset
esp_stop 40
ESP> got ip: 192:168:178:47
ESP> connected to ap SSID: Crystal Radio / password:xxxxxxxxx
ESP> socket bound, pESP> got ip: 192:168:178:47
ESP> connected to ap SSID: Crystal Radio / password:xxxxxxxxx
ESP> socket bound, port 23
--- ESP32 WIFI MODULE --- NFT MASTER --- v1.0 - Jan 27 2023 - rb -
stat
CNT: 1061 VBAT: 11.88 IBAT: -50.79 VSOL: 6.02 T: 13.06 RH: 50.95 PAR: 1776 T_EC: -22.72 EC: 0.34
OK
>ESP32 watchdog reset
esp_stop 40
ESP> got ip: 192:168:178:47
ESP> connected to ap SSID: Crystal Radio / password:xxxxxxxxx
ESP> socket bound, pESP> got ip: 192:168:178:47
ESP> connected to ap SSID: Crystal Radio / password:xxxxxxxxx
ESP> socket bound, port 23
--- ESP32 WIFI MODULE --- NFT MASTER --- v1.0 - Jan 27 2023 - rb -
stat
CNT: 1062 VBAT: 11.87 IBAT: -51.59 VSOL: 6.02 T: 13.02 RH: 51.07 PAR: 0 T_EC: -22.65 EC: 0.35
OK
>ESP32 watchdog reset
esp_stop 40
ESP> got ip: 192:168:178:47
ESP> connected to ap SSID: Crystal Radio / password:xxxxxxxxx
ESP> socket bound, pESP> got ip: 192:168:178:47
ESP> connected to ap SSID: Crystal Radio / password:xxxxxxxxx
ESP> socket bound, port 23
--- ESP32 WIFI MODULE --- NFT MASTER --- v1.0 - Jan 27 2023 - rb -
stat
CNT: 1063 VBAT: 11.88 IBAT: -51.59 VSOL: 6.02 T: 12.99 RH: 51.01 PAR: 0 T_EC: -22.67 EC: 0.36
OK
>ESP32 watchdog reset
esp_stop 40
ESP> got ip: 192:168:178:47
ESP> connected to ap SSID: Crystal Radio / password:xxxxxxxxx
ESP> socket bound, pESP> got ip: 192:168:178:47
ESP> connected to ap SSID: Crystal Radio / password:xxxxxxxxx
ESP> socket bound, port 23
--- ESP32 WIFI MODULE --- NFT MASTER --- v1.0 - Jan 27 2023 - rb -
stat
CNT: 1064 VBAT: 11.88 IBAT: -49.17 VSOL: 6.02 T: 12.94 RH: 51.33 PAR: 1776 T_EC: -22.69 EC: 0.37
OK
>ESP32 watchdog reset
esp_stop 40
ESP> got ip: 192:168:178:47
ESP> connected to ap SSID: Crystal Radio / password:xxxxxxxxx
ESP> socket bound, pESP> got ip: 192:168:178:47
ESP> connected to ap SSID: Crystal Radio / password:xxxxxxxxx
ESP> socket bound, port 23
--- ESP32 WIFI MODULE --- NFT MASTER --- v1.0 - Jan 27 2023 - rb -
stat
CNT: 1065 VBAT: 11.88 IBAT: -51.59 VSOL: 6.02 T: 12.90 RH: 51.36 PAR: 1776 T_EC: -22.70 EC: 0.34
OK
>ESP32 watchdog reset
esp_stop 40
ESP> got ip: 192:168:178:47
ESP> connected to ap SSID: Crystal Radio / password:xxxxxxxxx
ESP> socket bound, pESP> got ip: 192:168:178:47
ESP> connected to ap SSID: Crystal Radio / password:xxxxxxxxx
ESP> socket bound, port 23
--- ESP32 WIFI MODULE --- NFT MASTER --- v1.0 - Jan 27 2023 - rb -
stat
CNT: 1066 VBAT: 11.88 IBAT: -61.27 VSOL: 6.02 T: 12.86 RH: 51.30 PAR: 0 T_EC: -22.69 EC: 0.34
OK
>ESP32 watchdog reset
esp_stop 40
ESP> got ip: 192:168:178:47
ESP> connected to ap SSID: Crystal Radio / password:xxxxxxxxx
ESP> socket bound, pESP> got ip: 192:168:178:47
ESP> connected to ap SSID: Crystal Radio / password:xxxxxxxxx
ESP> socket bound, port 23
--- ESP32 WIFI MODULE --- NFT MASTER --- v1.0 - Jan 27 2023 - rb -
stat
CNT: 1067 VBAT: 11.88 IBAT: -49.98 VSOL: 6.02 T: 12.82 RH: 51.51 PAR: 1776 T_EC: -22.66 EC: 0.35
OK
>ESP32 watchdog reset
esp_stop 40
ESP> got ip: 192:168:178:47
ESP> connected to ap SSID: Crystal Radio / password:xxxxxxxxx
ESP> socket bound, pESP> got ip: 192:168:178:47
ESP> connected to ap SSID: Crystal Radio / password:xxxxxxxxx
ESP> socket bound, port 23
--- ESP32 WIFI MODULE --- NFT MASTER --- v1.0 - Jan 27 2023 - rb -
stat
CNT: 1068 VBAT: 11.88 IBAT: -56.43 VSOL: 6.02 T: 12.78 RH: 51.33 PAR: 1776 T_EC: -22.69 EC: 0.33
OK
>ESP32 watchdog reset
esp_stop 40
ESP> got ip: 192:168:178:47
ESP> connected to ap SSID: Crystal Radio / password:xxxxxxxxx
ESP> socket bound, pESP> got ip: 192:168:178:47
ESP> connected to ap SSID: Crystal Radio / password:xxxxxxxxx
ESP> socket bound, port 23
--- ESP32 WIFI MODULE --- NFT MASTER --- v1.0 - Jan 27 2023 - rb -
stat
CNT: 1069 VBAT: 11.87 IBAT: -50.79 VSOL: 6.02 T: 12.74 RH: 51.27 PAR: 1776 T_EC: -22.65 EC: 0.34
OK
>ESP32 watchdog reset
esp_stop 40
ESP> got ip: 192:168:178:47
ESP> connected to ap SSID: Crystal Radio / password:xxxxxxxxx
ESP> socket bound, pESP> got ip: 192:168:178:47
ESP> connected to ap SSID: Crystal Radio / password:xxxxxxxxx
ESP> socket bound, port 23
--- ESP32 WIFI MODULE --- NFT MASTER --- v1.0 - Jan 27 2023 - rb -
stat
CNT: 1070 VBAT: 11.88 IBAT: -50.79 VSOL: 6.02 T: 12.71 RH: 51.48 PAR: 0 T_EC: -22.69 EC: 0.34
OK
>ESP32 watchdog reset
esp_stop 40
ESP> got ip: 192:168:178:47
ESP> connected to ap SSID: Crystal Radio / password:xxxxxxxxx
ESP> socket bound, pESP> got ip: 192:168:178:47
ESP> connected to ap SSID: Crystal Radio / password:xxxxxxxxx
ESP> socket bound, port 23
--- ESP32 WIFI MODULE --- NFT MASTER --- v1.0 - Jan 27 2023 - rb -
stat
CNT: 1071 VBAT: 11.88 IBAT: -51.59 VSOL: 6.02 T: 12.69 RH: 51.77 PAR: 0 T_EC: -22.68 EC: 0.35
OK
>ESP32 watchdog reset
esp_stop 40
ESP> got ip: 192:168:178:47
ESP> connected to ap SSID: Crystal Radio / password:xxxxxxxxx
ESP> socket bound, pESP> got ip: 192:168:178:47
ESP> connected to ap SSID: Crystal Radio / password:xxxxxxxxx
ESP> socket bound, port 23
--- ESP32 WIFI MODULE --- NFT MASTER --- v1.0 - Jan 27 2023 - rb -
stat
CNT: 1072 VBAT: 11.87 IBAT: -52.40 VSOL: 6.02 T: 12.65 RH: 51.68 PAR: 0 T_EC: -22.70 EC: 0.34
OK
>ESP32 watchdog reset
esp_stop 40
ESP> got ip: 192:168:178:47
ESP> connected to ap SSID: Crystal Radio / password:xxxxxxxxx
ESP> socket bound, pESP> got ip: 192:168:178:47
ESP> connected to ap SSID: Crystal Radio / password:xxxxxxxxx
ESP> socket bound, port 23
--- ESP32 WIFI MODULE --- NFT MASTER --- v1.0 - Jan 27 2023 - rb -
stat
CNT: 1073 VBAT: 11.87 IBAT: -52.40 VSOL: 6.01 T: 12.62 RH: 51.71 PAR: 1777 T_EC: -22.66 EC: 0.34
OK
>ESP32 watchdog reset
esp_stop 40
ESP> got ip: 192:168:178:47
ESP> connected to ap SSID: Crystal Radio / password:xxxxxxxxx
ESP> socket bound, pESP> got ip: 192:168:178:47
ESP> connected to ap SSID: Crystal Radio / password:xxxxxxxxx
ESP> socket bound, port 23
--- ESP32 WIFI MODULE --- NFT MASTER --- v1.0 - Jan 27 2023 - rb -
stat
CNT: 1074 VBAT: 11.88 IBAT: -49.98 VSOL: 6.01 T: 12.60 RH: 51.77 PAR: 1776 T_EC: -22.69 EC: 0.35
OK
>ESP32 watchdog reset
esp_stop 40
ESP> got ip: 192:168:178:47
ESP> connected to ap SSID: Crystal Radio / password:xxxxxxxxx
ESP> socket bound, pESP> got ip: 192:168:178:47
ESP> connected to ap SSID: Crystal Radio / password:xxxxxxxxx
ESP> socket bound, port 23
--- ESP32 WIFI MODULE --- NFT MASTER --- v1.0 - Jan 27 2023 - rb -
stat
CNT: 1075 VBAT: 11.87 IBAT: -76.58 VSOL: 6.01 T: 12.59 RH: 52.12 PAR: 1776 T_EC: -22.66 EC: 0.41
OK
>ESP32 watchdog reset
esp_stop 40
ESP> got ip: 192:168:178:47
ESP> connected to ap SSID: Crystal Radio / password:xxxxxxxxx
ESP> socket bound, pESP> got ip: 192:168:178:47
ESP> connected to ap SSID: Crystal Radio / password:xxxxxxxxx
ESP> socket bound, port 23
--- ESP32 WIFI MODULE --- NFT MASTER --- v1.0 - Jan 27 2023 - rb -
stat
CNT: 1076 VBAT: 11.88 IBAT: -53.20 VSOL: 6.02 T: 12.56 RH: 52.18 PAR: 3 T_EC: -22.69 EC: 0.37
OK
>ESP32 watchdog reset
esp_stop 40
ESP> got ip: 192:168:178:47
ESP> connected to ap SSID: Crystal Radio / password:xxxxxxxxx
ESP> socket bound, pESP> got ip: 192:168:178:47
ESP> connected to ap SSID: Crystal Radio / password:xxxxxxxxx
ESP> socket bound, port 23
--- ESP32 WIFI MODULE --- NFT MASTER --- v1.0 - Jan 27 2023 - rb -
stat
CNT: 1077 VBAT: 11.87 IBAT: -58.04 VSOL: 6.02 T: 12.54 RH: 51.94 PAR: 0 T_EC: -22.71 EC: 0.33
OK
>ESP32 watchdog reset
esp_stop 40
ESP> got ip: 192:168:178:47
ESP> connected to ap SSID: Crystal Radio / password:xxxxxxxxx
ESP> socket bound, pESP> got ip: 192:168:178:47
ESP> connected to ap SSID: Crystal Radio / password:xxxxxxxxx
ESP> socket bound, port 23
--- ESP32 WIFI MODULE --- NFT MASTER --- v1.0 - Jan 27 2023 - rb -
stat
CNT: 1078 VBAT: 11.87 IBAT: -54.01 VSOL: 6.02 T: 12.52 RH: 52.18 PAR: 0 T_EC: -22.68 EC: 0.32
OK
>ESP32 watchdog reset
esp_stop 40
ESP> got ip: 192:168:178:47
ESP> connected to ap SSID: Crystal Radio / password:xxxxxxxxx
ESP> socket bound, pESP> got ip: 192:168:178:47
ESP> connected to ap SSID: Crystal Radio / password:xxxxxxxxx
ESP> socket bound, port 23
--- ESP32 WIFI MODULE --- NFT MASTER --- v1.0 - Jan 27 2023 - rb -
stat
CNT: 1079 VBAT: 11.87 IBAT: -57.24 VSOL: 6.02 T: 12.50 RH: 52.00 PAR: 1776 T_EC: -22.64 EC: 0.34
OK
>ESP32 watchdog reset
esp_stop 40
ESP> got ip: 192:168:178:47
ESP> connected to ap SSID: Crystal Radio / password:xxxxxxxxx
ESP> socket bound, pESP> got ip: 192:168:178:47
ESP> connected to ap SSID: Crystal Radio / password:xxxxxxxxx
ESP> socket bound, port 23
--- ESP32 WIFI MODULE --- NFT MASTER --- v1.0 - Jan 27 2023 - rb -
stat
CNT: 1080 VBAT: 11.87 IBAT: -51.59 VSOL: 6.01 T: 12.47 RH: 52.24 PAR: 1776 T_EC: -22.67 EC: 0.35
OK
>ESP32 watchdog reset
esp_stop 40
ESP> got ip: 192:168:178:47
ESP> connected to ap SSID: Crystal Radio / password:xxxxxxxxx
ESP> socket bound, pESP> got ip: 192:168:178:47
ESP> connected to ap SSID: Crystal Radio / password:xxxxxxxxx
ESP> socket bound, port 23
--- ESP32 WIFI MODULE --- NFT MASTER --- v1.0 - Jan 27 2023 - rb -
stat
CNT: 1081 VBAT: 11.87 IBAT: -50.79 VSOL: 6.01 T: 12.46 RH: 52.21 PAR: 1 T_EC: -22.69 EC: 0.33
OK
>ESP32 watchdog reset
esp_stop 40
ESP> got ip: 192:168:178:47
ESP> connected to ap SSID: Crystal Radio / password:xxxxxxxxx
ESP> socket bound, pESP> got ip: 192:168:178:47
ESP> connected to ap SSID: Crystal Radio / password:xxxxxxxxx
ESP> socket bound, port 23
--- ESP32 WIFI MODULE --- NFT MASTER --- v1.0 - Jan 27 2023 - rb -
stat
CNT: 1082 VBAT: 11.87 IBAT: -52.40 VSOL: 6.02 T: 12.42 RH: 52.35 PAR: 1776 T_EC: -22.64 EC: 0.33
OK
>ESP32 watchdog reset
esp_stop 40
ESP> got ip: 192:168:178:47
ESP> connected to ap SSID: Crystal Radio / password:xxxxxxxxx
ESP> socket bound, pESP> got ip: 192:168:178:47
ESP> connected to ap SSID: Crystal Radio / password:xxxxxxxxx
ESP> socket bound, port 23
--- ESP32 WIFI MODULE --- NFT MASTER --- v1.0 - Jan 27 2023 - rb -
stat
CNT: 1083 VBAT: 11.87 IBAT: -49.98 VSOL: 6.02 T: 12.41 RH: 52.15 PAR: 1776 T_EC: -22.65 EC: 0.35
OK
>ESP32 watchdog reset
esp_stop 40
ESP> got ip: 192:168:178:47
ESP> connected to ap SSID: Crystal Radio / password:xxxxxxxxx
ESP> socket bound, pESP> got ip: 192:168:178:47
ESP> connected to ap SSID: Crystal Radio / password:xxxxxxxxx
ESP> socket bound, port 23
--- ESP32 WIFI MODULE --- NFT MASTER --- v1.0 - Jan 27 2023 - rb -
stat
CNT: 1084 VBAT: 11.87 IBAT: -50.79 VSOL: 6.02 T: 12.38 RH: 52.18 PAR: 0 T_EC: -22.68 EC: 0.36
OK
>ESP32 watchdog reset
esp_stop 40
ESP> got ip: 192:168:178:47
ESP> connected to ap SSID: Crystal Radio / password:xxxxxxxxx
ESP> socket bound, pESP> got ip: 192:168:178:47
ESP> connected to ap SSID: Crystal Radio / password:xxxxxxxxx
ESP> socket bound, port 23
--- ESP32 WIFI MODULE --- NFT MASTER --- v1.0 - Jan 27 2023 - rb -
stat
CNT: 1085 VBAT: 11.88 IBAT: -49.17 VSOL: 6.01 T: 12.36 RH: 52.03 PAR: 1776 T_EC: -22.65 EC: 0.33
OK
>ESP32 watchdog reset
esp_stop 40
ESP> got ip: 192:168:178:47
ESP> connected to ap SSID: Crystal Radio / password:xxxxxxxxx
ESP> socket bound, pESP> got ip: 192:168:178:47
ESP> connected to ap SSID: Crystal Radio / password:xxxxxxxxx
ESP> socket bound, port 23
--- ESP32 WIFI MODULE --- NFT MASTER --- v1.0 - Jan 27 2023 - rb -
stat
CNT: 1086 VBAT: 11.87 IBAT: -50.79 VSOL: 6.02 T: 12.32 RH: 52.35 PAR: 0 T_EC: -22.71 EC: 0.34
OK
>ESP32 watchdog reset
esp_stop 40
ESP> got ip: 192:168:178:47
ESP> connected to ap SSID: Crystal Radio / password:xxxxxxxxx
ESP> socket bound, pESP> got ip: 192:168:178:47
ESP> connected to ap SSID: Crystal Radio / password:xxxxxxxxx
ESP> socket bound, port 23
--- ESP32 WIFI MODULE --- NFT MASTER --- v1.0 - Jan 27 2023 - rb -
stat
CNT: 1087 VBAT: 11.87 IBAT: -51.59 VSOL: 6.01 T: 12.32 RH: 52.18 PAR: 5 T_EC: -22.65 EC: 0.32
OK
>ESP32 watchdog reset
esp_stop 40
ESP> got ip: 192:168:178:47
ESP> connected to ap SSID: Crystal Radio / password:xxxxxxxxx
ESP> socket bound, pESP> got ip: 192:168:178:47
ESP> connected to ap SSID: Crystal Radio / password:xxxxxxxxx
ESP> socket bound, port 23
--- ESP32 WIFI MODULE --- NFT MASTER --- v1.0 - Jan 27 2023 - rb -
stat
CNT: 1088 VBAT: 11.88 IBAT: -49.17 VSOL: 6.01 T: 12.28 RH: 51.74 PAR: 2 T_EC: -22.69 EC: 0.33
OK
>ESP32 watchdog reset
esp_stop 40
ESP> got ip: 192:168:178:47
ESP> connected to ap SSID: Crystal Radio / password:xxxxxxxxx
ESP> socket bound, pESP> got ip: 192:168:178:47
ESP> connected to ap SSID: Crystal Radio / password:xxxxxxxxx
ESP> socket bound, port 23
--- ESP32 WIFI MODULE --- NFT MASTER --- v1.0 - Jan 27 2023 - rb -
stat
CNT: 1089 VBAT: 11.87 IBAT: -49.98 VSOL: 6.02 T: 12.26 RH: 52.21 PAR: 1776 T_EC: -22.69 EC: 0.32
OK
>ESP32 watchdog reset
esp_stop 40
ESP> got ip: 192:168:178:47
ESP> connected to ap SSID: Crystal Radio / password:xxxxxxxxx
ESP> socket bound, pESP> got ip: 192:168:178:47
ESP> connected to ap SSID: Crystal Radio / password:xxxxxxxxx
ESP> socket bound, port 23
--- ESP32 WIFI MODULE --- NFT MASTER --- v1.0 - Jan 27 2023 - rb -
stat
CNT: 1090 VBAT: 11.87 IBAT: -67.72 VSOL: 6.01 T: 12.24 RH: 52.27 PAR: 1777 T_EC: -22.65 EC: 0.44
OK
>ESP32 watchdog reset
esp_stop 40
ESP> got ip: 192:168:178:47
ESP> connected to ap SSID: Crystal Radio / password:xxxxxxxxx
ESP> socket bound, pESP> got ip: 192:168:178:47
ESP> connected to ap SSID: Crystal Radio / password:xxxxxxxxx
ESP> socket bound, port 23
--- ESP32 WIFI MODULE --- NFT MASTER --- v1.0 - Jan 27 2023 - rb -
stat
CNT: 1091 VBAT: 11.87 IBAT: -50.79 VSOL: 6.02 T: 12.21 RH: 52.27 PAR: 1776 T_EC: -22.65 EC: 0.34
OK
>ESP32 watchdog reset
esp_stop 40
ESP> got ip: 192:168:178:47
ESP> connected to ap SSID: Crystal Radio / password:xxxxxxxxx
ESP> socket bound, pESP> got ip: 192:168:178:47
ESP> connected to ap SSID: Crystal Radio / password:xxxxxxxxx
ESP> socket bound, port 23
--- ESP32 WIFI MODULE --- NFT MASTER --- v1.0 - Jan 27 2023 - rb -
stat
CNT: 1092 VBAT: 11.87 IBAT: -54.82 VSOL: 6.02 T: 12.20 RH: 52.32 PAR: 1776 T_EC: -22.66 EC: 0.34
OK
>ESP32 watchdog reset
esp_stop 40
ESP> got ip: 192:168:178:47
ESP> connected to ap SSID: Crystal Radio / password:xxxxxxxxx
ESP> socket bound, pESP> got ip: 192:168:178:47
ESP> connected to ap SSID: Crystal Radio / password:xxxxxxxxx
ESP> socket bound, port 23
--- ESP32 WIFI MODULE --- NFT MASTER --- v1.0 - Jan 27 2023 - rb -
stat
CNT: 1093 VBAT: 11.87 IBAT: -50.79 VSOL: 6.02 T: 12.19 RH: 52.70 PAR: 1776 T_EC: -22.66 EC: 0.32
OK
>ESP32 watchdog reset
esp_stop 40
ESP> got ip: 192:168:178:47
ESP> connected to ap SSID: Crystal Radio / password:xxxxxxxxx
ESP> socket bound, pESP> got ip: 192:168:178:47
ESP> connected to ap SSID: Crystal Radio / password:xxxxxxxxx
ESP> socket bound, port 23
--- ESP32 WIFI MODULE --- NFT MASTER --- v1.0 - Jan 27 2023 - rb -
stat
CNT: 1094 VBAT: 11.87 IBAT: -49.98 VSOL: 6.01 T: 12.17 RH: 52.41 PAR: 1776 T_EC: -22.66 EC: 0.35
OK
>ESP32 watchdog reset
esp_stop 40
ESP> got ip: 192:168:178:47
ESP> connected to ap SSID: Crystal Radio / password:xxxxxxxxx
ESP> socket bound, pESP> got ip: 192:168:178:47
ESP> connected to ap SSID: Crystal Radio / password:xxxxxxxxx
ESP> socket bound, port 23
--- ESP32 WIFI MODULE --- NFT MASTER --- v1.0 - Jan 27 2023 - rb -
stat
CNT: 1095 VBAT: 11.87 IBAT: -58.85 VSOL: 6.01 T: 12.16 RH: 52.59 PAR: 1777 T_EC: -22.68 EC: 0.38
OK
>ESP32 watchdog reset
esp_stop 40
ESP> got ip: 192:168:178:47
ESP> connected to ap SSID: Crystal Radio / password:xxxxxxxxx
ESP> socket bound, pESP> got ip: 192:168:178:47
ESP> connected to ap SSID: Crystal Radio / password:xxxxxxxxx
ESP> socket bound, port 23
--- ESP32 WIFI MODULE --- NFT MASTER --- v1.0 - Jan 27 2023 - rb -
stat
CNT: 1096 VBAT: 11.87 IBAT: -50.79 VSOL: 6.01 T: 12.14 RH: 52.64 PAR: 0 T_EC: -22.70 EC: 0.42
OK
>ESP32 watchdog reset
esp_stop 40
ESP> got ip: 192:168:178:47
ESP> connected to ap SSID: Crystal Radio / password:xxxxxxxxx
ESP> socket bound, pESP> got ip: 192:168:178:47
ESP> connected to ap SSID: Crystal Radio / password:xxxxxxxxx
ESP> socket bound, port 23
--- ESP32 WIFI MODULE --- NFT MASTER --- v1.0 - Jan 27 2023 - rb -
stat
CNT: 1097 VBAT: 11.87 IBAT: -84.64 VSOL: 6.01 T: 12.12 RH: 52.44 PAR: 1776 T_EC: -22.68 EC: 0.55
OK
>ESP32 watchdog reset
esp_stop 40
ESP> got ip: 192:168:178:47
ESP> connected to ap SSID: Crystal Radio / password:xxxxxxxxx
ESP> socket bound, pESP> got ip: 192:168:178:47
ESP> connected to ap SSID: Crystal Radio / password:xxxxxxxxx
ESP> socket bound, port 23
--- ESP32 WIFI MODULE --- NFT MASTER --- v1.0 - Jan 27 2023 - rb -
stat
CNT: 1098 VBAT: 11.87 IBAT: -50.79 VSOL: 6.01 T: 12.11 RH: 52.67 PAR: 1776 T_EC: -22.72 EC: 0.34
OK
>ESP32 watchdog reset
esp_stop 40
ESP> got ip: 192:168:178:47
ESP> connected to ap SSID: Crystal Radio / password:xxxxxxxxx
ESP> socket bound, pESP> got ip: 192:168:178:47
ESP> connected to ap SSID: Crystal Radio / password:xxxxxxxxx
ESP> socket bound, port 23
--- ESP32 WIFI MODULE --- NFT MASTER --- v1.0 - Jan 27 2023 - rb -
stat
CNT: 1099 VBAT: 11.87 IBAT: -66.10 VSOL: 6.01 T: 12.09 RH: 52.64 PAR: 1776 T_EC: -22.69 EC: 0.32
OK
>ESP32 watchdog reset
esp_stop 40
ESP> got ip: 192:168:178:47
ESP> connected to ap SSID: Crystal Radio / password:xxxxxxxxx
ESP> socket bound, pESP> got ip: 192:168:178:47
ESP> connected to ap SSID: Crystal Radio / password:xxxxxxxxx
ESP> socket bound, port 23
--- ESP32 WIFI MODULE --- NFT MASTER --- v1.0 - Jan 27 2023 - rb -
stat
CNT: 1100 VBAT: 11.87 IBAT: -54.82 VSOL: 6.01 T: 12.07 RH: 52.24 PAR: 0 T_EC: -22.68 EC: 0.40
OK
>ESP32 watchdog reset
esp_stop 40
ESP> got ip: 192:168:178:47
ESP> connected to ap SSID: Crystal Radio / password:xxxxxxxxx
ESP> socket bound, pESP> got ip: 192:168:178:47
ESP> connected to ap SSID: Crystal Radio / password:xxxxxxxxx
ESP> socket bound, port 23
--- ESP32 WIFI MODULE --- NFT MASTER --- v1.0 - Jan 27 2023 - rb -
stat
CNT: 1101 VBAT: 11.87 IBAT: -53.20 VSOL: 6.01 T: 12.06 RH: 52.88 PAR: 0 T_EC: -22.65 EC: 0.33
OK
>ESP32 watchdog reset
esp_stop 40
ESP> got ip: 192:168:178:47
ESP> connected to ap SSID: Crystal Radio / password:xxxxxxxxx
ESP> socket bound, pESP> got ip: 192:168:178:47
ESP> connected to ap SSID: Crystal Radio / password:xxxxxxxxx
ESP> socket bound, port 23
--- ESP32 WIFI MODULE --- NFT MASTER --- v1.0 - Jan 27 2023 - rb -
stat
CNT: 1102 VBAT: 11.87 IBAT: -51.59 VSOL: 6.01 T: 12.04 RH: 52.47 PAR: 1 T_EC: -22.65 EC: 0.34
OK
>ESP32 watchdog reset
esp_stop 40
ESP> got ip: 192:168:178:47
ESP> connected to ap SSID: Crystal Radio / password:xxxxxxxxx
ESP> socket bound, pESP> got ip: 192:168:178:47
ESP> connected to ap SSID: Crystal Radio / password:xxxxxxxxx
ESP> socket bound, port 23
--- ESP32 WIFI MODULE --- NFT MASTER --- v1.0 - Jan 27 2023 - rb -
stat
CNT: 1103 VBAT: 11.87 IBAT: -54.82 VSOL: 6.02 T: 12.02 RH: 52.88 PAR: 1776 T_EC: -22.68 EC: 0.33
OK
>ESP32 watchdog reset
esp_stop 40
ESP> got ip: 192:168:178:47
ESP> connected to ap SSID: Crystal Radio / password:xxxxxxxxx
ESP> socket bound, pESP> got ip: 192:168:178:47
ESP> connected to ap SSID: Crystal Radio / password:xxxxxxxxx
ESP> socket bound, port 23
--- ESP32 WIFI MODULE --- NFT MASTER --- v1.0 - Jan 27 2023 - rb -
stat
CNT: 1104 VBAT: 11.87 IBAT: -49.98 VSOL: 6.01 T: 12.02 RH: 52.88 PAR: 1777 T_EC: -22.68 EC: 0.42
OK
>ESP32 watchdog reset
esp_stop 40
ESP> got ip: 192:168:178:47
ESP> connected to ap SSID: Crystal Radio / password:xxxxxxxxx
ESP> socket bound, pESP> got ip: 192:168:178:47
ESP> connected to ap SSID: Crystal Radio / password:xxxxxxxxx
ESP> socket bound, port 23
--- ESP32 WIFI MODULE --- NFT MASTER --- v1.0 - Jan 27 2023 - rb -
stat
CNT: 1105 VBAT: 11.87 IBAT: -51.59 VSOL: 6.01 T: 12.02 RH: 53.08 PAR: 0 T_EC: -22.71 EC: 0.34
OK
>ESP32 watchdog reset
esp_stop 40
ESP> got ip: 192:168:178:47
ESP> connected to ap SSID: Crystal Radio / password:xxxxxxxxx
ESP> socket bound, pESP> got ip: 192:168:178:47
ESP> connected to ap SSID: Crystal Radio / password:xxxxxxxxx
ESP> socket bound, port 23
--- ESP32 WIFI MODULE --- NFT MASTER --- v1.0 - Jan 27 2023 - rb -
stat
CNT: 1106 VBAT: 11.87 IBAT: -51.59 VSOL: 6.01 T: 12.00 RH: 52.62 PAR: 1776 T_EC: -22.71 EC: 0.34
OK
>ESP32 watchdog reset
esp_stop 40
ESP> got ip: 192:168:178:47
ESP> connected to ap SSID: Crystal Radio / password:xxxxxxxxx
ESP> socket bound, pESP> got ip: 192:168:178:47
ESP> connected to ap SSID: Crystal Radio / password:xxxxxxxxx
ESP> socket bound, port 23
--- ESP32 WIFI MODULE --- NFT MASTER --- v1.0 - Jan 27 2023 - rb -
stat
CNT: 1107 VBAT: 11.87 IBAT: -51.59 VSOL: 6.01 T: 12.00 RH: 52.64 PAR: 1776 T_EC: -22.65 EC: 0.34
OK
>ESP32 watchdog reset
esp_stop 40
ESP> got ip: 192:168:178:47
ESP> connected to ap SSID: Crystal Radio / password:xxxxxxxxx
ESP> socket bound, pESP> got ip: 192:168:178:47
ESP> connected to ap SSID: Crystal Radio / password:xxxxxxxxx
ESP> socket bound, port 23
--- ESP32 WIFI MODULE --- NFT MASTER --- v1.0 - Jan 27 2023 - rb -
stat
CNT: 1108 VBAT: 11.87 IBAT: -64.49 VSOL: 6.01 T: 11.96 RH: 52.85 PAR: 1776 T_EC: -22.72 EC: 0.52
OK
>ESP32 watchdog reset
esp_stop 40
ESP> got ip: 192:168:178:47
ESP> connected to ap SSID: Crystal Radio / password:xxxxxxxxx
ESP> socket bound, pESP> got ip: 192:168:178:47
ESP> connected to ap SSID: Crystal Radio / password:xxxxxxxxx
ESP> socket bound, port 23
--- ESP32 WIFI MODULE --- NFT MASTER --- v1.0 - Jan 27 2023 - rb -
stat
CNT: 1109 VBAT: 11.87 IBAT: -51.59 VSOL: 6.01 T: 11.96 RH: 52.91 PAR: 1776 T_EC: -22.70 EC: 0.34
OK
>ESP32 watchdog reset
esp_stop 40
ESP> got ip: 192:168:178:47
ESP> connected to ap SSID: Crystal Radio / password:xxxxxxxxx
ESP> socket bound, pESP> got ip: 192:168:178:47
ESP> connected to ap SSID: Crystal Radio / password:xxxxxxxxx
ESP> socket bound, port 23
--- ESP32 WIFI MODULE --- NFT MASTER --- v1.0 - Jan 27 2023 - rb -
stat
CNT: 1110 VBAT: 11.87 IBAT: -57.24 VSOL: 6.01 T: 11.94 RH: 52.93 PAR: 1776 T_EC: -22.67 EC: 0.34
OK
>ESP32 watchdog reset
esp_stop 40
ESP> got ip: 192:168:178:47
ESP> connected to ap SSID: Crystal Radio / password:xxxxxxxxx
ESP> socket bound, pESP> got ip: 192:168:178:47
ESP> connected to ap SSID: Crystal Radio / password:xxxxxxxxx
ESP> socket bound, port 23
--- ESP32 WIFI MODULE --- NFT MASTER --- v1.0 - Jan 27 2023 - rb -
stat
CNT: 1111 VBAT: 11.87 IBAT: -49.98 VSOL: 6.01 T: 11.94 RH: 52.53 PAR: 0 T_EC: -22.66 EC: 0.46
OK
>ESP32 watchdog reset
esp_stop 40
ESP> got ip: 192:168:178:47
ESP> connected to ap SSID: Crystal Radio / password:xxxxxxxxx
ESP> socket bound, pESP> got ip: 192:168:178:47
ESP> connected to ap SSID: Crystal Radio / password:xxxxxxxxx
ESP> socket bound, port 23
--- ESP32 WIFI MODULE --- NFT MASTER --- v1.0 - Jan 27 2023 - rb -
stat
CNT: 1112 VBAT: 11.87 IBAT: -67.72 VSOL: 6.01 T: 11.95 RH: 52.24 PAR: 0 T_EC: -22.67 EC: 0.33
OK
>ESP32 watchdog reset
esp_stop 40
ESP> got ip: 192:168:178:47
ESP> connected to ap SSID: Crystal Radio / password:xxxxxxxxx
ESP> socket bound, pESP> got ip: 192:168:178:47
ESP> connected to ap SSID: Crystal Radio / password:xxxxxxxxx
ESP> socket bound, port 23
--- ESP32 WIFI MODULE --- NFT MASTER --- v1.0 - Jan 27 2023 - rb -
stat
CNT: 1113 VBAT: 11.87 IBAT: -50.79 VSOL: 6.01 T: 12.00 RH: 52.35 PAR: 1776 T_EC: -22.68 EC: 0.35
OK
>ESP32 watchdog reset
esp_stop 40
ESP> got ip: 192:168:178:47
ESP> connected to ap SSID: Crystal Radio / password:xxxxxxxxx
ESP> socket bound, pESP> got ip: 192:168:178:47
ESP> connected to ap SSID: Crystal Radio / password:xxxxxxxxx
ESP> socket bound, port 23
--- ESP32 WIFI MODULE --- NFT MASTER --- v1.0 - Jan 27 2023 - rb -
stat
CNT: 1114 VBAT: 11.87 IBAT: -62.88 VSOL: 6.01 T: 12.08 RH: 52.79 PAR: 4 T_EC: -22.67 EC: 0.36
OK
>ESP32 watchdog reset
esp_stop 40
ESP> got ip: 192:168:178:47
ESP> connected to ap SSID: Crystal Radio / password:xxxxxxxxx
ESP> socket bound, pESP> got ip: 192:168:178:47
ESP> connected to ap SSID: Crystal Radio / password:xxxxxxxxx
ESP> socket bound, port 23
--- ESP32 WIFI MODULE --- NFT MASTER --- v1.0 - Jan 27 2023 - rb -
stat
CNT: 1115 VBAT: 11.87 IBAT: -49.98 VSOL: 6.01 T: 12.18 RH: 52.47 PAR: 0 T_EC: -22.65 EC: 0.32
OK
>ESP32 watchdog reset
esp_stop 40
ESP> got ip: 192:168:178:47
ESP> connected to ap SSID: Crystal Radio / password:xxxxxxxxx
ESP> socket bound, pESP> got ip: 192:168:178:47
ESP> connected to ap SSID: Crystal Radio / password:xxxxxxxxx
ESP> socket bound, port 23
--- ESP32 WIFI MODULE --- NFT MASTER --- v1.0 - Jan 27 2023 - rb -
stat
CNT: 1116 VBAT: 11.87 IBAT: -50.79 VSOL: 6.01 T: 12.25 RH: 52.06 PAR: 1777 T_EC: -22.64 EC: 0.44
OK
>ESP32 watchdog reset
esp_stop 40
ESP> got ip: 192:168:178:47
ESP> connected to ap SSID: Crystal Radio / password:xxxxxxxxx
ESP> socket bound, pESP> got ip: 192:168:178:47
ESP> connected to ap SSID: Crystal Radio / password:xxxxxxxxx
ESP> socket bound, port 23
--- ESP32 WIFI MODULE --- NFT MASTER --- v1.0 - Jan 27 2023 - rb -
stat
CNT: 1117 VBAT: 11.87 IBAT: -49.17 VSOL: 6.01 T: 12.31 RH: 52.21 PAR: 1776 T_EC: -22.67 EC: 0.34
OK
>ESP32 watchdog reset
esp_stop 40
ESP> got ip: 192:168:178:47
ESP> connected to ap SSID: Crystal Radio / password:xxxxxxxxx
ESP> socket bound, pESP> got ip: 192:168:178:47
ESP> connected to ap SSID: Crystal Radio / password:xxxxxxxxx
ESP> socket bound, port 23
--- ESP32 WIFI MODULE --- NFT MASTER --- v1.0 - Jan 27 2023 - rb -
stat
CNT: 1118 VBAT: 11.87 IBAT: -51.59 VSOL: 6.01 T: 12.38 RH: 52.18 PAR: 1776 T_EC: -22.65 EC: 0.43
OK
>ESP32 watchdog reset
esp_stop 40
ESP> got ip: 192:168:178:47
ESP> connected to ap SSID: Crystal Radio / password:xxxxxxxxx
ESP> socket bound, pESP> got ip: 192:168:178:47
ESP> connected to ap SSID: Crystal Radio / password:xxxxxxxxx
ESP> socket bound, port 23
--- ESP32 WIFI MODULE --- NFT MASTER --- v1.0 - Jan 27 2023 - rb -
stat
CNT: 1119 VBAT: 11.87 IBAT: -50.79 VSOL: 6.01 T: 12.47 RH: 52.21 PAR: 0 T_EC: -22.69 EC: 0.35
OK
>ESP32 watchdog reset
esp_stop 40
ESP> got ip: 192:168:178:47
ESP> connected to ap SSID: Crystal Radio / password:xxxxxxxxx
ESP> socket bound, port 23
--- ESP32 WIFI MODULE --- NFT MASTER --- v1.0 - Jan 27 2023 - rb -
stat
CNT: 1120 VBAT: 11.87 IBAT: -50.79 VSOL: 6.01 T: 12.53 RH: 52.06 PAR: 0 T_EC: -22.64 EC: 0.35
OK
>ESP32 watchdog reset
esp_stop 40
ESP> got ip: 192:168:178:47
ESP> connected to ap SSID: Crystal Radio / password:xxxxxxxxx
ESP> socket bound, pESP> got ip: 192:168:178:47
ESP> connected to ap SSID: Crystal Radio / password:xxxxxxxxx
ESP> socket bound, port 23
--- ESP32 WIFI MODULE --- NFT MASTER --- v1.0 - Jan 27 2023 - rb -
stat
CNT: 1121 VBAT: 11.87 IBAT: -52.40 VSOL: 6.01 T: 12.62 RH: 52.53 PAR: 0 T_EC: -22.67 EC: 0.34
OK
>ESP32 watchdog reset
esp_stop 40
ESP> got ip: 192:168:178:47
ESP> connected to ap SSID: Crystal Radio / password:xxxxxxxxx
ESP> socket bound, pESP> got ip: 192:168:178:47
ESP> connected to ap SSID: Crystal Radio / password:xxxxxxxxx
ESP> socket bound, port 23
--- ESP32 WIFI MODULE --- NFT MASTER --- v1.0 - Jan 27 2023 - rb -
stat
CNT: 1122 VBAT: 11.87 IBAT: -50.79 VSOL: 6.01 T: 12.67 RH: 52.47 PAR: 1776 T_EC: -22.68 EC: 0.34
OK
>ESP32 watchdog reset
esp_stop 40
ESP> got ip: 192:168:178:47
ESP> connected to ap SSID: Crystal Radio / password:xxxxxxxxx
ESP> socket bound, pESP> got ip: 192:168:178:47
ESP> connected to ap SSID: Crystal Radio / password:xxxxxxxxx
ESP> socket bound, port 23
--- ESP32 WIFI MODULE --- NFT MASTER --- v1.0 - Jan 27 2023 - rb -
stat
CNT: 1123 VBAT: 11.87 IBAT: -49.98 VSOL: 6.01 T: 12.72 RH: 52.64 PAR: 0 T_EC: -22.63 EC: 0.44
OK
>ESP32 watchdog reset
esp_stop 40
ESP> got ip: 192:168:178:47
ESP> connected to ap SSID: Crystal Radio / password:xxxxxxxxx
ESP> socket bound, pESP> got ip: 192:168:178:47
ESP> connected to ap SSID: Crystal Radio / password:xxxxxxxxx
ESP> socket bound, port 23
--- ESP32 WIFI MODULE --- NFT MASTER --- v1.0 - Jan 27 2023 - rb -
stat
CNT: 1124 VBAT: 11.87 IBAT: -51.59 VSOL: 6.01 T: 12.83 RH: 52.35 PAR: 8 T_EC: -22.64 EC: 0.36
OK
>ESP32 watchdog reset
esp_stop 40
ESP> got ip: 192:168:178:47
ESP> connected to ap SSID: Crystal Radio / password:xxxxxxxxx
ESP> socket bound, pESP> got ip: 192:168:178:47
ESP> connected to ap SSID: Crystal Radio / password:xxxxxxxxx
ESP> socket bound, port 23
--- ESP32 WIFI MODULE --- NFT MASTER --- v1.0 - Jan 27 2023 - rb -
stat
CNT: 1125 VBAT: 11.87 IBAT: -51.59 VSOL: 6.01 T: 12.92 RH: 52.35 PAR: 1776 T_EC: -22.65 EC: 0.33
OK
>ESP32 watchdog reset
esp_stop 40
ESP> got ip: 192:168:178:47
ESP> connected to ap SSID: Crystal Radio / password:xxxxxxxxx
ESP> socket bound, port 23
--- ESP32 WIFI MODULE --- NFT MASTER --- v1.0 - Jan 27 2023 - rb -
stat
CNT: 1126 VBAT: 11.87 IBAT: -55.62 VSOL: 6.01 T: 13.01 RH: 52.24 PAR: 1776 T_EC: -22.71 EC: 0.45
OK
>ESP32 watchdog reset
esp_stop 40
ESP> got ip: 192:168:178:47
ESP> connected to ap SSID: Crystal Radio / password:xxxxxxxxx
ESP> socket bound, pESP> got ip: 192:168:178:47
ESP> connected to ap SSID: Crystal Radio / password:xxxxxxxxx
ESP> socket bound, port 23
--- ESP32 WIFI MODULE --- NFT MASTER --- v1.0 - Jan 27 2023 - rb -
stat
CNT: 1127 VBAT: 11.87 IBAT: -77.39 VSOL: 6.01 T: 13.07 RH: 52.18 PAR: 17 T_EC: -22.65 EC: 0.39
OK
>ESP32 watchdog reset
esp_stop 40
ESP> got ip: 192:168:178:47
ESP> connected to ap SSID: Crystal Radio / password:xxxxxxxxx
ESP> socket bound, pESP> got ip: 192:168:178:47
ESP> connected to ap SSID: Crystal Radio / password:xxxxxxxxx
ESP> socket bound, port 23
--- ESP32 WIFI MODULE --- NFT MASTER --- v1.0 - Jan 27 2023 - rb -
stat
CNT: 1128 VBAT: 11.87 IBAT: -49.98 VSOL: 6.01 T: 13.14 RH: 52.12 PAR: 7 T_EC: -22.63 EC: 0.33
OK
>ESP32 watchdog reset
esp_stop 40
ESP> got ip: 192:168:178:47
ESP> connected to ap SSID: Crystal Radio / password:xxxxxxxxx
ESP> socket bound, pESP> got ip: 192:168:178:47
ESP> connected to ap SSID: Crystal Radio / password:xxxxxxxxx
ESP> socket bound, port 23
--- ESP32 WIFI MODULE --- NFT MASTER --- v1.0 - Jan 27 2023 - rb -
stat
CNT: 1129 VBAT: 11.87 IBAT: -55.62 VSOL: 6.01 T: 13.22 RH: 52.15 PAR: 142 T_EC: -22.66 EC: 0.31
OK
>ESP32 watchdog reset
esp_stop 40
ESP> got ip: 192:168:178:47
ESP> connected to ap SSID: Crystal Radio / password:xxxxxxxxx
ESP> socket bound, pESP> got ip: 192:168:178:47
ESP> connected to ap SSID: Crystal Radio / password:xxxxxxxxx
ESP> socket bound, port 23
--- ESP32 WIFI MODULE --- NFT MASTER --- v1.0 - Jan 27 2023 - rb -
stat
CNT: 1130 VBAT: 11.87 IBAT: -49.17 VSOL: 6.01 T: 13.30 RH: 51.83 PAR: 41 T_EC: -22.68 EC: 0.34
OK
>ESP32 watchdog reset
esp_stop 40
ESP> got ip: 192:168:178:47
ESP> connected to ap SSID: Crystal Radio / password:xxxxxxxxx
ESP> socket bound, pESP> got ip: 192:168:178:47
ESP> connected to ap SSID: Crystal Radio / password:xxxxxxxxx
ESP> socket bound, port 23
--- ESP32 WIFI MODULE --- NFT MASTER --- v1.0 - Jan 27 2023 - rb -
stat
CNT: 1131 VBAT: 11.87 IBAT: -51.59 VSOL: 6.01 T: 13.35 RH: 51.71 PAR: 0 T_EC: -22.66 EC: 0.35
OK
>ESP32 watchdog reset
esp_stop 40
ESP> got ip: 192:168:178:47
ESP> connected to ap SSID: Crystal Radio / password:xxxxxxxxx
ESP> socket bound, pESP> got ip: 192:168:178:47
ESP> connected to ap SSID: Crystal Radio / password:xxxxxxxxx
ESP> socket bound, port 23
--- ESP32 WIFI MODULE --- NFT MASTER --- v1.0 - Jan 27 2023 - rb -
stat
CNT: 1132 VBAT: 11.86 IBAT: -55.62 VSOL: 6.00 T: 13.42 RH: 51.83 PAR: 50 T_EC: -22.74 EC: 0.33
OK
>ESP32 watchdog reset
esp_stop 40
ESP> got ip: 192:168:178:47
ESP> connected to ap SSID: Crystal Radio / password:xxxxxxxxx
ESP> socket bound, pESP> got ip: 192:168:178:47
ESP> connected to ap SSID: Crystal Radio / password:xxxxxxxxx
ESP> socket bound, port 23
--- ESP32 WIFI MODULE --- NFT MASTER --- v1.0 - Jan 27 2023 - rb -
stat
CNT: 1133 VBAT: 11.87 IBAT: -52.40 VSOL: 6.01 T: 13.46 RH: 51.86 PAR: 0 T_EC: -22.66 EC: 0.32
OK
>ESP32 watchdog reset
esp_stop 40
ESP> got ip: 192:168:178:47
ESP> connected to ap SSID: Crystal Radio / password:xxxxxxxxx
ESP> socket bound, pESP> got ip: 192:168:178:47
ESP> connected to ap SSID: Crystal Radio / password:xxxxxxxxx
ESP> socket bound, port 23
--- ESP32 WIFI MODULE --- NFT MASTER --- v1.0 - Jan 27 2023 - rb -
stat
CNT: 1134 VBAT: 11.87 IBAT: -49.98 VSOL: 6.01 T: 13.46 RH: 52.12 PAR: 1776 T_EC: -22.70 EC: 0.34
OK
>ESP32 watchdog reset
esp_stop 40
ESP> got ip: 192:168:178:47
ESP> connected to ap SSID: Crystal Radio / password:xxxxxxxxx
ESP> socket bound, pESP> got ip: 192:168:178:47
ESP> connected to ap SSID: Crystal Radio / password:xxxxxxxxx
ESP> socket bound, port 23
--- ESP32 WIFI MODULE --- NFT MASTER --- v1.0 - Jan 27 2023 - rb -
stat
CNT: 1135 VBAT: 11.87 IBAT: -74.97 VSOL: 6.01 T: 13.44 RH: 52.06 PAR: 0 T_EC: -22.77 EC: 0.50
OK
>ESP32 watchdog reset
esp_stop 40
ESP> got ip: 192:168:178:47
ESP> connected to ap SSID: Crystal Radio / password:xxxxxxxxx
ESP> socket bound, pESP> got ip: 192:168:178:47
ESP> connected to ap SSID: Crystal Radio / password:xxxxxxxxx
ESP> socket bound, port 23
--- ESP32 WIFI MODULE --- NFT MASTER --- v1.0 - Jan 27 2023 - rb -
stat
CNT: 1136 VBAT: 11.86 IBAT: -63.68 VSOL: 6.00 T: 13.43 RH: 52.29 PAR: 1777 T_EC: -22.67 EC: 0.31
OK
>ESP32 watchdog reset
esp_stop 40
ESP> got ip: 192:168:178:47
ESP> connected to ap SSID: Crystal Radio / password:xxxxxxxxx
ESP> socket bound, pESP> got ip: 192:168:178:47
ESP> connected to ap SSID: Crystal Radio / password:xxxxxxxxx
ESP> socket bound, port 23
--- ESP32 WIFI MODULE --- NFT MASTER --- v1.0 - Jan 27 2023 - rb -
stat
CNT: 1137 VBAT: 11.87 IBAT: -52.40 VSOL: 6.01 T: 13.50 RH: 52.70 PAR: 1776 T_EC: -22.67 EC: 0.34
OK
>ESP32 watchdog reset
esp_stop 40
ESP> got ip: 192:168:178:47
ESP> connected to ap SSID: Crystal Radio / password:xxxxxxxxx
ESP> socket bound, pESP> got ip: 192:168:178:47
ESP> connected to ap SSID: Crystal Radio / password:xxxxxxxxx
ESP> socket bound, port 23
--- ESP32 WIFI MODULE --- NFT MASTER --- v1.0 - Jan 27 2023 - rb -
stat
CNT: 1138 VBAT: 11.87 IBAT: -51.59 VSOL: 6.01 T: 13.62 RH: 52.76 PAR: 1776 T_EC: -22.64 EC: 0.33
OK
>ESP32 watchdog reset
esp_stop 40
ESP> got ip: 192:168:178:47
ESP> connected to ap SSID: Crystal Radio / password:xxxxxxxxx
ESP> socket bound, pESP> got ip: 192:168:178:47
ESP> connected to ap SSID: Crystal Radio / password:xxxxxxxxx
ESP> socket bound, port 23
--- ESP32 WIFI MODULE --- NFT MASTER --- v1.0 - Jan 27 2023 - rb -
stat
CNT: 1139 VBAT: 11.87 IBAT: -56.43 VSOL: 6.01 T: 13.73 RH: 52.76 PAR: 0 T_EC: -22.67 EC: 0.34
OK
>ESP32 watchdog reset
esp_stop 40
ESP> got ip: 192:168:178:47
ESP> connected to ap SSID: Crystal Radio / password:xxxxxxxxx
ESP> socket bound, pESP> got ip: 192:168:178:47
ESP> connected to ap SSID: Crystal Radio / password:xxxxxxxxx
ESP> socket bound, port 23
--- ESP32 WIFI MODULE --- NFT MASTER --- v1.0 - Jan 27 2023 - rb -
stat
CNT: 1140 VBAT: 11.87 IBAT: -53.20 VSOL: 6.01 T: 13.83 RH: 52.62 PAR: 0 T_EC: -22.68 EC: 0.35
OK
>ESP32 watchdog reset
esp_stop 40
ESP> got ip: 192:168:178:47
ESP> connected to ap SSID: Crystal Radio / password:xxxxxxxxx
ESP> socket bound, pESP> got ip: 192:168:178:47
ESP> connected to ap SSID: Crystal Radio / password:xxxxxxxxx
ESP> socket bound, port 23
--- ESP32 WIFI MODULE --- NFT MASTER --- v1.0 - Jan 27 2023 - rb -
stat
CNT: 1141 VBAT: 11.87 IBAT: -54.82 VSOL: 6.01 T: 13.92 RH: 52.29 PAR: 3 T_EC: -22.69 EC: 0.34
OK
>ESP32 watchdog reset
esp_stop 40
ESP> got ip: 192:168:178:47
ESP> connected to ap SSID: Crystal Radio / password:xxxxxxxxx
ESP> socket bound, pESP> got ip: 192:168:178:47
ESP> connected to ap SSID: Crystal Radio / password:xxxxxxxxx
ESP> socket bound, port 23
--- ESP32 WIFI MODULE --- NFT MASTER --- v1.0 - Jan 27 2023 - rb -
stat
CNT: 1142 VBAT: 11.86 IBAT: -68.52 VSOL: 6.00 T: 13.96 RH: 52.09 PAR: 1776 T_EC: -22.67 EC: 0.36
OK
>ESP32 watchdog reset
esp_stop 40
ESP> got ip: 192:168:178:47
ESP> connected to ap SSID: Crystal Radio / password:xxxxxxxxx
ESP> socket bound, pESP> got ip: 192:168:178:47
ESP> connected to ap SSID: Crystal Radio / password:xxxxxxxxx
ESP> socket bound, port 23
--- ESP32 WIFI MODULE --- NFT MASTER --- v1.0 - Jan 27 2023 - rb -
stat
CNT: 1143 VBAT: 11.86 IBAT: -80.61 VSOL: 6.00 T: 14.00 RH: 51.86 PAR: 1776 T_EC: -22.72 EC: 0.43
OK
>ESP32 watchdog reset
esp_stop 40
ESP> got ip: 192:168:178:47
ESP> connected to ap SSID: Crystal Radio / password:xxxxxxxxx
ESP> socket bound, pESP> got ip: 192:168:178:47
ESP> connected to ap SSID: Crystal Radio / password:xxxxxxxxx
ESP> socket bound, port 23
--- ESP32 WIFI MODULE --- NFT MASTER --- v1.0 - Jan 27 2023 - rb -
stat
CNT: 1144 VBAT: 11.87 IBAT: -49.98 VSOL: 6.01 T: 14.00 RH: 51.80 PAR: 1776 T_EC: -22.68 EC: 0.33
OK
>ESP32 watchdog reset
esp_stop 40
ESP> got ip: 192:168:178:47
ESP> connected to ap SSID: Crystal Radio / password:xxxxxxxxx
ESP> socket bound, pESP> got ip: 192:168:178:47
ESP> connected to ap SSID: Crystal Radio / password:xxxxxxxxx
ESP> socket bound, port 23
--- ESP32 WIFI MODULE --- NFT MASTER --- v1.0 - Jan 27 2023 - rb -
stat
CNT: 1145 VBAT: 11.87 IBAT: -49.98 VSOL: 6.01 T: 14.02 RH: 51.59 PAR: 1776 T_EC: -22.69 EC: 0.33
OK
>ESP32 watchdog reset
esp_stop 40
ESP> got ip: 192:168:178:47
ESP> connected to ap SSID: Crystal Radio / password:xxxxxxxxx
ESP> socket bound, pESP> got ip: 192:168:178:47
ESP> connected to ap SSID: Crystal Radio / password:xxxxxxxxx
ESP> socket bound, port 23
--- ESP32 WIFI MODULE --- NFT MASTER --- v1.0 - Jan 27 2023 - rb -
stat
CNT: 1146 VBAT: 11.87 IBAT: -50.79 VSOL: 6.01 T: 14.02 RH: 51.59 PAR: 1 T_EC: -22.66 EC: 0.34
OK
>ESP32 watchdog reset
esp_stop 40
ESP> got ip: 192:168:178:47
ESP> connected to ap SSID: Crystal Radio / password:xxxxxxxxx
ESP> socket bound, pESP> got ip: 192:168:178:47
ESP> connected to ap SSID: Crystal Radio / password:xxxxxxxxx
ESP> socket bound, port 23
--- ESP32 WIFI MODULE --- NFT MASTER --- v1.0 - Jan 27 2023 - rb -
stat
CNT: 1147 VBAT: 11.87 IBAT: -49.17 VSOL: 6.01 T: 13.96 RH: 51.33 PAR: 0 T_EC: -22.67 EC: 0.33
OK
>ESP32 watchdog reset
esp_stop 40
ESP> got ip: 192:168:178:47
ESP> connected to ap SSID: Crystal Radio / password:xxxxxxxxx
ESP> socket bound, pESP> got ip: 192:168:178:47
ESP> connected to ap SSID: Crystal Radio / password:xxxxxxxxx
ESP> socket bound, port 23
--- ESP32 WIFI MODULE --- NFT MASTER --- v1.0 - Jan 27 2023 - rb -
stat
CNT: 1148 VBAT: 11.86 IBAT: -49.98 VSOL: 6.01 T: 13.88 RH: 51.24 PAR: 0 T_EC: -22.70 EC: 0.36
OK
>ESP32 watchdog reset
esp_stop 40
ESP> got ip: 192:168:178:47
ESP> connected to ap SSID: Crystal Radio / password:xxxxxxxxx
ESP> socket bound, pESP> got ip: 192:168:178:47
ESP> connected to ap SSID: Crystal Radio / password:xxxxxxxxx
ESP> socket bound, port 23
--- ESP32 WIFI MODULE --- NFT MASTER --- v1.0 - Jan 27 2023 - rb -
stat
CNT: 1149 VBAT: 11.87 IBAT: -49.98 VSOL: 6.01 T: 13.82 RH: 51.15 PAR: 1776 T_EC: -22.65 EC: 0.36
OK
>ESP32 watchdog reset
esp_stop 40
ESP> got ip: 192:168:178:47
ESP> connected to ap SSID: Crystal Radio / password:xxxxxxxxx
ESP> socket bound, pESP> got ip: 192:168:178:47
ESP> connected to ap SSID: Crystal Radio / password:xxxxxxxxx
ESP> socket bound, port 23
--- ESP32 WIFI MODULE --- NFT MASTER --- v1.0 - Jan 27 2023 - rb -
stat
CNT: 1150 VBAT: 11.87 IBAT: -51.59 VSOL: 6.01 T: 13.72 RH: 51.07 PAR: 1776 T_EC: -22.68 EC: 0.39
OK
>ESP32 watchdog reset
esp_stop 40
ESP> got ip: 192:168:178:47
ESP> connected to ap SSID: Crystal Radio / password:xxxxxxxxx
ESP> socket bound, pESP> got ip: 192:168:178:47
ESP> connected to ap SSID: Crystal Radio / password:xxxxxxxxx
ESP> socket bound, port 23
--- ESP32 WIFI MODULE --- NFT MASTER --- v1.0 - Jan 27 2023 - rb -
stat
CNT: 1151 VBAT: 11.87 IBAT: -50.79 VSOL: 6.01 T: 13.61 RH: 51.01 PAR: 0 T_EC: -22.74 EC: 0.33
OK
>ESP32 watchdog reset
esp_stop 40
ESP> got ip: 192:168:178:47
ESP> connected to ap SSID: Crystal Radio / password:xxxxxxxxx
ESP> socket bound, pESP> got ip: 192:168:178:47
ESP> connected to ap SSID: Crystal Radio / password:xxxxxxxxx
ESP> socket bound, port 23
--- ESP32 WIFI MODULE --- NFT MASTER --- v1.0 - Jan 27 2023 - rb -
stat
CNT: 1152 VBAT: 11.86 IBAT: -70.13 VSOL: 6.01 T: 13.52 RH: 50.86 PAR: 0 T_EC: -22.68 EC: 0.33
OK
>ESP32 watchdog reset
esp_stop 40
ESP> got ip: 192:168:178:47
ESP> connected to ap SSID: Crystal Radio / password:xxxxxxxxx
ESP> socket bound, pESP> got ip: 192:168:178:47
ESP> connected to ap SSID: Crystal Radio / password:xxxxxxxxx
ESP> socket bound, port 23
--- ESP32 WIFI MODULE --- NFT MASTER --- v1.0 - Jan 27 2023 - rb -
stat
CNT: 1153 VBAT: 11.86 IBAT: -49.98 VSOL: 6.01 T: 13.44 RH: 51.07 PAR: 16 T_EC: -22.67 EC: 0.34
OK
>ESP32 watchdog reset
esp_stop 40
ESP> got ip: 192:168:178:47
ESP> connected to ap SSID: Crystal Radio / password:xxxxxxxxx
ESP> socket bound, pESP> got ip: 192:168:178:47
ESP> connected to ap SSID: Crystal Radio / password:xxxxxxxxx
ESP> socket bound, port 23
--- ESP32 WIFI MODULE --- NFT MASTER --- v1.0 - Jan 27 2023 - rb -
stat
CNT: 1154 VBAT: 11.86 IBAT: -70.94 VSOL: 6.01 T: 13.36 RH: 51.15 PAR: 1776 T_EC: -22.64 EC: 0.45
OK
>ESP32 watchdog reset
esp_stop 40
ESP> got ip: 192:168:178:47
ESP> connected to ap SSID: Crystal Radio / password:xxxxxxxxx
ESP> socket bound, pESP> got ip: 192:168:178:47
ESP> connected to ap SSID: Crystal Radio / password:xxxxxxxxx
ESP> socket bound, port 23
--- ESP32 WIFI MODULE --- NFT MASTER --- v1.0 - Jan 27 2023 - rb -
stat
CNT: 1155 VBAT: 11.87 IBAT: -50.79 VSOL: 6.01 T: 13.29 RH: 51.24 PAR: 1777 T_EC: -22.69 EC: 0.34
OK
>ESP32 watchdog reset
esp_stop 40
ESP> got ip: 192:168:178:47
ESP> connected to ap SSID: Crystal Radio / password:xxxxxxxxx
ESP> socket bound, pESP> got ip: 192:168:178:47
ESP> connected to ap SSID: Crystal Radio / password:xxxxxxxxx
ESP> socket bound, port 23
--- ESP32 WIFI MODULE --- NFT MASTER --- v1.0 - Jan 27 2023 - rb -
stat
CNT: 1156 VBAT: 11.86 IBAT: -49.98 VSOL: 6.00 T: 13.23 RH: 51.27 PAR: 1776 T_EC: -22.69 EC: 0.35
OK
>ESP32 watchdog reset
esp_stop 40
ESP> got ip: 192:168:178:47
ESP> connected to ap SSID: Crystal Radio / password:xxxxxxxxx
ESP> socket bound, pESP> got ip: 192:168:178:47
ESP> connected to ap SSID: Crystal Radio / password:xxxxxxxxx
ESP> socket bound, port 23
--- ESP32 WIFI MODULE --- NFT MASTER --- v1.0 - Jan 27 2023 - rb -
stat
CNT: 1157 VBAT: 11.86 IBAT: -50.79 VSOL: 6.01 T: 13.16 RH: 51.24 PAR: 0 T_EC: -22.67 EC: 0.32
OK
>ESP32 watchdog reset
esp_stop 40
ESP> got ip: 192:168:178:47
ESP> connected to ap SSID: Crystal Radio / password:xxxxxxxxx
ESP> socket bound, pESP> got ip: 192:168:178:47
ESP> connected to ap SSID: Crystal Radio / password:xxxxxxxxx
ESP> socket bound, port 23
--- ESP32 WIFI MODULE --- NFT MASTER --- v1.0 - Jan 27 2023 - rb -
stat
CNT: 1158 VBAT: 11.87 IBAT: -51.59 VSOL: 6.01 T: 13.12 RH: 51.51 PAR: 1128 T_EC: -22.73 EC: 0.36
OK
>ESP32 watchdog reset
esp_stop 40
ESP> got ip: 192:168:178:47
ESP> connected to ap SSID: Crystal Radio / password:xxxxxxxxx
ESP> socket bound, pESP> got ip: 192:168:178:47
ESP> connected to ap SSID: Crystal Radio / password:xxxxxxxxx
ESP> socket bound, port 23
--- ESP32 WIFI MODULE --- NFT MASTER --- v1.0 - Jan 27 2023 - rb -
stat
CNT: 1159 VBAT: 11.86 IBAT: -51.59 VSOL: 6.01 T: 13.08 RH: 51.33 PAR: 5 T_EC: -22.68 EC: 0.34
OK
>ESP32 watchdog reset
esp_stop 40
ESP> got ip: 192:168:178:47
ESP> connected to ap SSID: Crystal Radio / password:xxxxxxxxx
ESP> socket bound, port 23
--- ESP32 WIFI MODULE --- NFT MASTER --- v1.0 - Jan 27 2023 - rb -
stat
CNT: 1160 VBAT: 11.86 IBAT: -50.79 VSOL: 6.00 T: 13.04 RH: 51.48 PAR: 1776 T_EC: -22.67 EC: 0.34
OK
>ESP32 watchdog reset
esp_stop 40
ESP> got ip: 192:168:178:47
ESP> connected to ap SSID: Crystal Radio / password:xxxxxxxxx
ESP> socket bound, pESP> got ip: 192:168:178:47
ESP> connected to ap SSID: Crystal Radio / password:xxxxxxxxx
ESP> socket bound, port 23
--- ESP32 WIFI MODULE --- NFT MASTER --- v1.0 - Jan 27 2023 - rb -
stat
CNT: 1161 VBAT: 11.86 IBAT: -66.91 VSOL: 6.01 T: 13.00 RH: 51.54 PAR: 1776 T_EC: -22.67 EC: 0.34
OK
>ESP32 watchdog reset
esp_stop 40
ESP> got ip: 192:168:178:47
ESP> connected to ap SSID: Crystal Radio / password:xxxxxxxxx
ESP> socket bound, pESP> got ip: 192:168:178:47
ESP> connected to ap SSID: Crystal Radio / password:xxxxxxxxx
ESP> socket bound, port 23
--- ESP32 WIFI MODULE --- NFT MASTER --- v1.0 - Jan 27 2023 - rb -
stat
CNT: 1162 VBAT: 11.86 IBAT: -49.17 VSOL: 6.01 T: 12.96 RH: 51.77 PAR: 0 T_EC: -22.68 EC: 0.34
OK
>ESP32 watchdog reset
esp_stop 40
ESP> got ip: 192:168:178:47
ESP> connected to ap SSID: Crystal Radio / password:xxxxxxxxx
ESP> socket bound, pESP> got ip: 192:168:178:47
ESP> connected to ap SSID: Crystal Radio / password:xxxxxxxxx
ESP> socket bound, port 23
--- ESP32 WIFI MODULE --- NFT MASTER --- v1.0 - Jan 27 2023 - rb -
stat
CNT: 1163 VBAT: 11.86 IBAT: -48.37 VSOL: 6.00 T: 12.94 RH: 51.83 PAR: 1 T_EC: -22.71 EC: 0.36
OK
>ESP32 watchdog reset
esp_stop 40
ESP> got ip: 192:168:178:47
ESP> connected to ap SSID: Crystal Radio / password:xxxxxxxxx
ESP> socket bound, pESP> got ip: 192:168:178:47
ESP> connected to ap SSID: Crystal Radio / password:xxxxxxxxx
ESP> socket bound, port 23
--- ESP32 WIFI MODULE --- NFT MASTER --- v1.0 - Jan 27 2023 - rb -
stat
CNT: 1164 VBAT: 11.86 IBAT: -67.72 VSOL: 6.01 T: 12.90 RH: 51.83 PAR: 1776 T_EC: -22.69 EC: 0.34
OK
>ESP32 watchdog reset
esp_stop 40
ESP> got ip: 192:168:178:47
ESP> connected to ap SSID: Crystal Radio / password:xxxxxxxxx
ESP> socket bound, pESP> got ip: 192:168:178:47
ESP> connected to ap SSID: Crystal Radio / password:xxxxxxxxx
ESP> socket bound, port 23
--- ESP32 WIFI MODULE --- NFT MASTER --- v1.0 - Jan 27 2023 - rb -
stat
CNT: 1165 VBAT: 11.86 IBAT: -49.17 VSOL: 6.01 T: 12.87 RH: 51.83 PAR: 1777 T_EC: -22.68 EC: 0.34
OK
>ESP32 watchdog reset
esp_stop 40
ESP> got ip: 192:168:178:47
ESP> connected to ap SSID: Crystal Radio / password:xxxxxxxxx
ESP> socket bound, pESP> got ip: 192:168:178:47
ESP> connected to ap SSID: Crystal Radio / password:xxxxxxxxx
ESP> socket bound, port 23
--- ESP32 WIFI MODULE --- NFT MASTER --- v1.0 - Jan 27 2023 - rb -
stat
CNT: 1166 VBAT: 11.86 IBAT: -59.65 VSOL: 6.01 T: 12.84 RH: 51.89 PAR: 0 T_EC: -22.69 EC: 0.33
OK
>ESP32 watchdog reset
esp_stop 40
ESP> got ip: 192:168:178:47
ESP> connected to ap SSID: Crystal Radio / password:xxxxxxxxx
ESP> socket bound, pESP> got ip: 192:168:178:47
ESP> connected to ap SSID: Crystal Radio / password:xxxxxxxxx
ESP> socket bound, port 23
--- ESP32 WIFI MODULE --- NFT MASTER --- v1.0 - Jan 27 2023 - rb -
stat
CNT: 1167 VBAT: 11.86 IBAT: -48.37 VSOL: 6.00 T: 12.80 RH: 51.97 PAR: 1776 T_EC: -22.67 EC: 0.35
OK
>ESP32 watchdog reset
esp_stop 40
ESP> got ip: 192:168:178:47
ESP> connected to ap SSID: Crystal Radio / password:xxxxxxxxx
ESP> socket bound, pESP> got ip: 192:168:178:47
ESP> connected to ap SSID: Crystal Radio / password:xxxxxxxxx
ESP> socket bound, port 23
--- ESP32 WIFI MODULE --- NFT MASTER --- v1.0 - Jan 27 2023 - rb -
stat
CNT: 1168 VBAT: 11.86 IBAT: -54.01 VSOL: 6.00 T: 12.79 RH: 52.06 PAR: 1 T_EC: -22.72 EC: 0.35
OK
>ESP32 watchdog reset
esp_stop 40
ESP> got ip: 192:168:178:47
ESP> connected to ap SSID: Crystal Radio / password:xxxxxxxxx
ESP> socket bound, pESP> got ip: 192:168:178:47
ESP> connected to ap SSID: Crystal Radio / password:xxxxxxxxx
ESP> socket bound, port 23
--- ESP32 WIFI MODULE --- NFT MASTER --- v1.0 - Jan 27 2023 - rb -
stat
CNT: 1169 VBAT: 11.86 IBAT: -52.40 VSOL: 6.01 T: 12.77 RH: 52.09 PAR: 1777 T_EC: -22.67 EC: 0.34
OK
>ESP32 watchdog reset
esp_stop 40
ESP> got ip: 192:168:178:47
ESP> connected to ap SSID: Crystal Radio / password:xxxxxxxxx
ESP> socket bound, pESP> got ip: 192:168:178:47
ESP> connected to ap SSID: Crystal Radio / password:xxxxxxxxx
ESP> socket bound, port 23
--- ESP32 WIFI MODULE --- NFT MASTER --- v1.0 - Jan 27 2023 - rb -
stat
CNT: 1170 VBAT: 11.86 IBAT: -53.20 VSOL: 6.01 T: 12.74 RH: 52.29 PAR: 0 T_EC: -22.64 EC: 0.33
OK
>ESP32 watchdog reset
esp_stop 40
ESP> got ip: 192:168:178:47
ESP> connected to ap SSID: Crystal Radio / password:xxxxxxxxx
ESP> socket bound, pESP> got ip: 192:168:178:47
ESP> connected to ap SSID: Crystal Radio / password:xxxxxxxxx
ESP> socket bound, port 23
--- ESP32 WIFI MODULE --- NFT MASTER --- v1.0 - Jan 27 2023 - rb -
stat
CNT: 1171 VBAT: 11.87 IBAT: -50.79 VSOL: 6.01 T: 12.72 RH: 52.21 PAR: 0 T_EC: -22.68 EC: 0.33
OK
>ESP32 watchdog reset
esp_stop 40
ESP> got ip: 192:168:178:47
ESP> connected to ap SSID: Crystal Radio / password:xxxxxxxxx
ESP> socket bound, pESP> got ip: 192:168:178:47
ESP> connected to ap SSID: Crystal Radio / password:xxxxxxxxx
ESP> socket bound, port 23
--- ESP32 WIFI MODULE --- NFT MASTER --- v1.0 - Jan 27 2023 - rb -
stat
CNT: 1172 VBAT: 11.86 IBAT: -52.40 VSOL: 6.00 T: 12.69 RH: 52.47 PAR: 0 T_EC: -22.67 EC: 0.34
OK
>ESP32 watchdog reset
esp_stop 40
ESP> got ip: 192:168:178:47
ESP> connected to ap SSID: Crystal Radio / password:xxxxxxxxx
ESP> socket bound, pESP> got ip: 192:168:178:47
ESP> connected to ap SSID: Crystal Radio / password:xxxxxxxxx
ESP> socket bound, port 23
--- ESP32 WIFI MODULE --- NFT MASTER --- v1.0 - Jan 27 2023 - rb -
stat
CNT: 1173 VBAT: 11.86 IBAT: -66.91 VSOL: 6.01 T: 12.67 RH: 52.41 PAR: 1776 T_EC: -22.70 EC: 0.44
OK
>ESP32 watchdog reset
esp_stop 40
ESP> got ip: 192:168:178:47
ESP> connected to ap SSID: Crystal Radio / password:xxxxxxxxx
ESP> socket bound, pESP> got ip: 192:168:178:47
ESP> connected to ap SSID: Crystal Radio / password:xxxxxxxxx
ESP> socket bound, port 23
--- ESP32 WIFI MODULE --- NFT MASTER --- v1.0 - Jan 27 2023 - rb -
stat
CNT: 1174 VBAT: 11.86 IBAT: -49.17 VSOL: 6.01 T: 12.65 RH: 52.24 PAR: 1776 T_EC: -22.64 EC: 0.36
OK
>ESP32 watchdog reset
esp_stop 40
ESP> got ip: 192:168:178:47
ESP> connected to ap SSID: Crystal Radio / password:xxxxxxxxx
ESP> socket bound, pESP> got ip: 192:168:178:47
ESP> connected to ap SSID: Crystal Radio / password:xxxxxxxxx
ESP> socket bound, port 23
--- ESP32 WIFI MODULE --- NFT MASTER --- v1.0 - Jan 27 2023 - rb -
stat
CNT: 1175 VBAT: 11.86 IBAT: -55.62 VSOL: 6.01 T: 12.62 RH: 52.35 PAR: 1776 T_EC: -22.69 EC: 0.39
OK
>ESP32 watchdog reset
esp_stop 40
ESP> got ip: 192:168:178:47
ESP> connected to ap SSID: Crystal Radio / password:xxxxxxxxx
ESP> socket bound, pESP> got ip: 192:168:178:47
ESP> connected to ap SSID: Crystal Radio / password:xxxxxxxxx
ESP> socket bound, port 23
--- ESP32 WIFI MODULE --- NFT MASTER --- v1.0 - Jan 27 2023 - rb -
stat
CNT: 1176 VBAT: 11.86 IBAT: -49.98 VSOL: 6.01 T: 12.60 RH: 52.32 PAR: 1776 T_EC: -22.70 EC: 0.36
OK
>ESP32 watchdog reset
esp_stop 40
ESP> got ip: 192:168:178:47
ESP> connected to ap SSID: Crystal Radio / password:xxxxxxxxx
ESP> socket bound, pESP> got ip: 192:168:178:47
ESP> connected to ap SSID: Crystal Radio / password:xxxxxxxxx
ESP> socket bound, port 23
--- ESP32 WIFI MODULE --- NFT MASTER --- v1.0 - Jan 27 2023 - rb -
stat
CNT: 1177 VBAT: 11.86 IBAT: -56.43 VSOL: 6.01 T: 12.58 RH: 52.47 PAR: 0 T_EC: -22.72 EC: 0.35
OK
>ESP32 watchdog reset
esp_stop 40
ESP> got ip: 192:168:178:47
ESP> connected to ap SSID: Crystal Radio / password:xxxxxxxxx
ESP> socket bound, pESP> got ip: 192:168:178:47
ESP> connected to ap SSID: Crystal Radio / password:xxxxxxxxx
ESP> socket bound, port 23
--- ESP32 WIFI MODULE --- NFT MASTER --- v1.0 - Jan 27 2023 - rb -
stat
CNT: 1178 VBAT: 11.86 IBAT: -51.59 VSOL: 6.00 T: 12.56 RH: 52.41 PAR: 1777 T_EC: -22.72 EC: 0.34
OK
>ESP32 watchdog reset
esp_stop 40
ESP> got ip: 192:168:178:47
ESP> connected to ap SSID: Crystal Radio / password:xxxxxxxxx
ESP> socket bound, pESP> got ip: 192:168:178:47
ESP> connected to ap SSID: Crystal Radio / password:xxxxxxxxx
ESP> socket bound, port 23
--- ESP32 WIFI MODULE --- NFT MASTER --- v1.0 - Jan 27 2023 - rb -
stat
CNT: 1179 VBAT: 11.86 IBAT: -50.79 VSOL: 6.00 T: 12.53 RH: 52.50 PAR: 0 T_EC: -22.67 EC: 0.34
OK
>ESP32 watchdog reset
esp_stop 40
ESP> got ip: 192:168:178:47
ESP> connected to ap SSID: Crystal Radio / password:xxxxxxxxx
ESP> socket bound, pESP> got ip: 192:168:178:47
ESP> connected to ap SSID: Crystal Radio / password:xxxxxxxxx
ESP> socket bound, port 23
--- ESP32 WIFI MODULE --- NFT MASTER --- v1.0 - Jan 27 2023 - rb -
stat
CNT: 1180 VBAT: 11.86 IBAT: -67.72 VSOL: 6.01 T: 12.50 RH: 52.50 PAR: 1776 T_EC: -22.69 EC: 0.43
OK
>ESP32 watchdog reset
esp_stop 40
ESP> got ip: 192:168:178:47
ESP> connected to ap SSID: Crystal Radio / password:xxxxxxxxx
ESP> socket bound, pESP> got ip: 192:168:178:47
ESP> connected to ap SSID: Crystal Radio / password:xxxxxxxxx
ESP> socket bound, port 23
--- ESP32 WIFI MODULE --- NFT MASTER --- v1.0 - Jan 27 2023 - rb -
stat
CNT: 1181 VBAT: 11.86 IBAT: -51.59 VSOL: 6.01 T: 12.50 RH: 52.70 PAR: 0 T_EC: -22.68 EC: 0.35
OK
>ESP32 watchdog reset
esp_stop 40
ESP> got ip: 192:168:178:47
ESP> connected to ap SSID: Crystal Radio / password:xxxxxxxxx
ESP> socket bound, pESP> got ip: 192:168:178:47
ESP> connected to ap SSID: Crystal Radio / password:xxxxxxxxx
ESP> socket bound, port 23
--- ESP32 WIFI MODULE --- NFT MASTER --- v1.0 - Jan 27 2023 - rb -
stat
CNT: 1182 VBAT: 11.86 IBAT: -50.79 VSOL: 6.00 T: 12.48 RH: 52.67 PAR: 1 T_EC: -22.66 EC: 0.36
OK
>ESP32 watchdog reset
esp_stop 40
ESP> got ip: 192:168:178:47
ESP> connected to ap SSID: Crystal Radio / password:xxxxxxxxx
ESP> socket bound, pESP> got ip: 192:168:178:47
ESP> connected to ap SSID: Crystal Radio / password:xxxxxxxxx
ESP> socket bound, port 23
--- ESP32 WIFI MODULE --- NFT MASTER --- v1.0 - Jan 27 2023 - rb -
stat
CNT: 1183 VBAT: 11.86 IBAT: -57.24 VSOL: 6.01 T: 12.46 RH: 52.88 PAR: 1776 T_EC: -22.70 EC: 0.36
OK
>ESP32 watchdog reset
esp_stop 40
ESP> got ip: 192:168:178:47
ESP> connected to ap SSID: Crystal Radio / password:xxxxxxxxx
ESP> socket bound, pESP> got ip: 192:168:178:47
ESP> connected to ap SSID: Crystal Radio / password:xxxxxxxxx
ESP> socket bound, port 23
--- ESP32 WIFI MODULE --- NFT MASTER --- v1.0 - Jan 27 2023 - rb -
stat
CNT: 1184 VBAT: 11.86 IBAT: -49.98 VSOL: 6.00 T: 12.45 RH: 52.88 PAR: 14 T_EC: -22.66 EC: 0.35
OK
>ESP32 watchdog reset
esp_stop 40
ESP> got ip: 192:168:178:47
ESP> connected to ap SSID: Crystal Radio / password:xxxxxxxxx
ESP> socket bound, pESP> got ip: 192:168:178:47
ESP> connected to ap SSID: Crystal Radio / password:xxxxxxxxx
ESP> socket bound, port 23
--- ESP32 WIFI MODULE --- NFT MASTER --- v1.0 - Jan 27 2023 - rb -
stat
CNT: 1185 VBAT: 11.86 IBAT: -52.40 VSOL: 6.01 T: 12.43 RH: 52.88 PAR: 0 T_EC: -22.65 EC: 0.34
OK
>ESP32 watchdog reset
esp_stop 40
ESP> got ip: 192:168:178:47
ESP> connected to ap SSID: Crystal Radio / password:xxxxxxxxx
ESP> socket bound, pESP> got ip: 192:168:178:47
ESP> connected to ap SSID: Crystal Radio / password:xxxxxxxxx
ESP> socket bound, port 23
--- ESP32 WIFI MODULE --- NFT MASTER --- v1.0 - Jan 27 2023 - rb -
stat
CNT: 1186 VBAT: 11.86 IBAT: -49.17 VSOL: 6.00 T: 12.42 RH: 52.88 PAR: 1 T_EC: -22.65 EC: 0.36
OK
>ESP32 watchdog reset
esp_stop 40
ESP> got ip: 192:168:178:47
ESP> connected to ap SSID: Crystal Radio / password:xxxxxxxxx
ESP> socket bound, pESP> got ip: 192:168:178:47
ESP> connected to ap SSID: Crystal Radio / password:xxxxxxxxx
ESP> socket bound, port 23
--- ESP32 WIFI MODULE --- NFT MASTER --- v1.0 - Jan 27 2023 - rb -
stat
CNT: 1187 VBAT: 11.86 IBAT: -51.59 VSOL: 6.01 T: 12.40 RH: 52.85 PAR: 1776 T_EC: -22.65 EC: 0.37
OK
>ESP32 watchdog reset
esp_stop 40
ESP> got ip: 192:168:178:47
ESP> connected to ap SSID: Crystal Radio / password:xxxxxxxxx
ESP> socket bound, pESP> got ip: 192:168:178:47
ESP> connected to ap SSID: Crystal Radio / password:xxxxxxxxx
ESP> socket bound, port 23
--- ESP32 WIFI MODULE --- NFT MASTER --- v1.0 - Jan 27 2023 - rb -
stat
CNT: 1188 VBAT: 11.86 IBAT: -53.20 VSOL: 6.01 T: 12.39 RH: 52.91 PAR: 1777 T_EC: -22.72 EC: 0.40
OK
>ESP32 watchdog reset
esp_stop 40
ESP> got ip: 192:168:178:47
ESP> connected to ap SSID: Crystal Radio / password:xxxxxxxxx
ESP> socket bound, pESP> got ip: 192:168:178:47
ESP> connected to ap SSID: Crystal Radio / password:xxxxxxxxx
ESP> socket bound, port 23
--- ESP32 WIFI MODULE --- NFT MASTER --- v1.0 - Jan 27 2023 - rb -
stat
CNT: 1189 VBAT: 11.86 IBAT: -50.79 VSOL: 6.00 T: 12.38 RH: 52.99 PAR: 0 T_EC: -22.66 EC: 0.33
OK
>ESP32 watchdog reset
esp_stop 40
ESP> got ip: 192:168:178:47
ESP> connected to ap SSID: Crystal Radio / password:xxxxxxxxx
ESP> socket bound, pESP> got ip: 192:168:178:47
ESP> connected to ap SSID: Crystal Radio / password:xxxxxxxxx
ESP> socket bound, port 23
--- ESP32 WIFI MODULE --- NFT MASTER --- v1.0 - Jan 27 2023 - rb -
stat
CNT: 1190 VBAT: 11.86 IBAT: -51.59 VSOL: 6.00 T: 12.36 RH: 53.05 PAR: 1776 T_EC: -22.67 EC: 0.36
OK
>ESP32 watchdog reset
esp_stop 40
ESP> got ip: 192:168:178:47
ESP> connected to ap SSID: Crystal Radio / password:xxxxxxxxx
ESP> socket bound, pESP> got ip: 192:168:178:47
ESP> connected to ap SSID: Crystal Radio / password:xxxxxxxxx
ESP> socket bound, port 23
--- ESP32 WIFI MODULE --- NFT MASTER --- v1.0 - Jan 27 2023 - rb -
stat
CNT: 1191 VBAT: 11.86 IBAT: -54.01 VSOL: 6.01 T: 12.34 RH: 52.99 PAR: 1776 T_EC: -22.66 EC: 0.34
OK
>ESP32 watchdog reset
esp_stop 40
ESP> got ip: 192:168:178:47
ESP> connected to ap SSID: Crystal Radio / password:xxxxxxxxx
ESP> socket bound, pESP> got ip: 192:168:178:47
ESP> connected to ap SSID: Crystal Radio / password:xxxxxxxxx
ESP> socket bound, port 23
--- ESP32 WIFI MODULE --- NFT MASTER --- v1.0 - Jan 27 2023 - rb -
stat
CNT: 1192 VBAT: 11.86 IBAT: -49.17 VSOL: 6.00 T: 12.32 RH: 52.96 PAR: 0 T_EC: -22.66 EC: 0.34
OK
>ESP32 watchdog reset
esp_stop 40
ESP> got ip: 192:168:178:47
ESP> connected to ap SSID: Crystal Radio / password:xxxxxxxxx
ESP> socket bound, pESP> got ip: 192:168:178:47
ESP> connected to ap SSID: Crystal Radio / password:xxxxxxxxx
ESP> socket bound, port 23
--- ESP32 WIFI MODULE --- NFT MASTER --- v1.0 - Jan 27 2023 - rb -
stat
CNT: 1193 VBAT: 11.86 IBAT: -50.79 VSOL: 6.00 T: 12.32 RH: 52.96 PAR: 1021 T_EC: -22.67 EC: 0.34
OK
>ESP32 watchdog reset
esp_stop 40
ESP> got ip: 192:168:178:47
ESP> connected to ap SSID: Crystal Radio / password:xxxxxxxxx
ESP> socket bound, pESP> got ip: 192:168:178:47
ESP> connected to ap SSID: Crystal Radio / password:xxxxxxxxx
ESP> socket bound, port 23
--- ESP32 WIFI MODULE --- NFT MASTER --- v1.0 - Jan 27 2023 - rb -
stat
CNT: 1194 VBAT: 11.86 IBAT: -49.98 VSOL: 6.00 T: 12.29 RH: 52.96 PAR: 1777 T_EC: -22.65 EC: 0.33
OK
>ESP32 watchdog reset
esp_stop 40
ESP> got ip: 192:168:178:47
ESP> connected to ap SSID: Crystal Radio / password:xxxxxxxxx
ESP> socket bound, pESP> got ip: 192:168:178:47
ESP> connected to ap SSID: Crystal Radio / password:xxxxxxxxx
ESP> socket bound, port 23
--- ESP32 WIFI MODULE --- NFT MASTER --- v1.0 - Jan 27 2023 - rb -
stat
CNT: 1195 VBAT: 11.86 IBAT: -50.79 VSOL: 6.00 T: 12.28 RH: 53.11 PAR: 1 T_EC: -22.67 EC: 0.35
OK
>ESP32 watchdog reset
esp_stop 40
ESP> got ip: 192:168:178:47
ESP> connected to ap SSID: Crystal Radio / password:xxxxxxxxx
ESP> socket bound, pESP> got ip: 192:168:178:47
ESP> connected to ap SSID: Crystal Radio / password:xxxxxxxxx
ESP> socket bound, port 23
--- ESP32 WIFI MODULE --- NFT MASTER --- v1.0 - Jan 27 2023 - rb -
stat
CNT: 1196 VBAT: 11.86 IBAT: -62.07 VSOL: 6.00 T: 12.26 RH: 53.08 PAR: 15 T_EC: -22.63 EC: 0.32
OK
>ESP32 watchdog reset
esp_stop 40
ESP> got ip: 192:168:178:47
ESP> connected to ap SSID: Crystal Radio / password:xxxxxxxxx
ESP> socket bound, pESP> got ip: 192:168:178:47
ESP> connected to ap SSID: Crystal Radio / password:xxxxxxxxx
ESP> socket bound, port 23
--- ESP32 WIFI MODULE --- NFT MASTER --- v1.0 - Jan 27 2023 - rb -
stat
CNT: 1197 VBAT: 11.87 IBAT: -50.79 VSOL: 6.01 T: 12.26 RH: 53.14 PAR: 1776 T_EC: -22.66 EC: 0.35
OK
>ESP32 watchdog reset
esp_stop 40
ESP> got ip: 192:168:178:47
ESP> connected to ap SSID: Crystal Radio / password:xxxxxxxxx
ESP> socket bound, pESP> got ip: 192:168:178:47
ESP> connected to ap SSID: Crystal Radio / password:xxxxxxxxx
ESP> socket bound, port 23
--- ESP32 WIFI MODULE --- NFT MASTER --- v1.0 - Jan 27 2023 - rb -
stat
CNT: 1198 VBAT: 11.86 IBAT: -49.98 VSOL: 6.00 T: 12.24 RH: 53.25 PAR: 0 T_EC: -22.68 EC: 0.34
OK
>ESP32 watchdog reset
esp_stop 40
ESP> got ip: 192:168:178:47
ESP> connected to ap SSID: Crystal Radio / password:xxxxxxxxx
ESP> socket bound, pESP> got ip: 192:168:178:47
ESP> connected to ap SSID: Crystal Radio / password:xxxxxxxxx
ESP> socket bound, port 23
--- ESP32 WIFI MODULE --- NFT MASTER --- v1.0 - Jan 27 2023 - rb -
stat
CNT: 1199 VBAT: 11.86 IBAT: -56.43 VSOL: 6.01 T: 12.24 RH: 53.34 PAR: 0 T_EC: -22.68 EC: 0.34
OK
>ESP32 watchdog reset
esp_stop 40
ESP> got ip: 192:168:178:47
ESP> connected to ap SSID: Crystal Radio / password:xxxxxxxxx
ESP> socket bound, pESP> got ip: 192:168:178:47
ESP> connected to ap SSID: Crystal Radio / password:xxxxxxxxx
ESP> socket bound, port 23
--- ESP32 WIFI MODULE --- NFT MASTER --- v1.0 - Jan 27 2023 - rb -
stat
CNT: 1200 VBAT: 11.86 IBAT: -49.17 VSOL: 6.00 T: 12.23 RH: 53.28 PAR: 1776 T_EC: -22.68 EC: 0.33
OK
>ESP32 watchdog reset
esp_stop 40
ESP> got ip: 192:168:178:47
ESP> connected to ap SSID: Crystal Radio / password:xxxxxxxxx
ESP> socket bound, pESP> got ip: 192:168:178:47
ESP> connected to ap SSID: Crystal Radio / password:xxxxxxxxx
ESP> socket bound, port 23
--- ESP32 WIFI MODULE --- NFT MASTER --- v1.0 - Jan 27 2023 - rb -
stat
CNT: 1201 VBAT: 11.86 IBAT: -51.59 VSOL: 6.00 T: 12.22 RH: 53.28 PAR: 1776 T_EC: -22.69 EC: 0.33
OK
>ESP32 watchdog reset
esp_stop 40
ESP> got ip: 192:168:178:47
ESP> connected to ap SSID: Crystal Radio / password:xxxxxxxxx
ESP> socket bound, pESP> got ip: 192:168:178:47
ESP> connected to ap SSID: Crystal Radio / password:xxxxxxxxx
ESP> socket bound, port 23
--- ESP32 WIFI MODULE --- NFT MASTER --- v1.0 - Jan 27 2023 - rb -
stat
CNT: 1202 VBAT: 11.86 IBAT: -70.94 VSOL: 6.00 T: 12.20 RH: 53.22 PAR: 1776 T_EC: -22.68 EC: 0.32
OK
>ESP32 watchdog reset
esp_stop 40
ESP> got ip: 192:168:178:47
ESP> connected to ap SSID: Crystal Radio / password:xxxxxxxxx
ESP> socket bound, pESP> got ip: 192:168:178:47
ESP> connected to ap SSID: Crystal Radio / password:xxxxxxxxx
ESP> socket bound, port 23
--- ESP32 WIFI MODULE --- NFT MASTER --- v1.0 - Jan 27 2023 - rb -
stat
CNT: 1203 VBAT: 11.86 IBAT: -65.30 VSOL: 6.01 T: 12.19 RH: 53.34 PAR: 1776 T_EC: -22.67 EC: 0.32
OK
>ESP32 watchdog reset
esp_stop 40
ESP> got ip: 192:168:178:47
ESP> connected to ap SSID: Crystal Radio / password:xxxxxxxxx
ESP> socket bound, pESP> got ip: 192:168:178:47
ESP> connected to ap SSID: Crystal Radio / password:xxxxxxxxx
ESP> socket bound, port 23
--- ESP32 WIFI MODULE --- NFT MASTER --- v1.0 - Jan 27 2023 - rb -
stat
CNT: 1204 VBAT: 11.86 IBAT: -51.59 VSOL: 6.00 T: 12.17 RH: 53.25 PAR: 1776 T_EC: -22.69 EC: 0.34
OK
>ESP32 watchdog reset
esp_stop 40
ESP> got ip: 192:168:178:47
ESP> connected to ap SSID: Crystal Radio / password:xxxxxxxxx
ESP> socket bound, port 23
--- ESP32 WIFI MODULE --- NFT MASTER --- v1.0 - Jan 27 2023 - rb -
stat
CNT: 1205 VBAT: 11.86 IBAT: -57.24 VSOL: 6.00 T: 12.17 RH: 53.46 PAR: 1776 T_EC: -22.65 EC: 0.42
OK
>ESP32 watchdog reset
esp_stop 40
ESP> got ip: 192:168:178:47
ESP> connected to ap SSID: Crystal Radio / password:xxxxxxxxx
ESP> socket bound, pESP> got ip: 192:168:178:47
ESP> connected to ap SSID: Crystal Radio / password:xxxxxxxxx
ESP> socket bound, port 23
--- ESP32 WIFI MODULE --- NFT MASTER --- v1.0 - Jan 27 2023 - rb -
stat
CNT: 1206 VBAT: 11.86 IBAT: -49.98 VSOL: 6.00 T: 12.16 RH: 53.46 PAR: 1776 T_EC: -22.69 EC: 0.36
OK
>ESP32 watchdog reset
esp_stop 40
ESP> got ip: 192:168:178:47
ESP> connected to ap SSID: Crystal Radio / password:xxxxxxxxx
ESP> socket bound, pESP> got ip: 192:168:178:47
ESP> connected to ap SSID: Crystal Radio / password:xxxxxxxxx
ESP> socket bound, port 23
--- ESP32 WIFI MODULE --- NFT MASTER --- v1.0 - Jan 27 2023 - rb -
stat
CNT: 1207 VBAT: 11.86 IBAT: -49.17 VSOL: 6.00 T: 12.16 RH: 53.95 PAR: 1776 T_EC: -22.66 EC: 0.33
OK
>ESP32 watchdog reset
esp_stop 40
ESP> got ip: 192:168:178:47
ESP> connected to ap SSID: Crystal Radio / password:xxxxxxxxx
ESP> socket bound, pESP> got ip: 192:168:178:47
ESP> connected to ap SSID: Crystal Radio / password:xxxxxxxxx
ESP> socket bound, port 23
--- ESP32 WIFI MODULE --- NFT MASTER --- v1.0 - Jan 27 2023 - rb -
stat
CNT: 1208 VBAT: 11.86 IBAT: -49.98 VSOL: 6.00 T: 12.18 RH: 53.89 PAR: 1776 T_EC: -22.67 EC: 0.40
OK
>ESP32 watchdog reset
esp_stop 40
ESP> got ip: 192:168:178:47
ESP> connected to ap SSID: Crystal Radio / password:xxxxxxxxx
ESP> socket bound, pESP> got ip: 192:168:178:47
ESP> connected to ap SSID: Crystal Radio / password:xxxxxxxxx
ESP> socket bound, port 23
--- ESP32 WIFI MODULE --- NFT MASTER --- v1.0 - Jan 27 2023 - rb -
stat
CNT: 1209 VBAT: 11.86 IBAT: -51.59 VSOL: 6.00 T: 12.20 RH: 54.29 PAR: 0 T_EC: -22.68 EC: 0.35
OK
>ESP32 watchdog reset
esp_stop 40
ESP> got ip: 192:168:178:47
ESP> connected to ap SSID: Crystal Radio / password:xxxxxxxxx
ESP> socket bound, pESP> got ip: 192:168:178:47
ESP> connected to ap SSID: Crystal Radio / password:xxxxxxxxx
ESP> socket bound, port 23
--- ESP32 WIFI MODULE --- NFT MASTER --- v1.0 - Jan 27 2023 - rb -
stat
CNT: 1210 VBAT: 11.86 IBAT: -70.13 VSOL: 6.00 T: 12.22 RH: 54.09 PAR: 0 T_EC: -22.70 EC: 0.32
OK
>ESP32 watchdog reset
esp_stop 40
ESP> got ip: 192:168:178:47
ESP> connected to ap SSID: Crystal Radio / password:xxxxxxxxx
ESP> socket bound, pESP> got ip: 192:168:178:47
ESP> connected to ap SSID: Crystal Radio / password:xxxxxxxxx
ESP> socket bound, port 23
--- ESP32 WIFI MODULE --- NFT MASTER --- v1.0 - Jan 27 2023 - rb -
stat
CNT: 1211 VBAT: 11.86 IBAT: -49.17 VSOL: 6.00 T: 12.20 RH: 53.74 PAR: 0 T_EC: -22.66 EC: 0.37
OK
>ESP32 watchdog reset
esp_stop 40
ESP> got ip: 192:168:178:47
ESP> connected to ap SSID: Crystal Radio / password:xxxxxxxxx
ESP> socket bound, pESP> got ip: 192:168:178:47
ESP> connected to ap SSID: Crystal Radio / password:xxxxxxxxx
ESP> socket bound, port 23
--- ESP32 WIFI MODULE --- NFT MASTER --- v1.0 - Jan 27 2023 - rb -
stat
CNT: 1212 VBAT: 11.86 IBAT: -56.43 VSOL: 6.00 T: 12.18 RH: 53.72 PAR: 1776 T_EC: -22.66 EC: 0.36
OK
>ESP32 watchdog reset
esp_stop 40
ESP> got ip: 192:168:178:47
ESP> connected to ap SSID: Crystal Radio / password:xxxxxxxxx
ESP> socket bound, pESP> got ip: 192:168:178:47
ESP> connected to ap SSID: Crystal Radio / password:xxxxxxxxx
ESP> socket bound, port 23
--- ESP32 WIFI MODULE --- NFT MASTER --- v1.0 - Jan 27 2023 - rb -
stat
CNT: 1213 VBAT: 11.86 IBAT: -50.79 VSOL: 6.00 T: 12.18 RH: 53.66 PAR: 3 T_EC: -22.68 EC: 0.35
OK
>ESP32 watchdog reset
esp_stop 40
ESP> got ip: 192:168:178:47
ESP> connected to ap SSID: Crystal Radio / password:xxxxxxxxx
ESP> socket bound, pESP> got ip: 192:168:178:47
ESP> connected to ap SSID: Crystal Radio / password:xxxxxxxxx
ESP> socket bound, port 23
--- ESP32 WIFI MODULE --- NFT MASTER --- v1.0 - Jan 27 2023 - rb -
stat
CNT: 1214 VBAT: 11.86 IBAT: -49.98 VSOL: 6.00 T: 12.16 RH: 53.69 PAR: 1776 T_EC: -22.68 EC: 0.33
OK
>ESP32 watchdog reset
esp_stop 40
ESP> got ip: 192:168:178:47
ESP> connected to ap SSID: Crystal Radio / password:xxxxxxxxx
ESP> socket bound, pESP> got ip: 192:168:178:47
ESP> connected to ap SSID: Crystal Radio / password:xxxxxxxxx
ESP> socket bound, port 23
--- ESP32 WIFI MODULE --- NFT MASTER --- v1.0 - Jan 27 2023 - rb -
stat
CNT: 1215 VBAT: 11.86 IBAT: -58.85 VSOL: 6.00 T: 12.14 RH: 53.74 PAR: 1776 T_EC: -22.66 EC: 0.38
OK
>ESP32 watchdog reset
esp_stop 40
ESP> got ip: 192:168:178:47
ESP> connected to ap SSID: Crystal Radio / password:xxxxxxxxx
ESP> socket bound, pESP> got ip: 192:168:178:47
ESP> connected to ap SSID: Crystal Radio / password:xxxxxxxxx
ESP> socket bound, port 23
--- ESP32 WIFI MODULE --- NFT MASTER --- v1.0 - Jan 27 2023 - rb -
stat
CNT: 1216 VBAT: 11.86 IBAT: -50.79 VSOL: 6.00 T: 12.13 RH: 53.80 PAR: 1776 T_EC: -22.66 EC: 0.35
OK
>ESP32 watchdog reset
esp_stop 40
ESP> got ip: 192:168:178:47
ESP> connected to ap SSID: Crystal Radio / password:xxxxxxxxx
ESP> socket bound, pESP> got ip: 192:168:178:47
ESP> connected to ap SSID: Crystal Radio / password:xxxxxxxxx
ESP> socket bound, port 23
--- ESP32 WIFI MODULE --- NFT MASTER --- v1.0 - Jan 27 2023 - rb -
stat
CNT: 1217 VBAT: 11.86 IBAT: -55.62 VSOL: 6.00 T: 12.11 RH: 53.77 PAR: 1776 T_EC: -22.69 EC: 0.35
OK
>ESP32 watchdog reset
esp_stop 40
ESP> got ip: 192:168:178:47
ESP> connected to ap SSID: Crystal Radio / password:xxxxxxxxx
ESP> socket bound, pESP> got ip: 192:168:178:47
ESP> connected to ap SSID: Crystal Radio / password:xxxxxxxxx
ESP> socket bound, port 23
--- ESP32 WIFI MODULE --- NFT MASTER --- v1.0 - Jan 27 2023 - rb -
stat
CNT: 1218 VBAT: 11.86 IBAT: -51.59 VSOL: 6.00 T: 12.11 RH: 53.80 PAR: 1776 T_EC: -22.66 EC: 0.35
OK
>ESP32 watchdog reset
esp_stop 40
ESP> got ip: 192:168:178:47
ESP> connected to ap SSID: Crystal Radio / password:xxxxxxxxx
ESP> socket bound, pESP> got ip: 192:168:178:47
ESP> connected to ap SSID: Crystal Radio / password:xxxxxxxxx
ESP> socket bound, port 23
--- ESP32 WIFI MODULE --- NFT MASTER --- v1.0 - Jan 27 2023 - rb -
stat
CNT: 1219 VBAT: 11.86 IBAT: -51.59 VSOL: 6.00 T: 12.10 RH: 53.98 PAR: 1776 T_EC: -22.66 EC: 0.34
OK
>ESP32 watchdog reset
esp_stop 40
ESP> got ip: 192:168:178:47
ESP> connected to ap SSID: Crystal Radio / password:xxxxxxxxx
ESP> socket bound, pESP> got ip: 192:168:178:47
ESP> connected to ap SSID: Crystal Radio / password:xxxxxxxxx
ESP> socket bound, port 23
--- ESP32 WIFI MODULE --- NFT MASTER --- v1.0 - Jan 27 2023 - rb -
stat
CNT: 1220 VBAT: 11.86 IBAT: -50.79 VSOL: 6.00 T: 12.13 RH: 53.89 PAR: 1776 T_EC: -22.66 EC: 0.35
OK
>ESP32 watchdog reset
esp_stop 40
ESP> got ip: 192:168:178:47
ESP> connected to ap SSID: Crystal Radio / password:xxxxxxxxx
ESP> socket bound, pESP> got ip: 192:168:178:47
ESP> connected to ap SSID: Crystal Radio / password:xxxxxxxxx
ESP> socket bound, port 23
