:020000040800F2
:100000003825002079B70008A5B70008A5B7000873
:10001000A5B70008A5B70008A5B7000800000000B4
:10002000000000000000000000000000A5B700086C
:10003000A5B7000800000000A5B700088106000869
:10004000A5B70008A5B70008A5B70008A5B7000820
:10005000A5B70008A5B70008A5B70008A5B7000810
:10006000A5B70008A5B70008A5B70008A5B7000800
:10007000A5B70008A5B70008A5B70008A5B70008F0
:10008000A5B70008A5B70008A5B70008A5B70008E0
:10009000A5B70008A5B70008A5B70008A5B70008D0
:1000A000A5B70008A5B70008A5B70008A5B70008C0
:1000B000A5B70008A5B70008A5B70008A5B70008B0
:1000C000A5B70008A5B70008A5B70008A5B70008A0
:1000D000A5B700081D080008A5B70008A5B70008C7
:1000E000A5B70008A5B70008A5B70008A5B7000880
:1000F000A5B70008A5B70008A5B70008A5B7000870
:10010000A5B70008A5B70008A5B70008A5B700085F
:1001100071090008A5B70008A5B70008A5B7000831
:10012000A5B70008A5B70008A5B70008A5B700083F
:10013000A5B70008A5B70008A5B70008A5B700082F
:10014000A5B70008A5B70008A5B70008A5B700081F
:10015000A5B70008A5B70008A5B70008A5B700080F
:10016000A5B70008A5B70008A5B70008A5B70008FF
:10017000A5B70008A5B70008A5B70008A5B70008EF
:08018000A5B70008A5B70008AF
:1001A0002F4A304ED2F888302F4D304C43F4700334
:1001B00080B5C2F8883000F081FA00F0E9F900F06B
:1001C00057F84FF4E13000F065FB4FF4165000F0A3
:1001D0000BFCB14600F08EFCA84600F071FDA24673
:1001E00000F0D2FE002701F085F805F03FFF04F093
:1001F00005FA04F019FE04F0EDFD05F06DF906F0C6
:1002000033F906F0D3F907F0E7FF08F037FD07F000
:100210000BF801F097F801F049F903E02B787BB96E
:100220002378A3B903F06EF906F0ACFA3378002B0B
:10023000F4D009F06BFB89F800702B78002BEFD01D
:1002400007F022FD88F800702378002BEAD0012007
:1002500000F03CF907F0D4FD8AF80070E2E700BF37
:1002600000ED00E00005002008050020100500203A
:100270001F4A2049136843F4E06343F0030313600B
:1002800013680B6843F001030B600A68194B900771
:10029000FBD51968184A21F08071196019685968EE
:1002A0000A405A605A6842F4285242F010025A60DA
:1002B0009A6822F47C4222F0F0029A609A6842F432
:1002C000C00242F480529A601A6842F080721A604A
:1002D0001968084A8901FBD5936823F003039360EA
:1002E000936843F00203936093681B07FCD5704743
:1002F000003C0240003802400080BFFF10B51948A2
:10030000194C03F097FE1021184803F059FEA8215C
:10031000174803F055FE0221164803F051FE164916
:10032000164803F04DFE2146154803F049FE2146CC
:10033000144803F045FE2146134803F041FE1349DB
:10034000134803F03DFE2146124803F039FE2146D2
:10035000114803F035FE21461048BDE8104003F077
:100360002FBE00BFCCE0000800BD0105DCE00008A6
:10037000FCE000081CE100080024F4003CE1000857
:100380005CE100087CE100089CE1000880DE80025E
:10039000BCE10008DCE10008FCE100081CE2000808
:1003A0002DE9F04F834685B00F4600200021CDE9AE
:1003B00000014FF0000EF446F046F14672460297F7
:1003C000CDF80CB00299029B31F8020B1B78029118
:1003D0004FEA820BC0F3C310C0B2ABF1200600FAA3
:1003E00006F503F0030A5600CBF1200120FA01F1D3
:1003F00000FA0BF40AFA06F7DDE900AB0D43C3F38C
:100400008100C3F34111C3F3001393400132B040A4
:10041000B1404AEA040A4BEA050B102ACDE900ABC9
:1004200049EA070948EA00084EEA010E4CEA030CC3
:10043000C8D1DDE90001DDF80CB0CBF80090CBF8B5
:100440000880CBF80CE0CBF804C0CBF82000CBF848
:10045000241005B0BDE8F08F014B80221A8370474D
:1004600000040240014B80225A837047000402407E
:10047000044B5A6912F0800F4FF0800214BF5A8368
:100480001A8370470004024038B5034C8025258349
:1004900000F08CF9658338BD00040240014B402216
:1004A0001A83704700040240014B40225A83704770
:1004B00000040240044B5A6912F0400F4FF0400212
:1004C00014BF5A831A8370470004024038B5034CA6
:1004D0004025258300F06AF9658338BD0004024099
:1004E000034B042208B95A8370471A83704700BF30
:1004F00000000240024B4FF400725A83704700BF65
:1005000000100240024B4FF400721A83704700BF84
:1005100000100240014B80221A83704700100240F5
:10052000014B80225A83704700100240024B4FF467
:1005300080721A83704700BF00100240024B4FF4D4
:1005400080725A83704700BF00100240014B0222A4
:100550001A837047000C0240014B02225A837047F5
:10056000000C0240024B01225A83052000F014B90E
:10057000000C024008B5052000F00EF9034B0122E3
:100580001A830520BDE8084000F006B9000C0240BF
:10059000204B21481A6B2DE9F041204C204EDFF80A
:1005A0009080204F204D42F09F021A6321461B6B22
:1005B000FFF7F6FE04F120013046FFF7F1FE04F1EB
:1005C00040014046FFF7ECFE04F160013846FFF7BA
:1005D000E7FE04F180012846FFF7E2FE04F1A001E6
:1005E0001248FFF7DDFE4FF4007480234FF0040E35
:1005F00040204FF480710222A8F81840A6F81AE0B3
:10060000708373836B8369837A83FFF7B3FF2C83D3
:10061000BDE8F08100380240000002403CE20008E2
:1006200000040240000C024000100240001C024086
:1006300000080240034B4FF400525A83052000F09B
:10064000ABB800BF0004024008B5052000F0A4F8D4
:10065000044B4FF400521A830520BDE8084000F017
:100660009BB800BF00040240014B04225A8370472C
:1006700000040240014B04221A8370470004024028
:100680000D4B1A680132092A13DD9A6801320020E5
:100690000121092A1860197109DD1A6919730132DB
:1006A000092A9860D2BF1A611861197570479A605B
:1006B00070471A60704700BFFC0400203049314B7E
:1006C000314A32482DE9F0410E6C314C314D46F043
:1006D00045060E644F6C4FF080464FF0010847F41A
:1006E000803C42F20F7E5327C1F844C03785A6F8FC
:1006F0001480A6F800801F85C3F82CE0198B89B2FE
:1007000041F4D04119831E8CB6B2002146F0100688
:100710001E8499631E8BB6B246F068061E831E8C3B
:10072000B6B246EA08061E8459639E8AB6B246EA05
:1007300008069E821E88B6B246EA08061E80178505
:10074000C2F82CE0938B9BB243F4D0439383138C79
:100750009BB243F480531384938A9BB243EA080309
:100760009382116413889BB243EA0803F027138035
:100770000726456084F8237081600660BDE8F0813B
:1007800000380240004001400008004010E000E056
:1007900000ED00E01F4801004FF080431A465B6AFD
:1007A0001844536A1B1A002BFBDB704710B44FF040
:1007B00080414FF6FF7406E04A6A02F57A724B6A8E
:1007C0009B1A002BFBDB013880B2A042F4D15DF80C
:1007D000044B70475F2908D891B9012809D00CD380
:1007E000022809D10B4B19647047012842F21B51B2
:1007F000F5D1094B596370477047074B99637047B0
:1008000042F20F7303FB01F16423B1FBF3F189B2F0
:10081000E3E700BF00080040004001401B4A138886
:100820009BB2990610B407D5194990884C680A689C
:10083000121B7F2A80B217DD1B0612D5144BD3F88A
:100840008820D3F88C10914216D0D3F888200F4816
:1008500002F07F011944013291F89010C3F888200A
:1008600081805DF8044B70470A6802F07F040C44F5
:10087000013220720A60DFE7044A5DF8044B938975
:1008800023F080031B041B0C938170470010014070
:1008900014050020F0B40B4C0B4A616C0B4D0C4B53
:1008A000B3FBF0F042F22C070023202641F01001A8
:1008B000C0F30F10616493821382108197816E6080
:1008C000F0BC7047003802400010014000E100E039
:1008D00000D01B500A2810B5044617D00D48D0F898
:1008E0008C20D0F888300B49D31A7F2BF9DC02F02A
:1008F0007F030B44084883F8904083899BB2013200
:1009000043F08003C1F88C20838110BD0D20FFF7D8
:10091000E1FFE3E7140500200010014010B5441C7E
:10092000007828B1FFF7D6FF14F8010B0028F9D1A1
:1009300010BD00BF074A11685368994206D003F002
:100940007F0111440133087A536070474FF0FF3044
:10095000704700BF14050020044AD2F88C10D2F86A
:1009600088308B42FBD10020704700BF1405002067
:100970001B4A13889BB2990610B407D51949908871
:100980004C680A68121B7F2A80B217DD1B0612D53D
:10099000144BD3F88820D3F88C10914216D0D3F89A
:1009A00088200F4802F07F011944013291F890101D
:1009B000C3F8882081805DF8044B70470A6802F014
:1009C0007F040C44013220720A60DFE7044A5DF8BC
:1009D000044B938923F080031B041B0C9381704705
:1009E000004C004024060020F0B40C4C0C4A216C52
:1009F0000C4D0D4BB3FBF0F042F22C0700234FF4EB
:100A0000801641F40021C0F30F10216493821382F9
:100A1000108197816E60F0BC704700BF00380240C3
:100A2000004C004000E100E000E80D2810B40D4C3F
:100A3000D4F88C20D4F888300A49D31A7F2BF9DCFB
:100A400002F07F030B44084C83F89000A3899BB20B
:100A5000013243F08003C1F88C20A3815DF8044B80
:100A6000704700BF24060020004C0040F0B4077817
:100A7000451CDFB10E490F4CD1F88C200E46D1F841
:100A800088300B48D31A7F2BF9DC02F07F03334404
:100A9000013283F89070A3899BB243F08003A38155
:100AA00015F8017B002FEAD1C0F88C20F0BC70470C
:100AB00024060020004C0040074A11685368994200
:100AC00006D003F07F0111440133087A5360704768
:100AD0004FF0FF30704700BF24060020044AD2F8D0
:100AE0008C10D2F888308B42FBD10020704700BFB9
:100AF00024060020044A0549136C4FF4557043F452
:100B0000004313640880704700380240003C0040F6
:100B1000044A0549536C40F2553043F48053536402
:100B2000088070470038024000300140044A0549FF
:100B3000136C40F2553043F48043136408807047CF
:100B40000038024000380040044A0549136C4FF455
:100B5000557043F400431364088070470038024026
:100B6000003C0040044B98811A890349D207FBD509
:100B70008889C0B2704700BF00300140034B9881A4
:100B80001A890249D207FBD58B8970470030014092
:100B9000044B00229A811A890249D207FBD5888921
:100BA000C0B2704700300140044B98811A89034954
:100BB000D207FBD58889C0B2704700BF003800401B
:100BC000034B98811A890249D207FBD58B8970475C
:100BD00000380040044B00229A811A890249D2074A
:100BE000FBD58889C0B2704700380040044B98811B
:100BF0001A890349D207FBD58889C0B2704700BF64
:100C0000003C0040034B98811A890249D207FBD56A
:100C10008B897047003C0040044B00229A811A895E
:100C20000249D207FBD58889C0B27047003C00401A
:100C3000012811D009D3022806D10B4B00214FF413
:100C4000597219801A8070477047074B002140F293
:100C5000653219801A807047034B00214FF455729A
:100C600019801A80704700BF003C00401249134BA6
:100C70000A6C42F4800210B40A641A886FEA424295
:100C80006FEA524292B21A801A88C2F30E021A8098
:100C90001A8822F001021204120C2A24D2202B21DD
:100CA0001A809C80988319841A885DF8044B92B24C
:100CB00042F001021A80704700380240005800409C
:100CC00008B5C820FFF772FDBDE80840FFF7CEBFAA
:100CD00070B4174D2B889BB243F480732B80AC8A81
:100CE000134BE607FBD580B218829C8A1048A407F4
:100CF000FBD5038B9AB14C1E0646551E00218D4232
:100D000003880EDD9BB243F480630380838A5B0615
:100D1000FCD50131338A04F8013F9142EFD170BC18
:100D2000704723F480631B041B0C0380EEE700BFB5
:100D30000058004030B4144D2B889BB243F48073AC
:100D40002B80AC8A104BE407FBD580B21882184682
:100D5000848A0D4BA507FBD5188B4AB188181A4613
:100D600011F8013B1382938A1C06FCD58142F7D10E
:100D700005498B8A044A5B07FBD513889BB243F471
:100D80000073138030BC70470058004010B50F4C02
:100D90000F48218889B203F013F9A1880D4889B260
:100DA00003F00EF9218A0C4889B203F009F9A18AEF
:100DB0000A4889B203F004F9218B094889B203F08B
:100DC000FFF80A20BDE8104003F02EB9005800409B
:100DD000E0E20008F8E2000810E3000828E3000859
:100DE00040E300080A490B4A0B6C43F400130B6400
:100DF000138823F001031B041B0CD2202B2113802A
:100E00009083118413889BB243F0010313807047D1
:100E100000380240005400400D490E4B0A6C42F469
:100E2000000210B40A641A8822F001021204120CA3
:100E30002A24D2202B211A809C80988319841A8816
:100E40005DF8044B92B242F001021A80704700BF75
:100E500000380240005C0040704700BF704700BF90
:100E6000704700BF704700BF10B5194C1948218862
:100E700089B203F0A5F8A188174889B203F0A0F859
:100E80002189164889B203F09BF8A189144889B2D8
:100E900003F096F8218A134889B203F091F8A18AE9
:100EA000114889B203F08CF8218B104889B203F005
:100EB00087F8A18B0E4889B203F082F8218C0D4887
:100EC00089B203F07DF80A20BDE8104003F0ACB809
:100ED0000054004058E3000870E3000888E300086D
:100EE000A0E30008B8E30008D0E30008E8E3000846
:100EF00000E4000818E4000810B5194C19482188CE
:100F000089B203F05DF8A188174889B203F058F858
:100F10002189164889B203F053F8A189144889B28F
:100F200003F04EF8218A134889B203F049F8A18AE8
:100F3000114889B203F044F8218B104889B203F0BC
:100F40003FF8A18B0E4889B203F03AF8218C0D4886
:100F500089B203F035F80A20BDE8104003F064B808
:100F6000005C004030E4000848E4000860E4000849
:100F700078E4000890E40008A8E40008C0E4000851
:100F8000D8E40008F0E4000870B40949094B4A6C41
:100F9000002640F201454FF4C33442F480724FF40E
:100FA00040204A645E609D60DC60186170BC7047E0
:100FB0000038024000200140012819D014D3022833
:100FC0000ED00D4A936843F08043936013680A493A
:100FD0009B07FBD5C86CC0F57F600F3080B27047AF
:100FE000054B0D225A63ECE7034B0F225A63E8E7E7
:100FF000014B06225A63E4E700200140012819D082
:1010000014D302280ED00D4A00231363D3629368D1
:1010100043F080439360136808499B07FBD5C86C75
:1010200080B27047054B0B225A63ECE7034B072253
:101030005A63E8E7014B03225A63E4E700200140CA
:10104000012819D014D302280ED00D4A00231363AF
:10105000D362936843F080439360136808499B0709
:10106000FBD5C86C80B27047054B0C225A63ECE785
:10107000034B0E225A63E8E7014B04225A63E4E76C
:10108000002001401A4A0023092151631363D362EF
:10109000936843F080439360136815499B07FBD521
:1010A00030B4144CC86C144D237882B22A8005F1F8
:1010B0002201A3B10846AB1C23F8022F8342FBD1C7
:1010C0000023AA8823700D4B002001E033F8022F83
:1010D00010448B4280B2F9D1000930BC70470B46F6
:1010E0002C1D33F8020D5880A342FAD1AA80EAE7FA
:1010F00000200140000000203407002038070020B5
:10110000084A00230A2151631363D362936843F0B2
:1011100080439360136803499B07FBD5C86C80B27A
:10112000704700BF00200140254A00230821516379
:101130001363D362936843F080439360136820493C
:101140009B07FBD530B41F4CCB6C1F4D627899B216
:1011500082B0A98405F1460042B3024605F1260398
:1011600023F8021F9342FBD10023298D6370174A95
:10117000002301E032F8021F0B4482429BB2F9D1F6
:101180001B0907EE903A9FED127AF8EE677AC7EEE8
:10119000877AB1EE087A77EE877AFCEEE77ACDEDC2
:1011A000017ABDF8040002B030BC7047034605F177
:1011B000280433F8022D5A80A342FAD12985D6E7B4
:1011C0000020014000000020340700205C070020C0
:1011D000B1E15540154B1B681A8F40F239739A42A2
:1011E00010B50BD8124A92F84830632B14D801334B
:1011F000DBB2642B82F848300ED010BD0D4C0C4A87
:10120000A378002182F84810002BF6D1802007F047
:10121000DFFA0123A37010BD064CA378012BECD19B
:10122000002007F0D5FA0023A37010BD480000206D
:10123000340700200000002010B5134C134802F0C2
:10124000F9FE6168124802F0BBFEA168114802F085
:10125000B7FEE168104802F0B3FE21690F4802F0C2
:10126000AFFEE16A0E4802F0ABFE216B0D4802F0C2
:10127000A7FE616B0C4802F0A3FEE16C0B48BDE8D1
:10128000104002F09DBE00BF0020014008E50008AC
:101290001CE5000830E5000844E5000858E50008B2
:1012A0006CE5000880E5000894E50008A8E5000862
:1012B00038B50D4C2568FFF7E5FE0C4A288700235A
:1012C0000A21246851631363D362936843F0804317
:1012D0009360136805499B07FBD5CB6C6387FFF7C9
:1012E00023FFA08738BD00BF480000200020014038
:1012F000FFF7DEBF0748084B026C10B400214FF423
:10130000803442F000520264996059611C605DF8BB
:10131000044B7047003802400074004040F6FF73F1
:10132000024A984228BF18469060704700740040F7
:1013300040F6FF73024A984228BF18465061704732
:101340000074004008B53E2002F06EFE0248BDE881
:10135000084002F0E1BF00BFBCE5000808B5044842
:1013600002F02EFE0348BDE8084002F0D5BF00BFE2
:10137000C0E50008C4E5000830B403782D2B19D06F
:10138000002211460125825CA2F13004092C16D8F6
:101390000144002303EB830302EB430311F8012F05
:1013A000A2F13004092CA3F13003F3D903FB05F0BB
:1013B00030BC7047012211464FF0FF35E3E70020B3
:1013C000F6E700BF30B403782D2B19D00022114668
:1013D0000125825CA2F13004092C16D801440023B7
:1013E00003EB830302EB430311F8012FA2F1300456
:1013F000092CA3F13003F3D903FB05F030BC70478F
:10140000012211464FF0FF35E3E70020F6E700BF69
:1014100030B4411E002011F8013FA3F13002D4B2D4
:10142000092CA3F161050CD9052DA3F14104A3F109
:101430005702A3F1370304D9052C05D803EB00109C
:10144000E9E702EB0010E6E730BC704730B1037803
:10145000202B03D110F8013F202BFBD0704700BF99
:1014600010B32DE9F041002588462F460E1F037862
:10147000202B044603D114F8013F202BFBD05BB195
:10148000204620210CF0A2FB48B10770013005F185
:10149000010546F8044FEAD12846BDE8F08148F836
:1014A0002540681CBDE8F081704700BF08B50448BE
:1014B00002F0C0FD0348BDE8084002F02DBF00BFA8
:1014C000C8E50008F8E5000808B54A4802F0B2FD92
:1014D000494802F0AFFD494802F0ACFD484802F02F
:1014E000A9FD484802F0A6FD474802F0A3FD474881
:1014F00002F0A0FD464802F09DFD464802F09AFD2C
:10150000454802F097FD454802F094FD444802F03A
:1015100091FD444802F08EFD434802F08BFD4348A4
:1015200002F088FD424802F085FD424802F082FD4B
:10153000414802F07FFD414802F07CFD404802F046
:1015400079FD404802F076FD3F4802F073FD3F48C8
:1015500002F070FD3E4802F06DFD3E4802F06AFD6B
:101560003D4802F02DFD3D4802F02AFD3C4802F0C6
:1015700061FD3C4802F05EFD3B4802F05BFD3B48EC
:1015800002F058FD3A4802F055FD3A4802F052FD8B
:10159000394802F04FFD394802F04CFD384802F05E
:1015A00049FD384802F046FD374802F043FD374810
:1015B00002F040FD364802F03DFD364802F03AFDAB
:1015C000354802F037FD354802F034FD344802F06A
:1015D00031FD344802F02EFD334802F02BFD334834
:1015E00002F028FD324802F025FD3248BDE80840EF
:1015F00002F020BD28E6000844E6000880E6000866
:10160000B8E60008F0E6000828E7000850E7000800
:1016100080E70008B4E70008E4E7000810E80008E5
:101620003CE8000868E8000894E80008CCE80008F6
:101630000CE900084CE9000884E90008BCE900084E
:10164000FCE9000834EA00086CEA0008C0EA000877
:1016500014EB000868EB000880EB0008D0EB0008F2
:1016600020EC00084CEC000878EC0008A4EC000822
:10167000DCEC000814ED000858ED000870ED0008DF
:10168000ACED0008E0ED000830EE000880EE000848
:10169000C0EE0008F4EE000844EF000880EF0008F8
:1016A000C4EF0008D8EF000818F0000850F0000858
:1016B00084F00008BCF000082DE9F0410F680D46E9
:1016C0000646C44938460CF0EFFA3C4628B9012ECC
:1016D00001F00685032E01F044833846BE490CF024
:1016E000E3FA8046002800F02D873846BB490CF00D
:1016F000DBFA002800F029823846B9490CF0D4FA08
:10170000002800F02B82B74920460CF0CDFA0028C3
:1017100000F03982B44920460CF0C6FA002800F0E7
:101720003C82B24920460CF0BFFA10B9032E01F0FA
:101730002F81AF4920460CF0B7FA002800F09987B6
:10174000AC4920460CF0B0FA002800F08D87AA4979
:1017500020460CF0A9FA002800F02D87A749204662
:101760000CF0A2FA10B9042E01F04882A4492046D8
:101770000CF09AFA002800F01887A24920460CF0D5
:1017800093FA28B9042E01F08D8103F0D9FF2C685B
:101790009D4920460CF088FA002800F016879B49E6
:1017A00020460CF081FA002800F00A87984920466C
:1017B0000CF07AFA10B9022E01F0A9822046954960
:1017C0000CF072FA10B9042E01F00A8192492046F9
:1017D0000CF06AFA002800F00C87904920460CF0C3
:1017E00063FA002800F000878D4920460CF05CFA6F
:1017F00010B9022E01F067828A4920460CF054FA93
:10180000002800F0EC86884920460CF04DFA0028AC
:1018100000F0E086854920460CF046FA28B9032EF0
:1018200001F0A18103F0D8FA2C68814920460CF020
:101830003BFA002800F013877E4920460CF034FA6A
:10184000002800F0EB867C4920460CF02DFA002899
:1018500000F0F286794920460CF026FA002800F0C4
:10186000F586774920460CF01FFA002840F0998150
:10187000022E00F0AA8705F061FE2C68714920460F
:101880000CF012FA18B9002005F0A2FE2C686E497F
:1018900020460CF009FA0746002840F09381042EF8
:1018A00000F0BA82052E01F06183204667490CF0F2
:1018B000FBF90746002840F00482022E00F048831E
:1018C000032E01F05384204661490CF0EDF9002805
:1018D00040F06E8320465F490CF0E6F9002840F0A6
:1018E0000482022E00F0F684032E01F010832046BD
:1018F00059490CF0D9F9002840F05782012E01F027
:10190000DE83022E00F06485204654490CF0CCF9A9
:10191000074610B9032E00F0FF86204650490CF010
:10192000C3F9002840F06B83022E00F08783032E5A
:1019300000F0208720464B490CF0B6F9002840F013
:10194000AB83012E00F0F783022E00F06F83204658
:1019500045490CF0A9F90746002840F0AB83022E58
:1019600000F0E487032E01F07B83404920460CF011
:101970009BF9002800F0D7833D4920460CF094F9EC
:10198000074610B9042E00F037873A4920460CF07C
:101990008BF9002800F0B886374920460CF084F90E
:1019A000002800F0A586354920460CF07DF9002876
:1019B00000F09286324920460CF076F9002800F0BB
:1019C0008686304920460CF06FF9002800F07A86B0
:1019D0005AE000BFE8F000080CF1000814F100081C
:1019E0001CF1000838F100083CF1000840F1000843
:1019F00048F1000850F1000858F1000860F10008B3
:101A000068F1000870F1000878F1000884F100081E
:101A10008CF1000894F100089CF10008A4F1000882
:101A2000ACF10008B4F10008BCF10008C4F10008F2
:101A3000CCF10008D8F10008E4F10008F0F100084A
:101A4000FCF1000808F2000814F2000824F2000873
:101A500034F2000844F2000864F2000884F200083E
:101A600090F20008A0F20008B4F20008D4F20008D6
:101A7000E0F20008ECF2000800F3000824F300088C
:101A80004CF3000854F30008CF4920460CF00CF941
:101A9000002800F00B86CD4920460CF005F90028FF
:101AA00000F0F885CA4920460CF0FEF806460028EA
:101AB00000F0E485C74920460CF0F6F800BB6B68DF
:101AC0001A782D2A01F04781014601261A5CA2F1FD
:101AD0003000092801F28C831944002303EB8303AF
:101AE00002EB430311F8012FA2F13004092CA3F1FA
:101AF0003003F3D906FB03F080B206F0A5F92C6899
:101B0000B54920460CF0D0F8002800F08285B34992
:101B100020460CF0C9F8002800F07085B049204636
:101B20000CF0C2F8002800F03785AE4920460CF0D2
:101B3000BBF8002800F01885AB4920460CF0B4F83B
:101B4000002800F0FB84BDE8F08104F09BFD2F68C5
:101B5000A64938463C460CF0A7F818B9022E00F00A
:101B6000B3863C46A24920460CF09EF800287FF43C
:101B7000CAAD04F087FD2C689E4920460CF094F80D
:101B800000287FF4C7AD04F049FF2C689A4920462D
:101B90000CF08AF800287FF4C4AD05F0F3F82C6847
:101BA000BFE5204695490CF07FF800287FF46FAE22
:101BB000022E7FF468AE6868FFF72AFCC0B205F019
:101BC00007FD2C688E4920460CF06EF800287FF443
:101BD0006CAE042E00F01A84052E7FF466AE6868A1
:101BE000FFF716FCAB681A782D2AC0B201F01883F3
:101BF0000022114601279A5CA2F13004092C01F25F
:101C00006B841944002303EB830302EB430311F8B5
:101C1000012FA2F13004092CA3F13003F3D907FB03
:101C200003F3DBB24FF4616707FB03F7EB681A7845
:101C30002D2A01F0CE83002211464FF0010E9A5C4E
:101C4000A2F13004092C01F230841944002303EB83
:101C5000830302EB430311F8012FA2F13004092C96
:101C6000A3F13003F3D90EFB03F3DBB2C3EB031391
:101C70004FEA830C2B691A782D2A01F0A4830022E5
:101C8000144601219A5CA2F1300EBEF1090F01F257
:101C900028841C44002303EB830302EB430314F862
:101CA000012FA2F1300EBEF1090FA3F13003F2D9DA
:101CB00001FB03F3DBB207EB0C01194405F02AFE2C
:101CC0002C68504920460BF0EFFF002840F01F81A0
:101CD000022E00F08182032E01F0928020464A49B4
:101CE0000BF0E2FF00287FF4F5AD204647490BF0EA
:101CF000DBFF002840F01E81022E00F01583032E2A
:101D00007FF4F5AD6868FFF783FBAB681A782D2A7E
:101D1000C0B201F091820022114601279A5CA2F123
:101D20003004092C01F2CF831944002303EB830311
:101D300002EB430311F8012FA2F13004092CA3F1A7
:101D40003003F3D907FB03F3D9B205F0C9FE2C68C1
:101D50002F4920460BF0A8FF00287FF4C8AD686823
:101D6000FFF756FBAB681A782D2AC0B201F05E82ED
:101D70000022114601279A5CA2F13004092C01F2DD
:101D80009F831944002303EB830302EB430311F801
:101D9000012FA2F13004092CA3F13003F3D907FB82
:101DA00003F3D9B205F0D2FE2C681A4920460BF095
:101DB0007BFF002840F01181012E01F08B81022E63
:101DC0007FF4A2AD12E300BF5CF3000878F30008D3
:101DD000ACF30008B4F30008BCF30008C0F300083B
:101DE000C4F30008CCF30008D4F300081CF1000889
:101DF00014F1000838F100083CF1000808F200086E
:101E00001CF200082CF200083CF200084CF200081A
:101E100058F2000870F200086A6813782D2B01F060
:101E20006A82034601240146D35CA3F130000928ED
:101E300001F231831144002202EB820203EB4202E1
:101E400011F8013FA3F130000928A2F13002F3D9C3
:101E500004FB02F2D2B24FF4616404FB02F4AA68FC
:101E600013782D2B01F05982002319464FF0010EF3
:101E7000D35CA3F13000092801F2E2821144002270
:101E800002EB820203EB420211F8013FA3F13000A2
:101E90000928A2F13002F3D90EFB02F2D2B2C2EB52
:101EA00002129100EB681A782D2A01F03C82002280
:101EB00010464FF0010C9A5CA2F1300EBEF1090FF2
:101EC00011D81844002303EB830302EB430310F8FB
:101ED000012FA2F1300EBEF1090FA3F13003F2D9A8
:101EE0000CFB03F3DFB221443944102005F0E6FC7B
:101EF0002C68A74920460BF0D7FE002800F0868208
:101F00002046A4490BF0D0FE00287FF4DAAE20462C
:101F1000A1490BF0C9FE00284AD1022E00F08681AB
:101F2000032E00F09A8720469C490BF0BDFE002846
:101F30007FF4DBAE20469A490BF0B6FE00287FF412
:101F4000D6AC022E00F01A82032E7FF4D0AC06E746
:101F50006B681A782D2A01F0C28101460124DA5DEE
:101F6000A2F13000092801F286821944002303EB14
:101F7000830302EB430311F8012FA2F1300009287B
:101F8000A3F13003F3D904FB03F3D9B2102005F019
:101F9000EDFC2C68834920460BF086FE002800F0FB
:101FA0001B8120467C490BF07FFE002800F03E811B
:101FB00020467D490BF078FE00287FF48BAC022E82
:101FC00000F05E81032E00F07587204677490BF004
:101FD0006BFE00283FF48BACACE7204674490BF055
:101FE00063FE00287FF490AC022E7FF48DAC68680D
:101FF000FFF70EFAC0B205F00FFE2C688DE4204604
:102000006C490BF051FE00287FF494AC022E7FF453
:1020100091AC6868FFF7FCF9C0B205F01FFB2C68B3
:10202000654920460BF040FE002835D16868FFF76F
:10203000EFF9C0B205F054FB2C6888E46B681A789D
:102040002D2A01F04081014601241A5CA2F13000E2
:10205000092801F216821944002303EB830302EBE3
:10206000430311F8012FA2F130000928A3F1300336
:10207000F3D904FB03F399B2202005F0D1FA2C68C0
:102080004C4920460BF010FE0028C2D020464A4999
:102090000BF00AFE0028C9D0204648490BF004FE88
:1020A00000287FF454AC012E7FF451AC202005F0C1
:1020B00029FB2C68424920460BF0F6FD00284AD146
:1020C000022E00F01082032E7FF44FAC6868FFF7F9
:1020D0009FF9AB681A782D2AC0B201F09B800022CC
:1020E000114601279A5CA2F13004092C01F2FF810C
:1020F0001944002303EB830302EB430311F8012F80
:10210000A2F13004092CA3F13003F3D907FB03F348
:10211000D9B205F0CDFA2C682A4920460BF0C4FD4F
:1021200000287FF429AC6868FFF772F9C0B205F0A7
:1021300041FB2C6820E4202005F0D2FA2C681F49CE
:1021400020460BF0B1FD0028B0D020461E490BF010
:10215000ABFD0028AED120461C490BF0A5FD0028A0
:102160007FF403AC022E7FF400AC6C681849204663
:102170000BF09AFD002801F02F80164920460BF045
:1021800093FD002801F063802C68FFF7EEBB00BFD1
:102190001CF2000824F2000834F2000844F200089F
:1021A00058F200082CF200083CF200084CF200083B
:1021B00078F2000898F20008A0F20008ACF20008DB
:1021C000BCF20008D4F20008B4F20008C4F200081F
:1021D000CCF20008D0F200086B681A782D2A00F0C3
:1021E000BF870022114601249A5CA2F13000092821
:1021F00001F20B811944002303EB830302EB430339
:1022000011F8012FA2F130000928A3F13003F3D90E
:1022100004FB03F3D9B2102005F0BEFB2C68D549AE
:1022200020460BF041FD00287FF4C2AE6B681A789F
:102230002D2A00F067870022114601249A5CA2F142
:102240003000092801F20E811944002303EB8303B7
:1022500002EB430311F8012FA2F130000928A3F18A
:102260003003F3D904FB03F3D9B2102005F0AAFB25
:102270002C68C14920460BF017FD00287FF42AABDB
:102280006B681A782D2A00F04F870022114601242E
:102290009A5CA2F13000092801F2D580194400238C
:1022A00003EB830302EB430311F8012FA2F130008B
:1022B0000928A3F13003F3D904FB03F399B21020EA
:1022C00005F096FB2C68AD4920460BF0EDFC00288C
:1022D0007FF40BAD6B681A782D2A00F01987002265
:1022E000114601249A5CA2F13000092801F2B18064
:1022F0001944002303EB830302EB430311F8012F7E
:10230000A2F130000928A3F13003F3D904FB03F351
:1023100099B2102005F0A2FB2C68994920460BF0D9
:10232000C3FC00287FF406AE6B681A782D2A00F0F3
:10233000F5860022114601249A5CA2F1300009289A
:1023400001F293801944002303EB830302EB430360
:1023500011F8012FA2F130000928A3F13003F3D9BD
:1023600004FB03F3D9B2102005F0BAFB2C688549B1
:1023700020460BF099FC00287FF4B9AA6B681A7804
:102380002D2A00F0B9860022114601249A5CA2F1A0
:102390003000092801F25A801944002303EB83031B
:1023A00002EB430311F8012FA2F130000928A3F139
:1023B0003003F3D904FB03F3D9B2102005F0C6FBB8
:1023C0002C68714920460BF06FFC00287FF4EDACBF
:1023D0006868FFF71DF8C0B205F0FAFB2C686B497E
:1023E00020460BF061FC00287FF4F7AD6868FFF72A
:1023F0000FF8C0B205F0FEFB2C68654920460BF0D3
:1024000053FC00283FF4F3ADFFF77EBA6B681A78EF
:102410002D2A00F08F860022114601249A5CA2F139
:102420003000092801F218801944002303EB8303CC
:1024300002EB430311F8012FA2F130000928A3F1A8
:102440003003F3D904FB03F3DBB24FF4616404FB04
:1024500003F4A86803782D2B00F059870023194650
:102460000127C25CA2F13003092B01F20D80084460
:10247000002303EB830302EB430310F8012FA2F1C7
:1024800030010929A3F13003F3D907FB03F3DBB2D1
:10249000C3EB03139900EB681A782D2A00F03187FB
:1024A000002210464FF0010E9A5CA2F13007092F6E
:1024B00000F2A3871844002303EB830302EB4303DA
:1024C00010F8012FA2F13007092FA3F13003F3D93F
:1024D0000EFB03F2D2B221441144102005F01AFA87
:1024E0002C68FFF7EEBB6B681A782D2A00F0FE858A
:1024F0000022114601249A5CA2F13000092800F262
:10250000AE871944002303EB830302EB430311F866
:10251000012FA2F130000928A3F13003F3D904FB05
:1025200003F3D9B2202005F0C3F82C6819492046DE
:102530000BF0BAFB00287FF418AA16E6BDE8F041BC
:1025400005F096BB04F080F840464146FEF742F99C
:1025500001204146FEF73EF941460220FEF73AF9D6
:102560002F683C46FFF7C1B8FEF7AEFF2C68FFF7B7
:10257000E3BA00BF34F200083CF2000844F200085D
:102580004CF2000858F2000864F2000870F20008EB
:1025900078F20008C4F20008BB4801F04BFDBB48CC
:1025A00001F0BAFE2C68FFF7C0BA012003F0A6F8CC
:1025B0002C68FFF7E2B803F039FB2C68FFF7CEB8C0
:1025C00003F0ACF92C68FFF7F1B803F0E7F82C68DA
:1025D000FFF7E5B802F0C8FA2C68FFF71BB903F063
:1025E00075FC2C68FFF70FB902F06AFF2C68FFF743
:1025F000FBB803F003FC2C68FFF7EFB803F094F985
:1026000002F064FF02F0B6FA05F018FC2C68FFF740
:1026100085BA05F00DFC2C68FFF779BA6868FEF7FB
:10262000F7FEC0B204F022FF2C68994920460BF057
:102630003BFB00287FF40EA904F0C0FD2C689549EF
:1026400020460BF031FB00287FF40BA96868FEF7E9
:10265000DFFEC0B204F04AFF2C68FFF702B903F0B6
:1026600073FC2C68FFF7E8B804F0E6FD2C68FFF770
:102670006EB803F003FB2C68FFF762B807F0CCF8E4
:1026800030464FF448714FF4F07207F0DDF82C68D3
:10269000FFF710BA804801F0CDFCC820FEF786F89D
:1026A0007E4801F039FE2C68FFF7FCB97C4801F048
:1026B000C1FCC820FEF77AF87A4801F02DFE2C689C
:1026C000FFF7E9B900F0C0FF2C68FFF7DDB900F0B3
:1026D0009FFF2C68FFF775B9734801F0ABFCC82069
:1026E000FEF764F8714801F017FE2C68FFF762B935
:1026F0006F4801F09FFCC820FEF758F86D4801F0C4
:102700000BFE2C68FFF74FB96B4801F093FC00F00B
:1027100053FF2C68FFF740B96868FEF779FEAB6895
:102720001A782D2AC0B200F0C28539464FF0010E4A
:10273000DA5DA2F13004092C00F27F8619440023EF
:1027400003EB830302EB430311F8012FA2F13004E2
:10275000092CA3F13003F3D90EFB03F399B209B2AC
:1027600005F06CFA2C68554920460BF09DFA0028BC
:102770007FF4E0A86868FEF74BFEAB681A782D2A54
:10278000C0B200F02F850022114601279A5CA2F109
:102790003004092C00F28F861944002303EB8303D5
:1027A00002EB430311F8012FA2F13004092CA3F12D
:1027B0003003F3D907FB03F303EB8303590089B21A
:1027C00004F02EFF2C68FFF7B5B86868FEF720FE0E
:1027D000C0B204F0B3FE2C68394920460BF064FA0D
:1027E00000283FF4E8A9204636490BF05DFA00289E
:1027F0003FF45BA8FFF7E6B96868FEF709FEAC682E
:1028000023782D2BC0B200F0588539460126E25DB1
:10281000A2F13003092B00F231862144002303EB9F
:10282000830302EB430311F8012FA2F13004092CBA
:10283000A3F13003F3D906FB03F3D9B2EB681A789E
:102840002D2A00F009850022144601279A5CA2F186
:102850003006092E00F2DC851C44002303EB8303C1
:1028600002EB430314F8012FA2F13006092EA3F165
:102870003003F3D907FB03F292B212B204F078FFEF
:102880002C68FFF782B800BFC8E50008F8E500082B
:10289000E4F10008F0F1000880F3000898F3000864
:1028A00064F3000874F300082CF3000844F30008F4
:1028B00008F3000820F30008F4F2000890F2000882
:1028C00008F2000814F200086B681A782D2A00F04C
:1028D0000C850022114601249A5CA2F130000928DF
:1028E00000F2D5851944002303EB830302EB430375
:1028F00011F8012FA2F130000928A3F13003F3D918
:1029000004FB03F4E4B22146B94801F059FB214627
:102910000020FDF75FFF21460120FDF75BFF214608
:102920000220FDF757FF2C68FFF71CB96B681A7877
:102930002D2A00F0CE8401460124DA5DA2F1300098
:10294000092800F295851944002303EB830302EB69
:10295000430311F8012FA2F130000928A3F130033D
:10296000F3D904FB03F3D9B2202004F089FE2C68CC
:10297000A04920460BF098F900283FF4B4AD20465A
:102980009D490BF091F900283FF4EFABFEF7EDBF46
:102990006B681A782D2A00F08484014601241A5CA1
:1029A000A2F13000092800F245851944002303EB09
:1029B000830302EB430311F8012FA2F13000092831
:1029C000A3F13003F3D904FB03F4E4B2A868FEF7E3
:1029D0001FFDC1B2204603F065F92C68FEF7A9BEC1
:1029E0006C6823782D2B00F0568401460127225C69
:1029F000A2F13003092B00F21A852144002303EBD6
:102A0000830302EB430311F8012FA2F13004092CD8
:102A1000A3F13003F3D907FB03F3D8B2AC682378F2
:102A20002D2B00F09184002319460127E25CA2F1CE
:102A30003003092B00F2D6842144002303EB8303E7
:102A400002EB430311F8012FA2F13004092CA3F18A
:102A50003003F3D907FB03F3D9B2EB681A782D2AB8
:102A600000F06C84002214464FF0010E9A5CA2F133
:102A70003007092F00F2B3841C44002303EB8303C7
:102A800002EB430314F8012FA2F13007092FA3F141
:102A90003003F3D90EFB03F39AB203F07FF92C68ED
:102AA000FEF794BE6C6823782D2B00F0EF8301466F
:102AB0000127225CA2F13003092B00F2B5842144E6
:102AC000002303EB830302EB430311F8012FA2F170
:102AD0003004092CA3F13003F3D907FB03F3D8B278
:102AE000AC6823782D2B00F0408400231946012781
:102AF000E25CA2F13003092B00F28284214400231E
:102B000003EB830302EB430311F8012FA2F130041E
:102B1000092CA3F13003F3D907FB03F3D9B2EB6817
:102B20001A782D2A00F01B84002214464FF0010E63
:102B30009A5CA2F13007092F00F259841C4400234B
:102B400003EB830302EB430314F8012FA2F13007D8
:102B5000092FA3F13003F3D90EFB03F3DAB202F02D
:102B600061FDFEF712BE6C6823782D2B00F089837F
:102B700001460127225CA2F13003092B00F25184A7
:102B80002144002303EB830302EB430311F8012FDD
:102B9000A2F130000928A3F13003F3D907FB03F3B6
:102BA000D8B2AB681A782D2A00F0D48300221146DF
:102BB00001279A5CA2F13004092C00F21B8419440D
:102BC000002303EB830302EB430311F8012FA2F16F
:102BD0003004092CA3F13003F3D907FB03F189B2C8
:102BE00009B203F097F902F0E7F8FEF71BBE00BF49
:102BF00024F10008BCF20008C4F200086C682378D5
:102C00002D2B00F0398301460127225CA2F130030D
:102C1000092B00F204842144002303EB830302EB1D
:102C2000430311F8012FA2F13004092CA3F1300362
:102C3000F3D907FB03F3D8B2AC6823782D2B00F04F
:102C40007883002319460127E25CA2F13003092BA7
:102C500000F2CB832144002303EB830302EB430305
:102C600011F8012FA2F13004092CA3F13003F3D99C
:102C700007FB03F3D9B2EB681A782D2A00F07B83A7
:102C8000002214464FF0010E9A5CA2F13007092F82
:102C900000F2B9831C44002303EB830302EB4303DC
:102CA00014F8012FA2F13007092FA3F13003F3D953
:102CB0000EFB03F3DAB202F011FC012002F01EFD5C
:102CC0002C68FEF753BD6B681A782D2A00F0CF826E
:102CD000014601241A5CA2F13000092800F29D830C
:102CE0001944002303EB830302EB430311F8012F84
:102CF000A2F130000928A3F13003F3D904FB03F05B
:102D00000138C0B201F03CFC2C68FEF775BD6B6861
:102D10001A782D2A00F0A682014601241A5CA2F13D
:102D20003000092800F277831944002303EB830362
:102D300002EB430311F8012FA2F130000928A3F19F
:102D40003003F3D904FB03F00138C0B202F0ACF950
:102D50002C68FEF73BBD012001464FF0FF36FEF721
:102D6000B5BE6A6813782D2B00F00A8303464FF036
:102D700001080446D15CA1F13003092B00F29083D5
:102D80001444002303EB830301EB430314F8011FF6
:102D9000A1F13002092AA3F13003F3D908FB03F8AB
:102DA0005FFA88F84146AA6813782D2B00F0ED826F
:102DB00000231F464FF0010ED45CA4F13003092B11
:102DC00000F26C833A44002303EB830304EB4303D8
:102DD00012F8014FA4F130000928A3F13003F3D910
:102DE0000EFB03F3DCB220460246D54801F0E8F8BA
:102DF0002146404603F0DCFB2F683C46FEF76DBCE5
:102E00006868FEF705FBAB681A782D2AC0B200F09F
:102E1000F7810022114601279A5CA2F13004092CA7
:102E200000F256831944002303EB830302EB4303B0
:102E300011F8012FA2F13004092CA3F13003F3D9CA
:102E400007FB03F3D9B204F0A7FD2C68BD49204667
:102E50000AF02AFF00287FF4ABA86868FEF7D8FACA
:102E6000AB681A782D2AC0B200F0C5810022114645
:102E700001279A5CA2F13004092C00F2278319443F
:102E8000002303EB830302EB430311F8012FA2F1AC
:102E90003004092CA3F13003F3D907FB03F3D9B2B3
:102EA00004F090FD2C68A84920460AF0FDFE002899
:102EB0007EF410AD6868FEF7ABFAAB681A782D2A7D
:102EC000C0B200F0A2810022114601279A5CA2F153
:102ED0003004092C00F2FE821944002303EB830323
:102EE00002EB430311F8012FA2F13004092CA3F1E6
:102EF0003003F3D907FB03F399B204F079FD2C6892
:102F0000924920460AF0D0FE00287EF4EEAE6868B2
:102F1000FEF77EFAAB681A782D2AC0B200F09281D3
:102F20000022114601279A5CA2F13004092C00F21C
:102F3000C5821944002303EB830302EB430311F81A
:102F4000012FA2F13004092CA3F13003F3D907FBC0
:102F500003F399B204F082FD2C687D4920460AF003
:102F6000A3FE00287EF4E6AFFEF7CCBE6868FEF74D
:102F70004FFAAB681A782D2AC0B200F015823A4693
:102F80004FF0010E39469A5CA2F13004092C00F290
:102F9000AB821944002303EB830302EB430311F8D4
:102FA000012FA2F13004092CA3F13003F3D90EFB59
:102FB00003F3DBB24FF4616E0EFB03FEEA68137895
:102FC0002D2B00F0FB81002319464FF0010CD35C40
:102FD000A3F13004092C00F282821144002202EB9A
:102FE000820203EB420211F8013FA3F13004092CE5
:102FF000A2F13002F3D90CFB02F2D2B2C2EB021200
:1030000091002B691A782D2A00F0D38100221446F2
:103010004FF001089A5CA2F1300CBCF1090F11D8F5
:103020001C44002303EB830302EB430314F8012F3A
:10303000A2F1300CBCF1090FA3F13003F2D908FB67
:1030400003F3DFB27144394404F038FC2C68414981
:1030500020460AF029FE00287EF452AFFEF7BFBDDD
:103060006868FEF7D5F9AB681A782D2AC0B200F06F
:10307000968139464FF0010EDA5DA2F13004092C39
:1030800000F217821944002303EB830302EB43038E
:1030900011F8012FA2F13004092CA3F13003F3D968
:1030A0000EFB03F3D9B204F0EBFA2C682A49204650
:1030B0000AF0FAFD00287EF458ACFFF707B810209C
:1030C00004F086FD2C68254920460AF0EDFD002815
:1030D0007EF41AAC102004F08DFD2C68FEF714BCB1
:1030E00003F0AAFA2F683C46FEF7F7BA0122114610
:1030F0004FF0FF34FFF7FFB9012211464FF0FF34C4
:10310000FFF744B9012211464FF0FF34FFF796B89C
:10311000012211464FF0FF34FFF7E4B801221146B7
:103120004FF0FF34FFF708B9012211464FF0FF348A
:10313000FFF7AEB8012211464FF0FF34FFF76EB92A
:10314000ECF0000834F200083CF2000844F20008F9
:103150004CF200081CF20008BCF2000870F20008F3
:10316000012211464FF0FF34FFF73EB86868FEF7C2
:103170004FF9AB681A782D2AC0B200F00B8139469E
:103180004FF0010EDA5DA2F13004092C00F28B81C0
:103190001944002303EB830302EB430311F8012FCF
:1031A000A2F13004092CA3F13003F3D90EFB03F391
:1031B000D9B204F0DBFB2C68CE4920460AF074FD3E
:1031C00000283FF41DAE2046CB490AF06DFD0028D3
:1031D0003FF443AEFEF7ECBE202004F0A5FA6C6885
:1031E000FEF7CBBF012211464FF0FF37FFF7CEBAF3
:1031F0000020FEF782BC012211464FF0FF3738E66F
:10320000012211464FF0FF3706E6012211464FF02A
:10321000FF375BE6012211464FF0FF37FEF762BF32
:10322000012211464FF0FF37FEF7E5BC012211469F
:103230004FF0FF37FEF79FBD012211464FF0FF37D9
:10324000FEF76CBD012211464FF0FF376BE62020E0
:1032500004F07CFAFEF798BF012214464FF0FF37C6
:10326000FFF7F4BA012001464FF0FF3456E5012084
:1032700001464FF0FF342DE5012001464FF0FF37A6
:10328000C3E4012001464FF0FF3773E401200146FB
:103290004FF0FF370DE4012001464FF0FF37FFF7F5
:1032A000A6BB012001464FF0FF34FFF778BB012792
:1032B00039464FF0FF3EFFF73BBA012739464FF042
:1032C000FF36FFF7A4BA012001464FF0FF34FEF7A6
:1032D000BCBE012739464FF0FF34FFF72EBB012754
:1032E00039464FF0FF34FEF73ABE012211464FF047
:1032F000FF34FFF7F1BA012319464FF0FF34FEF710
:1033000093BD012210464FF0FF3EFFF7CDB80123D9
:1033100019464FF0FF37FFF7A4B8012319464FF0C5
:10332000FF3EFEF7A5BD012210464FF0FF3CFEF721
:10333000C2BD012319464FF0FF3785E40122144630
:103340004FF0FF3EFFF792BB012319464FF0FF37C6
:10335000FFF76CBB012211464FF0FF3729E4012231
:1033600014464FF0FF3EFFF7E3BB012319464FF031
:10337000FF37FFF7BDBB012214464FF0FF3E83E449
:1033800001231C464FF0FF38F4E401231F464FF0A1
:10339000FF3E11E5012739464FF0FF3EF2E60127D7
:1033A00039464FF0FF3E67E6012211464FF0FF3EDF
:1033B000E9E5012214464FF0FF382BE601231946B8
:1033C0004FF0FF3C03E6012214464FF0FF31FEF7B9
:1033D00059BC012211464FF0FF3EFEF730BC0022DF
:1033E000FFF75BBB0021FFF738BB002143E400225D
:1033F000FFF7B5BB0021FFF7F3BB0022FFF76BB867
:103400000021FFF78CBB002255E40021FEF703BF2B
:103410000022FFF732BAFF2098E4FF2072E4002078
:103420000AE40020FFF7BDBB0020FFF759BB0020D6
:10343000FFF7F4BA0024FFF7C9BA0021FFF78FB9EC
:103440000021FEF72FBD0021FEF739BF0021FEF756
:10345000B4BF0021FEF75DBF0024FEF7FABF0021D4
:10346000FFF760B80021FEF700BF0021FEF77BBF29
:103470000021FFF779BA0021FEF788BD0021FFF790
:10348000DDB90021FEF7F8BD0021FFF704B80021E7
:103490000C46FFF739BA0024FEF7E1BC0024A3E490
:1034A000002188467FE4002183E64FF0000CFEF700
:1034B000E1BB0021F7E50021FFF782B9002149E5D2
:1034C0000021FEF76FBC0021FEF73FBC0021E7E4BE
:1034D0000021B8E4002110E50027FEF7A7BB00217A
:1034E0008FE50023FEF7E7BB4FF0000E66E50021F5
:1034F000FEF70FBE2CF2000834F2000808B1FEF708
:10350000DBB8704738B5FDF715FA002816DB0A2836
:103510001CD00D281AD0082811D07F280FD0194BA5
:103520001B6803445B7813F0970F07D0164A137893
:10353000190603D4154C591CE054117038BD124AB9
:103540001378002BFAD0013B137038BD0A2000F02D
:103550006BFD0D4B0D4C1D780D4900222046625528
:103560001A70FDF77DFF0B4A106038B93E2000F05D
:103570005BFD0948BDE8384000F0CEBE0449FEF7C7
:103580009BF8F3E7C8000020FC090020000A002097
:10359000D0090020F8090020BCE5000803480449D0
:1035A000044A002303700B7013707047C40A002094
:1035B000900A0020800A002038B5044C4FF40075B2
:1035C0006583C820FDF7F2F8258338BD0008024066
:1035D00008B50649002000F00BFD6420FDF7E6F871
:1035E0000348BDE8084000F097BE00BFDCF30008C8
:1035F00020F3000808B50020034900F0F9FC034857
:10360000BDE8084000F088BEF8F3000844F3000865
:1036100008B5094B1B78012B04D00848BDE80840C9
:1036200000F008BD064800F077FE00200549BDE81F
:10363000084000F0DDBC00BFC40A002038F40008D8
:1036400010F4000814F4000808B5044800F064FE03
:1036500000200349BDE8084000F0CABC58F4000847
:103660005CF4000830B505460146A9B01F4800F0DB
:10367000A7FC2B78EBB1002428462246214609E01E
:10368000252B04D01544013205F8A03CD2B210F825
:10369000013F73B128AD2C2B05EB4415F0D12A4422
:1036A00010F8013F02F8A01C0134E4B20022002B04
:1036B000F0D19DF82030302B02D0002029B030BD51
:1036C00010A80B490AF0F0FA04460028F5D1694623
:1036D00008480AF055FC084B0849064A20460124D0
:1036E0001C7000F085FC204629B030BD80F4000835
:1036F000A0F40008840A0020900A0020ACF400081E
:1037000010B501460446044800F006FE2146034871
:10371000BDE8104000F054BCE0F40008E8F40008F4
:10372000F8B50546FDF7C8F9002814DB704B1C7886
:10373000A4B915F0FD0257D0052A55D0012D00F08F
:10374000B680042D00F0A580062D04D11F221A702A
:10375000452800F0BA8000242046F8BD621E1F2ACA
:10376000F9D801A151F822F0ED37000827380008F8
:1037700057370008573700085737000857370008F1
:1037800057370008573700085737000857370008E1
:10379000B3380008033800085737000857370008C7
:1037A00057370008573700085737000857370008C1
:1037B0005737000857370008973800087138000855
:1037C00057370008573700085737000857370008A1
:1037D0005737000857370008573700085737000891
:1037E000513700088D38000801221A702528B2D1FF
:1037F000404C414901250222257008701A700024AE
:10380000AAE7202836D03D4B1B6803445B7813F0B1
:10381000970FA0D0374A384913785C1CC8541470ED
:1038200000242046F8BD2528EDD1324F324E97F8BE
:1038300000E00EF10102D2B2002106F80E003A704B
:10384000B1541970002D49D0022D49D0052D45D015
:10385000072D80D130462A490AF026FA00283DD0AB
:10386000304628490AF020FA002818BF002473E7E0
:103870004B28C8D11F4D204C2E78721CD2B200218B
:10388000A0552A70A1541970012465E74428BAD1C3
:10389000F0E715221A7041287FF45DAF154C1649E8
:1038A00001251622257008701A70002454E70B2297
:1038B0001A7043287FF44FAF0E4C0F4901250C229C
:1038C000257008701A70002446E70A4C0A49012541
:1038D0002022257008701A7000243DE701243BE780
:1038E0003046FFF7BFFE041C18BF012434E700BFB9
:1038F00081070020980A0020C80A0020C800002084
:10390000FCF400080CF5000870B5744C63780D2BBE
:1039100012D8DFE803F03A4A555D6B737E86919AC0
:10392000A6AB07120720FFF7FBFE0128054600F0B3
:10393000CC80022800F0A68070BDFDF7BDF80028FD
:10394000FADB0A2800F0A4800D2800F0A1800828E6
:1039500000F0B3807F2800F0B080614B1B68034407
:103960005B7813F0970F07D05E4A1378FF2B03D0D4
:103970005D4C591CE0541170FCF7DCFF011EDBDDCF
:103980005A48BDE8704000F0C7BC5949594A5A4DE1
:1039900000234FF400760B701370C8206E83FCF781
:1039A00005FF01232E83637070BD0020FFF7B8FE72
:1039B0000028C1D0514800F03DFB0223637070BD68
:1039C0004F4800F037FBFFF703FE0323637070BD21
:1039D0000120FFF7A5FE0028AED04A4800F02AFBE0
:1039E000434A012104231170637070BD464800F002
:1039F00021FBFFF70DFE0523637070BD0220FFF76A
:103A00008FFE002898D0414800F014FB0623637015
:103A100070BD3F4800F00EFBFFF716FE07236370F2
:103A200070BD0420FFF77CFE002885D0394800F0E7
:103A300001FB0823637070BD374800F0FBFA37487C
:103A4000FFF75EFE0923637070BD0520FFF768FE77
:103A500000283FF471AF324800F0ECFA0A2363709B
:103A600070BDFFF7C7FD0B23637070BD0620FFF725
:103A700057FE00283FF460AF2A4800F0DBFA0C2321
:103A8000637070BD284800F0D5FA0023637070BDE4
:103A90002648154C00F040FC124B25491D780022A9
:103AA00020461A706255FDF7DBFC224B2049186056
:103AB000FFF724FDFDF746FC5EE70A4A1378002B6A
:103AC0003FF45AAF013B137056E71B4800F0B2FABF
:103AD000084A0D231570637070BD00BF8107002078
:103AE000C8000020980A0020C80A002060F60008DC
:103AF000C40A0020800A0020000802401CF50008CB
:103B000008F3000834F5000858F500087CF50008B3
:103B100094F50008A8F50008C0F50008840A002004
:103B2000E0F5000800F6000840F6000824E600086A
:103B30009C0A0020940A002018F600082DE9F043A2
:103B400010EE104AC4F30F4101F4FF41B1F5FF4FED
:103B5000C4F31603C4F3C7527AD0A2F1960111F14F
:103B60001F0F43F4000320DB0029BABF494223FAA8
:103B700001F603FA01F6763A1BD41F2A71DC0028FD
:103B800003FA02F31ADB072819DD4048A3FB000102
:103B900000280A4676DB3E490020531DC8730A22DE
:103BA0004FF0060EB3FBF2F21EE0763A4FF000063D
:103BB000E3D55242002823FA02F3E4DA0020354A22
:103BC00052F82020A2FB0389B8F1000F4A465ADBC5
:103BD000531D314A2E49A2FB03230025DA08CD7379
:103BE00000284CD000F1FF3E2C48DFF8ACC0CEF1ED
:103BF0000E0705460F44ACFB0231C90801EB8103F7
:103C0000A2EB4302303205F8012DBD420A46F2D143
:103C10006FEA0E0108442E2300F8013C01381E4DC6
:103C20009319A5FB0312D20802EB8201A3EB410317
:103C3000303300F8013D1346002AF2D1002C05DA9A
:103C40002D2300F8013C0138BDE8F083BDE8F08386
:103C50007BB9134B134830EA240028BF1846BDE84F
:103C6000F083002808DB07284FF00003A7DD1A4681
:103C700091E70D48BDE8F08300200246A8E701F176
:103C80000F00CCE70720931DA3E700BF00E1F50577
:103C90008407002064F60008CDCCCCCC930700202C
:103CA00088F6000890F6000884F600080EB400B507
:103CB00082B003AA52F8041B019200F005F802B08A
:103CC0005DF804EB03B070472DE9F04F8DB08946E5
:103CD0000390934604464FF0200A99F8002009F11A
:103CE000010352B1252A0ED09946227099F800207E
:103CF000013409F10103002AF4D1039B2270E01A78
:103D00000DB0BDE8F08F99F80120302A18BF4FF0B0
:103D1000000E05D113F8012F302AFBD04FF0010E11
:103D2000A2F13001C8B209284FF000060AD813F8F2
:103D3000012F06EB860601EB4606A2F13001C8B260
:103D40000928F4D92E2A33D01A784FF0FF3502F023
:103D5000FB01682904BF5A780133A2F1580103F12D
:103D600001090B46202B00F2FB80DFE813F09E00D8
:103D7000F900F900F900F900F900F900F900F9007B
:103D8000F900F90092003800E300E300E300F900D5
:103D9000CB00F900F900F900F900F900F900BC00C6
:103DA000F900F900AD00F9003800F900F9009E00B3
:103DB0005978A1F13002D0B2092803F1010300F2D1
:103DC000EB80002513F8011F05EB850502EB450587
:103DD000A1F13002D0B20928F4D90A46B7E70BF1B5
:103DE0000403642A02934FF00A01DBF8003065D027
:103DF000DFF8C08100228DF82F20002B00F0C98051
:103E0000DFF8B4C10DF12F07B3FBF1F201FB123063
:103E100013461CF8002007F8012D002BF4D16B1C71
:103E200000F0A180DDF808B06FF0004138460AF0DC
:103E300033F92D1A029040460AF000F9029B98F8D7
:103E4000002025EAE575301AE918401A2AB104F86D
:103E5000012B18F8012F002AF9D1002D00F08F80D6
:103E60002544302204F8012BAC42FBD1002B08DDA5
:103E70006A1EFC1817F8011B02F8011FA742F9D1AE
:103E80001D4400287DDD2C1805F801ABA542FBD1AF
:103E900023E70CAFDBF8003007F8203D0BF1040BF3
:103EA00001210025DFF80C81C0E70BF10403642A2F
:103EB00002934FF01001DBF8003099D1002B97DA14
:103EC0005B42DFF8F88095E76A1C0BF10403DBF82E
:103ED0000070DFF8E08019BF29469B469B466FF0D3
:103EE00000410025A2E70022DBF800308DF82F20EA
:103EF0000BF104020292002B51D0DFF8B8801021A0
:103F000008257DE7DBF800302949DFF8A880C3F3F6
:103F100007401A0E8DE805000BF1040CDAB204A874
:103F2000C3F30723E34607460025FFF7BFFE6FF004
:103F300000417BE70BF1070C2CF0070CDCE90001DA
:103F40000CF1080B09F0ECFD00EE100A2846FFF713
:103F5000F5FD002507466FF00041DFF8588065E762
:103F600022700134B9E6BEF1000F0CD040460AF0D1
:103F700065F8DDF808B0351A6FF0004156E72546C0
:103F800074E72C46A9E6DDF808B06FF00041012582
:103F90004CE70DF12F0742E70A460025D7E6934686
:103FA0006FF0004108250DF12F07DFF808803DE78D
:103FB00098F6000844FF0008A4F600088C0D0108DC
:103FC0000FB410B582B004AA084C52F8041B019239
:103FD0002046FFF779FE2046FCF7A0FC20460AF0B9
:103FE0002DF802B0BDE8104004B0704794070020DF
:103FF000A0B10EB400B582B004AB1A4603990948CB
:104000000193FFF761FE0748FCF788FC05480AF0BA
:1040100015F802B05DF804EB03B070474FF0FF30C5
:10402000704700BF0C08002008B5FCF753FC0020C7
:1040300008BD00BF08B5FCF771FC0A20FCF74AFC7C
:10404000002008BDFCF776BC2DE9F04F8DB0894605
:104050000390934604464FF0200A99F8002009F196
:10406000010352B1252A0ED09946227099F80020FA
:10407000013409F10103002AF4D1039B2270E01AF4
:104080000DB0BDE8F08F99F80120302A18BF4FF02D
:10409000000E05D113F8012F302AFBD04FF0010E8E
:1040A000A2F13001C8B209284FF000060AD813F86F
:1040B000012F06EB860601EB4606A2F13001C8B2DD
:1040C0000928F4D92E2A23D01A784FF0FF3502F0B0
:1040D000FB01682904BF5A780133A2F1580103F1AA
:1040E00001090B46202B00F2D780DFE803F0C4D58E
:1040F000D5D5D5D5D5D5D5D5D58228D5D5D5D5AC99
:10410000D5D5D5D5D5D59DD5D58ED528D5D5C40071
:104110005978A1F13002D0B2092803F1010300F26D
:10412000E080002513F8011F05EB850502EB45052E
:10413000A1F13002D0B20928F4D90A46C7E70BF141
:104140000403642A02934FF00A01DBF8003000F008
:104150009C80DFF8988100228DF82F20002B00F042
:10416000B480DFF88CC10DF12F07B3FBF1F201FB36
:10417000123013461CF8002007F8012D002BF4D153
:104180006B1C00F08C80DDF808B06FF00041384601
:1041900009F082FF2D1A0290404609F04FFF029B62
:1041A00098F8002025EAE575301AE918401A2AB176
:1041B00004F8012B18F8012F002AF9D1002D7CD02A
:1041C0002544302204F8012BAC42FBD1002B08DD42
:1041D0006A1EFC1817F8011B02F8011FA742F9D14B
:1041E0001D44002867DD2C1805F801ABA542FBD162
:1041F00033E70CAFDBF8003007F8203D0BF1040B80
:1042000001210025DFF8E480C1E76A1C0BF10403FB
:10421000DBF80070DFF8D48019BF29469B469B4627
:104220006FF000410025B2E70022DBF800308DF886
:104230002F200BF104020292002B49D0DFF8AC8052
:10424000102108258DE7DBF800302749DFF89C8036
:10425000C3F307401A0E8DE805000BF1040CDAB227
:1042600004A8C3F30723E3460746002500F044F8FB
:104270006FF000418BE70BF10403642A02934FF0C7
:104280001001DBF800307FF464AF002BBFF661AFA4
:104290005B42DFF860805EE722700134DDE6BEF14C
:1042A000000F0CD0404609F0C9FEDDF808B0351A01
:1042B0006FF000416BE72C46CFE6254686E7DDF838
:1042C00008B06FF00041012561E70DF12F0757E7B6
:1042D00093466FF0004108250DF12F07DFF80C80A1
:1042E00055E70A460025F2E698F6000844FF000864
:1042F000A4F600088C0D01080EB400B582B004AB22
:104300001A4604490193FFF79FFE02B05DF804EBE3
:1043100003B0704798F600080FB410B582B004AA35
:10432000084C52F8041B01922046FFF78DFE2046F0
:10433000FCF79CFB204609F081FE02B0BDE810406E
:1043400004B0704784080020A0B10EB400B582B05C
:1043500004AB1A46039909480193FFF775FE074815
:10436000FCF784FB054809F069FE02B05DF804EB38
:1043700003B070474FF0FF30704700BFFC080020CB
:104380002DE9F04F8BB00023454E009381460F4638
:1043900098460DF126050DF1060423464FF6FF72EF
:1043A00023F8022FAB42FBD1102F5ED8002367B158
:1043B0000AAA09EB030102EB43020133DBB211F855
:1043C000081022F8201CBB42F2D3012301939DF870
:1043D000001034480901FFF7F3FD0DF1060A4FF014
:1043E000000B0AE0FFF7ECFD0BF1010355455FFA06
:1043F00083FB14D0BBF1080F4ED03AF8021F2A48B5
:104400000FFA81FEBEF1FF3FC9B2EBD12748FFF79B
:10441000D7FD0BF1010355455FFA83FBEAD1244830
:10442000FFF7CEFD0AE0326813445B7813F0970F74
:1044300008BF2E20FFF7F8FDAC420AD034F8023F47
:10444000DBB22A2B1846EED12D20FFF7EDFDAC4252
:10445000F4D1009B0A2001330093FFF7E5FD019B97
:10446000002B98D00BB0BDE8F08F08F1FF3308F1B6
:104470000F004B4448440DF1060213F8011F22F8C7
:10448000021F8342F9D1103F08F110080023BFB288
:104490001FFA88F801939AE70648FFF791FDACE709
:1044A000C8000020B8F60008C4F60008CCF60008E2
:1044B000D0F60008C0F60008F8B50B4C0B4D0746C7
:1044C00004F5807634F8020F00F2FF7080B2FCF73A
:1044D0002FFF3846FCF792FD25F8020F0220FCF76B
:1044E0005BF9B442EED1F8BD5E0D00206A0E0020EB
:1044F0000A4B30B4002040F6FF7403F5807533F8A2
:10450000022F11B28142A8BF90B2A142D8BF94B28B
:10451000AB42F4D1001B80B230BC70476A0E002061
:10452000F0B4154F3D5C03B2CDB9144EDB0103F17D
:104530007E05354433442A4632F8024D54809A426F
:10454000FAD1C0010A463152002001E033F8022FAF
:10455000AB421044FAD1C0F38F10F0BC7047DC01BD
:10456000064EA21E7E343244344422F8021FA24278
:10457000FBD1013D3D54D9E704000020C80B0020C9
:1045800002280DD830B4074B074D1B68074C5874F0
:10459000002101221974D9739A732A70207030BCDB
:1045A000704700BF4800002074090020480D00201B
:1045B000012819D010D3022807D00F4B0121022265
:1045C0001983C8205A83FCF7E7B80B4B01221A83E2
:1045D0001883C820FCF7E0B8074B01210222598359
:1045E000C8201A83FCF7D8B8034B022258835A8399
:1045F000C820FCF7D1B800BF001C024038B503202A
:104600002DED028BFFF7D4FFFBF784FF1B4D002439
:10461000E0B201F019FC0134032CA5EC010AF7D13A
:1046200000200021164DDFED178A9FED178A002428
:1046300011E007EE904AF8EEE77A67EEA87A67EEA7
:10464000887A17EE900A08F035FF41EC100B07F05E
:1046500063F951EC100B00220C4B08F07FFF09F0BE
:1046600017FA0134802C25F8020FE2D1084B1B68A1
:1046700000221A74BDEC028B38BD00BF0800002078
:104680005E0D0020DB0FC9400000003C00007940B7
:1046900048000020F8B53C4E3C4D33686878002453
:1046A0009C73FFF785FF6878FFF706FF384B6F783C
:1046B000204603F5807E40F6FF7433F8022F11B2D6
:1046C0008142A8BF90B2A142D8BF94B27345F4D141
:1046D000031B9BB22F4A304C22F81730194638463C
:1046E000FFF71EFF3368DFF8C8C09FED2C7A2CF867
:1046F000170003EB470CB3EE096ABCF82430DFED7A
:10470000285A284A2849DFF8ACE0284E07EE903AAC
:10471000F8EE677AF7EE006A87EE877A4FF47A73DD
:1047200003FB00F382FB0302DB17C3EBE21301EB95
:1047300087014EF827307A1CD2B2022A98BF6A70DD
:10474000B0EE665A37EE467A07EE903AA7EE255A53
:10475000F8EEE77AC6EE856A91ED016A67EE867A31
:10476000FCEEE77AB8EE677A17EE903A67EE267AB3
:1047700046F82730FCEEE77A17EE903A44F82730F7
:1047800084BF00236B70F8BD48000020740900202E
:104790006A0E0020580D00204C0D00200000C84279
:1047A0000AD7A33C1F85EB5104000020600E0020B7
:1047B000780F00206C0F00202DE9F047914E2DED71
:1047C000028BB478022C82B000F0CB8014D8002C7D
:1047D00000F0B680012C0AD18B4D8C48297801312C
:1047E000FFF7EEFB2A788A4902238C54B37002B09B
:1047F000BDEC028BBDE8F087032C1AD0632CF6D1F8
:10480000814B844819780024FFF7DAFB01F05EFB46
:104810003470B480FBF726FEFBF746FE03F008FB7E
:104820007D4BB4701B681C7402B0BDEC028BBDE8FC
:10483000F087754DFBF73EFE2878FFF73DFE774B7E
:1048400095F8008003F5807740F6FF74002033F878
:10485000022F11B28142A8BF90B2A142D8BF94B238
:10486000BB42F4D1011B6E4B6B4CDFF8E0916D4FF6
:1048700089B2404623F81810FFF752FE29782368C2
:104880009FED697A9FED696A694ADFF8C4C122F831
:10489000180003EB4103F3EE095A9B8C32F811A088
:1048A000B6F804E0634A6448DFF8588107EE903AAE
:1048B000F8EE677AF7EE006A87EE877A4FF47A733C
:1048C00003FB0AF38CFB03ACDB17C3EBEC1349F8D7
:1048D0002130A2FB0EC2D20802EB8202AEEB4202F2
:1048E00092B207EE903A37EE657AF0EE665AE7EE4E
:1048F000065AF8EEE77AC6EEA56AFCEEE77A17EEFE
:10490000903AF8EE677A40F8213067EEA67AFCEE2E
:10491000E77A17EE903A47F82130002A34D0BEF5F6
:10492000966F46D20EF101039BB22268B3804FF41A
:1049300096619382518202B0BDEC028BBDE8F08794
:10494000FBF7ACFDF47000F0C1FDF47003F076FAF3
:10495000314B1B68DB7B002B3FF449AF0123B37065
:1049600045E7294C354821780131FFF729FB2078AC
:10497000FFF71EFE284B1A6803231374B37002B0AE
:10498000BDEC028BBDE8F087CEF5966EA2F19932B0
:1049900082FB0EC24FEAEE7E40F6B83CCEEBA2029E
:1049A0002748CDF800C00131FFF70AFBB8F804E052
:1049B000B5E72B78DFED237A57F8232008EE102A8D
:1049C000B8EE488A5F1C87EE888A18EE100A08F055
:1049D00071FD02460B461C483946FFF7F1FA28786C
:1049E000B0EE480A01F02AFA094B2978226803EB55
:1049F00081016320002381ED018A1074B070B380BF
:104A000095E700BF74090020480D0020D4F6000887
:104A100004000020B8F70008480000206A0E0020BB
:104A2000580D00204C0D00200000C8420AD7A33CBE
:104A3000780F0020CDCCCCCC600E0020F8F600081A
:104A40003CF7000800803B458CF700086C0F002005
:104A50001F85EB5108B5084B1B784BB9FFF71AFEC1
:104A6000064A074B07CA1B6859819A81188108BDFD
:104A7000BDE80840FFF7A0BE740900204C0D0020DF
:104A8000480000202DE9F04FDFF890B0DFF890A04B
:104A9000DFF89090DFF89080194F1A4E1A4D83B0CE
:104AA0000024DBF8002039F814E03AF814301748F5
:104AB00002EB44016422B1F824C0CDF800E0A5FB6C
:104AC0000CE1490902FB11C292B2FFF779FA58F8DA
:104AD00024100F48FFF774FA57F824100D48FFF719
:104AE0006FFA56F824100C480134FFF769FA032CCA
:104AF000D7D10A2003B0BDE8F04FFFF795BA00BF49
:104B0000600E00204C0D00201F85EB51D8F70008E7
:104B1000F4F7000804F8000814F800084800002022
:104B2000580D0020780F00206C0F002070B5074C46
:104B3000074D04F5807634F9021F064835F9022F37
:104B4000FFF73EFAB442F6D170BD00BF5E0D002003
:104B50006A0E002028F80008024BDB7803B9704782
:104B6000FFF790BF74090020014B0122DA707047F3
:104B700074090020014B0022DA707047740900208C
:104B8000034A044B07CA1B68188159819A817047F0
:104B90004C0D00204800002070B4164D6B5CD3B95A
:104BA000154E0BB2DB0103F17E05354433442A4632
:104BB00032F8024D54809A42FAD1C901024670522D
:104BC000002001E033F8022FAB421044FAD1C0F3C9
:104BD0008F1070BC70470BB2DC01074EA21E7E34F2
:104BE0003244344422F8020FA242FBD100226A541C
:104BF000D8E700BF14000020800F00202DE9D0432B
:104C000042F2107303FB00F3C0F58050B3FBF0F0E9
:104C100007EE900A2DED028BF8EE677A82B017EE60
:104C2000900A0C4608F046FC41EC100B41EC180BC6
:104C300006F0C6FE57EC106BB0EE480AF0EE680ABC
:104C400006F0BEFE51EC100BB0EE480AF0EE680A1A
:104C5000CDE9000106F0B4FE59EC108B1FA3D3E997
:104C60000023DDE9000108F079FC42464B4608F0DC
:104C700075FC1CA3D3E9002308F0BEFA02460B46DC
:104C80003046394608F06AFC18A3D3E9002308F03F
:104C9000B3FA02460B4600200D4908F089FD0AA32D
:104CA000D3E9002308F0A6FA00220A4B08F056FCCC
:104CB00008F016FF084B33F81430184480B202B0E5
:104CC000BDEC028BBDE8D08300000060661271402D
:104CD0000000F03F000059400C11002000000000CF
:104CE0003D51E63D000000A09096303F000000607E
:104CF00026C1503FF8B50A4F0A4E0024E5B22846B7
:104D0000FCF79EF92946FFF747FF294647F824009C
:104D1000FFF774FF26F814000134032CEED1F8BD20
:104D2000001100201411002008B5FFF7E3FF054B28
:104D3000054A1B68108851889288D9841A859884FE
:104D400008BD00BF4800002014110020022900D82F
:104D500022E70020704700BF022901D900207047D8
:104D60004CE700BF114B12491248F0B59C885D8892
:104D70001F88A1FB0426A1FB0523760964225B0999
:104D8000A1FB07E185B002FB135502FB164449095C
:104D900002FB1172ADB2A4B200959BB2029492B222
:104DA0000196FFF70DF905B0F0BD00BF141100200A
:104DB0001F85EB513CF8000838B5054D0024E0B2E2
:104DC00001F0AEF825F814000134032CF7D138BDFA
:104DD0000C110020FFF7F0BF38B5FFF7EDFF084DCD
:104DE000002435F91420074821460134FFF7E8F87C
:104DF000032CF6D10A20BDE83840FFF715B900BFF3
:104E00000C11002060F80008044B054A1B6810884C
:104E1000518892889884D9841A8570474800002068
:104E200014110020AFF30080F8B5234E234F002467
:104E3000E5B20421284600F0C1FF072126F814003E
:104E4000284600F0BBFF27F814000134032CEFD1F3
:104E50001B480022B0EE086AF1EE004AB1EE0C5A8F
:104E6000F6EE005A36F8121037F8123007EE901AA4
:104E7000B8EE677A07EE903A5B1AF8EE676A07EECB
:104E8000903A27EE067AF8EEE77A66EE866A87EEC3
:104E9000277A0132032AC6EEA77A34EEC77A75EE76
:104EA000677A77EE277A67EEA57AE0EC017AD9D1B6
:104EB000BDE8F840FBF73ABBA8120020C012002062
:104EC0009C120020F0B5534C534E236887B0002548
:104ED0001D77039504950595E8B2FCF76DF826F863
:104EE00015000135032DF7D14C4F3B78002B7BD1BA
:104EF0004B48494D00F5C076A0F17E01034633F8DA
:104F0000022D5A809942FAD135F8023B20F87E3CB6
:104F10008030B042F0D1434EDFF820E100273A461E
:104F20003D460DF10C0CBB1E07F17E0033443044AE
:104F300033F8021F98420A44FAD193094CF825200D
:104F40004EF825300135032D07F1800702D05CF8BB
:104F50002520E8E721683448344F354EDFF8E0C0BB
:104F6000DFED344A9FED345A14310023B0EE086A65
:104F7000F2EE0C5A5EF8235036F8134037F813203F
:104F8000F0EC016A07EE905A121BB8EE677A07EE52
:104F9000902A27EE067AF8EEE77A5C00C7EE277AC9
:104FA0004FF4AF6277EEA67AF5EEC07AF1EE10FA22
:104FB0000DD4F4EEE57AF1EE10FA0ADD0133032B9D
:104FC0002CF8042021F8022FD4D107B0F0BD002224
:104FD000F4E777EEA47A67EE857AFCEEE77ACDED1A
:104FE000017ABDF80420E9E70B4D0E4E0020831E28
:104FF00000F17E0235F8021B3344324423F8021FCD
:105000009A42FBD18030B0F5C07FF0D100233B70D5
:1050100082E700BF48000020B012002018000020E6
:105020009A1100201C1100209C120020C0120020A8
:10503000A81200200AD7A33B0000C8427C09002028
:10504000B8120020F8B50C4F0C4E0021642537F83B
:1050500011300B48A6FB034252094C1C05FB1233CE
:1050600021469BB2FEF7ACFF032C2146EFD10A206C
:10507000BDE8F840FEF7D8BFB81200201F85EB51FD
:105080006CF8000838B5064D00235C1C55F8232049
:1050900004482146FEF794FF032C2346F5D138BD82
:1050A0007C0900207CF8000802280CD830B4064B9C
:1050B00006491B68064CD877002501225D771A77D0
:1050C0000870227330BC704748000020AE120020E8
:1050D0007C090020F0B5AC4E737B83B0092B5ED801
:1050E000DFE813F07100800089009800B500D0005F
:1050F0000A00DF00F0005F00A44DFBF7DBF9287821
:10510000FBF75AFFDFF898E29EF80130002B40F0E1
:10511000E4802B789E49DF0107F17E040C440F44A4
:1051200034F8022D6280BC42FAD1DA010746885277
:1051300002F17E0E8E440A44002401E032F8027F20
:1051400072453C44FAD1B18A924A8F4FA2FB01E2E8
:10515000D20802EB8202A1EB4202A40992B2B4612E
:10516000002A00F071818C4C874F23684FF49660C1
:105170004A1C814259841884B28210D3BB692978B1
:10518000A3F29E73C82B40F22C8101318348FEF7B5
:1051900017FF216807231E228B777B73BA8203B027
:1051A000F0BD7F4B012200245A703473B482FBF7A8
:1051B00059F9FBF779F902F03BFE774B74731B68E2
:1051C00009229A77EBE7FBF769F902F037FE724B99
:1051D0006D491B685B7F0022B273002BDFD0012377
:1051E0004B73DCE7694B6F4819780131FEF7E8FE35
:1051F00002237373D3E7654B6B4819780131FEF7CF
:10520000DFFE654B664A18680121032383777373B9
:105210005170C4E75D4DFBF74DF92878FBF7CCFEE4
:10522000DFF87CE19EF80130002B67D02B785849DD
:10523000DA01941E7E320C440A4424F8020F944290
:10524000FBD1DC0100220F5B8EF8012065E0B28A01
:105250004D4CB2F5967F80F0BF804E4BA3FB0213FE
:10526000DB0803EB8303A2EB43039BB2002B00F0AC
:10527000A380494B1B68501C4FF496715A84B0822E
:1052800019848CE7414B494819780131FEF798FEA3
:10529000414B434A18680121062383777373517089
:1052A0007DE7B38A384C1E2B00F0DF805A1E36494A
:1052B000B282002B7FF473AF374B1A6809239377C0
:1052C0004B736CE7B38A304C142BEFD13848FEF7A0
:1052D000B1FE00F093FDA38AE8E72B782C49DA01B0
:1052E000941E7E320C440A4424F8020F9442FBD1EF
:1052F000DA0100248F5A8EF8014019E72B782449EF
:10530000DF0107F17E040C440F4434F8022D628063
:10531000BC42FAD1DC010746085304F17E0E0A199B
:105320008E44002401E032F8027F72453C44FAD1F9
:10533000B18A184A144FA2FB01E2D20802EB8202A2
:10534000A1EB4202A40992B23461002A6BD0124F41
:105350000D4C3B684FF496604A1C81425984188476
:10536000B282FFF41CAF23692978A3F5D763C82B59
:105370004ED901310F48FEF723FE396807231E225C
:105380008B776373A2820AE77C090020AE120020AB
:105390001C110020CDCCCCCC48000020F8F900082E
:1053A000180000208CF80008B0F80008B8F90008D0
:1053B00088FA000838F900082E4B2F4D19782F482D
:1053C000C2F5967385FB0352DB17C3EBA2020131D2
:1053D000FEF7F6FDA28A4CE700220523A282637342
:1053E000DDE601312648FEF7EBFD28783A8A0421F4
:1053F00000F0D4FC3A8B2878072100F0CFFCFFF7AF
:1054000013FD2168082314228B777B73BA82C6E6CA
:1054100001311C48FEF7D4FD3968042300228B7744
:105420006373A282BBE6C1F59661A2F19932009442
:1054300082FB0124CA17C2EBA402591C034612487E
:10544000FEF7BEFDB98A82E7C1F59661A2F19932F5
:10545000009482FB0124CA17C2EBA402591C034624
:105460000948FEF7ADFDB98A7DE60848FEF7E2FD82
:10547000A38A1BE7AE1200206766666690F90008F3
:1054800024FA000864F90008F0F8000850FA00084F
:10549000034B1B7B0BB9FFF715BDFFF71BBE00BF0E
:1054A0007C09002008B5054B9B7B03B908BDFFF7BD
:1054B000E9FDBDE80840FFF7C5BD00BF7C0900203D
:1054C000014B01229A7370477C090020014B002296
:1054D0009A7370477C090020704700BF172801D8D5
:1054E0003B2900D970473B2AFCD8F0B51E4D144625
:1054F000A5FB0136A5FB0023DA0802EB8203F608C0
:1055000083B006EB8607A0EB430040EA0213A1EB51
:10551000470141EA06118DF806300020A5FB04354D
:105520008DF80510ED08FBF783FBFAF7E3FF802009
:10553000FBF768FB05EB8502A4EB420242EA05108B
:10554000C0B2FBF75FFB9DF80500FBF75BFB9DF826
:105550000600FBF757FBFAF7D5FF012003B0BDE8C3
:10556000F040FBF765BB00BFCDCCCCCC2DE9F047BC
:10557000002082B0FBF75CFBFAF7BCFF0020FBF7D2
:1055800041FBFBF749FB8DF80400FBF745FB8DF869
:105590000500FBF741FB8DF80600FAF7B3FF012089
:1055A000FBF746FB9DF804009DF805509DF806406A
:1055B000164BDFF864801870C0F30211C5F30212B5
:1055C000C4F30113DFF854C0DFF854E0104F114E5C
:1055D0008CF8005000F00F0005F00F0A04F00F09DE
:1055E00001EB810102EB820203EB830300EB41013B
:1055F0000AEB420209EB430388F800108EF8002002
:105600003C70337002B0BDE8F08700BFCD120020BF
:10561000CB120020C6120020CC120020C81200209D
:10562000CE1200204B1E0B2B01D8632800D97047E7
:105630001F2AFCD8F0B51B4D1446A5FB0132A5FB73
:105640000063DB08D20803EB830602EB820783B01A
:10565000A1EB4701A0EB460040EA031041EA02112A
:10566000A5FB04358DF805108DF80600ED08FAF756
:1056700041FF8420FBF7C6FA05EB8502A4EB42024A
:1056800042EA0510C0B2FBF7BDFA9DF80500FBF732
:10569000B9FA9DF80600FBF7B5FA03B0BDE8F04093
:1056A000FAF730BFCDCCCCCC30B583B0FAF722FFBF
:1056B0000420FBF7A7FAFBF7AFFA8DF80400FBF71D
:1056C000ABFA8DF80500FBF7A7FA8DF80600FAF79C
:1056D00019FF074C0749084B9DF804509DF8050039
:1056E0009DF80620257008701A7003B030BD00BF09
:1056F000C7120020C9120020CA12002010B50446AB
:10570000FFF734FF09490A4A0A4B097812781B78D7
:105710000948FEF755FC24B90848BDE81040FEF7DB
:105720004FBC0A20BDE81040FEF77EBCC612002028
:10573000CE120020CC120020BCFA0008F8FA0008B3
:105740002DE9F041FFF7B0FF104B114A1D78114BC6
:1057500011781C781048C5F30012C1F301139700AB
:1057600005F00F063A4403EB83050A2701F00F0307
:10577000210904F00F0406EB420203EB450307FB8B
:105780000141BDE8F041FEF71BBC00BFC91200207B
:10579000C7120020CA120020CCFA00082DE9F041FF
:1057A000FFF7E4FEFFF780FF2049214A214B0E78E6
:1057B00015781C782048C6F30111C5F30212C4F312
:1057C000021306F00F0605F00F0504F00F0401EBBD
:1057D000810102EB820203EB830306EB410105EB3F
:1057E000420204EB4303FEF7EBFB144B144A1D7813
:1057F000144B11781C781448C5F30012C1F301133F
:10580000970005F00F063A4403EB83050A2701F0E1
:105810000F03210904F00F0406EB420203EB4503DA
:1058200007FB0141BDE8F041FEF7CABBCB120020E7
:10583000C8120020CD120020E4FA0008C91200208E
:10584000C7120020CA120020CCFA000808B5FFF7E2
:105850008DFE084B1B781BB9074B1B78012B00D919
:1058600008BD102001F06AFE2020BDE8084001F0CC
:1058700065BE00BFC8120020CD12002010B5FFF792
:1058800075FE0C4A0C4B126818780C4B10701B7884
:105890000B495370C3EB03134FF4616409789170A3
:1058A0009B0004FB003319445160BDE81040FFF732
:1058B000CDBF00BF48000020C6120020CE1200203D
:1058C000CC12002008B5FFF751FE074B187848B9F5
:1058D000064B1B783BB9064B187801288CBF00207B
:1058E000012008BD002008BDCB120020C8120020F6
:1058F000CD12002008B5FFF739FE064B1B7833B9EF
:10590000054B187801288CBF0020012008BD00201D
:1059100008BD00BFC8120020CD120020014B01229B
:105920001A70704798090020014B00221A707047C6
:105930009809002010B40B4A0B4B126818780B4BD7
:1059400010701B780A495370C3EB03134FF4616462
:10595000097891709B0004FB0033194451605DF895
:10596000044B704748000020C6120020CE120020D1
:10597000CC12002030B587B0FAF7BCFD0020FBF751
:1059800041F90DF103040DF11605FBF745F904F893
:10599000010FAC42F9D1FAF7B5FD01A81321FEF7CA
:1059A000EFFC07B030BD00BF10B504460220FBF786
:1059B0003FF9FAF73FFE600900F0080040F00300ED
:1059C000FBF720F9E0B2FBF71DF9FBF725F90446D8
:1059D000FAF73AFE0120FBF72BF9204610BD00BF75
:1059E00099B1F8B50E461746451E0024381980B205
:1059F000FFF7DAFF0134B44205F8010FF6D10020B9
:105A00000449BDE8F840FEF7F3BA00200149FEF76B
:105A1000EFBA00BFFCFA000838B50546FFF7C4FF2F
:105A20000446681C80B2FFF7BFFF40EA042080B242
:105A300038BD00BF70B58400063482B005462046EC
:105A40000E46FFF7E9FF2A4600903346044900203E
:105A5000FEF7CEFA204602B0BDE87040FFF7DCBF8B
:105A600018FB0008F8B50546FFF79EFF0746681CBF
:105A700080B2FFF799FF0446A81C80B2FFF794FF9D
:105A80000646E81C80B2FFF78FFF240444EA07644F
:105A9000204340EA0620F8BDF8B50546FFF784FF2D
:105AA0000746681C80B2FFF77FFF0446A81C80B23F
:105AB000FFF77AFF0646E81C80B2FFF775FF240463
:105AC00044EA0764204340EA062000EE100AF8BDCD
:105AD00010B50220FBF7ACF8FAF7ACFD0520FBF798
:105AE00091F8FBF799F80446FAF7AEFD0120FBF7B1
:105AF0009FF804F0010010BD08B50220FBF798F8EC
:105B0000FAF798FD0620FBF77DF8FAF79DFD0120D6
:105B1000BDE80840FBF78CB838B50D460446FFF7E2
:105B2000EBFF0220FBF784F8FAF784FD600900F030
:105B3000080040F00200FBF765F8E0B2FBF762F8FE
:105B40002846FBF75FF8FAF77FFD0120FBF770F8B6
:105B500002E00520FAF720FEFFF7BAFF0028F8D18F
:105B600038BD00BF99B1F8B50E461746451E002452
:105B7000381980B2013415F8011FFFF7CDFFB44288
:105B8000F6D100200449BDE8F840FEF731BA002004
:105B90000149FEF72DBA00BF3CFB000838B50D46A1
:105BA0000446090AFFF7B8FF601CE9B280B2BDE8FD
:105BB0003840FFF7B1BF00BF38B50D460446090EA7
:105BC000FFF7AAFF601CC5F3074180B2FFF7A4FFEF
:105BD000A01CC5F3072180B2FFF79EFFE01CE9B2CD
:105BE00080B2BDE83840FFF797BF00BF10EE101A33
:105BF000FFF7E2BF08B50220FBF71AF8FAF71AFD23
:105C00000420FAF7FFFFFAF71FFD0120BDE8084066
:105C1000FBF70EB810B50024A0B200210134FFF745
:105C20007BFFB4F5007FF7D110BD00BF70B5ADF5B7
:105C3000007D6D466C4680AE601B80B2FFF7B4FEFF
:105C400004F8010BB442F7D128464FF48071FEF7F7
:105C500097FB0DF5007D70BD38B50020FFF7A4FE61
:105C6000054D0024A0B2FFF79FFE0134062C05F875
:105C7000010BF7D138BD00BFD012002038B5074D59
:105C800000242B19C4F346012A5D5B7804480131D6
:105C90000234FEF795F9062CF3D138BDD01200205E
:105CA00058FB000838B5431EDAB2022A13D805465D
:105CB000C8060C4610D48A061BD55B00581C80B25F
:105CC000FFF72AFF294622460C48FEF779F9BDE87E
:105CD0003840FFF7C1BF38BD5B0098B2FFF71CFF2B
:105CE000294622460648FEF76BF9BDE83840FFF723
:105CF000B3BF0448BDE83840FEF762B9ACFB00080A
:105D00008CFB0008CCFB0008032801D9FF2070475A
:105D1000CA0606D48B06F9D5044B03EB4000407845
:105D20007047024B13F81000704700BFD0120020DC
:105D300008B500200421FFF77DFE4FF6FF7398425F
:105D400004D01448BDE80840FEF774B91248FEF7C5
:105D500071F9062040F2A561FFF720FF0A2040F20A
:105D6000AD61FFF71BFF0E2040F2A761FFF716FFA2
:105D7000082040F60601FFF711FF0C2040F60A014B
:105D8000FFF70CFF102040F60401BDE80840FFF7C4
:105D900005BF00BF28FC0008F0FB0008042907D05D
:105DA000072900D07047800008301146FFF7F6BE83
:105DB000800006301146FFF7F1BE00BF042919D05C
:105DC000072901D00020704770B58600083682B0E0
:105DD000054630460C46FFF71FFE2A460090234634
:105DE00005490020FEF704F9304602B0BDE87040D6
:105DF000FFF712BE1EE600BF18FB000870B50024B6
:105E0000A5B2A81D80B2FFF707FEA61002463146D4
:105E10000848FEF7D5F805F1080080B2FFF7FCFD51
:105E20000434024631460448FEF7CAF80C2CE7D188
:105E300070BD00BF40FC000864FC00088000123008
:105E400010EE101AFFF7B8BE30B58400123483B0DC
:105E500005462046FFF720FE10EE100A07F02AFB49
:105E60002A46CDE9000105490020FEF7C1F8204689
:105E700003B0BDE83040FFF70FBE00BF88FC00084C
:105E800008B50020FFF7E0FFB5EE400AF1EE10FA8A
:105E900004D00C48BDE80840FEF7CCB80A48FEF72D
:105EA000C9F812204FF07E51FFF786FE16204FF002
:105EB0007E51FFF781FE1A204FF07E51BDE8084069
:105EC000FFF77ABEE8FC0008B0FC000810B500241B
:105ED000A000123080B2FFF7DFFD10EE100A07F0CD
:105EE000E9FA02460B46044821460134FEF768F8F9
:105EF000032CEDD110BD00BF00FD000808B5002047
:105F0000FFF7A2FF0248BDE80840FEF793B800BFC4
:105F100024FD000840001E3089B2FFF73FBE00BFDD
:105F200038B544001E3405462046FFF775FD2A4665
:105F300003B204490020FEF75BF82046FFF76CFD32
:105F400000B238BD3CFD000810B5002404F10F007C
:105F5000400080B2FFF760FD214602B201340348E1
:105F6000FEF72EF8032CF1D110BD00BF60FD000834
:105F700008B5064B482118688022FFF731FD002044
:105F80000349BDE80840FEF733B800BF5C000020BD
:105F900084FD0008084A094B126810B50024D4702B
:105FA000186848218022FFF7DDFD20460449BDE83E
:105FB0001040FEF71DB800BF540000205C00002018
:105FC000A4FD0008F8B58020FFF726FD4FF6FF730B
:105FD000984204D02248BDE8F840FEF72BB8214B88
:105FE000214E1B6800223224642048F6100146F23C
:105FF00070274FF4E1551F615E611D621A705A707F
:106000009A70DA701A835A839A8383F82A2083F865
:106010002B2083F82C2083F82D2083F82E2083F862
:106020002F2083F8302083F8312083F8322083F842
:106030003B2083F83C2083F83D2083F83E209C8061
:10604000DC801C8158819881D8819984D9841985F4
:1060500083F83F2083F84020BDE8F840FFF79ABF5F
:10606000C4FD000854000020300B010008B5FFF704
:106070005FFEFFF705FF0020FFF7E6FE0348FDF790
:10608000D9FFBDE80840FFF79DBF00BF24FD000811
:1060900070B592B06D4612AE80242046FFF784FCA6
:1060A00005F8010B0134B542A4B2F6D16846482187
:1060B000FEF766F912B070BD10B41649164C0B7895
:1060C00043B1234604F18002A3EC010A9342FBD1C1
:1060D00000230B70114B1A1DA3F17C0053F8041D13
:1060E00042F8041D8342F9D10D4BDFED0E7A84EDA9
:1060F000000A03F17C0201E0B3EC010A934277EE5F
:10610000807AF9D19FED080A5DF8044B27EE800AEA
:10611000704700BF1A000020DC1200205813002036
:10612000E0120020000000000000003D2DE9F047D3
:10613000DFF830C19DF820408CF80100000A8CF88F
:106140000000904652B9464B02221A70C2204549BF
:10615000FAF7F0FDD4BB0120BDE8F087DFF800912D
:1061600003228E4689F800201EF8013B8CF802308D
:10617000CA46002701374745E8D0561CF6B289F8D1
:1061800000601EF8013B0CF80230FB071CD5023200
:10619000D2B27D1E8AF800200D44FF2315F8010BB2
:1061A0004340082013F0800F00F1FF304FEA430313
:1061B00018BF83F0310310F0FF00DBB2F2D1AE451F
:1061C000ECD10CF80630D5E73246D3E7264D274B05
:1061D0002946C32022461C70FAF77AFD601E6B1E0A
:1061E0002844002101E083420AD013F8012FFF2A3E
:1061F000F9D10131C9B20B29F5D90020BDE8F087EA
:106200001B491C4E002286FB0203A3EBE27303EB47
:1062100043039A421AD1571E91F801E02F44FF23FD
:1062200017F801CF082083EA0C0313F0800F00F168
:10623000FF304FEA430318BF83F0310310F0FF0033
:10624000DBB2F2D18F42EBD19E4507D10132A2429F
:1062500001F10101D7D10120BDE8F087BDE8F08749
:10626000A41300206013002084130020A513002035
:10627000851300205655555500B583B00021009177
:106280000A460B464DF20430FFF750FF03B05DF8AD
:1062900004FB00BF10B5084C82B000210322234646
:1062A00000924FF451400A46FFF740FF2078637890
:1062B00043EA002002B010BD8413002010B5084C42
:1062C00082B0002103222346009240F202200A46B7
:1062D000FFF72CFF2078637843EA002002B010BD5E
:1062E0008413002010B584B000240094234603A931
:1062F000022210208DF80C408DF80D40FFF716FF9C
:1063000004B010BD00B583B0002100910A460B46D1
:106310004FF48270FFF70AFF03B05DF804FB00BF83
:106320002DE9F04F274C83B0122200210092234622
:106330000A464FF44070FFF7F9FE00283FD094F86A
:1063400000B094F801A094F8069094F8038094F8B3
:1063500007C0677A267B607BA57A94F804E0E17B2E
:10636000227C194C00236BF31F634FF0000B6AF380
:10637000174369F31F6B68F30F236CF3174B4FF050
:10638000000867F30F2B66F31F6860F3174865F387
:10639000070B6EF3070361F30F2800EE10BA62F3E8
:1063A00007082360FFF788FEF7EE087A30EE670AE9
:1063B000064A074B82ED000AC3F80080012003B0B3
:1063C000BDE8F08F84130020801300205C130020B0
:1063D000D812002008B5FFF771FF00B908BDFFF71C
:1063E0009FFF0028FAD0064B06480749074A1B685A
:1063F000006809681268D86219635A6308BD00BF53
:1064000048000020801300205C130020D8120020D8
:1064100030B5831E9BB240F20672934285B00446AB
:1064200001D905B030BD0023050A009303A902225B
:106430004FF48C408DF80D408DF80C50FFF776FE30
:1064400005B030BD30B585B000230446050A009381
:1064500003A9022245F203408DF80D408DF80C503F
:10646000FFF764FE05B030BD08B5A520FFF7EAFFD1
:10647000BDE80840FFF736BF10B50A4C82B00021D6
:1064800003222346009245F203400A46FFF74EFEE0
:1064900021786378044803EB012102B0BDE8104085
:1064A000FDF78EBD84130020D8FD000830B585B0FF
:1064B00000230446050A009303A9022245F20210B4
:1064C0008DF80D408DF80C50FFF730FE05B030BD53
:1064D000C9B110B402464418FF2012F8011B08236A
:1064E000484010F0800F03F1FF334FEA400018BF1F
:1064F00080F0310013F0FF03C0B2F2D1A242ECD120
:106500005DF8044B7047FF20704700BF30B50D4B5E
:1065100085B0186806F0CEFF0B4B044618680D4690
:1065200006F0C8FFCDE90001084B186806F0C2FF6D
:106530002246CDE902012B460548FDF741FD05B095
:1065400030BD00BF801300205C130020D812002053
:10655000E4FD0008054B06480649074A1B68006829
:1065600009681268D86219635A63704748000020AE
:10657000801300205C130020D812002010B5084BB7
:10658000084C1A680123537007204A210A222370FD
:1065900002F06AF90448BDE81040FDF74BBD00BFAA
:1065A00054000020990900200CFE0008704700BF2D
:1065B00070B51D4E7378012B054624D00FD3022BE6
:1065C0000CD11A492A460020FDF712FD2846002169
:1065D000FAF700F90023B370737070BD70BD2A46DE
:1065E00000201349FDF704FDADB25A24E1B228465C
:1065F000FAF7F0F8013C0A20FAF7D8F8312CF5D177
:106600000123737070BDB3780C460246E31A094942
:106610000020FDF7EDFCB3780133DBB29C42B37090
:10662000DBD20223737070BD9909002044FE00087C
:1066300018FE00082CFE0008024B1B7803B17047BF
:106640009CE700BF9909002008B5064B064A196867
:1066500000234B70137002F02DF90448BDE8084088
:10666000FDF7E8BC540000209909002058FE0008FE
:10667000024B98429CBF024B18607047805101004A
:10668000A813002010B50D4B0D491A680D480E4B8C
:1066900000680E4C82B0A1FB02E1C1F3C721009259
:1066A00003FB0122A4FB023243680193C2F34712A9
:1066B00000230748FDF784FC02B010BDA81300209A
:1066C000C5B3A29148000020F0F1FFFF89888888B7
:1066D00064FE0008F0B5174C23689A7885B07AB943
:1066E0001A8B988B82420DD013491E6A09684D6837
:1066F0005B8B124902958DE841000020FDF778FC84
:1067000005B0F0BD0C4F1E6A39684D68B54204D023
:10671000711E8D4201D01046EAE709490978002927
:10672000F9D1FFF72BFF236839681A8B4D68988BD6
:106730001E6ADDE7540000204800002090FE00089B
:106740009909002010B50E4CFFF7C4FF237803B958
:1067500010BDE0780A21FFF72BFF23795A1C0B2B81
:106760002271F5D9E3780133DBB2022BE37002D852
:106770000023237110BDFFF767FF0023E370F7E7E5
:106780009909002070B5FAF797F9051E19DB454CF9
:106790002378032B4BD015D9052B3DD033D3622B57
:1067A0000AD0632B6BD1012300203F492372FDF7F0
:1067B0001FFC0023237070BD3C48FDF73BFC002309
:1067C000237070BD012B47D00DD8552DF9D1384B12
:1067D00038491D70002001262A466070A670FDF71A
:1067E00007FC267070BDA378314A3349D554013374
:1067F000DBB21A44002012F8012CA370FDF7F8FB5D
:106800000323237070BD637862680133DBB2934267
:10681000637041D905232370A378254A2749D554AD
:106820000020EAB2FDF7E4FB63232370BBE7102DE1
:1068300026DCA3781E4A2249D5540133DBB21A4420
:10684000002012F8012CA3706560FDF7D1FB63688E
:1068500093B10423237070BDA378154A1949D55408
:106860000133DBB21A44002012F8012CA370FDF7AB
:10687000BFFB0223237070BD0523237070BD70BD64
:106880000B4AA37810481344294613F8012CFDF74E
:1068900097FB6223237070BDA37805495A1CCD5421
:1068A000A27070BDA00900207CFF000898FF0008BE
:1068B000AC130020C0FE0008FCFE000860FF0008CA
:1068C00048FF0008E0FE000818FF000870B4104DF3
:1068D0005524EA706870A9702C70B2B1D41C013BC9
:1068E0002E19E91C13F8010F01F8010FB142F9D17B
:1068F000074B2C44002113F8010FA34281EA000149
:10690000F9D12A44117170BC70470324F0E700BF2D
:10691000BC13002070B5114DEC7805200444F9F744
:1069200045FF0120E4B2F9F7DBFD6420F9F734FFFD
:1069300064B1661E0A4C2E44013D15F8010FFAF7AA
:1069400075F823881B06FCD5B542F6D10520F9F76A
:106950002DFF0020BDE87040F9F7C2BDBC13002038
:10696000004C004038B5134CE578E81C2044234621
:10697000002213F8011F834282EA0102F9D12C445C
:10698000237993420AD00C4C0C482369E168013307
:106990001A462361FDF714FB002038BD064D084957
:1069A000EC682B69013422460020EC60FDF720FBE7
:1069B000012038BDAC130020A0090020D4FF00083E
:1069C000B8FF000808B50548FDF7FAFA0448C17891
:1069D000BDE808400531FDF7D3BC00BFF0FF00085B
:1069E000BC13002008B50548FDF7EAFA0448C17851
:1069F000BDE808400531FDF7C3BC00BFF8FF000843
:106A0000AC130020014B187A704700BFA00900208A
:106A1000014B00221A727047A009002008B511200E
:106A200000F064FD3220F9F7C1FE122000F05EFD97
:106A30003220F9F7BBFE132000F058FD3220F9F7A1
:106A4000B5FE212000F052FD3220F9F7AFFE2220E2
:106A500000F04CFD3220F9F7A9FE232000F046FD9E
:106A60003220F9F7A3FE4FF4FA70BDE80840F9F7B9
:106A70009DBE00BF094B1B6803F160011A7882427A
:106A800006D01A7B824206D020338B42F6D1704763
:106A900001225A70704701225A7370471C0000206F
:106AA000F8B5102000F04AFD294C2A4D202000F0B6
:106AB00045FD102001F09EF823681020196900F0B0
:106AC000FDFE23681020596900F024FF2E460024A3
:106AD0002A681319597861BB2034602CF8D1102032
:106AE00001F076F81B4F1C4E00242B6823445A7B80
:106AF0001AB92034602CF8D1F8BD1969187BA6FBAF
:106B00000131C1F3CF0100F08BFD3B6823441A7FB4
:106B1000187BCAB900F0F6FD2B682344187B997FD7
:106B200000F0AEFD2B682344187B597F00F0C0FDB8
:106B3000DFE7105DD98800F0D3FF33681A19185DBC
:106B4000118901F003F8C7E700F0CAFDE4E700BFD0
:106B5000540000201C000020CDCCCCCC2DE9F04FFF
:106B60007E4CA378292B85B049D013D8192B35D06A
:106B7000212B0CD17A4E00252746306862782844B4
:106B80002035037B9A4200F0B880602DF5D105B026
:106B9000BDE8F08F2A2B42D0A02BF8D160781028C6
:106BA000F5D02028F3D0FFF765FF00221346607868
:106BB000A121FFF78BFEFFF7ADFE627802F0F8032C
:106BC000102B4FF0000000F0C680202B0CBF654951
:106BD000654905B0BDE8F04FFDF70ABA604E0025E3
:106BE000274633686278595D8A4203EB050005F158
:106BF000200525D0602DF4D105B0BDE8F08F584EAA
:106C00000025274631686278294420350B7B9A425B
:106C100000F09080602DF5D105B0BDE8F08F504EAA
:106C2000DFF85C8100252746336862782B442035E5
:106C30001B7B9A4222D0602DF6D105B0BDE8F08FC3
:106C400097F804E07B79494903EB0E239BB243811B
:106C500097F8068080F8028097F807E080F804E053
:106C600097F808C080F803C0CDF80080CDF808C0C0
:106C7000CDF804E00020FDF7BBF9BBE797F805E08D
:106C8000F8797B7A97F804A097F806B097F80890FF
:106C900037490EEB0A2A00EB0B2B03EB09291FFAED
:106CA0008AFA1FFA8BFB1FFA89F95346CDF800B018
:106CB000CDF804900020FDF79BF9A8FB0B23A8FB5F
:106CC000092E4FEA5E1E6422A8FB0A015B0902FB43
:106CD00013BB02FB1E9949091FFA89F01FFA8BFBAF
:106CE00002FB11A20290CDF800B09BB2CDF804E0F7
:106CF00092B22048FDF764F99DE797F804E07B79AC
:106D00001D4903EB0E23036197F807E097F806C0CF
:106D10000EEB0C2CC0F814C097F809E097F8088027
:106D20000EEB082EC0F818E08DE800500020FDF7AB
:106D30005FF92AE797F805C097F806E03B798B776B
:106D400081F81DC081F81CE000208DE800500A4940
:106D5000FDF74EF95EE709493BE700BFAC130020A1
:106D60001C0000202000010840000108600001080C
:106D7000B8000108E00001088C00010800000108CB
:106D80001F85EB5170B5384D2C78052C53D8DFE8B2
:106D900004F00A1F353D450301243448EC70FDF72B
:106DA00049F9204670BD6B782F4E042B41D9304AEB
:106DB000B37811685B010022C85C7270FF2820D094
:106DC00000F06CFBC820F9F7F1FC02233370E8E710
:106DD0006B78254E042B2CD9254BB2781B6803EB1E
:106DE00042130024187B7470FF2812D000F056FB69
:106DF000C820F9F7DBFC03233370D2E7FFF702FE6C
:106E000028BB012300242B70204670BDFFF7FAFD3C
:106E1000B8B9042300242B70204670BDAB78124A09
:106E20000133DBB2022BAB7008D9052313700024A9
:106E3000B7E7013373700024204670BD002414703E
:106E4000AFE7FFF78FFD58B9FFF7E2FDE1E7FFF786
:106E500089FD10B9FFF7DCFDD3E7FFF77FFEF9E707
:106E6000FFF77CFEF0E700BFB40900201001010825
:106E70001C0000202DE9F047A24D2B79032B08D8E8
:106E8000DFE803F0AEA59F096B799E4A0BB10023A2
:106E90001371BDE8F087FFF7B5FD002840F0AB8027
:106EA000994E336893F83420002A40F0B48093F868
:106EB0003320002A40F0A6800024944FDFF854824B
:106EC000A1461A1992F83520002A40F0F2800134C8
:106ED000032CF6D100248D4FDFF83882A1461A1911
:106EE00092F83820002A40F0BF800134032CF6D1FC
:106EF0000024DFF8188227461A1992F83B1000295F
:106F000040F0A2800134032CF6D10024DFF8FC818C
:106F100027461A1992F83E10002940F08580013466
:106F2000032CF6D10024DFF8E48127461A1992F8E1
:106F3000411079B1D8F8003092F82A2003EB4413BD
:106F40001A77187B002A53D100F0DCFB33681A193A
:106F500082F841700134032CE8D100241A19DFF8BB
:106F6000AC9192F84420DFF8B081694F42B9013406
:106F7000032C89D033681A1992F84420002AF6D0DD
:106F800003EB440332219B8CD9F80020A3F50C536A
:106F900088FB03E0DB17C3EB602301FB03F303F67D
:106FA000980302EB4412A7FB03011361107BC1F3AA
:106FB000CF0100F035FB33682344002283F84420DE
:106FC000D5E7FFF76DFD03232B71BDE8F087FFF7D1
:106FD000D9FE00283FF45DAF02232B71BDE8F08796
:106FE000FFF71CFD002201236A712B71BDE8F087B9
:106FF00000F076FBAAE7FFF7B5FC00287ED1FFF78B
:1070000007FD4DE75969102000F084FC3368002229
:1070100083F8332050E71969102000F04FFC3368E3
:10702000002283F8342042E7D8F8003092F830206C
:1070300003EB441311465A77187B00F039FB336891
:107040001A1982F83E706AE7D8F8003092F82D20BD
:1070500003EB441311469A77187B00F011FB336859
:107060001A1982F83B704DE703EB44033A685889DC
:107070009B8800FB03F388FB03E1DB174FEA441A0C
:10708000C3EB611189B202EB0A03401A1881D9805F
:1070900012F80A0000F024FD3B6803EB0A0213F823
:1070A0000A00118900F052FD33681A1982F83890ED
:1070B0001BE703EB44033A6858899B8800FB03F302
:1070C00088FB03E1DB174FEA441AC3EB611189B275
:1070D00002EB0A03401A1881D98012F80A0000F066
:1070E000FFFC3B6803EB0A0213F80A00118900F069
:1070F0002DFD33681A1982F83590E8E6FFF72EFD6A
:107100007DE700BFB4090020540000201C000020CF
:10711000CDCCCCCC1F85EB510F82AE3410B5254CB5
:10712000E3789BB1A379012B12D023D3022B0ED18C
:10713000214AE37911685A018818407850BB01331D
:10714000DBB2022B14D90023E371A37110BD10BD73
:10715000194AE379126802EB4312517B21BB0133D8
:10716000DBB2022B04D900220223E271A37110BD0D
:10717000E37110BD104AE379126802EB4312517BB0
:1071800069B90133DBB2022BF2D900220123E2718B
:10719000A37110BD885C00F03FFDE379CFE7107B61
:1071A00000F05CFAE379ECE7107B00F015FBE37983
:1071B000D5E700BFB40900201C000020014B0122CC
:1071C0005A717047B40900202DE9F84FDFF8548058
:1071D0000026D8F800A0374640F2E7395FFA86FB70
:1071E00010215846FEF790FD750120210AF8050090
:1071F000D8F800402C4458466770A770E770277194
:10720000A4F80A90FEF780FDD8F800A0207355443A
:10721000013642F20673032E6F736B61AB61DDD1F1
:10722000BDE8F88F1C00002008B5FEF715FDBDE88D
:107230000840FFF7C9BF00BF70B50024344D264693
:10724000013631463348FCF7BBFE2B683248195DE6
:10725000FCF7B6FE2B68314823445978FCF7B0FEA2
:107260002B682F4823449978FCF7AAFE2B682D48F9
:107270002344D978FCF7A4FE2B682B4823441979C2
:10728000FCF79EFE2B6829482344D988FCF798FE1A
:107290002B68274823441989FCF792FE2B68254860
:1072A00023445989FCF78CFE2B6823482344197B1F
:1072B000FCF786FE2B6821482344597BFCF780FEAF
:1072C0002B681F4823441969FCF77AFE2B681D4878
:1072D00023445969FCF774FE2B681B4823449969C1
:1072E000FCF76EFE2B6819482344997FFCF768FE73
:1072F0002B6817482344597FFCF762FE2B6815481A
:1073000023442034197FFCF75BFE032E98D170BD17
:107310001C0000202401010838010108580101085F
:107320007401010890010108AC010108C8010108BD
:10733000E4010108000201081C0201083C020108E6
:10734000580201087402010890020108AC02010809
:10735000C8020108E4020108F8B53D4D3D4E3E4F1C
:1073600000242B683D4823449978FCF729FE2B68BC
:107370003A4823441979FCF723FE2B683748234405
:10738000D978FCF71DFE2B68354823445B89A6FBA2
:107390000321C90801EB8102A3EB420292B2FCF780
:1073A0000FFE2B682F48234419690531A6FB0132D3
:1073B000D208A6FB02E3DB0803EB8303A7FB01E192
:1073C000A2EB43024909FCF7FBFD2B682548234447
:1073D00059690531A6FB0132D208A6FB02E3DB089E
:1073E00003EB8303A7FB01E1A2EB43024909FCF78E
:1073F000E7FD2B681B48234499690531A6FB013240
:10740000D208A6FB02E3DB0803EB8303A7FB01E141
:10741000A2EB43024909FCF7D3FD2B680F48234434
:10742000997FFCF7CDFD2B680C482344597FFCF76E
:10743000C7FD2B680C4823442034197FFCF7C0FD9E
:10744000602C8ED10A20BDE8F840FCF7EDBD00BFEE
:107450001C000020CDCCCCCC1F85EB51F0F70008F0
:1074600000030108080301081403010800B583B0F4
:1074700002ABB02103F8010D01220020FFF726FA2C
:10748000FFF748FA04499DF807200020FCF7B0FDFB
:1074900003B05DF804FB00BF1C0301080022134683
:1074A00010B5A0210446FFF711FAFFF733FA04F0F4
:1074B000F803102B22464FF000000BD0202B04D0F5
:1074C0000749BDE81040FCF793BD0649BDE81040F0
:1074D000FCF78EBD0449BDE81040FCF789BD00BF34
:1074E0007C0301085C0301083C03010800221346E9
:1074F00010B5A2210446FFF7E9F9FFF70BFA04F0F3
:10750000F803102B22464FF000000BD0202B04D0A4
:107510000749BDE81040FCF76BBD0649BDE81040C7
:10752000FCF766BD0449BDE81040FCF761BD00BF33
:10753000DC030108BC0301089C03010870B584B09A
:107540000446FEF713F81C4B1C491D4A1B780E78A5
:1075500015788DF80C30204603ABB22103228DF84C
:107560000D608DF80E50FFF7B1F9FFF7D3F904F075
:10757000F803102B11D0202B9DF80E109DF80D2034
:10758000019100929DF80C300CBF0E490E49224625
:107590000020FCF72DFD04B070BD9DF80D209DF876
:1075A0000E10009201919DF80C30084922460020EF
:1075B000FCF71EFDEFE700BFCB120020C812002031
:1075C000CD1200202C0401085C040108FC03010812
:1075D0000022134610B5B1210446FFF777F9FFF7F3
:1075E00099F904F0F803102B22464FF000000BD05D
:1075F000202B04D00749BDE81040FCF7F9BC064930
:10760000BDE81040FCF7F4BC0449BDE81040FCF7AD
:10761000EFBC00BFCC040108AC0401088C040108D5
:10762000F0B501EB810483B06400064601AB0D4662
:1076300002222021C4F307278DF805408DF804703D
:10764000FFF744F9FFF766F932462B46024900205E
:10765000FCF7CEFC03B0F0BDEC04010810B500222D
:10766000044613462121FFF731F9FFF753F922466B
:1076700000200249BDE81040FCF7BABC1005010823
:1076800010B582B002AB044603F8011D012222218D
:10769000FFF71CF9FFF73EF9224604499DF8073031
:1076A0000020FCF7A5FC02B010BD00BF30050108AA
:1076B00010B582B002AB044603F8011D012223215C
:1076C000FFF704F9FFF726F9224604499DF8073031
:1076D0000020FCF78DFC02B010BD00BF540501086E
:1076E00010B50022044613462421FFF7EFF8FFF7F8
:1076F00011F9224600200249BDE81040FCF778BC91
:107700007805010810B50022044613462521FFF72D
:10771000DDF8FFF7FFF8224600200249BDE81040DF
:10772000FCF766BC9805010810B500220446134614
:107730002621FFF7CBF8FFF7EDF82246002002499B
:10774000BDE81040FCF754BCB805010810B5002294
:10775000044613462721FFF7B9F8FFF7DBF8224666
:1077600000200249BDE81040FCF742BCD8050108E2
:10777000F0B502EB820485B06400C4F3072E07461F
:107780000E4603AB1546282103228DF80DE08DF837
:107790000C608DF80E40FFF799F8FFF7BBF80095E5
:1077A0003A46334602490020FCF722FC05B0F0BD02
:1077B000F805010810B50022044613462A21FFF7F8
:1077C00085F8FFF7A7F8224600200249BDE81040DF
:1077D000FCF70EBC2006010810B500220446134633
:1077E0002921FFF773F8FFF795F822460020024998
:1077F000BDE81040FCF7FCBB400601080E49D1ED86
:10780000047A0423013BDBB201EB830292ED007AA0
:10781000A0EE277AF0EE477A002BF3D1B6EE007A8D
:1078200077EE877A82B0FCEEE77ACDED017A9DF8AB
:10783000040002B0704700BF200000209FED127AC4
:107840001249B4EE470AF1EE10FAD1ED097AC8BF39
:10785000B0EE470A0423013BDBB201EB830292ED59
:10786000057AA0EE277AF0EE477A002BF3D1B6EE38
:10787000007A77EE877A82B0FCEEE77ACDED017A76
:107880009DF8040002B070470000F0422000002084
:107890000139C9B200EB8103D3ED007A59B1013946
:1078A000C9B200EB810393ED007AA7EE807AF0EE87
:1078B000477A0029F3D1B0EE670A7047F0B5114D51
:1078C000114A124CA5FB0135ED0AEBB202FB031184
:1078D00083B0A4FB0134074601AB0026102103222C
:1078E00064098DF804508DF805408DF80660FEF7A8
:1078F000EDFFFFF70FF830463A460549FCF778FBF5
:1079000003B0F0BDC5B3A291F0F1FFFF898888886C
:1079100060060108F0B5114D114A124CA5FB013566
:10792000ED0AEBB202FB031183B0A4FB013407465E
:1079300001AB00261121032264098DF804508DF853
:1079400005408DF80660FEF7C1FFFEF7E3FF304605
:107950003A460549FCF74CFB03B0F0BDC5B3A29114
:10796000F0F1FFFF898888888006010810B582B091
:1079700002AB044603F8011D01221221FEF7A6FF07
:10798000FEF7C8FF224603490020FCF731FB02B096
:1079900010BD00BFA006010810B582B002AB0446BE
:1079A00003F8011D01221321FEF790FFFEF7B2FF3D
:1079B000224603490020FCF71BFB02B010BD00BFAC
:1079C000C006010810B582B002AB044603F8011DE1
:1079D00001221421FEF77AFFFEF79CFF224603499D
:1079E0000020FCF705FB02B010BD00BFE006010857
:1079F00030B507EE901A174AF8EE676AD2ED047AAE
:107A000083B005460424013CE4B202EB840393ED09
:107A1000007AA6EEA77AF0EE477A002CF3D1B6EE04
:107A2000007A77EE877A02ABFCEEE77A284617EE0B
:107A3000902A122103F8012D0122FEF747FFFEF7DD
:107A400069FF20462A4604499DF80730FCF7D0FA22
:107A500003B030BD200000200007010807EE901A97
:107A600030B5B8EE677ADFED1B6A1B4AB4EE667A72
:107A7000F1EE10FAD2ED097A83B00546C8BFB0EE38
:107A8000667A0424013CE4B202EB8403D3ED056A78
:107A9000E7EE276AF0EE667A002CF3D1B6EE007AB4
:107AA00076EE877A02ABFCEEE77A284617EE902A4C
:107AB000132103F8012D0122FEF708FFFEF72AFF2C
:107AC00020462A4605499DF80730FCF791FA03B095
:107AD00030BD00BF0000F042200000202407010854
:107AE00030B507EE901A174AF8EE676AD2ED047ABD
:107AF00083B005460424013CE4B202EB840393ED19
:107B0000007AA6EEA77AF0EE477A002CF3D1B6EE13
:107B1000007A77EE877A02ABFCEEE77A284617EE1A
:107B2000902A152103F8012D0122FEF7CFFEFEF762
:107B3000F1FE20462A4604499DF80730FCF758FA22
:107B400003B030BD200000204807010807EE901A5E
:107B500030B5B8EE677ADFED1B6A1B4AB4EE667A81
:107B6000F1EE10FAD2ED097A83B00546C8BFB0EE47
:107B7000667A0424013CE4B202EB8403D3ED056A87
:107B8000E7EE276AF0EE667A002CF3D1B6EE007AC3
:107B900076EE877A02ABFCEEE77A284617EE902A5B
:107BA000162103F8012D0122FEF790FEFEF7B2FE2A
:107BB00020462A4605499DF80730FCF719FA03B01C
:107BC00030BD00BF0000F042200000206C0701081B
:107BD00010B50022044613461721FEF777FEFEF784
:107BE00099FE224600200249BDE81040FCF700BA89
:107BF0009007010810B50022044613461821FEF72D
:107C000065FEFEF787FE224600200249BDE81040CF
:107C1000FCF7EEB9B007010810B500220446134680
:107C20001921FEF753FEFEF775FE22460020024999
:107C3000BDE81040FCF7DCB9D007010870B582B090
:107C400005460C4601ABC1F3072602221A218DF826
:107C500005408DF80460FEF739FEFEF75BFE29460D
:107C600022460248FCF7ACF902B070BDF0070108EB
:107C700008B50348FCF7DEF9024B01221A7008BD73
:107C800014080108BC09002010B50E4CFFF7F2F8EB
:107C9000FDF7FEFBFCF7DEFEFDF746F8F9F728FBE3
:107CA000FDF7ECFD63780133DBB20A2B637007D973
:107CB000FFF734FAFEF746FDFEF78CFB00236370F6
:107CC00010BD00BFBC090020F8B53D4C3D482368FD
:107CD0003D4F19785A789B78FCF772F93B48FCF7CE
:107CE0006FF9002564262368394803EB4503013505
:107CF000DA8AA7FB0231490906FB112292B2FCF78E
:107D00005FF9032DEFD13348334FFCF759F90025C4
:107D10004FF47A76236831482A1D013533F8122052
:107D2000A7FB0231890906FB112292B2FCF748F940
:107D3000032DEFD12A48244FFCF742F90025236890
:107D400023481F4E03EB45026423928CA7FB02E1FC
:107D5000490903FB1122013592B2FCF731F9032DD9
:107D6000EDD133681F48598FFCF72AF933681E4854
:107D7000198FFCF725F933681C48998FFCF720F917
:107D80003368D86A05F096FB02460B461848FCF7A4
:107D900017F93368186B05F08DFB02460B46154842
:107DA000FCF70EF93368586B05F084FB02460B466E
:107DB0001148FCF705F91148BDE8F840FCF700B997
:107DC00048000020200801081F85EB5130080108F9
:107DD0003808010844080108D34D62104C08010816
:107DE000580801085C0801086808010874080108BF
:107DF0007C0801088808010894080108C0F60008FA
:107E000008B5094B9B7843B1084B1A689B88917859
:107E100091FBF3F203FB121303B108BDFFF754FF0C
:107E2000BDE80840FFF798BABC09002048000020D0
:107E3000014B01229A707047BC090020014B0022BF
:107E40009A707047BC09002008B1014B98807047B8
:107E50004800002010B50446F8F784FB2046F8F7E8
:107E6000D1FE0020F8F7CEFE0020F8F7CBFEBDE8EB
:107E70001040F8F77FBB00BF38B50446F8F772FB37
:107E8000C4F30740F8F7BEFEC4F30720F8F7BAFEC4
:107E9000E0B2F8F7B7FE0020F8F7B4FEF8F7BCFE42
:107EA0000546F8F767FB22462B4603490020FCF7FE
:107EB0009FF8284638BD00BFA008010838B5044621
:107EC000F8F750FBC4F30740F8F79CFEC4F3072013
:107ED000F8F798FEE0B2F8F795FE0020F8F792FE6A
:107EE000F8F79AFE0446F8F797FE0546F8F742FBC6
:107EF00044EA052080B238BD38B50446F8F732FBB5
:107F0000C4F30740F8F77EFEC4F30720F8F77AFEC3
:107F1000E0B2F8F777FE0020F8F774FEF8F77CFE81
:107F20000546F8F779FE0446F8F776FE000440EAC5
:107F30000424F8F771FE2C4344EA0064F8F71AFBB6
:107F4000204638BD70B504460D46F8F70BFBC4F368
:107F5000064040F08000F8F755FEC4F30720F8F71C
:107F600051FEE0B2F8F74EFE2846F8F74BFEF8F760
:107F700001FB22462B4600200249BDE87040FCF779
:107F800037B800BFC408010838B504460D46F8F7F5
:107F9000E9FAC4F3064040F08000F8F733FEC4F37A
:107FA0000720F8F72FFEE0B2F8F72CFEE8B2F8F75A
:107FB00029FE280AF8F726FEBDE83840F8F7DABAB5
:107FC00038B505460C46F8F7CDFAC5F3064040F043
:107FD0008000F8F717FEC5F30720F8F713FEE8B2A4
:107FE000F8F710FEE0B2F8F70DFEC4F30720F8F73B
:107FF00009FEC4F30740F8F705FE200EF8F702FE6D
:10800000BDE83840F8F7B6BA10B5F8F7A5FA64201D
:10801000F8F7CCFBF8F79AFA6420F8F7C7FB44208E
:10802000FFF718FF0020FFF715FF662406E0013C6C
:10803000A4B2F8F7BBFB002C00F088804648FFF79D
:108040001BFF7C284FF00A00F1D14448FBF7F2FFF8
:1080500043480021FFF776FF42484FF46871FFF76D
:1080600093FF41485821FFF78FFF40484FF4487174
:10807000FFF78AFF3E480021FFF786FF3D48302189
:10808000FFF782FF3C484FF4F071FFF77DFF3B485C
:108090002021FFF779FF3A4840F20D21FFF774FFE6
:1080A00038480021FFF770FF37480321FFF76CFFC6
:1080B00036480021FFF746FF35480121FFF742FF10
:1080C00000213448FFF73EFF3348FFF7D5FE60F04C
:1080D0007F01C9B23048FFF735FF3048FFF7CCFECB
:1080E00060F07F01C9B22D48FFF72CFF2C48FFF745
:1080F000C3FE40F00401C9B22948FFF723FF052160
:108100002848FFF71FFF4FF4FA70F8F74FFB264897
:108110002649FFF755FF264840F2BC41FFF750FFC4
:1081200024482549FFF74CFF24482549FFF748FF1D
:1081300024482549FFF744FF24482549FFF740FF1D
:1081400007488021FFF7FEFE012010BD2148FBF704
:1081500071FF204610BD00BF00203000000901085B
:10816000D42030002C20300030203000342030006B
:10817000382030003C2030004820300044203000BF
:10818000402030004C20300050203000642030006F
:108190006C203000682030009020300094203000A7
:1081A000982030007020300050213000040F010072
:1081B0005421300058213000667EE5FF5C213000FC
:1081C000E0FCFFFF6021300028FEFEFF642130004C
:1081D0005845E701E8080108FFF716BF38B50A4C13
:1081E0000A4922680346054602F540120020FBF7C3
:1081F000FFFE2068294600F54010FFF7E1FE2368E6
:108200000433236038BD00BFC009002018090108ED
:1082100010B50948FFF752FE04460848FFF74EFE26
:108220008442F6D1064B074958600246BDE810402B
:108230000020FBF7DDBE00BFFC203000F82030003E
:10824000C00900203409010870B50446C0B2F8F72F
:10825000D9FCC4F30720F8F7D5FC0A4DC4F3074056
:10826000F8F7D0FC200EF8F7CDFC6868064900F559
:1082700042122346041D6C6004320020BDE87040A9
:10828000FBF7B6BEC00900204809010838B505460D
:10829000FFF7BEFF144B5C6804F54214F8F762F96F
:1082A000C4F3064040F08000F8F7ACFCC4F30720AC
:1082B000F8F7A8FCE0B2F8F7A5FC6FF0FF00FFF7B5
:1082C000C3FF45F00070FFF7BFFF0848FFF7BCFF92
:1082D0000748FFF7B9FF44F4000200200549BDE854
:1082E0003840FBF785BE00BFC0090020FF0000102A
:1082F000070000266C09010870B5084D084CF8F716
:1083000039F928466168FFF75BFE2A46636805492C
:108310000020BDE87040FBF76BBE00BFFC203000C2
:10832000C00900208409010808B54FF00450FFF788
:108330008BFF0020FFF788FF6FF0FE00FFF784FF40
:10834000FFF7DAFFBDE80840FFF762BF10B504464B
:108350006FF0F600FFF778FFE0B2F8F753FCC4F3D4
:108360000720F8F74FFCC4F30740F8F74BFC002058
:10837000F8F748FC024A53680433536010BD00BF4D
:10838000C009002010B504466FF0F500FFF75CFF50
:10839000E0B2F8F737FCC4F30720F8F733FCC4F376
:1083A0000740F8F72FFC0020F8F72CFC024A53682E
:1083B0000433536010BD00BFC009002070B51646DD
:1083C0003601044646F050661E480D46FFF73CFF56
:1083D00006F0F000F8F716FCC6F30720F8F712FCD9
:1083E000C6F30340F8F70EFC0D20F8F70BFC47F638
:1083F000F07000EA051545F0804500EA041045EAF2
:10840000C03404F0F000F8F7FDFBC4F30620F8F7E1
:10841000F9FB200C00F0F800F8F7F4FB200EF8F759
:10842000F1FB0020F8F7EEFB0020F8F7EBFB002053
:10843000F8F7E8FB2120F8F7E5FB034A53680C3313
:10844000536070BD0200001FC00900202DE9F843F1
:1084500081466FF0F3001C4688461646089D234F60
:10846000FFF7F2FE5FFA89F0F8F7CCFBC9F30720BB
:10847000F8F7C8FB5FFA88F0F8F7C4FBC8F30720E9
:10848000F8F7C0FBF0B2F8F7BDFBC6F30720F8F72A
:10849000B9FBE0B2F8F7B6FB200AF8F7B3FB7B684C
:1084A00008337B602878E8B100240134E4B2F8F79F
:1084B000A9FB285D0028F8D104F00306C6F10403E7
:1084C0001C44C6F10306E4B2F6B2013600250135BC
:1084D0000020F8F797FBB542F9D17B681C447C601B
:1084E000BDE8F88304240326EFE700BFC00900209D
:1084F0002DE9F04180466FF0D10016461D460F462B
:10850000069CFFF7A1FE5FFA88F0F8F77BFBC8F343
:108510000720F8F777FBF8B2F8F774FBC7F30720EA
:10852000F8F770FBF0B2F8F76DFBC6F30720F8F729
:1085300069FBE8B2F8F766FB280AF8F763FBE0B2DC
:10854000F8F760FBC4F30720F8F75CFBC4F30740BF
:10855000F8F758FB200EF8F755FB034A53680C3325
:108560005360BDE8F08100BFC009002010B504468B
:108570006FF0C700FFF768FEE0B2F8F743FBC4F303
:108580000720F8F73FFBC4F30740F8F73BFB200E4A
:10859000F8F738FB024A53680433536010BD00BF3C
:1085A000C009002038B505460078D8B10024013450
:1085B000E4B2F8F727FB285D0028F8D104F00303A4
:1085C000C3F10403DBB21C44E5B21C460020F8F7FB
:1085D00019FB631E13F0FF04F8D1044B5C682C44B4
:1085E0005C6038BD04252C46F0E700BFC0090020C0
:1085F0002DE9F04781466FF0F20017461E46884687
:10860000BDF92050BDF82440DDF828A0FFF71CFE7E
:108610005FFA89F0F8F7F6FAC9F30720F8F7F2FAEB
:108620005FFA88F0F8F7EEFAC8F30720F8F7EAFAED
:10863000F8B2F8F7E7FAC7F30720F8F7E3FAF0B271
:10864000F8F7E0FAC6F30720F8F7DCFAE8B2F8F733
:10865000D9FAC5F30720F8F7D5FAE0B2F8F7D2FA5D
:10866000200AF8F7CFFA044A536850460C33BDE8A5
:10867000F0475360FFF796BFC00900202DE9F04195
:1086800080466FF0D30016461D460F46BDF91840D0
:10869000FFF7DAFD5FFA88F0F8F7B4FAC8F30720BD
:1086A000F8F7B0FAF8B2F8F7ADFAC7F30720F8F721
:1086B000A9FAF0B2F8F7A6FAC6F30720F8F7A2FA7B
:1086C000E8B2F8F79FFAC5F30720F8F79BFAE0B293
:1086D000F8F798FAC4F30720F8F794FA0020F8F7AF
:1086E00091FA0020F8F78EFA024A53680C3353606F
:1086F000BDE8F081C00900202DE9F04782466FF007
:10870000F00090461F468946BDF82060BDF8245011
:10871000BDF82840FFF798FD5FFA8AF0F8F772FA83
:10872000CAF30720F8F76EFA5FFA89F0F8F76AFAE9
:10873000C9F30720F8F766FA5FFA88F0F8F762FAEB
:10874000C8F30720F8F75EFAF8B2F8F75BFAC7F358
:108750000720F8F757FAF0B2F8F754FA300AF8F7AA
:1087600051FAE8B2F8F74EFA280AF8F74BFAE0B2F5
:10877000F8F748FA200AF8F745FA0020F8F742FA25
:108780000020F8F73FFA034A536810335360BDE8FE
:10879000F08700BFC009002010B504466FF0E0006C
:1087A000FFF752FDE0B2F8F72DFAC4F30720F8F70F
:1087B00029FAC4F30740F8F725FA200EF8F722FA51
:1087C000024A53680433536010BD00BFC009002043
:1087D00001460148FFF7B6BBD420300008B5034876
:1087E000FFF74AFBC0F3800008BD00BFA82030009F
:1087F0002DE9F843184C194D194E8046204617466E
:108800008946FFF739FB40F00401C9B22046FFF763
:1088100099FB28464021FFF795FB48EA092130469D
:10882000FFF7B2FB01210F48FFF78CFB3846F7F743
:10883000BDFF30460021FFF7A7FB28460021FFF7C8
:1088400081FB2046FFF718FB00F0FB012046BDE846
:10885000F843FFF777BB00BF9C2030008420300036
:10886000882030008C203000F8B50E4C054620469C
:1088700017460E46FFF700FB40F00401C9B2204640
:10888000FFF760FB39460848FFF75CFB45EA062125
:108890000648FFF779FB06480121BDE8F840FFF7DD
:1088A00051BB00BF9C203000842030008820300065
:1088B0008C20300010B50948094C0021FFF764FBFB
:1088C00000210848FFF73EFB2046FFF7D5FA00F0ED
:1088D000FB012046BDE81040FFF734BB8820300084
:1088E0009C2030008420300008B57448FFF704FB5A
:1088F00001467348FBF764FB7248FFF7FDFA014637
:108900007148FBF75DFB7148FFF7F6FA01467048C6
:10891000FBF756FB6F48FFF7EFFA01466E48FBF78F
:108920004FFB6E48FFF7E8FA01466D48FBF748FB3E
:108930006C48FFF7E1FA01466B48FBF741FB6B48D7
:10894000FFF7DAFA01466A48FBF73AFB6948FFF796
:10895000D3FA01466848FBF733FB6848FFF7CCFAC7
:1089600001466748FBF72CFB6648FFF7C5FA01464E
:108970006548FBF725FB6548FFF7BEFA01466448EA
:10898000FBF71EFB6348FFF7B7FA01466248FBF7A7
:1089900017FB6248FFF7B0FA01466148FBF710FB8E
:1089A0006048FFF7A9FA01465F48FBF709FB5F48FB
:1089B000FFF7A2FA01465E48FBF702FB5D48FFF7AE
:1089C0009BFA01465C48FBF7FBFA5C48FFF794FA18
:1089D00001465B48FBF7F4FA5A48FFF78DFA014667
:1089E0005948FBF7EDFA5948FFF786FA014658480F
:1089F000FBF7E6FA5748FFF73FFA01465648FBF700
:108A0000DFFA5648FFF738FA01465548FBF7D8FA1F
:108A10005448FFF731FA01465348FBF7D1FA53485F
:108A2000FFF72AFA01465248FBF7CAFA5148FFF706
:108A300063FA01465048FBF7C3FA5048FFF75CFA67
:108A400001464F48FBF7BCFA4E48FFF755FA01467E
:108A50004D48FBF7B5FA4D48FFF74EFA01464C4832
:108A6000FBF7AEFA4B48FFF747FA01464A48FBF7D7
:108A7000A7FA4A48FFF740FA01464948FBF7A0FA2F
:108A80004848FFF739FA01464748FBF799FA474843
:108A9000FFF732FA01464648FBF792FA4548FFF7DE
:108AA0002BFA01464448FBF78BFA4448FFF724FAB7
:108AB000BDE8084001464248FBF782BA002030007A
:108AC000A80901082C203000C4090108302030001A
:108AD000E009010834203000FC090108382030008A
:108AE000180A01083C203000340A010840203000F8
:108AF000500A0108442030006C0A01084820300068
:108B0000880A01084C203000A40A010850203000D7
:108B1000C00A010854203000DC0A01085820300047
:108B2000F80A01085C203000140B010860203000B6
:108B3000300B0108642030004C0B01086820300025
:108B4000680B01086C203000840B01087020300095
:108B5000A00B010890203000BC0B010894203000CD
:108B6000D80B010898203000F40B01089C2030003D
:108B7000100C0108FC2030002C0C0108F8203000FB
:108B8000480C010800213000640C01080421300069
:108B9000800C010850213000A40C01085421300041
:108BA000C80C010858213000EC0C01085C21300091
:108BB000100D010860213000340D010864213000DF
:108BC000580D0108283808B50E2810D8DFE800F045
:108BD00010171E252D0F0F0F0F0F353C434A0800AD
:108BE000244A254B11680020082288731A7008BD9A
:108BF0000020FCF759FA204B08221A7008BD01200A
:108C0000FCF752FA1C4B08221A7008BD0220FCF730
:108C10004BFA194B08221A7008BD164A164B1168F8
:108C20000120082248771A7008BD124A124B1168B9
:108C30000020082208771A7008BD0020FBF7A0FC6E
:108C40000D4B08221A7008BD0120FBF799FC0A4B56
:108C500008221A7008BD0220FBF792FC064B08227E
:108C60001A7008BD034A044B116801200822C8731A
:108C70001A7008BD4800002050000020F8B5FDF72C
:108C800077F9244A244B11685868DFF894E001F121
:108C900060070C46861C0236F588328805FB02F216
:108CA0008EFB02C3D217C2EB63139BB2ED1A258170
:108CB000E3802034BC42EED1184F00F12205024679
:108CC0000024322635F8023FA3F50C5387FB03CE70
:108CD000DB17C3EB6E2306FB03F303F698030B616C
:108CE00092F82A300B7792F82D308B77013492F876
:108CF00030304B77032C02F1010201F12001E1D168
:108D00000023037000F006FF01F0D6FCBDE8F84038
:108D100001F0C6BE1C000020500000200F82AE34BF
:108D20001F85EB51034A1378591E117003B949E7A7
:108D3000704700BF500000204A4A30B54A4CA2FBA1
:108D4000013201EB410384FB03E48D1ADB1702EBD4
:108D50005502C3EB24230A38C2F34F229BB20A28E0
:108D60002AD8DFE800F02A3744515F6D29292929E4
:108D700006003E4B3E4A586842F2107303FB01F175
:108D800082FB01230B4444690269C917C1EB2331FB
:108D9000384B2244B1EB520FA3FB01234FEA53237C
:108DA0004FF4617202FB1313A1EB03014FF00103B7
:108DB00054D3416180F8333030BD2F492B4BA1FB98
:108DC00002125B689208012102EB820283F83510DF
:108DD0009A8030BD2849254BA1FB02125B6892089E
:108DE000012102EB820283F83610DA8030BD22497D
:108DF0001E4BA1FB02125B689208012102EB82026A
:108E000083F837101A8130BD1B49184AA1FB0313A0
:108E10005268DB0803EB830301215B0082F8381002
:108E2000538130BD1449114AA1FB03135268DB087A
:108E300003EB830301215B0082F83910938130BD7D
:108E40000D490A4AA1FB03135268DB0803EB8303B5
:108E500001215B0082F83A10D38130BD80F83430B4
:108E6000016130BDEB473890FB110E6450000020CB
:108E7000D54D3E8AC5B3A291CDCCCCCC3C3870B593
:108E8000262828D8DFE810F01D0211020502FF0194
:108E9000F901F3012700D601D001A0018C01BC012A
:108EA00074015B01420129012700270027002700E8
:108EB0001401FF00EA0027002700270027002700F1
:108EC00027002700D500C000AB00970083006F008B
:108ED0005B0047003300B04B5B68188B5A8B9042A5
:108EE00088BF1A83998B914288BF9A8370BDFFF720
:108EF00075FC0028EFD0A84B5B6893F83210188BF4
:108F00005A8B3C290CBF00243C24012183F83240B9
:108F100083F84010E3E7FFF761FC0028DBD09E4BAD
:108F20005B6893F83210188B5A8B28290CBF0024E9
:108F30002824012183F8324083F84010CFE7FFF75F
:108F40004DFC0028C7D0944B5B6893F83210188B07
:108F50005A8B0A290CBF00240A24012183F83240CD
:108F600083F84010BBE7FFF739FC0028B3D08A4BE9
:108F70005B6893F83110188B5A8B3C290CBF002486
:108F80003C24012183F8314083F83F10A7E7FFF725
:108F900025FC00289FD0804B5B6893F83110188B1C
:108FA0005A8B28290CBF00242824012183F8314042
:108FB00083F83F1093E7FFF711FC00288BD0764B26
:108FC0005B6893F83110188B5A8B0A290CBF002468
:108FD0000A24012183F8314083F83F107FE7FFF72F
:108FE000FDFB00283FF477AF6B4B5B6893F83010C4
:108FF000188B5A8B3C290CBF00243C24012183F898
:10900000304083F83E106AE7FFF7E8FB00283FF4A2
:1090100062AF614B5B6893F83010188B5A8B28292C
:109020000CBF00242824012183F8304083F83E102F
:1090300055E7FFF7D3FB00283FF44DAF564B5B6875
:1090400093F83010188B5A8B0A290CBF00240A247D
:10905000012183F8304083F83E1040E7FFF7BEFB64
:1090600000283FF438AF4C4B5B6893F82F10188BF7
:109070005A8B002914BF00240A24012183F82F40B1
:1090800083F83D102BE7FFF7A9FB00283FF423AF3F
:10909000414B5B6893F82E10188B5A8B002914BF34
:1090A00000240A24012183F82E4083F83C1016E79F
:1090B000FFF794FB00283FF40EAF374B5B6893F843
:1090C0002D10188B5A8B002914BF00240A2401216B
:1090D00083F82D4083F83B1001E7304B2E4AA3FB69
:1090E00001035B0A40F6B81000FB1313C91A89B2DA
:1090F000B1F50C5F536880F0FD804FF40C521A8577
:109100000121188B5A8B83F84610E8E6234B224A3C
:10911000A3FB01035B0A40F6B81000FB1313C91A46
:1091200089B2B1F50C5F536880F0EB804FF40C52BC
:10913000DA840122188B83F845205A8BCFE6174B2F
:10914000154AA3FB01035B0A40F6B81000FB13139A
:10915000C91A89B2B1F50C5F536880F0C4804FF42E
:109160000C529A84012283F84420188B5A8BB6E65D
:10917000FFF734FB00283FF4AEAE074B5B680121DC
:1091800093F82C20B2FA82F2520983F82C2083F84B
:109190004310188B5A8BA2E6500000200F82AE3489
:1091A000FFF71CFB00283FF496AE664B5B6801217D
:1091B00093F82A20B2FA82F2520983F82A2083F81F
:1091C0004110188B5A8B8AE65E4B5B68188B02281D
:1091D000B3D142F210745C4E5C4D5A8B04FB01F12A
:1091E00086FB01640C44C917C1EB2431A5FB015473
:1091F000640A4FF4617505FB1414091B19626EE6CD
:10920000FFF7ECFA00283FF466AE4E4B5B68012195
:1092100093F82B20B2FA82F2520983F82B2083F8BC
:109220004210188B5A8B5AE6464B5B68188B012804
:1092300083D1CEE7434B5B68188B00287FF47DAF6A
:1092400042F21070404D414C5A8B00FB01F185FBFE
:1092500001500844C917C1EB2031A4FB0140400A6A
:109260004FF4617404FB1010091A19623AE6354B89
:109270005B6802225A83188B31E6324B5B6801220D
:109280005A83188B2BE62F4B5B6800225A83188B6E
:1092900025E62C4B5B681A8B022A2D4A3CD0002114
:1092A0001170022018835A8B19E6264B5B681A8BC3
:1092B000012A274A3BD000211170012018835A8BC4
:1092C0000DE6204B5B681A8B12BB21490878441CC1
:1092D00014280C7003D998780A70C2439A7000223F
:1092E0001A835A8BFEE54EF68062914294BF9984B0
:1092F0009A8437E74EF68062914294BF19851A85A9
:10930000FEE64EF68062914294BFD984DA8410E77B
:109310000F4A00211170E2E71178481C14291070DF
:10932000BFD999780020C94399701070B9E71178B6
:10933000481C14291070C0D999780020C94399702D
:109340001070BAE750000020D54D3E8AC5B3A291F7
:10935000C80900201E2810B539D016D9202828D0D9
:109360002ED363282AD12D4C637A002B46D00020BF
:10937000FFF72EFA2A4A01210023517063724FF43D
:10938000FA70BDE81040F7F711BA152824D0162856
:1093900015D1224B1A7A511E197272B95A68117876
:1093A000002938D10221117000200821D0701972D3
:1093B00010BD1A4B5B680022DA7010BD10BD10BDE5
:1093C000FCF7E8FD154B5B680022DA7010BD134B0B
:1093D0005B680122DA7010BD104B1A7A511E1972A7
:1093E000002AEAD15968087801289ABF013008702C
:1093F0000A7000200822C8701A7210BD8020FFF782
:10940000E7F9074A0123937063724FF4FA70BDE8DD
:109410001040F7F7CBB901391170C5E750000020B3
:10942000C8090020074B5B681B78012B07D004D3C9
:10943000022B01D101F020BF704701F025B901F0E6
:1094400019BB00BF5000002070B5064682B00C4822
:109450000C4C0D46FEF7F8FE0B4B0C4918680278D1
:109460004378807800902046FAF720FC009430B2D0
:1094700029B217220023FEF7E9FF02B070BD00BF3A
:1094800051B3BB046C14002048000020BCFA000853
:10949000164B5B685B7803B9704730B51448154CC0
:1094A000154D83B0FEF7D0FE1448FEF7CDFE1448EC
:1094B000FEF7CAFE1348FEF7C7FE1348FEF7C4FEC8
:1094C0001248FEF7C1FE1248FEF7BEFE0FCC009513
:1094D000248828606960AA60EB60D220C8211F221E
:1094E00000232C82FEF7B2FF03B030BD50000020F5
:1094F0000900001F7C0D01086C140020FF00001003
:10950000FF0000041000000E000520430019E05584
:10951000A6E5ED0408B51E48FEF796FE1D48FEF7C9
:1095200093FE6FF07B40FEF78FFE4FF08050FEF70A
:109530008BFE1948FEF788FE1848FEF785FE18488E
:10954000FEF782FE1748FEF77FFE1748FEF77CFE07
:109550001648FEF779FE1648FEF776FE1548FEF728
:1095600073FE1548FEF770FE1448FEF76DFE1448B2
:10957000FEF76AFE1348FEF767FE4FF04070FEF7F5
:1095800063FE4FF00450BDE80840FEF75DBE00BF2B
:109590000900001F1000000E1500000360090040C4
:1095A000F01890411600000360097057F018005938
:1095B0006300000300190040001E90411E000003DC
:1095C00000197057001E005930B53448344C354DE1
:1095D00085B0FEF739FE3448FEF736FE3348FEF715
:1095E00033FE3348FEF730FE3248FEF72DFE324898
:1095F000FEF72AFE3148FEF727FE0FCC00952860C3
:109600006960AA6007CCEB602388A478286169614F
:10961000AA61A0211F22AB83AC7700236E20FEF746
:1096200015FF2748FEF7AEFE0020FEF78FFE254807
:10963000FEF70AFE1F254FF48074234B0293FA2194
:10964000BE225A2300950194B920FEF7D1FF4FF0B6
:109650004070FEF7F9FD1D48FEF794FE0020FEF76E
:1096600075FE1B48FEF7F0FD1A4B0293FA21BE224D
:109670005A230095019440F29F10FEF7B9FF4FF076
:109680004070FEF7E1FD1448FEF7DEFD4FF0045098
:1096900005B0BDE83040FEF7D7BD00BF0900001F90
:1096A000900D01086C140020FF00001034343B04BE
:1096B000A000000E2008D0422017E055A6E5ED04DA
:1096C00040913D001F000003B00D01082A00AF00CB
:1096D00020000003B40D01081000000E2DE9F04138
:1096E000404898B0FEF7D2FD3E48FEF72FFE4FF4FB
:1096F0007F00FEF747FE3C48FEF7A6FD3B4B00937C
:109700001E224FF40073F0214FF4C870FEF79EFE46
:109710006FF0EA00FEF798FD4FF00450FEF794FD5D
:109720000020FEF791FD6FF0FE00FEF78DFDFEF7C5
:10973000E3FDFEF76DFD00212D48FEF741FC2D48AD
:10974000FEF7DAFB06462C480296FEF7D5FB03909F
:109750002A48FEF7D1FB04902948FEF7CDFB05907F
:109760002848FEF7C9FB06902748FEF7C5FB07907F
:109770000020FEF78BFD4FF47F40FEF7E7FD6FF012
:109780007F40FEF7FFFD2148FEF75EFD0DF1080862
:109790000024412508AF01E058F8046F1C48294611
:1097A0003246FAF70DFC2A4633461A493846FAF78C
:1097B0007DFA21B214340097052012220023A4B2AE
:1097C000FEF744FE782C05F10105E5D10020FEF7F7
:1097D0003BFD6FF0FE00FEF737FDFEF78DFD18B084
:1097E000BDE8F081202020000000FF04B80D010832
:1097F0000821300050213000542130005821300021
:109800005C213000602130006421300000FFFF0443
:10981000D00D0108080E010838B50A4C0021054694
:109820002046FEF78FFB4FF47F00FEF72FFD284602
:10983000FEF7B2FFFEF760FD20460521BDE8384087
:10984000FEF780BB7020300070B50D46144606460A
:109850001048FAF7EFFB294622460F48FAF7B0FB0B
:1098600004FB05F50D48FAF7E5FB6D0011D0002467
:10987000A019FEF723FBC0F30321030100F0F0025F
:109880000234090103F0F0030548FAF799FBAC42F2
:10989000EED370BD240E0108280E0108300E010819
:1098A000380E0108154BDA78012A18D00CD3022A99
:1098B00009D11A79642A02F1010188BF00221971C5
:1098C00088BFDA70704770470D490E4A09684968C9
:1098D0009142F7D901210022D9701A7170470A4AC2
:1098E00051688A8B488B013292B290428A833CBF86
:1098F00000228A830222DA70704700BFC809002064
:10990000480000207E51010050000020F0B52C4B93
:109910002C4D1B686A685B6811692B4C8B4283B0C5
:109920000AD95269934207D2637813B96B7A002B34
:109930003FD00023A37003E0A6786EB300236370CA
:10994000FFF7B0FFFFF76EFD2048FEF7D5FAC4B26F
:10995000631EDBB2FD2B1DD81D48FEF7CDFA060CA9
:1099600083B20096224600201A49FAF741FB2B7871
:109970005A1EB6B22A70C3B120463146FFF77EFAAE
:1099800020463146FFF7D8F9204603B0BDE8F04045
:10999000FFF7E0BC03B0F0BD6B7A0A4F002BCDD0CF
:1099A0003046FEF715FF7E72C8E72046FFF70AF93A
:1099B000E2E78020FEF70CFF01236B72B9E700BFDE
:1099C0004800002050000020C80900202C21300051
:1099D00000903000440E010810B53D4C3D486368CE
:1099E0001978FAF7EDFA63683B489988DA881B8999
:1099F000FAF7E6FA6368394859899A89DB89FAF7F0
:109A0000DFFA636836485A691969FAF7D9FA636860
:109A10003448D978FAF7D4FA63683348198BFAF7DF
:109A2000CFFA63683148598BFAF7CAFA636830484D
:109A3000998BFAF7C5FA63682E48196AFAF7C0FAE3
:109A400063682D48998CDA8C1B8DFAF7B9FA636834
:109A50002A4893F82A1093F82B2093F82C30FAF721
:109A6000AFFA6368264893F82D1093F82E2093F8E8
:109A70002F30FAF7A5FA6368224893F8301093F86C
:109A8000312093F83230FAF79BFA63681E4893F856
:109A90003B1093F83C2093F83D30FAF791FA636855
:109AA0001A4893F83E1093F83F2093F84030FAF7A5
:109AB00087FA6368164893F8441093F8452093F8A2
:109AC0004630FAF77DFA0A20BDE81040FAF7ACBA42
:109AD00050000020680E0108780E0108900E010861
:109AE000A80E0108BC0E0108CC0E0108DC0E01080E
:109AF000EC0E0108FC0E01080C0F0108240F0108F0
:109B00003C0F0108540F01086C0F0108840F010875
:109B10009C0F0108704700BFF0B51948194C87B079
:109B2000FEF792FB184B1D68286B03F0C3FC06463A
:109B3000686B0F4603F0BEFCCDE90001AB8F0293CA
:109B4000E86A03F0B7FC3246CDE904013B46204603
:109B50000E49FAF7ABF800941E204FF4D2711F2281
:109B60000023FEF773FC0A4B00941B8823807120AE
:109B700040F29F111D220023FEF768FC07B0F0BDE4
:109B800000AEC4046C14002048000020B40F01088B
:109B9000DC0F01082DE9F04F8348844CDFF8508238
:109BA000DFF850A283B0FEF74FFB8148FEF74CFB75
:109BB0008048FEF749FB8048FEF746FB7F48FEF7EA
:109BC00043FB7F48FEF740FB7E48FEF73DFB7E48A7
:109BD000FEF73AFB7D4B0094186820603220014666
:109BE0001E220023FEF732FC794B00941F889E78DA
:109BF000278040F2B22032211E220023A670FEF7F9
:109C000025FC744B00941D88258040F2AD202D2149
:109C10001D220023FEF71AFC6F4B00941868206089
:109C2000642132201E220023FEF710FC40F2B220F5
:109C300064211E22002300942780A670FEF706FCF4
:109C400040F2AD205F211D22002300942580FEF705
:109C5000FDFB624B009418682060962132201E2282
:109C60000023FEF7F3FB40F2B22096211E220023D0
:109C700000942780A670FEF7E9FB009440F2AD2027
:109C800091211D2200232580FEF7E0FBAA27002555
:109C9000D8F800302B445A7B002A7DD01B7F4948DE
:109CA000002B72D0FEF7D0FA4748FEF7CDFAD8F86D
:109CB0000020DFF844E14A493C482A4464261369FD
:109CC000AAFB03C2520906FB1233AEFB0363DB0897
:109CD0000FFA87F9F9F7EAFF484600230094282194
:109CE0001F22FEF7B3FBD8F8003036482B445B7BCD
:109CF000002B43D0FEF7A8FA3348FEF7A5FAD8F8B0
:109D00000030DFF8F4B0364928482B4464265B69FC
:109D10000533AAFB03E2520906FB1233ABFB03E354
:109D2000DB08F9F7C3FF48465A211F22002300949D
:109D3000FEF78CFBD8F8003029491C482B4420350D
:109D40009B690533AAFB03E2520906FB1233ABFB06
:109D50000363DB08F9F7AAFF009448468C211F2211
:109D60000023FEF773FBC837602DBFB290D14FF0D0
:109D7000045003B0BDE8F04FFEF766BA1948FEF78D
:109D800063FA1948FEF760FAB9E71648FEF75CFA7D
:109D90001648FEF759FA8AE71248FEF755FA1248B4
:109DA000FEF752FA83E700BF00FFFF046C140020A7
:109DB000100000104001000E0900001F2003904118
:109DC000400B7057FF000010A6E5ED04E00F0108FE
:109DD000E40F0108DC0F0108E80F0108EC0F01088F
:109DE000F00F0108800000100000FF04FF000004D5
:109DF0001C0000201F85EB51CDCCCCCC2DE9F04FC1
:109E00008348844CDFF860A2DFF86092DFF860825C
:109E100083B0FEF719FA8048FEF716FA7F48FEF77E
:109E200013FA7F48FEF710FA7E48FEF70DFA7E48D7
:109E3000FEF70AFA7D48FEF707FA7D48FEF704FAB6
:109E40007C4B00941A889D7822803220FA211E22B1
:109E50000023A570FEF7FAFA774B00941B88238045
:109E600040F2B220FA211E220023FEF7EFFA734BD4
:109E700000941A889D78228032204FF496711E2219
:109E80000023A570FEF7E2FA6D4B00941A889D78C6
:109E9000228040F2B2204FF496711E220023A5705A
:109EA000FEF7D4FA674B0094186820604FF4AF7146
:109EB00032201E220023FEF7C9FA634B00941B8850
:109EC0002380462040F26D111D220023FEF7BEFACA
:109ED0005E4B00941A889D78228040F2B2204FF4A5
:109EE000AF711E220023A570FEF7B0FA584B009404
:109EF0001B88238040F2AD2040F259111D2200231F
:109F0000FEF7A4FAAA260025D9F8003051494148A5
:109F100003EB45034FF0640BDB8AA8FB0372520985
:109F20000BFB12339BB2F9F7C1FE3AF8150037B2BA
:109F300040F04070FEF788F9F0211F2200233846D8
:109F40000094FEF783FA4FF04070FEF77DF92A1D6A
:109F5000D9F80030DFF81CE133F812303E4A2D48C2
:109F6000A2FB03C292094FF47A7101FB12339BB238
:109F7000AEFB0313DB083749F9F798FE374B33F88C
:109F8000150040F04070FEF75FF94FF491711F2209
:109F9000002338460094FEF759FA4FF04070FEF760
:109FA00053F9D9F800202E4B02EB45020135928C73
:109FB00002F1050E88FB0E014FEAEE70C0EB611155
:109FC0000BFB11E183FB0103A8FB0202C917C1EBE4
:109FD000A303520923490F48F9F768FE3846009455
:109FE0004FF4AA711F220023FEF730FAC836032D62
:109FF000B6B289D100200090014602460346FEF722
:10A000003DFB4FF0045003B0BDE8F04FFEF71CB924
:10A0100000FFFF046C140020100000104001000E2F
:10A020000900001FA00F9041C0177057FF000010DB
:10A03000A6E5ED04FC0F0108400E01080010010820
:10A04000F81001080410010808100108E40F0108C5
:10A05000DC0F01080C100108D34D621068000020CD
:10A060006766666614100108600000204800002042
:10A070001F85EB51CDCCCCCC2DE9F047DFF86081CA
:10A08000DFF860A184B0054640460C461746994665
:10A09000FEF7DAF84648FEF7D7F84648FEF7D4F858
:10A0A00047F6F0764448FEF7CFF806EA041343F08B
:10A0B000804306EA051043EAC030FEF7C5F804EB1A
:10A0C0000900EB1906EA001040F0804006EA03168A
:10A0D00040EAC630FEF7B8F83848FEF7B5F8384B16
:10A0E00038491B68DA7F50460132F9F7DFFD05F188
:10A0F000140004F11C0109B21F220023CDF800A0B6
:10A1000000B2FEF7A3F94FF00450FEF79DF8404669
:10A11000FEF79AF82C48FEF797F82C48FEF732F92C
:10A120000020FEF713F9A7F11400A5F1BE0304EB1C
:10A13000590400EBD07024B24FF01F094FF4807621
:10A1400003EB6000224B02932146BE225A23CDF836
:10A15000009000B20196FEF74BFA4FF00450FEF764
:10A1600073F84046FEF770F81A48FEF76DF81A4883
:10A17000FEF708F90020FEF7E9F807F1140005EBF7
:10A180006000164B02932146BE225A23CDF8009060
:10A1900000B20196FEF72CFA4FF00450FEF754F887
:10A1A0004FF0407004B0BDE8F047FEF74DB800BF77
:10A1B00034343B04FF000010A000000EA6E5ED04BF
:10A1C000480000201C1001082B00000340913D00B6
:10A1D000B00D01082C0000032A00AF00B40D0108E7
:10A1E0000900001F6C1400202DE9F0415B4F84B082
:10A1F00004465B480E4690461D46FEF725F83B6830
:10A200009B7F072B0CBF57485748FEF71DF8574850
:10A21000FEF71AF8320147F6F07355481340E2048E
:10A2200043F08043104018433544FEF70DF82A01EF
:10A2300004EB080347F6F0754D481540DB04184061
:10A2400045F080452843FDF7FFFF4FF08060FDF7A4
:10A25000FBFF3A68937F032B49D0042B59D0062B80
:10A2600068D0082B69D0072B39D0424D00232B70C2
:10A27000283424B206F132011F2200230095204623
:10A2800009B2FEF7E3F83B689B7FDA1E012A08D982
:10A29000062B06D04FF0045004B0BDE8F041FDF7A6
:10A2A000D3BF3548FEF76EF83448FEF74FF83B68E9
:10A2B000002200925A8C01921B8C029306F19601A7
:10A2C000A8F15002204609B212B21E23FEF714FA7A
:10A2D0004FF0045004B0BDE8F041FDF7B5BFD27FA8
:10A2E00024482749234D0132F9F7E0FCC0E7DFF8A5
:10A2F00094E0204DBEE80F0028606960BEE80300CE
:10A300009EF800E0AA60EB60286185F818E06961BA
:10A31000AEE7DFF874E0174DBEE80F0028609EF846
:10A3200004C0DEF800006960AA60EB60286185F86F
:10A3300014C09DE7DFF854E0DBE7DFF854E00D4D93
:10A34000BEE80F002860BEF804C0DEF800006960B7
:10A35000AA60EB602861A5F814C089E748000020D6
:10A360000900001F2A00AF04A6E5ED04F00000106C
:10A370000000F83F6C14002010101000A6E5ED005E
:10A38000A41001083C1001085810010870100108C1
:10A390008C1001082DE9F047DFF86081DFF860A13B
:10A3A00084B0054640460C4617469946FDF74CFFDB
:10A3B0004648FDF749FF4648FDF746FF47F6F07669
:10A3C0004448FDF741FF06EA041343F0804306EAE0
:10A3D000051043EAC030FDF737FF04EB0900EB1925
:10A3E00006EA001040F0804006EA031640EAC63054
:10A3F000FDF72AFF3848FDF727FF384B38491B681F
:10A400005A7C50460132F9F751FC05F1140004F171
:10A410001C0109B21F220023CDF800A000B2FEF7F4
:10A4200015F84FF00450FDF70FFF4046FDF70CFF05
:10A430002C48FDF709FF2C48FDF7A4FF0020FDF78D
:10A4400085FFA7F11400A5F1BE0304EB590400EB4E
:10A45000D07024B24FF01F094FF4807603EB6000F8
:10A46000224B02932146BE225A23CDF8009000B21F
:10A470000196FEF7BDF84FF00450FDF7E5FE4046AB
:10A48000FDF7E2FE1A48FDF7DFFE1A48FDF77AFFF6
:10A490000020FDF75BFF07F1140005EB6000164B91
:10A4A00002932146BE225A23CDF8009000B20196B5
:10A4B000FEF79EF84FF00450FDF7C6FE4FF04070D7
:10A4C00004B0BDE8F047FDF7BFBE00BF34343B0425
:10A4D000FF000010A000000EA6E5ED0448000020DB
:10A4E000C01001083500000340913D00B00D010887
:10A4F000360000032A00AF00B40D01080900001F58
:10A500006C1400202DE9F041044684B04448454EC7
:10A510000D4617469846FDF797FE4348FDF794FE13
:10A520004248FDF791FE2A0147F6F0734048134078
:10A53000E20443F0804310401843A844FDF784FE32
:10A540004FEA081847F6F072E3193948DB0408EAC5
:10A550000202184042F080421043FDF775FE4FF0B2
:10A560008060FDF771FE33681B7C032B3AD0DFF867
:10A57000CCE000238EF80030283424B205F13201FB
:10A580000023CDF800E0204609B21F22FDF75EFF50
:10A590003368244E1B7C032B06D04FF0045004B0CC
:10A5A000BDE8F041FDF750BE2248FDF7EBFE224822
:10A5B000FDF7CCFE3368002200929A8A01925B8AF2
:10A5C000029305F19601A7F15002204609B212B29A
:10A5D0001E23FEF791F84FF0045004B0BDE8F0419F
:10A5E000FDF732BEDFF858C0DFF850E0BCE80F00DE
:10A5F000CEF80000CEF80410BCE80300BCF80080E0
:10A600009CF802C0CEF80820CEF80C30CEF810002E
:10A61000CEF81410AEF818808EF81AC0ACE700BF60
:10A620000900001F48000020A6E5ED04F00000101E
:10A630000000F83F10101000A6E5ED006C1400209B
:10A64000E01001080F4B1B681A7F42B15B7F64204A
:10A6500001464FF416726BB9C823FFF70DBD9A7B04
:10A660005AB1DB7B642001464FF416723BB1C8231C
:10A67000FFF748BFC823FFF7B7BDFEF74BBFC8239E
:10A68000FFF788BE4800002008B50A48FDF7FEFD28
:10A6900004200221FEF7D8FEFFF73EFAFFF77AFA10
:10A6A000FFF7ACFBFFF7CEFFFEF7F2FEBDE8084078
:10A6B000FDF73ABE20202000704700BF034B1B6807
:10A6C000DB780BB1FEF780BFFEF724BF54000020FB
:10A6D0002DE9F04F6948DFF8CC91694F83B0FDF761
:10A6E000B3FD002609F1080AB046344639F81400D3
:10A6F00008F5487B40F040704BF0864BFDF7A4FD19
:10A700004BF4001B5F48FDF79FFD08F5A065584618
:10A71000FDF79AFD45F0AB4040F4C000FDF794FD15
:10A7200039F91430009306F1320109B24FF4167270
:10A730001E236420FDF7A2FF5348FDF785FD584610
:10A74000FDF782FD3A686300134445F080409B8822
:10A7500003EB43035B0103F5C863C3F30E0340EA55
:10A76000C330FDF771FD3AF8140045F0864540F01E
:10A770004070FDF769FD45F400154448FDF764FDA0
:10A7800008F5DC6B2846FDF75FFD4BF0AB4040F46D
:10A79000C000FDF759FD3AF91430009306F150015D
:10A7A00009B24FF416721E236420FDF767FF384884
:10A7B000FDF74AFD2846FDF747FD3B68354803EBAA
:10A7C00044034BF0804B5B8932331B0518404BEA46
:10A7D00000000134FDF738FD7836032C08F5F068E9
:10A7E000B6B283D14FF04070FDF72EFD2848DFF858
:10A7F000AC90FDF729FD102500243B682649274829
:10A80000660033440FFA85F89A88F9F74FFA414603
:10A81000642018220023CDF80090FDF717FE3B6856
:10A820001D491E481E447835B288C2F16402F9F70A
:10A830003DFA414640F28A2018220023CDF80090CC
:10A84000FDF704FE3B681649144803EB440301344A
:10A850005A89F9F72BFA4146CDF800904FF4AF70C2
:10A8600018220023FDF7F2FD032CADB2C5D14FF045
:10A87000045003B0BDE8F04FFDF7E6BC0900001F2F
:10A8800054000020FF0000040000FF0420372F04C4
:10A89000A6E5ED040000F03FFC1001086C14002058
:10A8A00004110108700000202DE9F04FDFF8BC8191
:10A8B0005E4FD8F800305E481E69DFF8B4A15D4DE8
:10A8C000DFF89CB1DFF8949185B0A7FB063CCCF390
:10A8D000CF2CCDF80CC0FDF7B7FC5748FDF7B4FC02
:10A8E0005648FDF7B1FC5648FDF7AEFC5548FDF75C
:10A8F000ABFC14234FF416724FF4E1710093642003
:10A900002823FDF7BBFE5048FDF79EFCD8F8003029
:10A9100018694FF4165404FB00F0AAFB0030000C39
:10A9200000F5C860C0F30E00C00340F0804040F462
:10A93000CD50FDF789FCD8F80030586904FB00F0D1
:10A94000AAFB0030000C00F5C860C0F30E00C00385
:10A9500040F0804040F4E150FDF776FC4FF040704D
:10A96000FDF772FC3948FDF76FFCDDF80CC0384983
:10A9700005FB0C63ABFB0323C3F34F13624648464E
:10A98000F9F794F940F2771118220023CDF80090DE
:10A990006420FDF75BFDD8F800202E4953698B42F7
:10A9A0003ED0A7FB0312C2F3CF2205FB0233ABFB61
:10A9B0000313C3F34F13284928481E4C284EF9F7B8
:10A9C00075F9CDF800904FF40C7040F27711182211
:10A9D0000023FDF73BFDD8F80030144A5D691B6980
:10A9E00020491E48EB1AA2FB0352C2F3CF2204FBFC
:10A9F0000233A6FB0343C3F34F13F9F757F9CDF81E
:10AA0000009040F2591040F2771118220023FDF710
:10AA10001DFD4FF0045005B0BDE8F04FFDF714BC2C
:10AA2000114B53612D231722C5E700BFC5B3A29177
:10AA30000900001FF0F1FFFF1400000320372F046E
:10AA4000A0192043201CE05500AEC404A6E5ED0487
:10AA50000C110108805101001C1101086C14002028
:10AA6000898888882C110108FC4D010054000020C1
:10AA700007452EC208B50948FDF708FC042002214D
:10AA8000FEF7E2FCFFF724FEFFF70EFFFFF716FECE
:10AA9000FEF7FEFCBDE80840FDF746BC2020200084
:10AAA000024B1B68186AFBF7E3BD00BF540000208F
:10AAB000034B1B68DB780BB1FEF786BDFEF72ABDA2
:10AAC000540000202DE9F04F2DED048B9C4885B0FB
:10AAD000FDF7BAFB9B48FDF7B7FB4FF08050FDF741
:10AAE000B3FB9948FDF7B0FB9848FDF7ADFB9848DC
:10AAF000FDF7AAFB9748FDF7A7FB9748FDF7A4FBD6
:10AB00009648FDF7A1FB9648FDF79EFB8C249548DF
:10AB1000FDF79AFB20B204F5827464214622A4B2A8
:10AB2000FDF74CFCB4F5667FF1D18F488F4DFDF7F2
:10AB30008BFB8F48FDF788FB8C2400262B68884808
:10AB4000334493F82A3003B98A48FDF77DFB013678
:10AB500020B264213C22FDF731FC04F58274032EFF
:10AB6000A4B2EBD18448DFF82082DFF83CB2DFF8F2
:10AB70003CA2824FFDF768FB8148FDF765FB7848F2
:10AB8000FDF762FB4FF0700900242B687D497E4879
:10AB900003EB44030FFA89F69A8CA2F50C528AFB58
:10ABA00002E3D217C2EB632303EB8303DC339BB2D4
:10ABB000A7FB03E2D20802EB820EA3EB4E039BB28B
:10ABC000F9F774F830463E211E220023CDF80080AC
:10ABD000FDF73CFCDBF800306C4A6D496A4803EB3A
:10ABE00044134FF0640E5B690533A2FB03C25209A4
:10ABF0000EFB1233A7FB03E3DB08F9F757F8013428
:10AC00003046CDF8008070211E220023FDF71EFC87
:10AC100009F5827C032C1FFA8CF9B6D1DFF89081FC
:10AC2000DFED5C9A9FED5C9A8C2400262B6803EB89
:10AC300046034FF080509B8C08EE103AB8EEC88A5D
:10AC4000FDF702FB28EE298AC14688EE098A38F80A
:10AC5000020B40F04070FDF7F7FA27B26421384646
:10AC60000A46FDF7ABFB0122B9F9003000936421DD
:10AC700013463846FDF702FD4FF04070FDF7E4FA49
:10AC80003748FDF7E1FA4548FDF7DEFA18EE100AFD
:10AC900002F010FC41EC100B41EC180B00F03CFEF4
:10ACA00051EC100BB0EE480AF0EE680ACDE9020153
:10ACB00000F086FD00223A4BDDE902015BEC10ABAF
:10ACC00002F04CFC02F0E4FE0022354B271A5946F4
:10ACD000504602F043FC02F0DBFE3FB200F164019B
:10ACE00009B238460E220136FDF768FB04F582747E
:10ACF000032EA4B29AD14FF08050FDF7A5FA294D4A
:10AD00008C2435F8020B40F04070FDF79DFA20B21C
:10AD100064213C2204F58274FDF750FBA4B24FF08D
:10AD20004070FDF791FAB4F5667FEAD14FF0045018
:10AD300005B0BDEC048BBDE8F04FFDF785BA00BF50
:10AD40000900001F0300000C8002804240064046BC
:10AD50008002A04A4006604E8002C05240068056E3
:10AD6000FF00001020372F04FF02050A54000020C6
:10AD7000A6E5ED043F0000100002050ACDCCCCCCC6
:10AD80000000FF043C1101086C1400201F85EB51EA
:10AD9000F00F0108DB0FC94000FF7F4700FFFF04F1
:10ADA00000005440880000201C0000200F82AE34B8
:10ADB00080000020F8B54B484B4F4C4EFDF744FA4D
:10ADC0004B48FDF741FA4B48FDF73EFA4FF4C86592
:10ADD00000243B684848234493F82D3003B9474882
:10ADE000FDF732FA36F8140040F04070FDF72CFA07
:10ADF000E80340F0804040F44D60FDF725FA05F58A
:10AE0000A060C00340F0804040F44D60FDF71CFAA4
:10AE100001344FF04070FDF717FA032C05F5825509
:10AE2000D7D13748374EFDF70FFAB42400253B68D9
:10AE300032482B4493F8303003B12F48FDF704FA21
:10AE4000308840F04070FDF7FFF9A4F15000F12187
:10AE50000E2200B2FDF7B2FA4FF04070FDF7F4F9A0
:10AE60003B6825482B44063693F83030272B98BF93
:10AE70002248FDF7E9F936F8040C40F04070FDF780
:10AE8000E3F9A4F12800F1210E2200B2FDF796FAB1
:10AE90004FF04070FDF7D8F93B6818482B44013556
:10AEA00093F830303C2B08BFC030FDF7CDF936F8B1
:10AEB000020C40F04070FDF7C7F920B2F1210E22DC
:10AEC000FDF77CFA4FF04070FDF7BEF904F582748F
:10AED000032DA4B2ABD14FF00450BDE8F840FDF70C
:10AEE000B3B900BF0300001F5400002090000020F1
:10AEF000C000000E00611104FF0000103F000010B0
:10AF0000B0511204980000202DE9F043B948BA4E20
:10AF100083B0FDF799F9B948FDF796F9B848FDF700
:10AF200093F9B848FDF790F9B748FDF78DF9B748A0
:10AF3000FDF78AF9B648FDF787F9B648FDF784F9B9
:10AF4000B548FDF781F9B548FDF77EF9B448FDF73E
:10AF50007BF94FF08060FDF777F9B248FDF774F99F
:10AF6000B148FDF771F9B148FDF76EF9B048FDF74A
:10AF70006BF9B048FDF768F9AF48FDF765F9A148EE
:10AF8000FDF762F93368988B00EB8010000100F543
:10AF900092501030C0F30E0040F0864040F4D000D4
:10AFA000FDF752F9A54A33681268A54952689B8B90
:10AFB000A4489208A1FB021203EB831392081B0121
:10AFC0006F3203F5A353D2041033C3F30E031040C2
:10AFD000184340F08040FDF737F933689B8BDBB1B5
:10AFE00041F250240025C4F30E0040F0864040F4A6
:10AFF000D000FDF729F904F50870C0F30E0040F009
:10B00000AB4040F4C010FDF71FF933689B8B01354E
:10B01000AB4204F58264E6DC4FF08050FDF714F992
:10B02000894F4FF493754FF49354B84637F8020B99
:10B0300040F04070FDF708F944F0864040F4E0002D
:10B04000FDF702F904F5007040F0AB4040F48010C9
:10B05000FDF7FAF8B8F90030009329B214236E20F6
:10B060004FF41172FDF70AFB4FF04070FDF7ECF85A
:10B0700004F5826441F6906341359C42ADB2D4D16F
:10B080005E48FDF7E1F833689B78002B00F0AA805A
:10B090006E48FDF7D9F83368694C1A6A1B8B69480A
:10B0A0006B4D6C4F9208A4FB021203EB83139208C2
:10B0B0001B016432D20403F59153C3F30E03104015
:10B0C000184340F08040FDF7BFF833685D481A6AC6
:10B0D0001B8B9208A4FB0212920803EB83137832B5
:10B0E0001B01D20403F5A553C3F30E03104018430C
:10B0F00040F08040FDF7A8F84FF00450FDF7A4F8A9
:10B100003368554AD3F820905448A2FB0938FDF71C
:10B110009BF8534A53485449C8F3CF2802FB08937D
:10B12000A0FB0323C3F34F1342462846F8F7BEFDA6
:10B130003368186A198B00958008A4FB00308008DA
:10B1400001EB8111563001F5857100B209B2172269
:10B150000023FDF77BF94FF49B75002433681A8BAD
:10B16000A2424FF0806002D15B8B9C423EDDFDF736
:10B170006BF837F8140040F04070FDF765F829B21D
:10B1800050201022FDF71AF901344FF04070FDF7FE
:10B190005BF84135032CADB2E0D1344F4FF49B75D1
:10B1A0000024336832485B8BA342B8BF4FF0806005
:10B1B000FDF74AF837F8140040F04070FDF744F806
:10B1C00029B24FF434701022FDF7F8F801344FF033
:10B1D0004070FDF739F84135032CADB2E1D103B031
:10B1E000BDE8F0831D48FDF72FF854E72148FDF72F
:10B1F0002BF8BEE70900001F54000020FF000010DC
:10B200004001000E20372F046013804260138056E7
:10B210007017804270178056801B8042801B8056BA
:10B220001000000E60127043601490557016704349
:10B2300070189055801A7043801C9055480000206B
:10B2400015F9AC1B0000F83FAC00002020202004C2
:10B250006C140020B4000020C5B3A29100FFFF04CD
:10B26000F0F1FFFF8988888830110108BC000020B8
:10B27000FF000004A6E5ED0408B50A48FDF706F84E
:10B2800004200221FEF7E0F8FFF71CFCFFF792FD17
:10B29000FFF73AFEFFF70CFCFEF7FAF8BDE80840AE
:10B2A000FDF742B8202020002DE9F04F431E83B067
:10B2B0008246002400E0013413F8010F2028A0F199
:10B2C0000902F8D0012AF6D92B2800F0A2802D28F7
:10B2D00000F0A7809FED647B8DED007BA0F1300333
:10B2E000092B4FF000064FF0000700F2B780DFF89F
:10B2F00090810AEB040B2625002D05F1FF35A0F106
:10B300003000C5F14B0904F101040DDB02F0C0F877
:10B31000D8E94C2302F022F902460B463046394662
:10B3200001F06AFF06460F461BF8010FA0F130033B
:10B33000092BA8F10808DFD92E2808BF01340AEB31
:10B34000040B1AF80430A3F13000C2B2092A1FD846
:10B350004B4B03EBC508002D04F1010405F1FF354B
:10B360000DDB02F095F8D8E9002302F0F7F8024669
:10B370000B463046394601F03FFF06460F461BF8A4
:10B38000013FA3F13000C2B2092AA8F10808E2D9AE
:10B3900003F0DF03452B1AD0B9F14B0F11DC384B0A
:10B3A00003EBC90930463946D9E9002302F0D6F843
:10B3B000DDE9002302F0D2F841EC100B03B0BDE848
:10B3C000F08FB9F14C0F34D000202E49F0E7631C08
:10B3D0001AF803202B2A36D02D2A39D00121A2F1C8
:10B3E00030000928D8D89A44002303EB830302EBEA
:10B3F00043031AF8012FA2F130000928A3F130030A
:10B40000F3D903FB0199B9F1000FC5DA002000213F
:10B41000CEE79FED157B8DED007B01341AF804001B
:10B420005CE79FED137B8DED007B01341AF804007F
:10B4300054E73046394610A3D3E9002302F000FB5D
:10B440000028ACD1C0E7A31C01211AF80320C6E7ED
:10B45000A31C4FF0FF311AF80320C0E74FF0250975
:10B46000262569E7AFF30080000000000000F03FF0
:10B47000000000000000F0BF000000A0FB38FB3F10
:10B48000481101080000F07F2DE9F04F2DED028BEF
:10B4900057EC106B85B004468846019233EA2305C9
:10B4A00028BF062510EE100A39460022002302F0BC
:10B4B000C7FA002840F01C8100233046394600229C
:10B4C00002F0B4FAA34B0093002851D1304639461C
:10B4D000D3E9982302F0B4FA002800F02B81009AF7
:10B4E0004FF04C0B02F518790CE079E902230BF1CF
:10B4F000FF3B02F0A5FA002800F0D980BBF1000F55
:10B5000000F00881B8F1660F30463946EDD1BBF145
:10B51000260FEADCABF1260AABF125094D44019A6E
:10B52000AB1C9342C0F2EB80152301931225009BC4
:10B53000BBF1000F40F0D380D3E900893046394693
:10B5400042464B4602F07CFA002800F0E880304684
:10B5500039460022804B02F001F86FF0260A42467D
:10B560004B4606460F464FF001094FF065081DE0B7
:10B570004FF001094FF0000A4FF0260BB8F1670FAA
:10B58000CCD0B8F1660FC9D00135122DA8BF122555
:10B59000B8F1650F00F0CA80009B03EBCB0CDCE92F
:10B5A0000023C5F1270101914FF0010930463946CA
:10B5B00002F0FEF8009B019A03EBC20B06460F4611
:10B5C0000022DBE90001654B01F0C8FF02460B4693
:10B5D0003046394601F010FE41EC100B02A800F095
:10B5E00043F9DDE90267B0EE408AF0EE608A00229E
:10B5F000594B3046394602F037FA50B131232370A7
:10B60000304639460022544B01F0F4FDCDE90201E9
:10B610000134002D20DD00262E274E4508BF27705F
:10B62000DDE9020108BF013402F032FA3030207047
:10B63000002251EC180B484B01F090FF41EC100B2D
:10B6400002A800F011F90136AE4204F10104B0EE97
:10B65000408AF0EE608AE0D1B8F1660F20D0652311
:10B66000BAF1000F2370B4BF2D232B2363703C4B22
:10B67000B8BFCAF1000A4FEAEA7283FB0A03C2EBC1
:10B68000A303A11CC3EB4312C3EB82020AF1300AED
:10B690000C460AEB420A303304F8023B81F801A061
:10B6A0000023237005B0BDEC028BBDE8F08FB8F12C
:10B6B000670FABF1260AABF125097FF462AFB9F150
:10B6C000060F7FF72BAF0135122DA8BF1225C5F14C
:10B6D00027030193009BBBF1000F3FF42DAF03EB59
:10B6E000CB0CDCE900234FF001094FF065085DE762
:10B6F00007F100431F462D2323700134DCE6009B35
:10B70000C5F1270103EBCB0CDCE9002301914FF0DD
:10B7100066084BE76FF024096FF0250A2EE74246D2
:10B720004B464FF065084FF001093FE7C5F127038D
:10B730000193CFE7B8F1670F06D04FF027094FF01C
:10B74000260A4FF04C0B1CE74FF0260A4FF04C0B2B
:10B75000B9E700BF48110108000024400000E03FA5
:10B7600067666666A016010800000020FC04002041
:10B77000FC04002034150020002103E00A4B5B5834
:10B780004350043109480A4B42189A42F6D3094AF9
:10B7900002E0002342F8043B074B9A42F9D3F4F746
:10B7A000FFFC7047FEE70000A01601080000002023
:10B7B000FC040020FC0400203415002000000000E0
:10B7C00000B551EC100B264A21F00043934285B09E
:10B7D00020DD244A934209DD10EE102A0B4601F0C9
:10B7E00009FD41EC100B05B05DF804FB684600F064
:10B7F0006FFB00F0030001289DED000B9DED021B87
:10B8000020D0022811D000B3012001F0C5FA51EC7C
:10B81000100BE6E79FED101B00F082FD51EC100BC2
:10B8200041EC100B05B05DF804FB00F079FD53EC22
:10B83000102B10EE100A03F1004141EC100B05B083
:10B840005DF804FB01F0A8FAF1E700F069FD51ECA6
:10B85000100BC6E7AFF300800000000000000000FE
:10B86000FB21E93FFFFFEF7F2DE9F84355EC104B3B
:10B87000C5F30A52A2F2FF33132B064612DC002B4B
:10B8800040DB244A42FA03F303EA050252EA0400C9
:10B8900016D105F00043024686ED000B43EC102B59
:10B8A000BDE8F883332B1BDCA2F213424FF0FF33C9
:10B8B000D34013EA04071CD0A94624EA030803E096
:10B8C0004FF0000825EA030942464B462046294628
:10B8D000C6E9002301F08EFC41EC100BBDE8F883B3
:10B8E000002205F0004386ED000B43EC102BBDE871
:10B8F000F88305F000433A4686ED000B43EC102B2D
:10B90000BDE8F883002205F00043C6E90023BDE846
:10B91000F88300BFFFFF0F0000B551EC100B264A63
:10B9200021F00043934285B027DD244A934209DD8C
:10B9300010EE102A0B4601F05DFC41EC100B05B037
:10B940005DF804FB684600F0C3FA00F0030001282C
:10B950009DED000B9DED021B1FD0022819D008B3EE
:10B9600000F0DEFC53EC102B10EE100A03F1004146
:10B9700041EC100B05B05DF804FB9FED0D1B0020A2
:10B9800001F00AFA51EC100B41EC100B05B05DF818
:10B9900004FB012001F000FAE4E700F0C1FC51ECE7
:10B9A000100BCAE7012001F0F7F951EC100BC4E7C6
:10B9B0000000000000000000FB21E93FFFFFEF7FD7
:10B9C000F0B52DED048BB0EE409AF0EE609A3A4C53
:10B9D0008BB000F07DF894F90030B0EE408AF0EEC4
:10B9E000608A01330DD0B0EE490AF0EE690A01F029
:10B9F00033FB30B151EC190B0022002302F03EF86A
:10BA000038B1B0EE480AF0EE680A0BB0BDEC048B1A
:10BA1000F0BD2478294B08908DED029B8DED049BA1
:10BA200001939CB9264D4FF0604451EC190B002254
:10BA30000023CDE9064501F0F9FF002834D10123A8
:10BA40000093684601F036FB98B90EE01D4F0026C2
:10BA500051EC190B00220023CDE9066701F0E6FF47
:10BA6000A0B90123022C0093EBD102F0A9F8212305
:10BA70000360154801F020FB8DED060B089BB3B960
:10BA80009DED060B0BB0BDEC048BF0BD02239C4278
:10BA9000009304D0684601F00DFB0028EED102F0BF
:10BAA0008FF822230360E9E702230093F2E702F014
:10BAB00087F8089B0360E3E7C4000020BCF300089C
:10BAC000FFFFEFC70000F0FF44FF00080000000088
:10BAD0002DE9F04F51EC100BB1F5801F85B00B46EE
:10BAE00059DA10EE102A21F00044224300F0F680CB
:10BAF0000029C0F279810022D94BDA4C01F02EFDE9
:10BB00000B46A3426FF035024ADCC3F3130505F57B
:10BB1000152404F6647404F4801686F07F541B1513
:10BB200084F44014A3F2FF3344EA05019C18002278
:10BB3000CD4B01F05FFBAB1CC3F31303022B04EBF3
:10BB4000165482468B464FF0000232DC002301F08F
:10BB50006DFF002800F0CD80002C00F051812046C0
:10BB600001F096FCA8A3D3E9002306460F4601F096
:10BB7000F5FCA7A3D3E9002304460D463046394619
:10BB800001F0ECFC02460B462046294601F034FB4E
:10BB900041EC100B0AE0B34CA3424FF00002B4DDBD
:10BBA00002460B4601F028FB41EC100B05B0BDE846
:10BBB000F08F4FF0804301F01FFB02460B465046CA
:10BBC000594601F0F5FD06460F462046CDE90067CF
:10BBD00001F05EFC3246CDE902013B463046394673
:10BBE00001F0BCFC02460B468046894601F0B6FCDB
:10BBF00089A3D3E9002306460F4601F0AFFC88A3D2
:10BC0000D3E9002301F0F8FA32463B4601F0A6FCE6
:10BC100085A3D3E9002301F0EFFA32463B4601F059
:10BC20009DFC83A3D3E9002301F0E6FA42464B468C
:10BC300001F094FC80A3D3E9002380468946304676
:10BC4000394601F08BFC7EA3D3E9002301F0D4FA3E
:10BC500032463B4601F082FC7BA3D3E9002301F08E
:10BC6000CBFA32463B4601F079FC0B460246494688
:10BC7000404601F0C1FAA5F5C223C5F5D725A3F2C8
:10BC80007A4351351D43002D06460F465ADD0022EA
:10BC9000764B5046594601F061FC52465B4601F036
:10BCA0005DFC80468946002C67D132463B4601F058
:10BCB000A3FADDE9002301F051FC02460B464046A1
:10BCC000494601F097FA02460B465046594601F0A4
:10BCD00091FA41EC100B05B0BDE8F08F0022002373
:10BCE0000020634901F064FD41EC100B05B0BDE894
:10BCF000F08F52465B465046594601F02FFC54A344
:10BD0000D3E9002306460F465046594601F026FC6B
:10BD100002460B460020554901F06CFA02460B46DC
:10BD20003046394601F01AFC06460F46002C40F01A
:10BD3000A1805046594632463B4601F05BFA41EC41
:10BD4000100B33E7002C00F0AD80DDE902892EA353
:10BD5000D3E900234046494601F000FC32463B4609
:10BD600004460D465046594601F044FADDE90023E9
:10BD700001F0F4FB06460F4688E023A3D3E9002335
:10BD8000DDE9020101F0EAFB32463B4604460D467E
:10BD90004046494601F030FADDE9002301F0DEFBC0
:10BDA0001BA3D3E9002306460F46DDE9020101F09B
:10BDB000D5FB02460B463046394601F01DFA0246D5
:10BDC0000B464046494601F015FA52465B4601F0E3
:10BDD00011FA02460B462046294601F00BFA41ECC7
:10BDE000100B05B0BDE8F08F10EE102A0B4601F0E5
:10BDF00001FA0022002301F0DBFC41EC100BD5E638
:10BE00009FED150BD2E600BF0000E0FE422EE63F9C
:10BE1000763C7935EF39EA3D44523EDF12F1C23FBC
:10BE2000DE03CB966446C73F599322942449D23F00
:10BE3000935555555555E53F9FC678D0099AC33F50
:10BE4000AF788E1DC571CC3F04FA97999999D93F67
:10BE5000555555555555D53F0000000000000000D0
:10BE600000005043FFFFEF7F0000F03F0000E03F85
:10BE7000000050C3204601F00BFB11A3D3E90023BF
:10BE80008046894601F06AFB04460D460EA3D3E9BD
:10BE900000234046494601F061FB02460B4630460E
:10BEA000394690E702460B465046594601F0A2F942
:10BEB000DDE9002301F052FB05E700BFAFF300808E
:10BEC0000000E0FE422EE63F763C7935EF39EA3D50
:10BED0002DE9F04F53EC102B9B4923F000448C428A
:10BEE0008FB09A46054640F3888098498C422BDCF7
:10BEF000BAF1000F194610EE100A89A3D3E9002306
:10BF000040F3A88101F076F9914B9C4206460F461A
:10BF100000F08B8084A3D3E9002301F06BF9024683
:10BF20000B46C5E900233046394601F063F97EA38C
:10BF3000D3E9002301F05EF94FF0010BC5E90201DE
:10BF400058460FB0BDE8F08F82498C4240F38B8099
:10BF500081498C425DDC4FEA245BABF2164B10EE5C
:10BF6000100AA4EB0B519046894601F091FD01F0B7
:10BF70008FFA06460F4632463B4640464946CDE9D3
:10BF8000086701F037F90022744B01F0E7FA89469F
:10BF9000804601F07DFD01F07BFA06460F463246F1
:10BFA0003B4640464946CDE90A6701F023F90022A5
:10BFB0006A4B01F0D3FA00220023CDE90C0101F015
:10BFC00035FD002800F06F810023304639460022FD
:10BFD00001F02CFD002814BF012302230222604936
:10BFE000009201915A4608A8294600F0D9FABAF100
:10BFF000000FC0F24D81834607E00020002185ED4F
:10C00000000BC5E902014FF0000B58460FB0BDE828
:10C01000F08F10EE100A194601F0ECF84FF0000B0B
:10C02000C5E90201C5E90001EFE741A3D3E9002317
:10C0300001F0E0F840A3D3E9002306460F4601F0E3
:10C04000D9F802460B46C5E900233046394601F0CF
:10C05000D1F839A3D3E9002301F0CCF84FF0010B5C
:10C06000C5E90201D1E700F05FFF57EC106B10EE5D
:10C07000100A33A3D3E90023394601F06FFA0022F6
:10C08000384B01F0B9F801F003FD834601F000FAE6
:10C0900023A3D3E90023CDE9040101F05FFA0246AE
:10C0A0000B463046394601F0A5F81FA3D3E900231B
:10C0B00006460F46DDE9040101F050FABBF11F0FFF
:10C0C000CDE902013046394650DC274B0BF1FF32F7
:10C0D00053F82230A34249D0DDE9022301F08AF867
:10C0E00080468946C5E9008942464B463046394676
:10C0F00001F080F8DDE9022301F07CF8BAF1000FCD
:10C10000C5E9020181DA09F1004401F10043CBF1F4
:10C11000000BC5F800806C60A860EB6075E700BF9D
:10C1200000004054FB21F93F3163621A61B4D03DF5
:10C130000000601A61B4D03D7370032E8A19A33BCE
:10C1400083C8C96D305FE43FFB21E93F7BD90240E2
:10C15000FB21F93FFB213941FFFFEF7F00007041D8
:10C16000301401080000E03FB0130108DDE90223AC
:10C1700001F040F82415C1F30A53E31A80468946BA
:10C18000102BC5E90089AFDD5BA3D3E90023DDE90E
:10C19000040101F0E3F98046894642464B463046A9
:10C1A000394601F027F8CDE90601DDE906233046DE
:10C1B000394601F01FF842464B4601F01BF850A3E8
:10C1C000D3E9002306460F46DDE9040101F0C6F974
:10C1D00032463B4601F00EF8CDE90201DDE90223CB
:10C1E000DDE9060101F006F8C1F30A53E41A8046BE
:10C1F0008946312CC5E9008975DD44A3D3E90023C4
:10C20000DDE9040101F0AAF98046894642464B4621
:10C21000DDE9060100F0EEFF06460F4632463B46DA
:10C22000DDE9060100F0E6FF42464B4600F0E2FF82
:10C2300038A3D3E9002380468946DDE9040101F0F3
:10C240008DF942464B4600F0D5FFCDE9020130465C
:10C25000394641E700F0D0FF2B4B9C4206460F4683
:10C2600023D023A3D3E9002300F0C6FF02460B46E8
:10C27000C5E900233046394600F0BCFF1CA3D3E9D2
:10C28000002300F0B9FF4FF0FF3BC5E90201BCE617
:10C290006A68EB6802F1004203F10043C0F1000B51
:10C2A0006A60EB60B1E6032398E613A3D3E90023A9
:10C2B00000F0A2FF12A3D3E9002306460F4600F0C8
:10C2C0009BFF02460B46C5E900233046394600F085
:10C2D00091FF0BA3D3E9002300F08EFF4FF0FF3B4B
:10C2E000C5E9020191E6DDE90667FDE6AFF30080EE
:10C2F0003163621A61B4D03D0000601A61B4D03D70
:10C300007370032E8A19A33BFB21F93F0000002E16
:10C310008A19A33BC14920259A837B39AFF300805A
:10C320002DE9F04F57EC106B2DED028BB0EE418AEA
:10C33000F0EE618A27F00049B9F1795F83B010EE21
:10C34000100A39466FDA01F0A3FB002800F0F380F1
:10C3500032463B463046394601F000F97AA3D3E92C
:10C36000002304460D4601F0F9F879A3D3E9002330
:10C3700000F042FF22462B4601F0F0F876A3D3E905
:10C38000002300F037FF22462B4601F0E7F874A3A4
:10C39000D3E9002300F030FF22462B4601F0DEF8FF
:10C3A00071A3D3E9002300F025FF22462B4601F0BC
:10C3B000D5F86FA3D3E9002300F01EFF22462B46D9
:10C3C00001F0CCF882468B462046294600226E4B6F
:10C3D00001F0C4F85246804689465B46204629460D
:10C3E00001F0BCF853EC182B04460D463046394694
:10C3F00001F0B4F802460B462046294600F0FAFE4A
:10C4000002460B464046494600F0F4FE02460B4603
:10C4100000205E4900F0EEFE41EC100B03B0BDECD5
:10C42000028BBDE8F08F10EE102A3B4601F096F823
:10C4300045A3D3E9002304460D4601F08FF844A339
:10C44000D3E9002300F0D8FE22462B4601F086F8FF
:10C4500041A3D3E9002300F0CDFE22462B4601F094
:10C460007DF83FA3D3E9002300F0C6FE22462B4609
:10C4700001F074F83CA3D3E9002300F0BBFE224690
:10C480002B4601F06BF83AA3D3E9002300F0B4FE89
:10C490002B46224601F062F83D4B994582468B4679
:10C4A00092DD3C4B99453DDC0022A9F500130020AC
:10C4B00036499046994600F09DFECDE900012046A0
:10C4C00029460022304B01F049F842464B4600F025
:10C4D00091FE5246804689465B462046294601F039
:10C4E0003DF853EC182B04460D463046394601F012
:10C4F00035F802460B462046294600F07BFE0246F0
:10C500000B464046494600F075FE02460B46DDE903
:10C51000000100F06FFE41EC100B03B0BDEC028B8C
:10C52000BDE8F08F9FED147B4FF000088DED007B90
:10C53000DFF86490C3E79FED120B03B0BDEC028BF4
:10C54000BDE8F08FAFF30080D43888BEE9FAA8BD0B
:10C55000C4B1B4BD9EEE213EAD529C804F7E923E52
:10C560009015CB19A001FA3E7751C1166CC1563F08
:10C570004C5555555555A53F000000000000E73FBC
:10C58000000000000000F03F0000E03F0000F03F2E
:10C590003233D33F0000E93F0000D23FAFF30080C9
:10C5A0002DE9F04FADF51B7D7B4CA49E7B4D54F8DF
:10C5B000264007942646D41E85FB0475E417C4EB79
:10C5C000A50424EAE4741D460A93E34303EB430302
:10C5D000013D02EBC30306932B460B940095651BAC
:10C5E0009C190390089116D42C44013422AEA59FC7
:10C5F00008E057F8250000F04BFF0135A542E6E8BA
:10C60000020108D0002DF4DA013500200021A542F6
:10C61000E6E80201F6D1079B002B2ADB079B03F11A
:10C62000010A0A9B22AF07EBCA0A0DF5E4784FEA2C
:10C63000C30B3D46009B002BC0F28781DDF80C90B8
:10C6400005EB0B040026002774E90223F9E8020138
:10C6500000F084FF02460B463046394600F0CCFD20
:10C66000A54206460F46EFD108355545E8E8026772
:10C67000E0D1079D0A9A05F18043013B9B000EA87B
:10C68000191DC2EB4272034401440C93D3000D9177
:10C690000593EC009AAB2344002D53E9286728DD6D
:10C6A0000DF5E47B5C440DF1340A00223C4B30462E
:10C6B000394600F053FF01F0EBF900F0E9FE0022EB
:10C6C000384B8046894600F049FF02460B4630460B
:10C6D000394600F08FFD01F0DBF974E902234AF8D6
:10C6E000040F4946404600F087FD5C4506460F466C
:10C6F000DBD1069C47EC106B204600F0E5FC57ECC4
:10C70000106B00224FF07F5310EE100A394600F0F4
:10C7100025FF41EC100B00F00FFC002251EC100B38
:10C72000214B00F01BFF02460B463046394600F015
:10C7300061FD0F46064601F0ABF9804600F0A8FE09
:10C7400002460B463046394600F054FD002C0646A2
:10C750000F4640F3E180691E0EABC4F1180253F896
:10C76000213043FA02F000FA02F9C4F117020EACCC
:10C77000C9EB030344F82130804443FA02F9B9F1CC
:10C78000000F3DDD002D08F1010840F37882002202
:10C7900014460DA912E000BF38150108ABAAAA2A59
:10C7A0000000703E0000704100002040C3F1807026
:10C7B0000BB108600124013295420DDD51F8043FB0
:10C7C000002CF3D0C3F1FF13013203F57F439542F0
:10C7D0000B604FF00104F1DC069B002B0DDD012BFB
:10C7E00000F0A280022B08D16A1E0EAB0EA953F8EE
:10C7F0002230C3F3150341F82230B9F1020F73D090
:10C80000304639460022002301F010F9002800F0DC
:10C81000B880079B05F1FF3A53450DDC0EAB0D9830
:10C8200003EB8503002253F8041D834242EA010210
:10C83000F9D1002A40F00882079B0EAA013B52F86A
:10C840002330002B40F019820C9A012352F8041D6A
:10C8500001330029FAD0EB1805F1010A9A45099332
:10C8600040DC0B9B0A9A0AEB0309099B09F18049FA
:10C870001946A59B09F1FF39154401EB020B03EBA7
:10C88000890922AB03EBC50803EBCB03049372AB1E
:10C8900003EBCA0A59F8040F00F0FAFD009B002BC5
:10C8A000E8E802014FF000064FF0000715DB059B9A
:10C8B000DDF80CB008EB0305444674E90223FBE8FD
:10C8C000020100F04BFE02460B463046394600F0AE
:10C8D00093FCAC4206460F46EFD1049B9845EAE82C
:10C8E0000267D7D1099DD4E632463B460020BE49B7
:10C8F00000F080FC06460F46002C81D006989FED84
:10C90000B80B00F0E1FB3046394653EC102B00F039
:10C9100071FC06460F4673E710D16B1E0EAA52F843
:10C9200023304FEAE3592AE76A1E0EAB0EA953F8EB
:10C930002230C3F3160341F822305EE70022AB4BEE
:10C9400001F092F850B981465AE7083500260027D1
:10C950005545E8E802677FF46DAE8AE6002D08F1E0
:10C960000108C8BF4FF002093FF711AF32463B46FE
:10C9700000209D4900F03EFC4FF0020906460F469C
:10C980003EE7069BCDF80C90584247EC106BCDF873
:10C99000148000F099FB57EC106B10EE100A39462A
:10C9A0000022934B01F060F8002800F0EA81002299
:10C9B000904B3046394600F0D1FD01F069F804464D
:10C9C00000F066FD00228A4B00F0C8FD0B460246CF
:10C9D0003946304600F00EFC01F05AF8069B183339
:10C9E00005F1010A06930EAB43F8250043F82A40EF
:10C9F00006989FED7B0B00F067FBBAF1000F55EC3A
:10CA0000104BC0F2C1800AF101034FEAC30872AFB4
:10CA10000EAA009302EB830907EB080659F8040DF0
:10CA200000F036FD22462B4600F098FD002266E914
:10CA30000201704B2046294600F090FDBE4204469C
:10CA40000D46EBD1A8F1080806EB08030DF5947923
:10CA5000CDF818A0DDF81CA0CDF810904FF000081C
:10CA60009B46BAF1000FC0F28C80B8F1000FC0F203
:10CA70008880DFF884915D4600260027002401E0CD
:10CA8000444510DCF5E80223F9E8020100F066FDF8
:10CA900002460B463046394600F0AEFB0134A24553
:10CAA00006460F46ECDA049B03EBC803C3E90067B4
:10CAB000009B08F101089845ABF1080BD1D1A49B6C
:10CAC000DDF818A0DDF81090032B35D8DFE813F05F
:10CAD0003B0004000400D900009B002009EBC304C4
:10CAE000002174E9022300F087FB4C45F9D1039B38
:10CAF000002B00F08B80089D024601F1004385E881
:10CB00000C0002460B46D9E9000100F073FBBAF1B4
:10CB1000000F0BDD4CAD01240134F5E8022300F0D9
:10CB20006BFBA245F8DA039B002B7CD001F100439C
:10CB300008990246C1E90223059B03F007000DF5A1
:10CB40001B7DBDE8F08F009B0020002109EBC3098D
:10CB50000AF1FF3A79E9022300F04EFBBAF1FF3FF8
:10CB6000F6D1039B0246002B69D001F100430899DE
:10CB7000C1E90023059B03F007000DF51B7DBDE80F
:10CB8000F08F002600278EE7A49B032BD4D8DFE884
:10CB900003F0503535020DF59479039B00200021F8
:10CBA000002B00F0DC80D9F80C30089FD9F8042065
:10CBB000D9F80050D9F80840386103F10043FB6010
:10CBC000059B3D6002F1004201F1004103F00700C6
:10CBD0007A60BC6079610DF51B7DBDE8F08F00BF08
:10CBE000000000000000F03F0000F03F0000E03FC8
:10CBF000000070410000703E48150108039B0020B2
:10CC000000210DF59479002B7FF475AF089B024647
:10CC1000C3E900010B46D9E9000100F0EBFABAF1D3
:10CC2000000F3FF777AF0B4608990246C1E9022390
:10CC300082E7039B002000210246002B95D10B4682
:10CC40000899C1E9002395E70EAB069A53F82A30FC
:10CC5000CDF80C90183ACDF814800692002B7FF492
:10CC6000C7AE0EAB03EB8A0353F8041D0AF1FF3A7B
:10CC7000183A0029F8D00692BAE60123EBE5002421
:10CC8000AAE5BAF1000F88DD4FEACA0809EB080BE4
:10CC900008F1080CDBE90067CC44CDF81080E046D1
:10CCA0003BED027B304653EC172B39468DED007B74
:10CCB00000F0A2FA04460D4622462B46DDE90001AB
:10CCC00000F098FA02460B463046394600F094FAD6
:10CCD000CB4568E9020126462F46CBE90045DFD166
:10CCE000BAF1010FDDF810807FF757AF09EB0805A7
:10CCF00008F10804D5E900AB4C44A0460DF5987C3A
:10CD000035ED027B52465B4651EC170BCDF810C057
:10CD10008DED007B00F070FA06460F4632463B462A
:10CD2000DDE9000100F066FA52465B4600F064FA65
:10CD3000DDF810C0654568E90201B246BB46C5E9A9
:10CD40000067DDD1002000214EAD74E9022300F020
:10CD500053FAAC42F9D1039B002B7FF424AFD9E9FD
:10CD60000223089FD9E90045C7E90223059BC7E9CB
:10CD7000040103F00700C7E900450DF51B7DBDE880
:10CD8000F08F3046394600F083FE0EABAA4643F8DA
:10CD900025002DE6AFF300802DE9F04F55EC104B48
:10CDA0002DED028BB0EE418AF0EE618A25F0004352
:10CDB000B3F1795F83B0824607DA10EE100A294694
:10CDC00000F066FE002800F08C8022462B462046AC
:10CDD000294600F0C3FB22462B4606460F4600F0CC
:10CDE000BDFB46A3D3E90023804689463046394639
:10CDF00000F0B4FB43A3D3E9002300F0FBF9324673
:10CE00003B4600F0ABFB41A3D3E9002300F0F4F96B
:10CE100032463B4600F0A2FB3EA3D3E9002300F0DC
:10CE2000E9F932463B4600F099FB3CA3D3E90023E5
:10CE300000F0E2F9CDE90001BAF1000F37D051EC72
:10CE4000180B00222C4B00F089FBDDE90023824601
:10CE50008B464046494600F081FB02460B46504651
:10CE6000594600F0C7F932463B4600F077FB53ECD9
:10CE7000182B00F0BFF91EA3D3E9002306460F4686
:10CE80004046494600F06AFB02460B4630463946AA
:10CE900000F0B2F902460B462046294600F0AAF9F6
:10CEA00041EC100B03B0BDEC028BBDE8F08FDDE967
:10CEB00000233046394600F051FB0DA3D3E900238F
:10CEC00000F098F942464B4600F048FB22462B46BC
:10CED00000F092F941EC100B03B0BDEC028BBDE801
:10CEE000F08F45EC104B03B0BDEC028BBDE8F08F2A
:10CEF000495555555555C53F0000E03F7CD5CF5AA3
:10CF00003AD9E53DEB9C2B8AE6E55A3E7DFEB157CA
:10CF1000E31DC73ED561C119A0012A3FA6F8101133
:10CF20001111813FAFF3008053EC102B23F000432D
:10CF300043EC102B704700BF51EC100B2DE9F84368
:10CF4000C1F30A57A7F2FF35132D0C4610EE103A25
:10CF5000884606461CDC002D42DB3D4F2F4107EA88
:10CF60000102134319D038A3D3E9002300F044F998
:10CF70000022002300F082FD20B1002C49DB28EACA
:10CF8000070400262346324643EC102BBDE8F88305
:10CF9000332D06DDB5F5806F32D041EC100BBDE8C6
:10CFA000F883A7F213434FF0FF3929FA03F919EA7E
:10CFB000000FF2D024A3D3E9002300F01DF90022D2
:10CFC000002300F05BFD0028DCD0002C26DB44466B
:10CFD00026EA09062346324643EC102BBDE8F883C7
:10CFE00019A3D3E9002300F007F90022002300F081
:10CFF00045FD0028C6D0002C1CDB00263446C1E7C6
:10D0000010EE102A0B4600F0F7F841EC100BBDE8CB
:10D01000F8834FF480132B419844B0E7142D06D0C9
:10D02000C7F5866703370123BB409E19CFD308F1AC
:10D030000108CCE724F00042064B324318BF1C46DF
:10D0400000269FE7AFF300809C7500883CE4377EA4
:10D05000FFFF0F000000F0BF53EC102B10B433F0B3
:10D06000004408D01149A3F58010884208D8042054
:10D070005DF8044B70471AB902205DF8044B704705
:10D0800003F1FF43094903F5E0038B42EFD9B4F5FF
:10D09000801F01D20320EBE7054B9C4201D000200A
:10D0A000E6E7B2FA82F04009E2E700BFFFFFDF7F68
:10D0B0000000F07F002070479FED010B704700BF1C
:10D0C000000000000000F87F53EC102B70B5C3F394
:10D0D0000A54194605463CBB23F00041114337D0A2
:10D0E00019460022364B374E10EE100A00F036FA81
:10D0F000B54202460B463BDBC1F30A54363C2C4496
:10D1000040F2FE70844218DD43EC112B9FED280B9A
:10D1100000F05EF826A3D3E9002351EC100B00F0D9
:10D120001DFA41EC100B70BD40F2FF70844227D015
:10D130002C4440F2FE708442E6DC002C09DD21F034
:10D14000FF4121F4E00141EA045343EC102B70BD90
:10D1500070BD14F1350F1BDA4CF250318D42D3DC27
:10D160009FED150B43EC112B00F032F851EC100B36
:10D1700011A3D3E9002300F0F1F941EC100B70BDCD
:10D1800010EE100A194600F037F841EC100B70BD94
:10D1900021F0FF4121F4E001363441EA0453104606
:10D1A00019460022084B00F0D9F941EC100B70BD74
:10D1B0009C7500883CE4377E59F3F8C21F6EA501C8
:10D1C00000005043B03CFFFF0000903CAFF30080F4
:10D1D00053EC102B11EE900A23F0004100F00040B8
:10D1E00040EA010343EC102B704700BF81F000417F
:10D1F00002E000BF83F0004330B54FEA41044FEA3C
:10D20000430594EA050F08BF90EA020F1FBF54EAD6
:10D21000000C55EA020C7FEA645C7FEA655C00F072
:10D22000E2804FEA5454D4EB5555B8BF6D420CDD43
:10D230002C4480EA020281EA030382EA000083EAC6
:10D24000010180EA020281EA0303362D88BF30BD66
:10D2500011F0004F4FEA01314FF4801C4CEA1131BC
:10D2600002D0404261EB410113F0004F4FEA03331B
:10D270004CEA133302D0524263EB430394EA050FA6
:10D2800000F0A780A4F10104D5F1200E0DDB02FA15
:10D290000EFC22FA05F2801841F1000103FA0EF2A9
:10D2A000801843FA05F359410EE0A5F120050EF16F
:10D2B000200E012A03FA0EFC28BF4CF0020C43FAA0
:10D2C00005F3C01851EBE37101F0004507D54FF0AD
:10D2D000000EDCF1000C7EEB00006EEB0101B1F5FD
:10D2E000801F1BD3B1F5001F0CD349085FEA300043
:10D2F0004FEA3C0C04F101044FEA445212F5800F4E
:10D3000080F09A80BCF1004F08BF5FEA500C50F1EA
:10D31000000041EB045141EA050130BD5FEA4C0CCD
:10D32000404141EB010111F4801FA4F10104E9D156
:10D3300091F0000F04BF01460020B1FA81F308BF4D
:10D340002033A3F10B03B3F120020CDA0C3208DD19
:10D3500002F1140CC2F10C0201FA0CF021FA02F1F4
:10D360000CE002F11402D8BFC2F1200C01FA02F164
:10D3700020FA0CFCDCBF41EA0C019040E41AA2BF89
:10D3800001EB0451294330BD6FEA04041F3C1CDA51
:10D390000C340EDC04F11404C4F1200220FA04F071
:10D3A00001FA02F340EA030021FA04F345EA03011B
:10D3B00030BDC4F10C04C4F1200220FA02F001FADD
:10D3C00004F340EA0300294630BD21FA04F029465F
:10D3D00030BD94F0000F83F4801306BF81F48011F8
:10D3E0000134013D4EE77FEA645C18BF7FEA655C6B
:10D3F00029D094EA050F08BF90EA020F05D054EA3D
:10D40000000C04BF1946104630BD91EA030F1EBF41
:10D410000021002030BD5FEA545C05D14000494145
:10D4200028BF41F0004130BD14F580043CBF01F538
:10D43000801130BD01F0004545F0FE4141F470011E
:10D440004FF0000030BD7FEA645C1ABF19461046F9
:10D450007FEA655C1CBF0B46024650EA013406BFFA
:10D4600052EA033591EA030F41F4002130BD00BFB9
:10D4700090F0000F04BF0021704730B54FF4806476
:10D4800004F132044FF000054FF0000150E700BFF7
:10D4900090F0000F04BF0021704730B54FF4806456
:10D4A00004F1320410F0004548BF40424FF0000143
:10D4B0003EE700BF42004FEAE2014FEA31014FEA86
:10D4C00002701FBF12F07F4393F07F4F81F06051D5
:10D4D000704792F0000F14BF93F07F4F704730B544
:10D4E0004FF4607401F0004521F0004120E700BFD7
:10D4F00050EA010208BF704730B54FF000050AE05E
:10D5000050EA010208BF704730B511F0004502D55E
:10D51000404261EB41014FF4806404F132045FEA60
:10D52000915C3FF4DCAE4FF003025FEADC0C18BF05
:10D5300003325FEADC0C18BF033202EBDC02C2F1FB
:10D54000200300FA03FC20FA02F001FA03FE40EA8D
:10D550000E0021FA02F11444C1E600BF70B54FF08D
:10D56000FF0C4CF4E06C1CEA11541DBF1CEA13556F
:10D5700094EA0C0F95EA0C0F00F0DEF82C4481EAD7
:10D58000030621EA4C5123EA4C5350EA013518BFF7
:10D5900052EA033541F4801143F4801338D0A0FBE4
:10D5A00002CE4FF00005E1FB02E506F00042E0FB91
:10D5B00003E54FF00006E1FB03569CF0000F18BF97
:10D5C0004EF0010EA4F1FF04B6F5007F64F540743F
:10D5D00004D25FEA4E0E6D4146EB060642EAC621D2
:10D5E00041EA55514FEAC52040EA5E504FEACE2E3F
:10D5F000B4F1FD0C88BFBCF5E06F1ED8BEF1004F42
:10D6000008BF5FEA500E50F1000041EB045170BDBD
:10D6100006F0004646EA010140EA020081EA030101
:10D62000B4EB5C04C2BFD4EB0C0541EA045170BDFD
:10D6300041F480114FF0000E013C00F3AB8014F177
:10D64000360FDEBF002001F0004170BDC4F10004C0
:10D65000203C35DA0C341BDC04F11404C4F1200541
:10D6600000FA05F320FA04F001FA05F240EA02009C
:10D6700001F0004221F0004110EBD37021FA04F6D2
:10D6800042EB06015EEA430E08BF20EAD37070BD8C
:10D69000C4F10C04C4F1200500FA04F320FA05F0EB
:10D6A00001FA04F240EA020001F0004110EBD370ED
:10D6B00041F100015EEA430E08BF20EAD37070BD5D
:10D6C000C4F1200500FA05F24EEA020E20FA04F336
:10D6D00001FA05F243EA020321FA04F001F00041E5
:10D6E00021FA04F220EA020000EBD3705EEA430E56
:10D6F00008BF20EAD37070BD94F0000F0FD101F085
:10D700000046400041EB010111F4801F08BF013CBD
:10D71000F7D041EA060195F0000F18BF704703F0FB
:10D720000046520043EB030313F4801F08BF013D82
:10D73000F7D043EA0603704794EA0C0F0CEA13553E
:10D7400018BF95EA0C0F0CD050EA410618BF52EAF8
:10D750004306D1D181EA030101F000414FF00000FE
:10D7600070BD50EA410606BF1046194652EA43060C
:10D7700019D094EA0C0F02D150EA013613D195EA80
:10D780000C0F05D152EA03361CBF104619460AD1C8
:10D7900081EA030101F0004141F0FE4141F47001D2
:10D7A0004FF0000070BD41F0FE4141F4780170BDC2
:10D7B00070B54FF0FF0C4CF4E06C1CEA11541DBF27
:10D7C0001CEA135594EA0C0F95EA0C0F00F0A7F829
:10D7D000A4EB050481EA030E52EA03354FEA013156
:10D7E00000F088804FEA03334FF0805545EA131369
:10D7F00043EA12634FEA022245EA111545EA106531
:10D800004FEA00260EF000419D4208BF964244F1C7
:10D81000FD0404F5407402D25B084FEA3202B61AE6
:10D8200065EB03055B084FEA32024FF480104FF4BA
:10D83000002CB6EB020E75EB030E22BFB61A75462E
:10D8400040EA0C005B084FEA3202B6EB020E75EBC1
:10D85000030E22BFB61A754640EA5C005B084FEA29
:10D860003202B6EB020E75EB030E22BFB61A7546F6
:10D8700040EA9C005B084FEA3202B6EB020E75EB01
:10D88000030E22BFB61A754640EADC0055EA060EC2
:10D8900018D04FEA051545EA16754FEA06164FEA05
:10D8A000C30343EA52734FEAC2025FEA1C1CC0D1B1
:10D8B00011F4801F0BD141EA00014FF000004FF03E
:10D8C000004CB6E711F4801F04BF01430020B4F1FF
:10D8D000FD0C88BFBCF5E06F3FF6AFAEB5EB030CB7
:10D8E00004BFB6EB020C5FEA500C50F1000041EBB4
:10D8F000045170BD0EF0004E4EEA113114EB5C0481
:10D90000C2BFD4EB0C0541EA045170BD41F4801153
:10D910004FF0000E013C90E645EA060E8DE60CEA5B
:10D92000135594EA0C0F08BF95EA0C0F3FF43BAF78
:10D9300094EA0C0F0AD150EA01347FF434AF95EA2F
:10D940000C0F7FF425AF104619462CE795EA0C0F13
:10D9500006D152EA03353FF4FDAE1046194622E7E0
:10D9600050EA410618BF52EA43067FF4C5AE50EABA
:10D9700041047FF40DAF52EA43057FF4EBAE12E7AA
:10D980004FF0FF3C06E000BF4FF0010C02E000BF8B
:10D990004FF0010C4DF804CD4FEA410C7FEA6C5C6E
:10D9A0004FEA430C18BF7FEA6C5C1BD001B050EA11
:10D9B000410C0CBF52EA430C91EA030F02BF90EAFC
:10D9C000020F0020704710F1000F91EA030F58BFBB
:10D9D000994208BF90422CBFD8176FEAE37040F01D
:10D9E000010070474FEA410C7FEA6C5C02D150EABB
:10D9F000013C07D14FEA430C7FEA6C5CD6D152EA76
:10DA0000033CD3D05DF8040B704700BF844610463A
:10DA100062468C461946634600E000BF01B5FFF739
:10DA2000B7FF002848BF10F1000F01BD4DF808ED09
:10DA3000FFF7F4FF0CBF012000205DF808FB00BFDA
:10DA40004DF808EDFFF7EAFF34BF012000205DF834
:10DA500008FB00BF4DF808EDFFF7E0FF94BF012081
:10DA600000205DF808FB00BF4DF808EDFFF7CEFF82
:10DA700094BF012000205DF808FB00BF4DF808EDC1
:10DA8000FFF7C4FF34BF012000205DF808FB00BF92
:10DA90004FEA410212F5001215D211D56FF47873D6
:10DAA000B3EB625212D94FEAC12343F0004343EA79
:10DAB000505311F0004F23FA02F018BF4042704754
:10DAC0004FF00000704750EA013005D111F00040DE
:10DAD00008BF6FF0004070474FF00000704700BF74
:10DAE0004A0011D212F5001211D20DD56FF47873DD
:10DAF000B3EB62520ED44FEAC12343F0004343EA32
:10DB0000505323FA02F070474FF00000704750EA7C
:10DB1000013002D14FF0FF3070474FF000007047E6
:10DB20004FEA4102B2F1E04324BFB3F5001CDCF13F
:10DB3000FE5C0DD901F0004C4FEAC0024CEA507077
:10DB4000B2F1004F40EB830008BF20F001007047A6
:10DB500011F0804F21D113F13872BCBF01F00040A9
:10DB6000704741F480114FEA5252C2F11802C2F1DB
:10DB7000200C10FA0CF320FA02F018BF40F001005C
:10DB80004FEAC1234FEAD32303FA0CFC40EA0C000E
:10DB900023FA02F34FEA4303CCE77FEA625307D14B
:10DBA00050EA01331EBF4FF0FE4040F44000704782
:10DBB00001F0004040F0FE4040F40000704700BF1C
:10DBC000014B1868704700BFF8040020C9B270B458
:10DBD000002933D0850710D00378002B59D0994203
:10DBE00018BF431C06D127E013F8012B002A4DD0A3
:10DBF000914221D09A071846F6D141EA01260368DE
:10DC000046EA064601E050F8043F83EA0605A5F11E
:10DC10000134A3F1013224EA050422EA0303234379
:10DC200013F0803FEFD0037823B932E010F8013FC2
:10DC3000002B2ED09942F9D170BC704784070BD0CD
:10DC40000378002BF8D0431C03E002780133002A4C
:10DC5000F2D099071846F8D10268A2F1013323EAFD
:10DC6000020313F0803F08D150F8042FA2F10133D2
:10DC700023EA020313F0803FF6D00378002BDBD0B9
:10DC800010F8013F002BFBD170BC7047104670BCF0
:10DC90007047184670BC704700000000000000008C
:10DCA000A2EB0300704700BF02780B78012A28BF5F
:10DCB0009A42F5D16DE9044540EA0104CDE90267D5
:10DCC0006FF0000C4FEA447212B380EA010414F0C2
:10DCD000070F6AD100F0070420F0070004F00305E5
:10DCE00021F007014FEAC505F0E8042314F0040F02
:10DCF000F1E804670CFA05F462EA040266EA040635
:10DD00000AD063EA0403624667EA0407664603E052
:10DD1000F0E80423F1E8046782FA4CF582EA06048D
:10DD2000A4FA8CF46CBB83FA4CF583EA0705A5FAD8
:10DD30008CF595B950E9022351E9026782FA4CF556
:10DD400082EA0604A4FA8CF483FA4CF583EA070508
:10DD5000A5FA8CF52543DBD09CB92DBAB5FA85F42C
:10DD600024F0070427FA04F1DDE9026723FA04F33B
:10DD700003F0FF0001F0FF01FDE80445A0EB010006
:10DD8000704724BAB4FA84F424F0070426FA04F1A4
:10DD9000DDE9026722FA04F202F0FF0001F0FF0160
:10DDA000FDE80445A0EB0100704714F0030F3CD1DF
:10DDB00010F0030428D150F8082B51F8083B82FAE0
:10DDC0004CF582EA0305A5FA8CF55DB950F8042CF0
:10DDD00051F8043C82FA4CF582EA0305A5FA8CF569
:10DDE000002DE8D02DBAB5FA85F424F0070423FA03
:10DDF00004F122FA04F202F0FF0001F0FF01FDE855
:10DE00000445A0EB010070474FEAC40420F0030072
:10DE100050F8082B21F0030151F8083B0CFA04F4E8
:10DE200062EA040263EA0403C9E710F003041AD0AB
:10DE3000A1EB040120F00300E40750F8042B06D006
:10DE40000FD28B785FFAA2F4E41A06D12BB1CB780B
:10DE50005FFAB2F4E41A00D11BB920465DF8104B0A
:10DE6000704701F1040150F8042BCC0721F00301A5
:10DE700051F8043B48D824D222F07F4482FA4CF572
:10DE800094EA1325A5FA8CF50AD165B951F8043B3B
:10DE900084EA0204B4EB036F0ED150F8042BEBE7D5
:10DEA0004FEA132355E035F07F454DD10878FDE862
:10DEB0000445C0F1000070474FEA126203F0FF030F
:10DEC00047E002EA1C4482FA4CF594EA1345A5FAAD
:10DED0008CF50AD165B951F8043B84EA0204B4EB2D
:10DEE000034F0CD150F8042BEBE74FEA134330E01B
:10DEF00015EA1C4528D10B884FEA124229E04FEA67
:10DF0000124203EA1C4324E002F0FF0482FA4CF5BB
:10DF100094EA1365A5FA8CF50AD165B951F8043B6A
:10DF200084EA0204B4EB032F09D150F8042BEBE789
:10DF30004FEA13630DE015F0FF0F05D10B684FEAB0
:10DF4000122223F07F4304E04FF00000FDE8044577
:10DF5000704712BA1BBA82FA4CF482EA0304A4FA9C
:10DF60008CF5B5FA85F402FA04F203FA04F34FEAE9
:10DF70001260FDE80445A0EB13607047AFF300802A
:10DF800080EA0102844612F0030F4FD111F0030F13
:10DF900032D14DF8044D11F0040F51F8043B0BD071
:10DFA000A3F101329A4312F0803F04BF4CF8043BC6
:10DFB00051F8043B16D100BF51F8044BA3F10132D4
:10DFC0009A4312F0803FA4F101320BD14CF8043B8C
:10DFD000A24312F0803F04BF51F8043B4CF8044BBD
:10DFE000EAD023460CF8013B13F0FF0F4FEA33232E
:10DFF000F8D15DF8044B704711F0010F06D011F80D
:10E00000012B0CF8012B002A08BF704711F0020FFA
:10E01000BFD031F8022B12F0FF0F16BF2CF8022BE5
:10E020008CF8002012F47F4FB3D1704711F8012B08
:10E030000CF8012B002AF9D1704700BF20F0030132
:10E0400010F00300C0F1000051F8043B00F1040C93
:10E050004FEACC0C6FF000021CBF22FA0CF2134303
:10E060004FF0010C4CEA0C2C4CEA0C4CA3EB0C02CC
:10E0700022EA030212EACC1204BF51F8043B043036
:10E08000F4D0C2F1000102EA0102B2FA82F2C2F156
:10E090001F0200EBD200704799B103789BB110B416
:10E0A0000144431C02E01C78013334B18B421A4610
:10E0B000F9D1181A5DF8044B7047101A5DF8044B3B
:10E0C0007047084670471846704700BF636C6F631F
:10E0D0006B2073657474696E67733A00504C4C4DD5
:10E0E0002020202020202020202020202020202030
:10E0F000202020203A20256C640A0000504C4C4E11
:10E10000202020202020202020202020202020200F
:10E11000202020203A20256C640A0000504C4C50EE
:10E1200020202020202020202020202020202020EF
:10E13000202020203A20256C640A00004853492002
:10E1400020202020202020202020202020202020CF
:10E15000202020203A20256C640A0000504C4C43BB
:10E160004C4B202020202020202020202020202058
:10E17000202020203A20256C640A00005359534384
:10E180004C4B202020202020202020202020202038
:10E19000202020203A20256C640A000048434C4B84
:10E1A000202020202020202020202020202020206F
:10E1B000202020203A20256C640A000050434C4B5C
:10E1C0003120284150423120506572697068657273
:10E1D000616C29203A20256C640A000050434C4BA6
:10E1E000312028415042312054696D657229202028
:10E1F000202020203A20256C640A000050434C4B1C
:10E200003220284150423220506572697068657230
:10E21000616C29203A20256C640A000050434C4B65
:10E22000322028415042322054696D6572292020E5
:10E23000202020203A20256C640A000002040204F9
:10E240000100030003000300030003004000A203D9
:10E25000A203400040000E000E0040000300030037
:10E2600041004C004C004C000100010000004E0138
:10E270001E021E02000021004C004C00030003009F
:10E280000300030003000300400040004C004D0069
:10E290000E034E030E034000400040002100210009
:10E2A000200040004000400040004000400040008E
:10E2B00040004000400040004000400000000000DE
:10E2C000000000000000C201C20141004100210025
:10E2D00040004000400040004000400001000100BC
:10E2E000493243325F435231202020203A20307897
:10E2F000253038780A000000493243325F435232F9
:10E30000202020203A203078253038780A0000007C
:10E31000493243325F445220202020203A20307876
:10E32000253038780A000000493243325F535231B9
:10E33000202020203A203078253038780A0000004C
:10E34000493243325F535232202020203A20307825
:10E35000253038780A000000493243315F4352319A
:10E36000202020203A203078253038780A0000001C
:10E37000493243315F435232202020203A20307806
:10E38000253038780A000000493243315F4F41524E
:10E39000312020203A203078253038780A000000DB
:10E3A000493243315F4F4152322020203A203078A9
:10E3B000253038780A000000493243315F4452204A
:10E3C000202020203A203078253038780A000000BC
:10E3D000493243315F535231202020203A20307897
:10E3E000253038780A000000493243315F535232F9
:10E3F000202020203A203078253038780A0000008C
:10E40000493243315F434352202020203A20307864
:10E41000253038780A000000493243315F545249B0
:10E42000534520203A203078253038780A00000003
:10E43000493243335F435231202020203A20307844
:10E44000253038780A000000493243335F435232A6
:10E45000202020203A203078253038780A0000002B
:10E46000493243335F4F4152312020203A203078E7
:10E47000253038780A000000493243335F4F41525B
:10E48000322020203A203078253038780A000000E9
:10E49000493243335F445220202020203A203078F4
:10E4A000253038780A000000493243335F53523137
:10E4B000202020203A203078253038780A000000CB
:10E4C000493243335F535232202020203A203078A3
:10E4D000253038780A000000493243335F43435205
:10E4E000202020203A203078253038780A0000009B
:10E4F000493243335F545249534520203A20307803
:10E50000253038780A0000002D2D20414443207228
:10E510006567697374657273202D2D004144433122
:10E520005F4352312020203A202530386C780A0091
:10E53000414443315F4352322020203A2025303875
:10E540006C780A00414443315F534D505231203AB8
:10E55000202530386C780A00414443315F534D50D8
:10E560005232203A202530386C780A004144433139
:10E570005F5351523120203A202530386C780A0000
:10E58000414443315F5351523220203A20253038E4
:10E590006C780A00414443315F5351523320203A92
:10E5A000202530386C780A00414443315F445220C2
:10E5B0002020203A202530386C780A003E000000E8
:10E5C0000A3E00000A0D3E000A2D2053756E576565
:10E5D00062204D6173746572202D2076302E3120BB
:10E5E0002D204665622020362032303232202D2008
:10E5F0007262202D000000000A2D2053756E5765B1
:10E6000062204D6173746572202D2076302E31208A
:10E610002D204665622020362032303232202D20D7
:10E620007262202D0A0D00002D2D2053756E576546
:10E6300062204D617374657220636F6D6D616E64ED
:10E64000733A00007061202020202020202020200C
:10E6500020202020202020202020202020202D20AD
:10E6600070726F62652062757320666F72205375D9
:10E670006E5765622044657669636573000000002B
:10E6800072612020202020202020202020202020F7
:10E69000202020202020202020202D2072656C6545
:10E6A00061736520616C6C2053756E576562204400
:10E6B0006576696365730000646120202020202056
:10E6C000202020202020202020202020202020204A
:10E6D00020202D2064756D702053756E5765622063
:10E6E0004465766963657320666F756E640000002B
:10E6F000626D5F616464203C626F783E203C6964B7
:10E700003E2020202020202020202D206164642015
:10E7100053756E5765622044657669636520746F32
:10E72000206275736D617000626D5F64756D70203D
:10E7300020202020202020202020202020202020D9
:10E7400020202D2064756D70206275736D617000DE
:10E75000626D5F657261736520202020202020207B
:10E76000202020202020202020202D206572617371
:10E7700065206275736D617020454550524F4D00A4
:10E78000626D5F70726573656E742020202020209A
:10E79000202020202020202020202D206368656359
:10E7A0006B206275736D61702070726573656E7435
:10E7B0000000000067625F64756D702020202020DB
:10E7C00020202020202020202020202020202D203C
:10E7D00064756D702067726F77626F7820737461F3
:10E7E0007475730064735F7365742020202020208B
:10E7F00020202020202020202020202020202D200C
:10E80000736574204453333233342074696D65006A
:10E8100064735F6765742020202020202020202042
:10E82000202020202020202020202D2067657420FB
:10E830004453333233342074696D650064735F640C
:10E8400061746520202020202020202020202020EE
:10E850002020202020202D20736574204453333243
:10E86000333420646174650064735F7374616D7028
:10E870002020202020202020202020202020202098
:10E8800020202D206765742074696D657374616D37
:10E8900070000000636C6F636B202020202020201C
:10E8A00020202020202020202020202020202D205B
:10E8B0006C6F672074696D65202620646174652023
:10E8C0003C3E206E65656465643F000070685F6370
:10E8D000616C203C6E756D3E202020202020202081
:10E8E0002020202020202D20737461727420636109
:10E8F0006C6962726174696F6E2070482073656E16
:10E90000736F72205B312E2E335D000070685F7371
:10E91000657420202020202020202020202020205E
:10E920002020202020202D20736574207048206333
:10E93000616C6962726174696F6E206461746120D8
:10E940003C3E206E65656465643F000070685F64EE
:10E95000756D7020202020202020202020202020C5
:10E960002020202020202D2064756D7020704820EC
:10E9700063616C6962726174696F6E206461746155
:10E980000000000070685F6C6F672020202020204E
:10E9900020202020202020202020202020202D206A
:10E9A0007374617274206C6F6767696E672070485A
:10E9B0002073656E736F72730000000065635F63A0
:10E9C000616C203C6E756D3E202020202020202090
:10E9D0002020202020202D20737461727420636118
:10E9E0006C6962726174696F6E2045432073656E55
:10E9F000736F72205B312E2E335D000065635F64A0
:10EA0000756D702020202020202020202020202014
:10EA10002020202020202D2064756D70204543206B
:10EA200063616C6962726174696F6E2064617461A4
:10EA30000000000065635F6C6F67202020202020AD
:10EA400020202020202020202020202020202D20B9
:10EA50007374617274206C6F6767696E67204543D9
:10EA60002073656E736F7273000000006E74635FD5
:10EA700065727220202020202020202020202020AD
:10EA80002020202020202D207772697465206F6659
:10EA900066736574206572726F72204E54432073E2
:10EAA000656E736F722028656D62656464656420AD
:10EAB000696E2045432073656E736F7229000000F4
:10EAC0006E74635F64756D702020202020202020EC
:10EAD000202020202020202020202D2064756D70F3
:10EAE000206F6666736574206572726F72204E5473
:10EAF000432073656E736F72202028656D626564B4
:10EB000064656420696E2045432073656E736F727F
:10EB1000290000006E74635F6C6F67202020202046
:10EB200020202020202020202020202020202D20D8
:10EB30007374617274206C6F6767696E67204E54DE
:10EB4000432073656E736F72732020202020286528
:10EB50006D62656464656420696E20454320736559
:10EB60006E736F72290000000A2D2D2053696D53BA
:10EB7000756E20636F6D6D616E64733A0000000006
:10EB800073735F64726564203C69643E203C6E75FB
:10EB90006D3E20202020202020202D207365742011
:10EBA0006D6178696D756D206C6967687420696E38
:10EBB00074656E736974792044656570205265646C
:10EBC000204C454473205B252550574D5D0A0000BD
:10EBD00073735F72626C75203C69643E203C6E7595
:10EBE0006D3E20202020202020202D2073657420C1
:10EBF0006D6178696D756D206C6967687420696EE8
:10EC000074656E7369747920526F79616C20426CFF
:10EC100075204C454473205B252550574D5D0A00F7
:10EC200073735F636C6F636B202020202020202093
:10EC3000202020202020202020202D2073657420DB
:10EC400053696D53756E2074696D650073735F64ED
:10EC500061776E203C68683E203C6D6D3E203C73C1
:10EC6000733E202020202D207365742053696D533E
:10EC7000756E206461776E0073735F6475736B20CB
:10EC80003C68683E203C6D6D3E203C73733E202006
:10EC900020202D207365742053696D53756E206498
:10ECA00075736B0073735F7374617274203C696475
:10ECB0003E202020202020202020202020202D2029
:10ECC00073746172742053696D53756E206C69673B
:10ECD00068742070726F6772616D000073735F7388
:10ECE000746F70203C69643E20202020202020206A
:10ECF0002020202020202D207374617274205369FD
:10ED00006D53756E206C696768742070726F6772DE
:10ED1000616D000073735F6E7463657272203C698D
:10ED2000643E203C6E756D3E2020202020202D204A
:10ED30007772697465204E54432063616C69627216
:10ED40006174696F6E20706172616D6574657220A7
:10ED50005B31302A6F435D000A2D2D20486F7442CD
:10ED6000656420636F6D6D616E64733A000000002E
:10ED700068625F736574205B69645D203C74656DD7
:10ED8000703E20202020202020202D20736574201C
:10ED9000486F744265642074656D70657261747546
:10EDA0007265205B31302A6F435D000068625F67E7
:10EDB0006574203C69643E202020202020202020F3
:10EDC0002020202020202D2067657420486F744269
:10EDD00065642074656D706572617475726500009C
:10EDE00068625F73746172742020202020202020CC
:10EDF000202020202020202020202D2073746172CC
:10EE00007420486F74426564205049442074656DD5
:10EE1000706572617475726520636F6E74726F6C69
:10EE20002020286D756C746963617374290000007B
:10EE300068625F73746F70202020202020202020C3
:10EE4000202020202020202020202D2073746F706F
:10EE500020486F74426564205049442074656D7089
:10EE60006572617475726520636F6E74726F6C2069
:10EE70002020286D756C746963617374290000002B
:10EE800068625F6C6564205B69645D203C70776DCF
:10EE90003E2020202020202020202D20736574205B
:10EEA000486F7442656420626F74746F6D204C45C6
:10EEB000447320696E74656E736974790000000094
:10EEC00068625F66616E205B69645D203C70776D8F
:10EED0003E2020202020202020202D20736574201B
:10EEE000486F744265642066616E20737065656466
:10EEF0000000000068625F73686F77203C6F6E7C73
:10EF00006F66663E202020202020202020202D20FB
:10EF100073746172742F73746F7020486F744265DC
:10EF20006420626F74746F6D204C45447320736865
:10EF30006F7720202020286D756C7469636173746D
:10EF40002900000068625F7074313030205B6964B2
:10EF50005D202020202020202020202020202D2067
:10EF600067657420486F7442656420507431303096
:10EF70002074656D70657261747572657300000050
:10EF800068625F7074657272203C69643E203C6EFA
:10EF9000756D3E203C6572723E202D20777269743B
:10EFA0006520486F74426564205074313030206FA2
:10EFB0006666736574206572726F72205B31302AE9
:10EFC0006F435D000A2D2D206D6973632E20636FE2
:10EFD0006D6D616E64733A006C6F675F696E74206B
:10EFE0002020202020202020202020202020202021
:10EFF00020202D20736574206C6F6720646174611C
:10F0000020646973706C617920696E7465727661D1
:10F010006C205B735D0000006C6F67202020202057
:10F0200020202020202020202020202020202020E0
:10F0300020202D206C6F672053756E576562204D20
:10F040006173746572202620446576696365730078
:10F05000712020202020202020202020202020205F
:10F06000202020202020202020202D207175697450
:10F07000206C6F6767696E672026207374756666FB
:10F080000000000076657273696F6E2020202020DA
:10F0900020202020202020202020202020202D2063
:10F0A00064756D702076657273696F6E20696E6627
:10F0B0006F726D6174696F6E0000000068656C703E
:10F0C0002020202020202020202020202020202040
:10F0D0002020202020202D2064756D702074686908
:10F0E000732068656C700000706F6E0070756D70D5
:10F0F000206E756D3A2025642070756D70206465F2
:10F100006C61793A2025640A00000000706F666621
:10F110000000000070676574000000007070776D7B
:10F1200000000000616C6C2070756D70732050578A
:10F130004D3A2025640A00007261000070610000F1
:10F14000626D5F6164640000626D5F64756D700084
:10F1500067625F64756D700065655F64756D7000F2
:10F1600064735F736574000064735F6765740000A7
:10F1700064735F646174650064735F7374616D7060
:10F1800000000000636C6F636B00000070685F63D9
:10F19000616C000070685F736574000070685F6484
:10F1A000756D700070685F6C6F67000065635F630A
:10F1B000616C000065635F64756D700065635F6C12
:10F1C0006F6700006E74635F657272006E74635FD8
:10F1D00064756D700000000073775F736574696417
:10F1E0000000000073775F70726F626500000000BE
:10F1F00073775F72656C65617365000073775F722A
:10F20000746373657400000073775F72746373795D
:10F210006E63000073735F6461776E0073735F6485
:10F2200075736B0073735F647265640073735F72F0
:10F23000626C750073735F6672656400726D6F6CEB
:10F2400000000000626D6F6C0000000073735F646B
:10F250007265645F6D61780073735F72626C755F75
:10F260006D61780073735F737461727400000000E5
:10F2700073735F73746F700073735F676574737417
:10F280006174650073735F6E746365727200000071
:10F2900068625F736574000068625F676574000090
:10F2A00068625F73746172740000000068625F736B
:10F2B000746F700068625F6C6564000068625F660E
:10F2C000616E000068625F73686F77006F6E0000A8
:10F2D0006F66660068625F70743130300000000055
:10F2E00068625F707465727200000000625F727322
:10F2F00074000000424C453A20726573657400004A
:10F30000625F636D64000000424C453A20656E7494
:10F31000657220636F6D6D616E64206D6F64650052
:10F3200024242400625F646174610000424C453A09
:10F3300020656E7465722064617461206D6F646510
:10F34000000000002D2D2D0D00000000625F736392
:10F35000616E0000625F73746F700000625F6475BD
:10F360006D700000424C453A2064756D7020696EE6
:10F37000666F0000440D0000625F6E616D65000005
:10F38000424C453A20736574206465766963652054
:10F390006E616D6500000000534E2C53756E57650D
:10F3A000625F4D61737465720D000000707273636B
:10F3B000720000006C6F675F696E74006C6F6700AD
:10F3C0007100000076657273696F6E0068656C701D
:10F3D000000000006761616E00000000424C453A89
:10F3E00020656E74657220636F6D6D616E64206D53
:10F3F0006F64650A00000000424C453A20656E7457
:10F4000065722064617461206D6F64650A0000009C
:10F41000460D0000424C453A2073746172742073AB
:10F4200063616E6E696E672061732043656E7472EE
:10F43000616C204741500A006572726F723A204237
:10F440004C45206E6F7420696E20636F6D6D616E28
:10F4500064206D6F64650000580D0000424C453A11
:10F460002073746F70207363616E6E696E672061C4
:10F47000732043656E7472616C204741500A00002E
:10F48000424C453A20636C69656E74204465766928
:10F49000636520666F756E643A2025730A0000006C
:10F4A0004772616E647061426F780000424C453A69
:10F4B00020636F6E6E65637461626C6520636C6956
:10F4C000656E742044657669636520666F756E6449
:10F4D0002C204D41433A20307825730A000000006B
:10F4E000432C302C25730D00424C453A20636F6E3F
:10F4F0006E6563742025730D00000000255354527F
:10F5000045414D5F4F50454E25000000254449536D
:10F51000434F4E4E4543542500000000424C453AAF
:10F5200020646576696365207265626F6F74696EC9
:10F5300067000000424C453A2064657669636520A7
:10F54000656E746572656420636F6D6D616E6420B5
:10F550006D6F646500000000424C453A206465769A
:10F56000696365207363616E6E696E6720696E20E2
:10F5700047415020726F6C6500000000424C453AD4
:10F58000204772616E64706120426F7820666F75EB
:10F590006E640000424C453A2073746F70207363B0
:10F5A000616E6E696E670000424C453A207363617C
:10F5B0006E6E696E672073746F7070656400000012
:10F5C000424C453A20636F6E6E65637420776974B0
:10F5D00068204772616E64706120426F780000009D
:10F5E000424C453A20636F6E6E65637465642077A4
:10F5F000697468204772616E64706120426F7800A0
:10F60000424C453A20656E7465726564206461748D
:10F6100061206D6F64650000424C453A20636F6E57
:10F620006E656374696F6E2C20676F206F6E207734
:10F630006974682055415254206D6F646500000064
:10F64000424C453A206E6F20636F6E6E656374693D
:10F650006F6E2C207374617274206F766572000077
:10F66000256300000A00000064000000E8030000B9
:10F6700010270000A086010040420F0080969800ED
:10F6800000E1F5054E614E002D496E660000000058
:10F690002B496E660000000025642E25642E25642B
:10F6A0002E256400303132333435363738396162D3
:10F6B00063646566000000002330782530347820CC
:10F6C0002D20000025303278200000002D2D200054
:10F6D0003A2000000A3E45432073656E736F722026
:10F6E00025643A2073746172742063616C6962727C
:10F6F0006174696F6E0A00003E45432073656E7346
:10F700006F722025643A207075742073656E736F74
:10F710007220696E20332E3030205B6D535D206384
:10F72000616C6962726174696F6E20736F6C75745D
:10F73000696F6E202620776169740A003E45432078
:10F7400073656E736F722025643A2063616C696221
:10F75000726174696F6E20627573792C20706C65AC
:10F7600061736520776169743A20253264202D2009
:10F770006D656173757265643A20256C64207461EF
:10F78000726765743A2025640A0000000A3E45430A
:10F790002073656E736F722025642063616C6962EB
:10F7A000726174696F6E20666163746F723A2025AE
:10F7B000312E38660A0000003E63616C6962726136
:10F7C00074696F6E2045432073656E736F722025D8
:10F7D0006420646F6E650A00543A2025642E25303B
:10F7E0003264205241573A202564204156473A203E
:10F7F00025642000437261775B75535D3A20256C68
:10F80000642000004361646A5B75535D3A20256C97
:10F81000642000004363656C6C5B75535D3A202582
:10F820006C642020000000004441433A20256420FD
:10F830004144433A2025640A000000004E54435FCF
:10F8400054454D503A2025642E25303264202564DD
:10F850002E253032642025642E253032640A0000C3
:10F860004525643A20253032642000007048256424
:10F870003A2025642E25303264200000704825642B
:10F880005F7261773A20256C642000000A2370487B
:10F890002073656E736F722025643A2073746172F1
:10F8A000742063616C6962726174696F6E0A000032
:10F8B0002370482073656E736F722025643A207040
:10F8C00075742073656E736F7220696E20704820A6
:10F8D000342063616C6962726174696F6E20736F4A
:10F8E0006C7574696F6E202620776169740A000058
:10F8F0002370482073656E736F722025643A20630D
:10F90000616C6962726174696F6E20627573792CC3
:10F9100020706C6561736520776169743A202532C7
:10F9200064202D207261773A202564206176673A41
:10F9300020256C640A0000000A2370482073656E5D
:10F94000736F722025643A2063616C69627261741E
:10F95000696F6E2070482034206661696C65640AA6
:10F96000000000000A2370482073656E736F7220D8
:10F9700025643A2063616C6962726174696F6E20FC
:10F9800070482034207375636365656465640A009C
:10F990002370482073656E736F722025643A20636C
:10F9A0006C65616E2C20706C656173652077616990
:10F9B000743A202532640A002370482073656E7300
:10F9C0006F722025643A207075742073656E736FB2
:10F9D0007220696E20704820372063616C69627202
:10F9E0006174696F6E20736F6C7574696F6E202619
:10F9F00020776169740A00000A2370482073656EDD
:10FA0000736F722025643A2063616C69627261745D
:10FA1000696F6E2070482037206661696C65640AE2
:10FA2000000000000A2370482073656E736F722017
:10FA300025643A2063616C6962726174696F6E203B
:10FA400070482037207375636365656465640A00D8
:10FA50002363616C6962726174696F6E20666169AB
:10FA60006C65642C20706172616D657465727320C1
:10FA70006E6F74207570646174656420696E2045D2
:10FA80004550524F4D0A00002363616C69627261F8
:10FA900074696F6E20646F6E652C2077726974696B
:10FAA0006E6720706172616D657465727320746F2A
:10FAB00020454550524F4D0A000000002530326469
:10FAC0003A253032643A253032640000646174654E
:10FAD0003A20253032642F253032642F25303264AD
:10FAE0000A00000074696D653A20253032643A25B9
:10FAF0003032643A2530326420200000236275667B
:10FB000066657220726561642066726F6D2045457E
:10FB100050524F4D0A0000002366726F6D2045451C
:10FB200050524F4D3A2070482073656E736F725B70
:10FB300025645D5F25643A2025640A0023627566AA
:10FB4000666572207772697474656E20746F2045E3
:10FB50004550524F4D0A000047726F426F785F2543
:10FB600064202D2053696D53756E2049443A20302E
:10FB700078253032782020486F74426564204944EB
:10FB80003A203078253032780A00000047726F4200
:10FB90006F782025643A2053696D53756E20307854
:10FBA000253032782061646465640A0047726F42D0
:10FBB0006F782025643A20486F744265642030785D
:10FBC000253032782061646465640A006275736D63
:10FBD0006170206572726F722C2077726F6E672071
:10FBE0004275732049443A203078253032780A0033
:10FBF0002370482063616C6962726174696F6E2062
:10FC000064617461206D697373696E672C2072651D
:10FC100073746F72652064656661756C74207661BB
:10FC20006C756573000000002370482063616C6987
:10FC300062726174696F6E20666F756E6400000099
:10FC400066726F6D20454550524F4D3A20704820E6
:10FC500073656E736F725B25645D5F343A20256453
:10FC60000A00000066726F6D20454550524F4D3AB4
:10FC70002070482073656E736F725B25645D5F371B
:10FC80003A2025640A0000002366726F6D20454506
:10FC900050524F4D3A2045432073656E736F725B2F
:10FCA00025645D20203A2025312E38660A000000A8
:10FCB0002345432063616C6962726174696F6E20D1
:10FCC00064617461206D697373696E672C2072655D
:10FCD00073746F72652064656661756C74207661FB
:10FCE0006C756573000000002345432063616C69F7
:10FCF00062726174696F6E20666F756E64000000D9
:10FD000066726F6D20454550524F4D3A2045432055
:10FD100073656E736F725B25645D3A2025312E38F2
:10FD2000660A0000234E54432063616C696272616D
:10FD300074696F6E20666F756E6400002366726F63
:10FD40006D20454550524F4D3A204E544320736527
:10FD50006E736F725B25645D203A2025640A000093
:10FD600066726F6D20454550524F4D3A204E5443B8
:10FD70002073656E736F725B25645D3A2025640A9B
:10FD800000000000237265616420544654207365AE
:10FD90007474696E67732066726F6D2045455052AA
:10FDA0004F4D0A007772697465205446542073657C
:10FDB0007474696E677320746F20454550524F4DBF
:10FDC0000A00000023544654207374617465206651
:10FDD0006F756E64000000006F66667365743A208C
:10FDE00025640A00434F323A2025332E3266202004
:10FDF00074656D703A2025322E3266202068756D4C
:10FE0000693A2025322E32660A0000002370756D93
:10FE100070206F6E000000002370756D70202564E7
:10FE20002072616D7020646F776E0A002370756DAB
:10FE3000702025642070756D70696E673A202564A6
:10FE40000A0000002370756D702025642073746FA4
:10FE5000707065640A0000002370756D70206F6615
:10FE6000660000002370756D702073746172747386
:10FE700020617420253032643A253032643A2530CE
:10FE800032642028256C6420256C64290A00000057
:10FE900073656C3A202564206C656E3A20256420D9
:10FEA0006461793A20256420706F733A20256C6470
:10FEB000202D2074696D653A20256C640A000000CD
:10FEC0000A2D2D2D0A73796E6320666F756E64207E
:10FED000202020203A203078253032780A00000097
:10FEE0007061636B65742049442020202020203AF3
:10FEF000203078253032780A000000007061636B92
:10FF0000657420434D4420202020203A203078255D
:10FF10003032780A000000006572726F723A207009
:10FF200061796C6F616420746F6F206C6F6E6720F5
:10FF30002D202564202873686F756C64206265200D
:10FF40002564290A000000007061796C6F616420EB
:10FF50006C656E677468203A2025640A0000000012
:10FF6000636865636B73756D202020202020203A24
:10FF7000203078253032780A000000006E65772046
:10FF80007061636B657420666F756E642C206F6B97
:10FF90000A2D2D2D0A000000736F6D6520627573A8
:10FFA0002070617273696E67206572726F722C20A7
:10FFB0006261696C00000000527820636865636BC1
:10FFC00073756D206F6B2020203A20256C642F25DF
:10FFD0006C640A00527820636865636B73756D20EA
:10FFE0004552524F523A20256C642F256C640A000A
:10FFF00054783A200000000052783A2000000000B7
:020000040801F1
:100000003E204154544143482020202020202053AA
:10001000696D53756E203078253032780A00000003
:100020003E20415454414348202020202020204895
:100030006F74426564203078253032780A00000001
:100040003E20415454414348202020202020204479
:100050006576696365203078253032780A000000C3
:100060003C204745545354415445202020202053E0
:10007000696D53756E203078253032782C202564D8
:100080002C2025642C2025640A0000003C204745D4
:100090005454454D50202020202020486F74426544
:1000A00064203078253032782C2025642C2025647B
:1000B0002C2025642C0A00003C2047455450543124
:1000C0003030202020486F7442656420307825301D
:1000D00032782C2025642C2025642C2025640A00ED
:1000E00054313A20253032642E253032642C20548D
:1000F000323A20253032642E253032642C2054616F
:100100006D623A20253032642E253032640A0000B8
:10011000236275732070726F626520726561647905
:10012000000000002D2D2047726F426F782025645B
:10013000202D2D0A0000000053696D53756E204973
:100140004420202020202020202020203A20307809
:10015000253032780A0000002053696D53756E20F7
:100160006174746163686564202020203A202564EE
:100170000A0000002044526564204C454420696E0A
:1001800074656E73697479203A2025640A00000052
:100190002046526564204C454420696E74656E7338
:1001A000697479203A2025640A0000002052426CCC
:1001B00075204C454420696E74656E7369747920AE
:1001C0003A2025640A0000002044526564204C4512
:1001D0004420666C75782020202020203A20256459
:1001E0000A0000002052426C75204C454420666C89
:1001F00075782020202020203A2025640A00000065
:100200002074656D706572617475726520202020A0
:10021000202020203A2025640A000000486F744204
:1002200065642049442020202020202020202020F8
:100230003A203078253032780A00000020486F7468
:1002400042656420617474616368656420202020C5
:100250003A2025640A0000002054736574706F69A9
:100260006E74202020202020202020203A20256C81
:10027000640A0000205461637475616C20202020A2
:1002800020202020202020203A20256C640A000015
:100290002054616D6269656E74202020202020202A
:1002A000202020203A20256C640A0000204C454480
:1002B00020696E74656E7369747920202020202077
:1002C0003A2025640A0000002066616E2073706584
:1002D0006564202020202020202020203A20256432
:1002E0000A0000002050494420616374697665204B
:1002F00020202020202020203A2025640A00000011
:1003000025642E2564200000256C642E256C642055
:100310000000000025642020000000003E2053451E
:100320005442555349442030782530327820627247
:100330006F6164636173740A000000003E205052D4
:100340004F4245202020202020202053696D5375E6
:100350006E203078253032780A0000003E2050525E
:100360004F42452020202020202020486F744265E5
:1003700064203078253032780A0000003E20505248
:100380004F424520202020202020204465766963AC
:1003900065203078253032780A0000003E20524532
:1003A0004C4541534520202020202053696D537532
:1003B0006E203078253032780A0000003E20524509
:1003C0004C45415345202020202020486F74426531
:1003D00064203078253032780A0000003E205245F3
:1003E0004C454153452020202020204465766963F8
:1003F00065203078253032780A0000003E205345D1
:100400005454494D4520202020202053696D5375B8
:100410006E203078253032782C20253032783A25FD
:100420003032783A253032780A0000003E205345B9
:100430005454494D45202020202020486F744265A7
:1004400064203078253032782C20253032783A25D7
:100450003032783A253032780A0000003E20534589
:100460005454494D4520202020202044657669635E
:1004700065203078253032782C20253032643A25BA
:100480003032783A253032780A0000003E20535945
:100490004E4352544320202020202053696D537531
:1004A0006E203078253032780A0000003E20535903
:1004B0004E43525443202020202020486F74426530
:1004C00064203078253032780A0000003E205359ED
:1004D0004E435254432020202020204465766963F7
:1004E00065203078253032780A0000003E205345E0
:1004F0005454454D50202020202020486F744265E0
:1005000064203078253032782C2025640A000000E1
:100510003E2047455454454D50202020202020485F
:100520006F74426564203078253032780A0000000C
:100530003E205345544C4544202020202020204874
:100540006F74426564203078253032782C20256421
:100550000A0000003E2053455446414E20202020F2
:10056000202020486F74426564203078253032782E
:100570002C2025640A0000003E2053544152545060
:1005800049442020202020486F7442656420307840
:10059000253032780A0000003E2053544F50504915
:1005A00044202020202020486F7442656420307849
:1005B000253032780A0000003E20535441525453F3
:1005C000484F5720202020486F74426564203078BF
:1005D000253032780A0000003E2053544F505348D3
:1005E0004F572020202020486F74426564203078C7
:1005F000253032780A0000003E20534554525444BE
:1006000020202020202020486F744265642030780C
:10061000253032782C202564202564200A00000033
:100620003E2047455452544420202020202020487A
:100630006F74426564203078253032780A000000FB
:100640003E20474554535441544520202020204803
:100650006F74426564203078253032780A000000DB
:100660003E205345544441574E2020202020205303
:10067000696D53756E203078253032780A0000009D
:100680003E205345544455534B20202020202053D6
:10069000696D53756E203078253032780A0000007D
:1006A0003E205345544452454420202020202053CE
:1006B000696D53756E203078253032780A0000005D
:1006C0003E2053455452424C552020202020205398
:1006D000696D53756E203078253032780A0000003D
:1006E0003E2053455446524544202020202020538C
:1006F000696D53756E203078253032780A0000001D
:100700003E204D4F4C445245442020202020205371
:10071000696D53756E203078253032783A20256423
:100720000A0000003E204D4F4C52424C55202020E4
:1007300020202053696D53756E2030782530327833
:100740003A2025640A0000003E2053455444524597
:10075000444D415820202053696D53756E203078E8
:10076000253032783A2025640A0000003E205345A7
:100770005452424C554D415820202053696D5375B9
:100780006E203078253032783A2025640A00000047
:100790003E2053494D53554E5354415254202053FB
:1007A000696D53756E203078253032780A0000006C
:1007B0003E2053494D53554E53544F502020205303
:1007C000696D53756E203078253032780A0000004C
:1007D0003E20474554535441544520202020205367
:1007E000696D53756E203078253032780A0000002C
:1007F0004E54434552522020202020205478202D52
:100800002053696D53756E203078253032782C2056
:1008100025640A00737461727420627573000000AD
:10082000253032643A253032643A25303264200073
:1008300070483A200000000025642E2530326420E4
:100840000000000045433A200000000025642E25EA
:100850003033642000000000543A20005041523AE6
:100860002025642000000000616D623A202564208C
:1008700000000000703A202564200000434F323A07
:100880002025332E32662000543A2025322E32663F
:100890002000000052483A2025322E326620000007
:1008A0006D656D5F72643A206164723A203078251C
:1008B000303678206461743A203078253032780AF6
:1008C000000000006D656D5F77723A206164723AD6
:1008D00020307825303678206461743A20307825CD
:1008E0003032780A0000000023696E697420666166
:1008F000696C65642C20636865636B205446540002
:100900002373656C66746573742072656164792CF9
:1009100020544654206F6B006164723A2030782571
:1009200030387820636D643A203078253038780A82
:1009300000000000636D645F6F66733A20307825B5
:100940003033780A00000000636D645F6164643ACC
:10095000206164723A2030782530366C78206461EA
:10096000743A2030782530386C780A000A636D6458
:100970005F6E65773A206164723A203078253036B0
:100980006C780A00636D645F6578653A2061647213
:100990003A2030782530366C78206F66733A2030F4
:1009A000782530386C780A004556455F5245475FD8
:1009B0004944202020202020203A20307825303241
:1009C0006C780A004556455F5245475F4843594396
:1009D0004C452020203A2025336C640A000000009A
:1009E0004556455F5245475F484F4646534554205C
:1009F000203A2025336C640A000000004556455F0C
:100A00005245475F4853495A45202020203A202527
:100A1000336C640A000000004556455F5245475F4D
:100A20004853594E43302020203A2025336C640A25
:100A3000000000004556455F5245475F4853594EF8
:100A400043312020203A2025336C640A0000000046
:100A50004556455F5245475F564359434C45202014
:100A6000203A2025336C640A000000004556455F9B
:100A70005245475F564F464653455420203A20255D
:100A8000336C640A000000004556455F5245475FDD
:100A90005653495A45202020203A2025336C640AB9
:100AA000000000004556455F5245475F5653594E7A
:100AB00043302020203A2025336C640A00000000D7
:100AC0004556455F5245475F5653594E43312020A6
:100AD000203A2025336C640A000000004556455F2B
:100AE0005245475F444C535741502020203A20251F
:100AF000336C640A000000004556455F5245475F6D
:100B0000524F544154452020203A2025336C640A2A
:100B1000000000004556455F5245475F4F5554421F
:100B200049545320203A2025336C640A0000000009
:100B30004556455F5245475F444954484552202039
:100B4000203A2025336C640A000000004556455FBA
:100B50005245475F5357495A5A4C4520203A202561
:100B6000336C640A000000004556455F5245475FFC
:100B70004353505245414420203A2025336C640AA7
:100B8000000000004556455F5245475F50434C4BBF
:100B90005F504F4C203A2025336C640A000000005F
:100BA0004556455F5245475F50434C4B202020201F
:100BB000203A2025336C640A000000004556455F4A
:100BC0005245475F4750494F5F444952203A2030D1
:100BD00078253032780A00004556455F5245475F18
:100BE0004750494F20202020203A203078253032AD
:100BF000780A00004556455F5245475F4750494FC8
:100C0000585F4449523A203078253032780A000043
:100C10004556455F5245475F4750494F5820202071
:100C2000203A203078253032780A00004556455F5A
:100C30005245475F434D445F57524954453A20302F
:100C4000782530336C780A004556455F5245475F3A
:100C5000434D445F52454144203A2030782530339B
:100C60006C780A004556455F5245475F434D445FE7
:100C7000444C2020203A2030782530336C780A000C
:100C80004556455F5245475F43544F5543485F4D76
:100C90004F44452020202020203A2030782530382D
:100CA0006C780A004556455F5245475F544F55439F
:100CB000485F5452414E53464F524D5F413A2030A7
:100CC000782530386C780A004556455F5245475FB5
:100CD000544F5543485F5452414E53464F524D5F17
:100CE000423A2030782530386C780A004556455F06
:100CF0005245475F544F5543485F5452414E534607
:100D00004F524D5F433A2030782530386C780A00D6
:100D10004556455F5245475F544F5543485F5452CF
:100D2000414E53464F524D5F443A2030782530387B
:100D30006C780A004556455F5245475F544F55430E
:100D4000485F5452414E53464F524D5F453A203012
:100D5000782530386C780A004556455F5245475F24
:100D6000544F5543485F5452414E53464F524D5F86
:100D7000463A2030782530386C780A002D204255CC
:100D80005359205741544552494E47202D000000E9
:100D9000777269746520746F206E6F6E2D766F6C3C
:100DA0006174696C652073746F726167653F0000E0
:100DB000594553004E4F00002D20706C65617365DE
:100DC000207461702074686520646F7473202D0036
:100DD00020206576655F6D656D5F77723332202800
:100DE0004556455F5245475F544F5543485F5452FF
:100DF000414E53464F524D5F25632C2030782530AD
:100E0000386C780A293B0000746F7563682074722F
:100E1000616E73666F726D2025633A2030782530DD
:100E2000386C7800503320002564202564200A00A7
:100E3000323535200000000025642025642025641B
:100E4000200000007461673A202564207461675FA8
:100E50006E756D3A202564207461675F706F733A18
:100E60002025640A0000000070616E656C2020205F
:100E7000203A2025640A0000726C656E2020202034
:100E8000203A2025642025642025640A0000000003
:100E9000696C656E20202020203A2025642025647E
:100EA0002025640A00000000746C656E202020205C
:100EB000203A20256C6420256C640A0073746F72DC
:100EC00065202020203A2025640A00007774696D8F
:100ED000655F73656C3A2025640A00007774696D5C
:100EE000655F6C656E3A2025640A00007774696D51
:100EF000655F6461793A2025640A00007774696D42
:100F0000655F706F733A20256C640A007069645FD6
:100F1000736574706F696E743A20256420256420AF
:100F200025640A007069645F6163746976652020D6
:100F30003A2025642025642025640A00626F7474B9
:100F40006F6D5F6C656473203A20256420256420F2
:100F500025640A0066616E5F7370656564202020F9
:100F60003A2025642025642025640A006C65645FAE
:100F70006E657720202020203A20256420256420DB
:100F800025640A0066616E5F6E6577202020202050
:100F90003A2025642025642025640A007365745F67
:100FA0006E657720202020203A20256420256420AB
:100FB00025640A0025322E31662043202025322E5A
:100FC000316625255248202025646D6261722020FB
:100FD00025332E306670706D000000006F00000039
:100FE00053455400204300004143540041495200FE
:100FF00025326C642E256C640000000070480000EF
:1010000045430000482030003200000025642E25B2
:101010003032640025642E253031640073757265AA
:1010200020746F2063616C6962726174652070481E
:101030002073656E736F722025643F007075742095
:1010400070726F626520696E2062756666657220D7
:101050007048203400000000636C65616E2070727F
:101060006F626520696E2077617465720000000010
:101070007075742070726F626520696E206275668B
:1010800066657220704820370000000063616C695B
:1010900062726174696F6E20737563636565646500
:1010A000640000006661696C65642C206368656398
:1010B0006B2070482070726F6265202564210000EB
:1010C0007375726520746F2063616C6962726174FC
:1010D000652045432073656E736F722025643F0061
:1010E0007075742070726F626520696E20736F6C0A
:1010F0007574696F6E2033206D53000025642525BB
:101100000000000050415220256400004441574E29
:1011100020253032643A25303264000025303264B4
:101120003A25303264204455534B00004441592045
:10113000253032643A253032640000002532642EB6
:10114000256400000000000000000080FB380B3820
:10115000000000409D034138000000A08444753821
:10116000000000C0A595AA38000000A0879DE038C7
:1011700000000080E9C41439000000E023F649397A
:1011800000000060D6398039000000004C48B439B6
:10119000000000005F5AE939000000C0F6B01F3AB5
:1011A000000000409ACE533A000000C040C2883A86
:1011B00000000000D1F2BE3A000000A0C257F33A8E
:1011C00000000040B32D283B0000002020395E3B8A
:1011D00000000000B4E3923B00000000A19CC73B6C
:1011E00000000040C983FD3B000000E05D72323C1E
:1011F00000000040F50E673C000000A0B2D29C3C0D
:10120000000000A0AF03D23C000000809B84063D9C
:1012100000000060C2253C3D000000809997713DB0
:10122000000000E07FFDA53D000000E0DF7CDB3D2D
:10123000000000E00B2E113E000000E08E79453EDC
:10124000000000A0F2D77A3E000000A0F7C6B03E32
:1012500000000080B5F8E43E000000E0E2361A3FEE
:10126000000000E04D62503F00000040E17A843F02
:10127000000000A09999B93F000000000000F03F75
:101280000000000000002440000000000000594061
:101290000000000000408F40000000000088C340B4
:1012A00000000000006AF8400000000080842E4129
:1012B00000000000D01263410000000084D7974175
:1012C0000000000065CDCD41000000205FA002427B
:1012D000000000E076483742000000A0941A6D42FA
:1012E000000000E09C30A24200000020C4BCD642B6
:1012F00000000020F56B0C430000004079C341431F
:101300000000008057347643000000606DC1AB439D
:1013100000000060E458E143000000801DAF154468
:10132000000000E0E41A4B4400000000CFF08044CD
:10133000000000C0022DB544000000804378EA445C
:10134000000000202A8B2045000000C0F4AD544569
:10135000000000E071D9894500000020E727C04562
:1013600000000000E131F44500000040593E2946EC
:1013700000000080EF8D5F46000000C0B5B89346C6
:1013800000000020E3A6C846000000E09BD0FE4617
:101390000000008061423347000000C0F912684736
:1013A00000000040B8179E4700000020D3CED2476F
:1013B000FB21F93FFB2109407CD91240FB21194058
:1013C0007A6A1F407CD92240BBFD2540FB21294081
:1013D0003A462C407A6A2F405C4731407CD93240F3
:1013E0009C6B3440BBFD3540DB8F3740FB213940DF
:1013F0001BB43A403A463C405AD83D407A6A3F4096
:101400004C7E40405C4741406C1042407CD9424099
:101410008CA243409C6B4440AC344540BBFD4540EE
:10142000CBC64640DB8F4740EB584840FB21494044
:1014300083F9A200444E6E00FC291500D157270005
:10144000DD34F50062DBC0003C999500419043001B
:101450006351FE00BBDEAB00B761C5003A6E2400ED
:10146000D24D42004906E00009EA2E001C92D1004C
:10147000EB1DFE0029B11C00E83EA700F5358200F7
:1014800044BB2E009CE98400B4267000417E5F00BE
:10149000D6913900538339009CF439008B5F840066
:1014A00028F9BD00F81F3B00DEFF97000F980500EC
:1014B000112FEF000A5A8B006D1F6D00CF7E360092
:1014C00009CB2700464FB7009E663F002DEA5F001C
:1014D000BA277500E5EBC7003D7BF100F73907003F
:1014E00092528A00FB6BEA001FB15F00085D8D001D
:1014F000300356007BFC4600F0AB6B0020BCCF00F5
:1015000036F49A00E3A91D005E619100081BE60015
:1015100085996500A0145F008D40680080D8FF00A9
:1015200027734D0006063100CA561500C9A873007E
:101530007BE260006B8CC000020000000300000032
:10154000040000000600000000000040FB21F93FFD
:10155000000000002D44743E000000809846F83CD6
:101560000000006051CC783B00000080831BF03904
:101570000000004020257A38000000802282E336F7
:10158000000000001DF369350020202020202020CD
:101590002020282828282820202020202020202023
:1015A0002020202020202020208810101010101033
:1015B000101010101010101010040404040404047F
:1015C0000404041010101010101041414141414119
:1015D00001010101010101010101010101010101FB
:1015E000010101011010101010104242424242420B
:1015F00002020202020202020202020202020202CB
:101600000202020210101010200000000000000072
:1016100000000000000000000000000000000000CA
:1016200000000000000000000000000000000000BA
:1016300000000000000000000000000000000000AA
:10164000000000000000000000000000000000009A
:10165000000000000000000000000000000000008A
:10166000000000000000000000000000000000007A
:10167000000000000000000000000000000000006A
:101680000000000000000000000000004300000017
:10169000D00000200000000000000000000000005A
:1016A00001010100020202000000803F0000803FB3
:1016B0000000803F0101010001010100CC13002066
:1016C000DFE83F3E7650733EA02F69B9E8C321356D
:1016D000416528B0F0AC7F4016C8573F67FB90BB10
:1016E000449D643871B659B42C1400200A000000DF
:1016F00008000000EC14002008010000EC14002099
:10170000280029002A0000003200330034000000C5
:101710000A000B000C0000000D000E000F0000007E
:1017200049004A004B000000460047004800000006
:1017300050005100520000005A005B005C005D0048
:101740005E005F0060006100620000004300440032
:10175000450000003C003D003E0000003F0040000E
:101760004100000001000000881501080000000091
:1017700000000000BC030020240400208C04002092
:101780000000000000000000000000000000000059
:101790000000000000000000000000000000000049
:1017A000000000008C16010800000000000000008E
:1017B0000000000000000000000000000000000029
:1017C0000000000000000000000000000000000019
:1017D0000000000000000000000000000000000009
:1017E00000000000000000000000000000000000F9
:1017F00000000000000000000000000000000000E9
:1018000000000000000000000000000000000000D8
:1018100000000000000000000100000000000000C7
:101820000E33CDAB34126DE6ECDE05000B0000008C
:1018300000000000000000000000000000000000A8
:101840000000000000000000000000000000000098
:101850000000000000000000000000000000000088
:101860000000000000000000000000000000000078
:101870000000000000000000000000000000000068
:101880000000000000000000000000000000000058
:101890000000000000000000000000000000000048
:1018A0000000000000000000000000000000000038
:1018B0000000000000000000000000000000000028
:1018C0000000000000000000000000000000000018
:1018D0000000000000000000000000000000000008
:1018E00000000000000000000000000000000000F8
:1018F00000000000000000000000000000000000E8
:1019000000000000000000000000000000000000D7
:1019100000000000000000000000000000000000C7
:1019200000000000000000000000000000000000B7
:1019300000000000000000000000000000000000A7
:101940000000000000000000000000000000000097
:101950000000000000000000000000000000000087
:101960000000000000000000000000000000000077
:101970000000000000000000000000000000000067
:101980000000000000000000000000000000000057
:101990000000000000000000000000000000000047
:1019A0000000000000000000000000000000000037
:1019B0000000000000000000000000000000000027
:1019C0000000000000000000000000000000000017
:1019D0000000000000000000000000000000000007
:1019E00000000000000000000000000000000000F7
:1019F00000000000000000000000000000000000E7
:101A000000000000000000000000000000000000D6
:101A100000000000000000000000000000000000C6
:101A200000000000000000000000000000000000B6
:101A300000000000000000000000000000000000A6
:101A40000000000000000000000000000000000096
:101A50000000000000000000000000000000000086
:101A60000000000000000000000000000000000076
:101A70000000000000000000000000000000000066
:101A80000000000000000000000000000000000056
:101A90000000000000000000000000000000000046
:101AA0000000000000000000000000000000000036
:101AB0000000000000000000000000000000000026
:101AC0000000000000000000000000000000000016
:101AD0000000000000000000000000000000000006
:101AE00000000000000000000000000000000000F6
:101AF00000000000000000000000000000000000E6
:101B000000000000000000000000000000000000D5
:101B100000000000000000000000000000000000C5
:101B200000000000000000000000000000000000B5
:101B300000000000000000000000000000000000A5
:101B40000000000000000000000000000000000095
:101B50000000000000000000000000000000000085
:101B60000000000000000000000000000000000075
:101B70000000000000000000000000000000000065
:101B80000000000000000000000000000000000055
:0C1B90000000000000000000D000002059
:00000001FF
