MOISTER: 0 VDDA: 2.78 Vsol: 1.92 Vbat: 2.84  NTC: 21.1 20.5 20.5 25.0  SOIL: 1491.0 1097.0 690.0 
MOISTER: 1 VDDA: 2.79 Vsol: 1.81 Vbat: 2.93  NTC: 21.1 20.7 20.5 25.6  SOIL: 1456.0 1087.0 689.0 
MOISTER: 2 VDDA: 2.79 Vsol: 1.76 Vbat: 2.94  NTC: 21.2 20.7 20.5 25.3  SOIL: 1456.0 1089.0 686.0 
MOISTER: 3 VDDA: 2.79 Vsol: 1.79 Vbat: 2.97  NTC: 21.2 20.7 20.6 25.1  SOIL: 1451.0 1085.0 683.0 
MOISTER: 4 VDDA: 2.80 Vsol: 1.81 Vbat: 2.98  NTC: 21.2 20.7 20.6 25.1  SOIL: 1460.0 1090.0 689.0 
MOISTER: 5 VDDA: 2.78 Vsol: 1.80 Vbat: 3.05  NTC: 21.2 20.7 20.6 26.4  SOIL: 1464.0 1095.0 693.0 
MOISTER: 6 VDDA: 2.78 Vsol: 1.88 Vbat: 3.10  NTC: 21.3 20.7 20.6 27.5  SOIL: 1464.0 1095.0 693.0 
MOISTER: 7 VDDA: 2.79 Vsol: 1.88 Vbat: 3.11  NTC: 21.3 20.7 20.7 27.4  SOIL: 1463.0 1094.0 689.0 
MOISTER: 8 VDDA: 2.78 Vsol: 1.79 Vbat: 3.11  NTC: 21.3 20.8 20.7 27.1  SOIL: 1462.0 1092.0 689.0 
MOISTER: 9 VDDA: 2.78 Vsol: 1.77 Vbat: 3.12  NTC: 21.4 20.8 20.7 26.6  SOIL: 1461.0 1092.0 691.0 
MOISTER: 10 VDDA: 2.78 Vsol: 1.85 Vbat: 3.14  NTC: 21.4 20.8 20.7 27.4  SOIL: 1461.0 1092.0 688.0 
MOISTER: 11 VDDA: 2.78 Vsol: 1.77 Vbat: 3.15  NTC: 21.5 20.8 20.7 27.0  SOIL: 1460.0 1094.0 688.0 
MOISTER: 12 VDDA: 2.79 Vsol: 1.76 Vbat: 3.16  NTC: 21.5 20.9 20.8 26.3  SOIL: 1457.0 1091.0 688.0 
MOISTER: 13 VDDA: 2.78 Vsol: 1.82 Vbat: 3.17  NTC: 21.5 20.9 20.8 26.0  SOIL: 1457.0 1091.0 689.0 
MOISTER: 14 VDDA: 2.78 Vsol: 1.79 Vbat: 3.17  NTC: 21.6 20.9 20.9 26.2  SOIL: 1457.0 1091.0 689.0 
MOISTER: 15 VDDA: 2.78 Vsol: 1.77 Vbat: 3.17  NTC: 21.6 20.9 20.9 26.0  SOIL: 1458.0 1091.0 690.0 
MOISTER: 16 VDDA: 2.79 Vsol: 1.89 Vbat: 3.21  NTC: 21.6 21.0 20.9 26.7  SOIL: 1460.0 1091.0 687.0 
MOISTER: 17 VDDA: 2.79 Vsol: 1.82 Vbat: 3.23  NTC: 21.7 21.0 21.0 28.9  SOIL: 1461.0 1090.0 690.0 
MOISTER: 18 VDDA: 2.79 Vsol: 1.77 Vbat: 3.23  NTC: 21.8 21.0 21.0 27.5  SOIL: 1461.0 1092.0 691.0 
MOISTER: 19 VDDA: 2.79 Vsol: 1.83 Vbat: 3.23  NTC: 21.8 21.0 21.0 26.9  SOIL: 1460.0 1091.0 692.0 
MOISTER: 20 VDDA: 2.78 Vsol: 1.85 Vbat: 3.24  NTC: 21.8 21.1 21.1 27.6  SOIL: 1461.0 1088.0 691.0 
MOISTER: 21 VDDA: 2.79 Vsol: 1.86 Vbat: 3.26  NTC: 21.9 21.1 21.1 28.7  SOIL: 1454.0 1091.0 687.0 
MOISTER: 22 VDDA: 2.79 Vsol: 1.90 Vbat: 3.28  NTC: 21.9 21.2 21.2 28.2  SOIL: 1454.0 1087.0 688.0 
MOISTER: 23 VDDA: 2.79 Vsol: 1.86 Vbat: 3.28  NTC: 21.9 21.2 21.2 28.6  SOIL: 1455.0 1088.0 688.0 
MOISTER: 24 VDDA: 2.79 Vsol: 2.41 Vbat: 3.29  NTC: 22.0 21.2 21.3 28.2  SOIL: 1455.0 1089.0 688.0 
MOISTER: 25 VDDA: 2.79 Vsol: 2.06 Vbat: 3.31  NTC: 22.0 21.2 21.3 29.1  SOIL: 1454.0 1092.0 688.0 
MOISTER: 26 VDDA: 2.79 Vsol: 1.84 Vbat: 3.32  NTC: 22.1 21.3 21.4 30.2  SOIL: 1457.0 1091.0 690.0 
MOISTER: 27 VDDA: 2.79 Vsol: 1.84 Vbat: 3.33  NTC: 22.2 21.3 21.4 29.3  SOIL: 1460.0 1087.0 689.0 
MOISTER: 28 VDDA: 2.79 Vsol: 2.06 Vbat: 3.36  NTC: 22.3 21.3 21.5 30.4  SOIL: 1461.0 1089.0 688.0 
MOISTER: 29 VDDA: 2.79 Vsol: 2.02 Vbat: 3.38  NTC: 22.3 21.4 21.6 32.6  SOIL: 1456.0 1085.0 692.0 
MOISTER: 30 VDDA: 2.79 Vsol: 2.01 Vbat: 3.40  NTC: 22.4 21.4 21.6 33.7  SOIL: 1456.0 1084.0 691.0 
MOISTER: 31 VDDA: 2.79 Vsol: 1.88 Vbat: 3.40  NTC: 22.5 21.5 21.7 33.1  SOIL: 1461.0 1086.0 688.0 
MOISTER: 32 VDDA: 2.80 Vsol: 2.02 Vbat: 3.43  NTC: 22.6 21.5 21.7 33.8  SOIL: 1455.0 1084.0 689.0 
MOISTER: 33 VDDA: 2.79 Vsol: 1.82 Vbat: 3.40  NTC: 22.7 21.6 21.8 33.9  SOIL: 1452.0 1088.0 688.0 
MOISTER: 34 VDDA: 2.79 Vsol: 1.78 Vbat: 3.42  NTC: 22.7 21.6 21.8 32.0  SOIL: 1455.0 1085.0 687.0 
MOISTER: 35 VDDA: 2.79 Vsol: 2.03 Vbat: 3.45  NTC: 22.8 21.7 21.9 33.4  SOIL: 1451.0 1084.0 690.0 
MOISTER: 36 VDDA: 2.80 Vsol: 2.03 Vbat: 3.45  NTC: 22.9 21.7 22.0 34.5  SOIL: 1451.0 1086.0 687.0 
MOISTER: 37 VDDA: 2.80 Vsol: 1.97 Vbat: 3.47  NTC: 23.0 21.8 22.1 35.3  SOIL: 1447.0 1080.0 686.0 
MOISTER: 38 VDDA: 2.80 Vsol: 1.96 Vbat: 3.47  NTC: 23.1 21.9 22.1 35.3  SOIL: 1447.0 1079.0 688.0 
MOISTER: 39 VDDA: 2.79 Vsol: 2.01 Vbat: 3.48  NTC: 23.2 21.9 22.3 34.8  SOIL: 1436.0 1078.0 685.0 
MOISTER: 40 VDDA: 2.79 Vsol: 1.98 Vbat: 3.50  NTC: 23.4 22.0 22.4 35.6  SOIL: 1443.0 1076.0 690.0 
MOISTER: 41 VDDA: 2.80 Vsol: 1.76 Vbat: 3.48  NTC: 23.4 22.0 22.4 34.7  SOIL: 1437.0 1081.0 685.0 
MOISTER: 42 VDDA: 2.82 Vsol: 1.80 Vbat: 3.51  NTC: 23.5 22.1 22.5 32.3  SOIL: 1439.0 1079.0 689.0 
MOISTER: 43 VDDA: 2.80 Vsol: 1.83 Vbat: 3.49  NTC: 23.5 22.1 22.6 31.3  SOIL: 1452.0 1088.0 689.0 
MOISTER: 44 VDDA: 2.80 Vsol: 1.82 Vbat: 3.49  NTC: 23.6 22.2 22.7 31.0  SOIL: 1447.0 1083.0 691.0 
MOISTER: 45 VDDA: 2.80 Vsol: 1.82 Vbat: 3.48  NTC: 23.7 22.3 22.8 30.0  SOIL: 1442.0 1084.0 693.0 
MOISTER: 46 VDDA: 2.80 Vsol: 1.88 Vbat: 3.49  NTC: 23.7 22.4 22.9 30.0  SOIL: 1447.0 1083.0 686.0 
MOISTER: 47 VDDA: 2.80 Vsol: 2.04 Vbat: 3.54  NTC: 23.8 22.4 23.0 31.3  SOIL: 1442.0 1081.0 687.0 
MOISTER: 48 VDDA: 2.81 Vsol: 2.01 Vbat: 3.53  NTC: 23.9 22.6 23.2 32.7  SOIL: 1441.0 1082.0 685.0 
MOISTER: 49 VDDA: 2.79 Vsol: 1.88 Vbat: 3.52  NTC: 24.0 22.6 23.2 33.0  SOIL: 1439.0 1075.0 684.0 
MOISTER: 50 VDDA: 2.81 Vsol: 2.33 Vbat: 3.53  NTC: 24.1 22.7 23.3 31.4  SOIL: 1445.0 1080.0 688.0 
MOISTER: 51 VDDA: 2.80 Vsol: 1.76 Vbat: 3.51  NTC: 24.1 22.7 23.3 30.0  SOIL: 1445.0 1088.0 688.0 
MOISTER: 52 VDDA: 2.80 Vsol: 1.78 Vbat: 3.52  NTC: 24.1 22.7 23.4 28.9  SOIL: 1446.0 1085.0 691.0 
MOISTER: 53 VDDA: 2.79 Vsol: 1.80 Vbat: 3.52  NTC: 24.1 22.8 23.5 29.2  SOIL: 1445.0 1083.0 690.0 
MOISTER: 54 VDDA: 2.79 Vsol: 1.99 Vbat: 3.51  NTC: 24.2 22.8 23.6 30.0  SOIL: 1443.0 1081.0 686.0 
MOISTER: 55 VDDA: 2.79 Vsol: 1.76 Vbat: 3.53  NTC: 24.2 22.9 23.7 28.9  SOIL: 1447.0 1084.0 690.0 
MOISTER: 56 VDDA: 2.80 Vsol: 1.82 Vbat: 3.55  NTC: 24.3 23.0 23.7 28.6  SOIL: 1444.0 1084.0 687.0 
MOISTER: 57 VDDA: 2.80 Vsol: 1.91 Vbat: 3.53  NTC: 24.3 23.0 23.8 28.7  SOIL: 1447.0 1085.0 689.0 
MOISTER: 58 VDDA: 2.80 Vsol: 2.02 Vbat: 3.58  NTC: 24.3 23.1 23.9 29.9  SOIL: 1442.0 1079.0 688.0 
MOISTER: 59 VDDA: 2.80 Vsol: 1.78 Vbat: 3.54  NTC: 24.3 23.1 23.9 31.6  SOIL: 1441.0 1081.0 684.0 
MOISTER: 60 VDDA: 2.81 Vsol: 1.77 Vbat: 3.57  NTC: 24.4 23.2 24.0 30.1  SOIL: 1441.0 1084.0 685.0 
MOISTER: 61 VDDA: 2.80 Vsol: 1.99 Vbat: 3.55  NTC: 24.4 23.2 24.1 30.1  SOIL: 1439.0 1082.0 687.0 
MOISTER: 62 VDDA: 2.80 Vsol: 2.06 Vbat: 3.55  NTC: 24.4 23.3 24.1 31.7  SOIL: 1440.0 1082.0 689.0 
MOISTER: 63 VDDA: 2.80 Vsol: 2.04 Vbat: 3.59  NTC: 24.5 23.3 24.1 32.3  SOIL: 1437.0 1076.0 687.0 
MOISTER: 64 VDDA: 2.81 Vsol: 1.79 Vbat: 3.56  NTC: 24.6 23.3 24.1 32.3  SOIL: 1440.0 1082.0 689.0 
MOISTER: 65 VDDA: 2.80 Vsol: 1.81 Vbat: 3.54  NTC: 24.6 23.4 24.2 32.4  SOIL: 1436.0 1078.0 686.0 
MOISTER: 66 VDDA: 2.80 Vsol: 2.01 Vbat: 3.58  NTC: 24.6 23.4 24.2 32.5  SOIL: 1441.0 1078.0 685.0 
MOISTER: 67 VDDA: 2.80 Vsol: 1.93 Vbat: 3.58  NTC: 24.7 23.5 24.3 32.7  SOIL: 1438.0 1079.0 687.0 
MOISTER: 68 VDDA: 2.80 Vsol: 2.01 Vbat: 3.61  NTC: 24.8 23.5 24.4 33.4  SOIL: 1437.0 1077.0 687.0 
MOISTER: 69 VDDA: 2.80 Vsol: 1.92 Vbat: 3.56  NTC: 24.8 23.5 24.4 33.0  SOIL: 1437.0 1081.0 687.0 
MOISTER: 70 VDDA: 2.80 Vsol: 1.99 Vbat: 3.61  NTC: 24.9 23.5 24.5 34.5  SOIL: 1442.0 1073.0 688.0 
MOISTER: 71 VDDA: 2.82 Vsol: 2.03 Vbat: 3.61  NTC: 25.0 23.6 24.5 35.0  SOIL: 1435.0 1072.0 684.0 
MOISTER: 72 VDDA: 2.81 Vsol: 1.79 Vbat: 3.59  NTC: 25.0 23.6 24.6 33.5  SOIL: 1441.0 1072.0 687.0 
MOISTER: 73 VDDA: 2.82 Vsol: 2.04 Vbat: 3.63  NTC: 25.0 23.7 24.6 33.0  SOIL: 1439.0 1078.0 687.0 
MOISTER: 74 VDDA: 2.81 Vsol: 1.94 Vbat: 3.60  NTC: 25.2 23.7 24.7 33.6  SOIL: 1434.0 1073.0 686.0 
MOISTER: 75 VDDA: 2.81 Vsol: 2.00 Vbat: 3.63  NTC: 25.2 23.8 24.8 33.4  SOIL: 1435.0 1077.0 690.0 
MOISTER: 76 VDDA: 2.82 Vsol: 2.02 Vbat: 3.66  NTC: 25.3 23.9 24.8 34.3  SOIL: 1434.0 1075.0 686.0 
MOISTER: 77 VDDA: 2.81 Vsol: 1.81 Vbat: 3.60  NTC: 25.4 23.9 25.0 33.2  SOIL: 1434.0 1074.0 684.0 
MOISTER: 78 VDDA: 2.81 Vsol: 2.03 Vbat: 3.65  NTC: 25.4 24.0 25.0 32.7  SOIL: 1439.0 1074.0 687.0 
MOISTER: 79 VDDA: 2.80 Vsol: 1.74 Vbat: 3.63  NTC: 25.4 24.0 25.1 31.9  SOIL: 1436.0 1076.0 688.0 
MOISTER: 80 VDDA: 2.80 Vsol: 2.03 Vbat: 3.64  NTC: 25.4 24.1 25.2 32.3  SOIL: 1434.0 1078.0 687.0 
MOISTER: 81 VDDA: 2.82 Vsol: 1.93 Vbat: 3.65  NTC: 25.5 24.2 25.2 33.2  SOIL: 1435.0 1074.0 685.0 
MOISTER: 82 VDDA: 2.82 Vsol: 2.02 Vbat: 3.65  NTC: 25.6 24.2 25.2 32.2  SOIL: 1434.0 1077.0 687.0 
MOISTER: 83 VDDA: 2.82 Vsol: 1.96 Vbat: 3.64  NTC: 25.6 24.2 25.3 33.4  SOIL: 1438.0 1074.0 688.0 
MOISTER: 84 VDDA: 2.80 Vsol: 2.00 Vbat: 3.64  NTC: 25.6 24.3 25.4 33.1  SOIL: 1432.0 1071.0 684.0 
MOISTER: 85 VDDA: 2.82 Vsol: 1.88 Vbat: 3.66  NTC: 25.7 24.4 25.4 32.7  SOIL: 1442.0 1076.0 688.0 
MOISTER: 86 VDDA: 2.79 Vsol: 2.00 Vbat: 3.64  NTC: 25.8 24.4 25.5 33.9  SOIL: 1436.0 1076.0 686.0 
MOISTER: 87 VDDA: 2.80 Vsol: 2.00 Vbat: 3.65  NTC: 25.8 24.4 25.6 34.2  SOIL: 1426.0 1073.0 685.0 
MOISTER: 88 VDDA: 2.81 Vsol: 2.02 Vbat: 3.66  NTC: 25.9 24.5 25.6 34.5  SOIL: 1429.0 1073.0 685.0 
MOISTER: 89 VDDA: 2.80 Vsol: 1.86 Vbat: 3.63  NTC: 25.9 24.5 25.7 33.8  SOIL: 1439.0 1075.0 682.0 
MOISTER: 90 VDDA: 2.82 Vsol: 1.75 Vbat: 3.66  NTC: 26.0 24.6 25.7 32.0  SOIL: 1435.0 1081.0 690.0 
MOISTER: 91 VDDA: 2.80 Vsol: 1.98 Vbat: 3.64  NTC: 26.0 24.6 25.8 31.1  SOIL: 1442.0 1084.0 687.0 
MOISTER: 92 VDDA: 2.79 Vsol: 2.00 Vbat: 3.64  NTC: 26.0 24.7 25.8 32.8  SOIL: 1436.0 1073.0 687.0 
MOISTER: 93 VDDA: 2.81 Vsol: 1.93 Vbat: 3.66  NTC: 26.0 24.7 25.9 33.5  SOIL: 1428.0 1076.0 686.0 
MOISTER: 94 VDDA: 2.79 Vsol: 1.68 Vbat: 3.62  NTC: 26.1 24.7 25.9 32.4  SOIL: 1434.0 1082.0 687.0 
MOISTER: 95 VDDA: 2.80 Vsol: 2.01 Vbat: 3.64  NTC: 26.1 24.8 26.0 32.0  SOIL: 1440.0 1078.0 684.0 
MOISTER: 96 VDDA: 2.80 Vsol: 1.99 Vbat: 3.64  NTC: 26.1 24.8 26.0 32.4  SOIL: 1441.0 1079.0 687.0 
MOISTER: 97 VDDA: 2.80 Vsol: 1.77 Vbat: 3.63  NTC: 26.2 24.9 26.1 32.1  SOIL: 1435.0 1077.0 689.0 
MOISTER: 98 VDDA: 2.81 Vsol: 1.83 Vbat: 3.63  NTC: 26.2 24.9 26.1 31.9  SOIL: 1445.0 1080.0 690.0 
MOISTER: 99 VDDA: 2.80 Vsol: 1.78 Vbat: 3.64  NTC: 26.2 24.9 26.2 30.9  SOIL: 1445.0 1079.0 688.0 
MOISTER: 100 VDDA: 2.79 Vsol: 1.74 Vbat: 3.63  NTC: 26.2 24.9 26.2 29.9  SOIL: 1448.0 1080.0 688.0 
MOISTER: 101 VDDA: 2.80 Vsol: 1.67 Vbat: 3.64  NTC: 26.2 25.0 26.2 28.9  SOIL: 1448.0 1088.0 688.0 
MOISTER: 102 VDDA: 2.79 Vsol: 1.65 Vbat: 3.62  NTC: 26.1 25.0 26.2 28.1  SOIL: 1445.0 1084.0 689.0 
MOISTER: 103 VDDA: 2.81 Vsol: 1.64 Vbat: 3.64  NTC: 26.1 25.0 26.2 27.7  SOIL: 1451.0 1090.0 691.0 
MOISTER: 104 VDDA: 2.79 Vsol: 1.61 Vbat: 3.61  NTC: 26.1 25.0 26.2 27.1  SOIL: 1446.0 1089.0 693.0 
MOISTER: 105 VDDA: 2.80 Vsol: 1.62 Vbat: 3.64  NTC: 26.0 25.0 26.2 26.9  SOIL: 1453.0 1085.0 692.0 
MOISTER: 106 VDDA: 2.81 Vsol: 1.62 Vbat: 3.63  NTC: 26.0 25.0 26.2 26.6  SOIL: 1453.0 1088.0 692.0 
MOISTER: 107 VDDA: 2.81 Vsol: 1.62 Vbat: 3.65  NTC: 26.0 25.0 26.2 26.5  SOIL: 1450.0 1085.0 694.0 
MOISTER: 108 VDDA: 2.78 Vsol: 1.60 Vbat: 3.61  NTC: 25.9 25.0 26.2 26.2  SOIL: 1454.0 1088.0 692.0 
MOISTER: 109 VDDA: 2.79 Vsol: 2.02 Vbat: 3.61  NTC: 25.8 25.0 26.2 26.0  SOIL: 1447.0 1087.0 694.0 
MOISTER: 110 VDDA: 2.79 Vsol: 1.59 Vbat: 3.60  NTC: 25.8 25.0 26.2 25.7  SOIL: 1447.0 1086.0 691.0 
MOISTER: 111 VDDA: 2.82 Vsol: 1.61 Vbat: 3.65  NTC: 25.7 25.0 26.2 25.7  SOIL: 1454.0 1090.0 692.0 
MOISTER: 112 VDDA: 2.80 Vsol: 2.02 Vbat: 3.64  NTC: 25.7 25.0 26.1 25.7  SOIL: 1449.0 1086.0 690.0 
MOISTER: 113 VDDA: 2.79 Vsol: 1.58 Vbat: 3.63  NTC: 25.6 25.0 26.1 25.7  SOIL: 1452.0 1090.0 695.0 
MOISTER: 114 VDDA: 2.82 Vsol: 1.59 Vbat: 3.64  NTC: 25.6 25.0 26.1 25.6  SOIL: 1455.0 1090.0 690.0 
MOISTER: 115 VDDA: 2.79 Vsol: 1.57 Vbat: 3.61  NTC: 25.5 25.0 26.1 25.5  SOIL: 1453.0 1086.0 696.0 
MOISTER: 116 VDDA: 2.80 Vsol: 1.57 Vbat: 3.63  NTC: 25.5 24.9 26.0 25.5  SOIL: 1455.0 1084.0 695.0 
MOISTER: 117 VDDA: 2.81 Vsol: 1.58 Vbat: 3.66  NTC: 25.4 24.9 26.0 25.5  SOIL: 1452.0 1089.0 694.0 
MOISTER: 118 VDDA: 2.81 Vsol: 1.57 Vbat: 3.63  NTC: 25.4 24.9 26.0 25.3  SOIL: 1449.0 1085.0 694.0 
MOISTER: 119 VDDA: 2.82 Vsol: 1.58 Vbat: 3.66  NTC: 25.4 24.9 25.9 25.3  SOIL: 1452.0 1089.0 693.0 
MOISTER: 120 VDDA: 2.78 Vsol: 1.56 Vbat: 3.61  NTC: 25.3 24.9 25.9 25.1  SOIL: 1449.0 1087.0 693.0 
MOISTER: 121 VDDA: 2.81 Vsol: 1.57 Vbat: 3.64  NTC: 25.2 24.9 25.9 25.2  SOIL: 1449.0 1086.0 692.0 
MOISTER: 122 VDDA: 2.81 Vsol: 1.56 Vbat: 3.64  NTC: 25.2 24.9 25.8 25.2  SOIL: 1456.0 1090.0 692.0 
MOISTER: 123 VDDA: 2.79 Vsol: 1.54 Vbat: 3.60  NTC: 25.2 24.9 25.8 25.2  SOIL: 1453.0 1086.0 697.0 
MOISTER: 124 VDDA: 2.81 Vsol: 1.56 Vbat: 3.65  NTC: 25.1 24.8 25.8 25.2  SOIL: 1453.0 1095.0 697.0 
MOISTER: 125 VDDA: 2.79 Vsol: 1.97 Vbat: 3.60  NTC: 25.1 24.8 25.7 25.2  SOIL: 1454.0 1088.0 694.0 
MOISTER: 126 VDDA: 2.82 Vsol: 1.57 Vbat: 3.66  NTC: 25.0 24.8 25.7 25.2  SOIL: 1456.0 1087.0 694.0 
MOISTER: 127 VDDA: 2.79 Vsol: 1.54 Vbat: 3.61  NTC: 25.0 24.8 25.7 25.2  SOIL: 1455.0 1091.0 694.0 
MOISTER: 128 VDDA: 2.83 Vsol: 1.56 Vbat: 3.66  NTC: 24.9 24.8 25.6 25.1  SOIL: 1446.0 1088.0 692.0 
MOISTER: 129 VDDA: 2.80 Vsol: 1.56 Vbat: 3.63  NTC: 24.9 24.7 25.6 25.1  SOIL: 1457.0 1091.0 699.0 
MOISTER: 130 VDDA: 2.78 Vsol: 1.54 Vbat: 3.60  NTC: 24.8 24.7 25.6 25.1  SOIL: 1453.0 1090.0 694.0 
MOISTER: 131 VDDA: 2.82 Vsol: 1.55 Vbat: 3.64  NTC: 24.8 24.7 25.5 25.0  SOIL: 1454.0 1094.0 697.0 
MOISTER: 132 VDDA: 2.82 Vsol: 1.55 Vbat: 3.66  NTC: 24.8 24.7 25.5 25.0  SOIL: 1450.0 1092.0 696.0 
MOISTER: 133 VDDA: 2.79 Vsol: 1.54 Vbat: 3.61  NTC: 24.7 24.7 25.5 24.9  SOIL: 1459.0 1092.0 694.0 
MOISTER: 134 VDDA: 2.81 Vsol: 1.54 Vbat: 3.64  NTC: 24.7 24.6 25.4 24.9  SOIL: 1453.0 1088.0 696.0 
MOISTER: 135 VDDA: 2.80 Vsol: 1.54 Vbat: 3.63  NTC: 24.6 24.6 25.4 24.9  SOIL: 1460.0 1088.0 696.0 
MOISTER: 136 VDDA: 2.78 Vsol: 1.52 Vbat: 3.61  NTC: 24.6 24.6 25.3 25.0  SOIL: 1459.0 1091.0 698.0 
MOISTER: 137 VDDA: 2.78 Vsol: 1.52 Vbat: 3.61  NTC: 24.5 24.6 25.3 24.9  SOIL: 1451.0 1092.0 696.0 
MOISTER: 138 VDDA: 2.78 Vsol: 1.51 Vbat: 3.60  NTC: 24.5 24.6 25.2 24.8  SOIL: 1461.0 1092.0 695.0 
MOISTER: 139 VDDA: 2.81 Vsol: 1.54 Vbat: 3.65  NTC: 24.5 24.5 25.2 24.8  SOIL: 1450.0 1090.0 694.0 
MOISTER: 140 VDDA: 2.79 Vsol: 1.53 Vbat: 3.63  NTC: 24.4 24.5 25.2 24.9  SOIL: 1456.0 1090.0 696.0 
MOISTER: 141 VDDA: 2.78 Vsol: 1.52 Vbat: 3.60  NTC: 24.4 24.5 25.2 24.9  SOIL: 1457.0 1091.0 700.0 
MOISTER: 142 VDDA: 2.79 Vsol: 1.52 Vbat: 3.61  NTC: 24.3 24.4 25.2 24.8  SOIL: 1460.0 1091.0 701.0 
MOISTER: 143 VDDA: 2.82 Vsol: 1.55 Vbat: 3.67  NTC: 24.3 24.4 25.1 24.9  SOIL: 1457.0 1087.0 697.0 
MOISTER: 144 VDDA: 2.79 Vsol: 1.52 Vbat: 3.62  NTC: 24.3 24.4 25.1 24.9  SOIL: 1457.0 1085.0 700.0 
MOISTER: 145 VDDA: 2.82 Vsol: 1.54 Vbat: 3.66  NTC: 24.3 24.4 25.0 24.9  SOIL: 1453.0 1092.0 697.0 
MOISTER: 146 VDDA: 2.82 Vsol: 1.54 Vbat: 3.65  NTC: 24.2 24.4 25.0 24.9  SOIL: 1459.0 1091.0 699.0 
MOISTER: 147 VDDA: 2.81 Vsol: 1.53 Vbat: 3.64  NTC: 24.2 24.4 25.0 24.9  SOIL: 1456.0 1084.0 694.0 
MOISTER: 148 VDDA: 2.81 Vsol: 1.53 Vbat: 3.65  NTC: 24.2 24.4 24.9 24.9  SOIL: 1462.0 1090.0 700.0 
MOISTER: 149 VDDA: 2.78 Vsol: 1.52 Vbat: 3.60  NTC: 24.1 24.4 24.9 24.9  SOIL: 1458.0 1085.0 698.0 
MOISTER: 150 VDDA: 2.78 Vsol: 1.51 Vbat: 3.61  NTC: 24.1 24.4 24.8 24.9  SOIL: 1460.0 1090.0 694.0 
MOISTER: 151 VDDA: 2.80 Vsol: 1.52 Vbat: 3.62  NTC: 24.1 24.3 24.8 24.9  SOIL: 1451.0 1087.0 699.0 
MOISTER: 152 VDDA: 2.81 Vsol: 1.53 Vbat: 3.65  NTC: 24.0 24.3 24.8 25.0  SOIL: 1454.0 1092.0 700.0 
MOISTER: 153 VDDA: 2.82 Vsol: 1.53 Vbat: 3.66  NTC: 24.0 24.3 24.7 25.0  SOIL: 1458.0 1085.0 699.0 
MOISTER: 154 VDDA: 2.82 Vsol: 1.53 Vbat: 3.65  NTC: 24.0 24.2 24.7 25.0  SOIL: 1460.0 1087.0 697.0 
MOISTER: 155 VDDA: 2.79 Vsol: 1.52 Vbat: 3.63  NTC: 23.9 24.2 24.6 25.1  SOIL: 1457.0 1087.0 700.0 
MOISTER: 156 VDDA: 2.81 Vsol: 1.52 Vbat: 3.65  NTC: 23.9 24.2 24.6 25.1  SOIL: 1457.0 1086.0 700.0 
MOISTER: 157 VDDA: 2.79 Vsol: 1.51 Vbat: 3.61  NTC: 23.9 24.2 24.6 25.0  SOIL: 1454.0 1089.0 697.0 
MOISTER: 158 VDDA: 2.78 Vsol: 1.50 Vbat: 3.60  NTC: 23.9 24.2 24.6 25.0  SOIL: 1455.0 1086.0 702.0 
MOISTER: 159 VDDA: 2.80 Vsol: 1.51 Vbat: 3.61  NTC: 23.9 24.2 24.5 25.0  SOIL: 1456.0 1092.0 700.0 
MOISTER: 160 VDDA: 2.82 Vsol: 1.52 Vbat: 3.65  NTC: 23.8 24.2 24.5 25.1  SOIL: 1456.0 1089.0 701.0 
MOISTER: 161 VDDA: 2.79 Vsol: 1.50 Vbat: 3.61  NTC: 23.8 24.1 24.5 25.1  SOIL: 1458.0 1092.0 699.0 
MOISTER: 162 VDDA: 2.77 Vsol: 1.50 Vbat: 3.60  NTC: 23.8 24.1 24.4 25.1  SOIL: 1457.0 1090.0 699.0 
MOISTER: 163 VDDA: 2.80 Vsol: 1.51 Vbat: 3.61  NTC: 23.8 24.1 24.4 25.2  SOIL: 1463.0 1092.0 699.0 
MOISTER: 164 VDDA: 2.81 Vsol: 1.52 Vbat: 3.66  NTC: 23.7 24.1 24.3 25.2  SOIL: 1461.0 1089.0 695.0 
MOISTER: 165 VDDA: 2.80 Vsol: 1.51 Vbat: 3.62  NTC: 23.7 24.0 24.3 25.2  SOIL: 1458.0 1089.0 700.0 
MOISTER: 166 VDDA: 2.80 Vsol: 1.50 Vbat: 3.63  NTC: 23.7 24.0 24.3 25.1  SOIL: 1460.0 1085.0 699.0 
MOISTER: 167 VDDA: 2.78 Vsol: 1.50 Vbat: 3.61  NTC: 23.7 24.0 24.3 25.1  SOIL: 1461.0 1088.0 699.0 
MOISTER: 168 VDDA: 2.80 Vsol: 1.51 Vbat: 3.63  NTC: 23.7 24.0 24.2 25.1  SOIL: 1456.0 1089.0 701.0 
MOISTER: 169 VDDA: 2.81 Vsol: 1.51 Vbat: 3.63  NTC: 23.6 24.0 24.2 25.1  SOIL: 1458.0 1085.0 700.0 
MOISTER: 170 VDDA: 2.82 Vsol: 1.52 Vbat: 3.65  NTC: 23.6 24.0 24.2 25.1  SOIL: 1454.0 1092.0 700.0 
MOISTER: 171 VDDA: 2.81 Vsol: 1.51 Vbat: 3.64  NTC: 23.6 24.0 24.1 25.2  SOIL: 1457.0 1088.0 701.0 
MOISTER: 172 VDDA: 2.82 Vsol: 1.51 Vbat: 3.64  NTC: 23.6 24.0 24.1 25.2  SOIL: 1463.0 1087.0 700.0 
MOISTER: 173 VDDA: 2.83 Vsol: 1.52 Vbat: 3.66  NTC: 23.6 23.9 24.1 25.2  SOIL: 1467.0 1084.0 701.0 
MOISTER: 174 VDDA: 2.81 Vsol: 1.52 Vbat: 3.64  NTC: 23.5 23.9 24.1 25.3  SOIL: 1457.0 1089.0 704.0 
MOISTER: 175 VDDA: 2.80 Vsol: 1.51 Vbat: 3.62  NTC: 23.5 23.9 24.1 25.3  SOIL: 1463.0 1085.0 700.0 
MOISTER: 176 VDDA: 2.79 Vsol: 1.50 Vbat: 3.61  NTC: 23.5 23.9 24.1 25.3  SOIL: 1455.0 1086.0 702.0 
MOISTER: 177 VDDA: 2.79 Vsol: 1.50 Vbat: 3.60  NTC: 23.5 23.9 24.0 25.3  SOIL: 1457.0 1090.0 701.0 
MOISTER: 178 VDDA: 2.82 Vsol: 1.52 Vbat: 3.65  NTC: 23.5 23.9 24.0 25.4  SOIL: 1463.0 1088.0 703.0 
MOISTER: 179 VDDA: 2.79 Vsol: 1.51 Vbat: 3.62  NTC: 23.5 23.9 24.0 25.4  SOIL: 1461.0 1092.0 705.0 
MOISTER: 180 VDDA: 2.81 Vsol: 1.51 Vbat: 3.63  NTC: 23.4 23.8 23.9 25.4  SOIL: 1460.0 1085.0 702.0 
MOISTER: 181 VDDA: 2.82 Vsol: 1.52 Vbat: 3.63  NTC: 23.4 23.8 23.9 25.4  SOIL: 1465.0 1090.0 706.0 
MOISTER: 182 VDDA: 2.81 Vsol: 1.51 Vbat: 3.63  NTC: 23.4 23.8 23.9 25.4  SOIL: 1464.0 1086.0 703.0 
MOISTER: 183 VDDA: 2.82 Vsol: 1.52 Vbat: 3.65  NTC: 23.4 23.8 23.9 25.4  SOIL: 1459.0 1089.0 702.0 
MOISTER: 184 VDDA: 2.80 Vsol: 1.51 Vbat: 3.62  NTC: 23.4 23.8 23.9 25.3  SOIL: 1459.0 1084.0 703.0 
MOISTER: 185 VDDA: 2.77 Vsol: 1.49 Vbat: 3.59  NTC: 23.4 23.8 23.8 25.2  SOIL: 1467.0 1088.0 702.0 
MOISTER: 186 VDDA: 2.81 Vsol: 1.52 Vbat: 3.63  NTC: 23.4 23.8 23.8 25.2  SOIL: 1458.0 1085.0 706.0 
MOISTER: 187 VDDA: 2.81 Vsol: 1.51 Vbat: 3.63  NTC: 23.4 23.7 23.8 25.3  SOIL: 1458.0 1090.0 704.0 
MOISTER: 188 VDDA: 2.82 Vsol: 1.52 Vbat: 3.66  NTC: 23.4 23.7 23.8 25.4  SOIL: 1455.0 1087.0 704.0 
MOISTER: 189 VDDA: 2.78 Vsol: 1.49 Vbat: 3.59  NTC: 23.4 23.7 23.7 25.4  SOIL: 1463.0 1091.0 704.0 
MOISTER: 190 VDDA: 2.81 Vsol: 1.88 Vbat: 3.63  NTC: 23.4 23.7 23.7 25.4  SOIL: 1465.0 1088.0 704.0 
MOISTER: 191 VDDA: 2.83 Vsol: 1.52 Vbat: 3.65  NTC: 23.4 23.7 23.7 25.5  SOIL: 1457.0 1090.0 701.0 
MOISTER: 192 VDDA: 2.79 Vsol: 1.50 Vbat: 3.60  NTC: 23.4 23.7 23.7 25.5  SOIL: 1466.0 1091.0 705.0 
MOISTER: 193 VDDA: 2.82 Vsol: 1.51 Vbat: 3.63  NTC: 23.4 23.7 23.7 25.6  SOIL: 1458.0 1087.0 705.0 
MOISTER: 194 VDDA: 2.80 Vsol: 1.51 Vbat: 3.63  NTC: 23.4 23.7 23.7 25.6  SOIL: 1459.0 1088.0 704.0 
MOISTER: 195 VDDA: 2.78 Vsol: 1.49 Vbat: 3.61  NTC: 23.4 23.7 23.7 25.6  SOIL: 1459.0 1091.0 706.0 
MOISTER: 196 VDDA: 2.79 Vsol: 1.50 Vbat: 3.60  NTC: 23.4 23.6 23.6 25.5  SOIL: 1455.0 1085.0 704.0 
MOISTER: 197 VDDA: 2.78 Vsol: 1.50 Vbat: 3.59  NTC: 23.3 23.6 23.6 25.4  SOIL: 1468.0 1088.0 708.0 
MOISTER: 198 VDDA: 2.81 Vsol: 1.51 Vbat: 3.63  NTC: 23.3 23.6 23.6 25.4  SOIL: 1465.0 1092.0 707.0 
MOISTER: 199 VDDA: 2.82 Vsol: 1.51 Vbat: 3.65  NTC: 23.3 23.6 23.6 25.5  SOIL: 1458.0 1091.0 704.0 
MOISTER: 200 VDDA: 2.80 Vsol: 1.50 Vbat: 3.62  NTC: 23.3 23.6 23.6 25.6  SOIL: 1459.0 1087.0 706.0 
MOISTER: 201 VDDA: 2.82 Vsol: 1.50 Vbat: 3.63  NTC: 23.3 23.6 23.6 25.7  SOIL: 1465.0 1086.0 707.0 
MOISTER: 202 VDDA: 2.79 Vsol: 1.50 Vbat: 3.61  NTC: 23.3 23.6 23.5 25.8  SOIL: 1463.0 1087.0 706.0 
MOISTER: 203 VDDA: 2.82 Vsol: 1.52 Vbat: 3.65  NTC: 23.3 23.6 23.5 25.8  SOIL: 1463.0 1087.0 710.0 
MOISTER: 204 VDDA: 2.79 Vsol: 1.50 Vbat: 3.61  NTC: 23.2 23.6 23.5 25.8  SOIL: 1461.0 1085.0 707.0 
MOISTER: 205 VDDA: 2.83 Vsol: 1.52 Vbat: 3.65  NTC: 23.2 23.5 23.5 25.8  SOIL: 1458.0 1086.0 707.0 
MOISTER: 206 VDDA: 2.80 Vsol: 1.50 Vbat: 3.61  NTC: 23.2 23.5 23.5 25.8  SOIL: 1466.0 1088.0 706.0 
MOISTER: 207 VDDA: 2.82 Vsol: 1.51 Vbat: 3.64  NTC: 23.2 23.5 23.5 25.9  SOIL: 1456.0 1093.0 705.0 
MOISTER: 208 VDDA: 2.81 Vsol: 1.51 Vbat: 3.63  NTC: 23.2 23.5 23.5 25.9  SOIL: 1461.0 1088.0 706.0 
MOISTER: 209 VDDA: 2.79 Vsol: 1.51 Vbat: 3.62  NTC: 23.2 23.5 23.4 25.9  SOIL: 1462.0 1091.0 706.0 
MOISTER: 210 VDDA: 2.82 Vsol: 1.51 Vbat: 3.64  NTC: 23.2 23.5 23.4 25.9  SOIL: 1464.0 1084.0 706.0 
MOISTER: 211 VDDA: 2.82 Vsol: 1.51 Vbat: 3.64  NTC: 23.2 23.5 23.4 25.9  SOIL: 1466.0 1088.0 706.0 
MOISTER: 212 VDDA: 2.83 Vsol: 1.52 Vbat: 3.66  NTC: 23.2 23.5 23.4 25.9  SOIL: 1463.0 1086.0 706.0 
MOISTER: 213 VDDA: 2.82 Vsol: 1.52 Vbat: 3.64  NTC: 23.2 23.5 23.4 26.0  SOIL: 1466.0 1096.0 704.0 
MOISTER: 214 VDDA: 2.81 Vsol: 1.52 Vbat: 3.64  NTC: 23.2 23.5 23.4 26.0  SOIL: 1455.0 1090.0 707.0 
MOISTER: 215 VDDA: 2.83 Vsol: 1.53 Vbat: 3.64  NTC: 23.2 23.5 23.3 26.1  SOIL: 1462.0 1088.0 711.0 
MOISTER: 216 VDDA: 2.80 Vsol: 1.52 Vbat: 3.61  NTC: 23.2 23.5 23.3 26.1  SOIL: 1461.0 1089.0 710.0 
MOISTER: 217 VDDA: 2.78 Vsol: 1.52 Vbat: 3.59  NTC: 23.2 23.5 23.3 26.2  SOIL: 1466.0 1090.0 706.0 
MOISTER: 218 VDDA: 2.79 Vsol: 1.52 Vbat: 3.60  NTC: 23.2 23.5 23.3 26.2  SOIL: 1469.0 1094.0 709.0 
MOISTER: 219 VDDA: 2.82 Vsol: 1.55 Vbat: 3.65  NTC: 23.2 23.5 23.3 26.2  SOIL: 1461.0 1085.0 707.0 
MOISTER: 220 VDDA: 2.79 Vsol: 1.54 Vbat: 3.61  NTC: 23.2 23.5 23.3 26.2  SOIL: 1462.0 1093.0 708.0 
MOISTER: 221 VDDA: 2.82 Vsol: 1.55 Vbat: 3.65  NTC: 23.2 23.5 23.3 26.2  SOIL: 1462.0 1087.0 709.0 
MOISTER: 222 VDDA: 2.78 Vsol: 1.54 Vbat: 3.59  NTC: 23.2 23.5 23.3 26.3  SOIL: 1462.0 1091.0 706.0 
MOISTER: 223 VDDA: 2.82 Vsol: 1.99 Vbat: 3.64  NTC: 23.2 23.5 23.2 26.4  SOIL: 1459.0 1091.0 708.0 
MOISTER: 224 VDDA: 2.80 Vsol: 1.55 Vbat: 3.61  NTC: 23.2 23.5 23.2 26.4  SOIL: 1471.0 1088.0 710.0 
MOISTER: 225 VDDA: 2.81 Vsol: 1.56 Vbat: 3.64  NTC: 23.2 23.5 23.2 26.5  SOIL: 1465.0 1091.0 710.0 
MOISTER: 226 VDDA: 2.81 Vsol: 1.55 Vbat: 3.62  NTC: 23.2 23.5 23.2 26.4  SOIL: 1467.0 1092.0 712.0 
MOISTER: 227 VDDA: 2.81 Vsol: 1.54 Vbat: 3.64  NTC: 23.2 23.5 23.2 26.5  SOIL: 1464.0 1088.0 711.0 
MOISTER: 228 VDDA: 2.83 Vsol: 1.56 Vbat: 3.66  NTC: 23.2 23.4 23.2 26.5  SOIL: 1463.0 1092.0 711.0 
MOISTER: 229 VDDA: 2.81 Vsol: 1.55 Vbat: 3.63  NTC: 23.2 23.4 23.2 26.5  SOIL: 1460.0 1089.0 709.0 
MOISTER: 230 VDDA: 2.80 Vsol: 1.54 Vbat: 3.62  NTC: 23.1 23.4 23.2 26.5  SOIL: 1468.0 1089.0 707.0 
MOISTER: 231 VDDA: 2.78 Vsol: 1.54 Vbat: 3.60  NTC: 23.2 23.4 23.2 26.5  SOIL: 1463.0 1085.0 712.0 
MOISTER: 232 VDDA: 2.82 Vsol: 1.56 Vbat: 3.64  NTC: 23.2 23.4 23.2 26.7  SOIL: 1467.0 1083.0 713.0 
MOISTER: 233 VDDA: 2.79 Vsol: 1.55 Vbat: 3.61  NTC: 23.2 23.4 23.2 26.7  SOIL: 1469.0 1089.0 712.0 
MOISTER: 234 VDDA: 2.82 Vsol: 1.57 Vbat: 3.64  NTC: 23.2 23.4 23.2 26.7  SOIL: 1459.0 1090.0 709.0 
MOISTER: 235 VDDA: 2.82 Vsol: 1.57 Vbat: 3.64  NTC: 23.2 23.4 23.2 26.8  SOIL: 1467.0 1088.0 713.0 
MOISTER: 236 VDDA: 2.81 Vsol: 1.56 Vbat: 3.63  NTC: 23.2 23.4 23.2 26.8  SOIL: 1466.0 1086.0 715.0 
MOISTER: 237 VDDA: 2.79 Vsol: 1.56 Vbat: 3.61  NTC: 23.2 23.4 23.2 26.8  SOIL: 1468.0 1086.0 714.0 
MOISTER: 239 VDDA: 2.81 Vsol: 1.56 Vbat: 3.62  NTC: 23.2 23.4 23.2 26.9  SOIL: 1469.0 1091.0 712.0 
MOISTER: 240 VDDA: 2.82 Vsol: 1.57 Vbat: 3.64  NTC: 23.2 23.4 23.2 27.0  SOIL: 1465.0 1090.0 714.0 
MOISTER: 241 VDDA: 2.79 Vsol: 1.55 Vbat: 3.60  NTC: 23.2 23.4 23.2 27.0  SOIL: 1467.0 1092.0 715.0 
MOISTER: 242 VDDA: 2.82 Vsol: 1.57 Vbat: 3.64  NTC: 23.2 23.4 23.2 27.0  SOIL: 1467.0 1088.0 712.0 
MOISTER: 243 VDDA: 2.82 Vsol: 1.55 Vbat: 3.63  NTC: 23.2 23.3 23.2 26.9  SOIL: 1462.0 1093.0 712.0 
MOISTER: 244 VDDA: 2.81 Vsol: 1.55 Vbat: 3.63  NTC: 23.2 23.3 23.2 26.9  SOIL: 1463.0 1093.0 712.0 
MOISTER: 245 VDDA: 2.81 Vsol: 1.54 Vbat: 3.62  NTC: 23.2 23.3 23.2 27.0  SOIL: 1460.0 1086.0 716.0 
MOISTER: 246 VDDA: 2.78 Vsol: 1.54 Vbat: 3.61  NTC: 23.2 23.3 23.2 27.0  SOIL: 1465.0 1088.0 714.0 
MOISTER: 247 VDDA: 2.81 Vsol: 1.57 Vbat: 3.63  NTC: 23.2 23.3 23.2 27.0  SOIL: 1463.0 1094.0 713.0 
MOISTER: 248 VDDA: 2.82 Vsol: 1.59 Vbat: 3.64  NTC: 23.2 23.3 23.2 27.1  SOIL: 1467.0 1087.0 711.0 
MOISTER: 249 VDDA: 2.79 Vsol: 1.57 Vbat: 3.60  NTC: 23.2 23.3 23.2 27.1  SOIL: 1466.0 1093.0 711.0 
MOISTER: 250 VDDA: 2.78 Vsol: 1.57 Vbat: 3.60  NTC: 23.2 23.3 23.2 27.2  SOIL: 1461.0 1093.0 712.0 
MOISTER: 251 VDDA: 2.81 Vsol: 1.59 Vbat: 3.63  NTC: 23.2 23.3 23.2 27.2  SOIL: 1468.0 1088.0 711.0 
MOISTER: 252 VDDA: 2.79 Vsol: 1.58 Vbat: 3.61  NTC: 23.2 23.3 23.2 27.2  SOIL: 1463.0 1084.0 716.0 
MOISTER: 253 VDDA: 2.82 Vsol: 1.58 Vbat: 3.63  NTC: 23.2 23.3 23.2 27.2  SOIL: 1467.0 1095.0 714.0 
MOISTER: 254 VDDA: 2.79 Vsol: 1.57 Vbat: 3.61  NTC: 23.3 23.3 23.2 27.2  SOIL: 1471.0 1090.0 712.0 
MOISTER: 255 VDDA: 2.79 Vsol: 1.57 Vbat: 3.62  NTC: 23.2 23.4 23.2 27.2  SOIL: 1457.0 1089.0 718.0 
MOISTER: 256 VDDA: 2.82 Vsol: 1.58 Vbat: 3.65  NTC: 23.3 23.3 23.2 27.2  SOIL: 1458.0 1092.0 716.0 
MOISTER: 257 VDDA: 2.79 Vsol: 1.56 Vbat: 3.60  NTC: 23.3 23.3 23.2 27.1  SOIL: 1464.0 1088.0 715.0 
MOISTER: 258 VDDA: 2.83 Vsol: 1.57 Vbat: 3.65  NTC: 23.3 23.3 23.2 27.1  SOIL: 1462.0 1088.0 714.0 
MOISTER: 259 VDDA: 2.79 Vsol: 1.56 Vbat: 3.59  NTC: 23.3 23.3 23.2 27.1  SOIL: 1465.0 1094.0 716.0 
MOISTER: 260 VDDA: 2.79 Vsol: 1.55 Vbat: 3.60  NTC: 23.3 23.3 23.2 27.0  SOIL: 1462.0 1088.0 715.0 
MOISTER: 261 VDDA: 2.80 Vsol: 1.55 Vbat: 3.62  NTC: 23.3 23.3 23.2 27.0  SOIL: 1457.0 1087.0 714.0 
MOISTER: 262 VDDA: 2.82 Vsol: 1.56 Vbat: 3.64  NTC: 23.3 23.3 23.2 27.0  SOIL: 1464.0 1091.0 716.0 
MOISTER: 263 VDDA: 2.80 Vsol: 1.53 Vbat: 3.62  NTC: 23.3 23.3 23.2 26.9  SOIL: 1468.0 1087.0 715.0 
MOISTER: 264 VDDA: 2.80 Vsol: 1.54 Vbat: 3.62  NTC: 23.3 23.3 23.2 26.9  SOIL: 1462.0 1091.0 713.0 
MOISTER: 265 VDDA: 2.81 Vsol: 1.54 Vbat: 3.63  NTC: 23.3 23.3 23.2 26.8  SOIL: 1461.0 1090.0 710.0 
MOISTER: 266 VDDA: 2.82 Vsol: 1.55 Vbat: 3.64  NTC: 23.3 23.3 23.2 26.8  SOIL: 1459.0 1093.0 718.0 
MOISTER: 267 VDDA: 2.81 Vsol: 1.57 Vbat: 3.64  NTC: 23.3 23.3 23.2 26.8  SOIL: 1459.0 1095.0 717.0 
MOISTER: 268 VDDA: 2.80 Vsol: 1.57 Vbat: 3.62  NTC: 23.3 23.3 23.2 26.9  SOIL: 1465.0 1089.0 715.0 
MOISTER: 269 VDDA: 2.83 Vsol: 1.57 Vbat: 3.66  NTC: 23.3 23.3 23.2 26.9  SOIL: 1465.0 1087.0 718.0 
MOISTER: 270 VDDA: 2.79 Vsol: 1.56 Vbat: 3.61  NTC: 23.3 23.3 23.3 26.9  SOIL: 1465.0 1089.0 713.0 
MOISTER: 271 VDDA: 2.80 Vsol: 1.56 Vbat: 3.61  NTC: 23.3 23.3 23.2 27.0  SOIL: 1462.0 1088.0 718.0 
MOISTER: 272 VDDA: 2.83 Vsol: 1.57 Vbat: 3.66  NTC: 23.3 23.3 23.2 27.0  SOIL: 1463.0 1092.0 716.0 
MOISTER: 273 VDDA: 2.81 Vsol: 1.54 Vbat: 3.61  NTC: 23.3 23.3 23.3 27.0  SOIL: 1465.0 1093.0 717.0 
MOISTER: 274 VDDA: 2.81 Vsol: 1.52 Vbat: 3.64  NTC: 23.3 23.3 23.3 26.9  SOIL: 1465.0 1094.0 719.0 
MOISTER: 275 VDDA: 2.82 Vsol: 1.49 Vbat: 3.64  NTC: 23.3 23.3 23.3 26.9  SOIL: 1460.0 1090.0 718.0 
MOISTER: 276 VDDA: 2.80 Vsol: 1.47 Vbat: 3.62  NTC: 23.3 23.3 23.3 26.8  SOIL: 1461.0 1087.0 718.0 
MOISTER: 277 VDDA: 2.82 Vsol: 1.51 Vbat: 3.64  NTC: 23.3 23.3 23.3 26.7  SOIL: 1458.0 1095.0 715.0 
MOISTER: 278 VDDA: 2.79 Vsol: 1.50 Vbat: 3.61  NTC: 23.3 23.3 23.3 26.7  SOIL: 1463.0 1090.0 715.0 
MOISTER: 279 VDDA: 2.79 Vsol: 1.54 Vbat: 3.61  NTC: 23.3 23.3 23.2 26.7  SOIL: 1463.0 1088.0 718.0 
MOISTER: 280 VDDA: 2.80 Vsol: 1.54 Vbat: 3.62  NTC: 23.3 23.3 23.3 26.8  SOIL: 1464.0 1091.0 719.0 
MOISTER: 281 VDDA: 2.81 Vsol: 1.55 Vbat: 3.63  NTC: 23.3 23.3 23.3 26.9  SOIL: 1466.0 1093.0 714.0 
MOISTER: 282 VDDA: 2.80 Vsol: 1.54 Vbat: 3.62  NTC: 23.3 23.3 23.3 27.0  SOIL: 1464.0 1091.0 717.0 
MOISTER: 283 VDDA: 2.79 Vsol: 1.53 Vbat: 3.60  NTC: 23.3 23.3 23.3 27.0  SOIL: 1469.0 1095.0 716.0 
MOISTER: 284 VDDA: 2.80 Vsol: 1.53 Vbat: 3.60  NTC: 23.3 23.3 23.3 27.0  SOIL: 1466.0 1091.0 720.0 
MOISTER: 285 VDDA: 2.80 Vsol: 1.54 Vbat: 3.61  NTC: 23.3 23.3 23.2 27.0  SOIL: 1457.0 1089.0 717.0 
MOISTER: 286 VDDA: 2.79 Vsol: 1.53 Vbat: 3.60  NTC: 23.3 23.3 23.3 26.9  SOIL: 1462.0 1090.0 720.0 
MOISTER: 287 VDDA: 2.79 Vsol: 1.51 Vbat: 3.61  NTC: 23.3 23.3 23.2 26.8  SOIL: 1465.0 1090.0 718.0 
MOISTER: 288 VDDA: 2.81 Vsol: 1.54 Vbat: 3.66  NTC: 23.2 23.3 23.2 26.8  SOIL: 1467.0 1091.0 719.0 
MOISTER: 289 VDDA: 2.78 Vsol: 1.52 Vbat: 3.60  NTC: 23.3 23.3 23.2 26.8  SOIL: 1460.0 1090.0 716.0 
MOISTER: 290 VDDA: 2.81 Vsol: 1.54 Vbat: 3.63  NTC: 23.2 23.3 23.2 26.9  SOIL: 1465.0 1090.0 721.0 
MOISTER: 291 VDDA: 2.81 Vsol: 1.54 Vbat: 3.64  NTC: 23.2 23.3 23.2 26.8  SOIL: 1471.0 1093.0 714.0 
MOISTER: 292 VDDA: 2.79 Vsol: 1.52 Vbat: 3.62  NTC: 23.2 23.3 23.2 26.9  SOIL: 1468.0 1097.0 721.0 
MOISTER: 293 VDDA: 2.80 Vsol: 1.53 Vbat: 3.60  NTC: 23.2 23.3 23.2 26.9  SOIL: 1471.0 1093.0 717.0 
MOISTER: 294 VDDA: 2.79 Vsol: 1.53 Vbat: 3.61  NTC: 23.2 23.3 23.2 26.9  SOIL: 1460.0 1088.0 718.0 
MOISTER: 295 VDDA: 2.81 Vsol: 1.53 Vbat: 3.64  NTC: 23.2 23.3 23.2 26.9  SOIL: 1458.0 1093.0 719.0 
MOISTER: 296 VDDA: 2.79 Vsol: 1.51 Vbat: 3.60  NTC: 23.2 23.3 23.2 26.9  SOIL: 1465.0 1091.0 719.0 
MOISTER: 297 VDDA: 2.82 Vsol: 1.54 Vbat: 3.63  NTC: 23.2 23.3 23.2 26.8  SOIL: 1461.0 1092.0 722.0 
MOISTER: 298 VDDA: 2.82 Vsol: 1.52 Vbat: 3.64  NTC: 23.2 23.3 23.2 26.8  SOIL: 1463.0 1092.0 719.0 
MOISTER: 299 VDDA: 2.82 Vsol: 1.53 Vbat: 3.63  NTC: 23.2 23.3 23.2 26.7  SOIL: 1468.0 1095.0 718.0 
MOISTER: 300 VDDA: 2.82 Vsol: 1.52 Vbat: 3.64  NTC: 23.2 23.3 23.2 26.7  SOIL: 1462.0 1092.0 716.0 
MOISTER: 301 VDDA: 2.83 Vsol: 1.52 Vbat: 3.65  NTC: 23.2 23.3 23.2 26.7  SOIL: 1462.0 1090.0 716.0 
MOISTER: 302 VDDA: 2.80 Vsol: 1.52 Vbat: 3.61  NTC: 23.2 23.3 23.2 26.7  SOIL: 1467.0 1095.0 718.0 
MOISTER: 303 VDDA: 2.82 Vsol: 1.51 Vbat: 3.64  NTC: 23.2 23.3 23.2 26.6  SOIL: 1463.0 1092.0 717.0 
MOISTER: 304 VDDA: 2.79 Vsol: 1.49 Vbat: 3.60  NTC: 23.2 23.3 23.2 26.6  SOIL: 1459.0 1095.0 723.0 
MOISTER: 305 VDDA: 2.82 Vsol: 1.52 Vbat: 3.64  NTC: 23.2 23.3 23.2 26.7  SOIL: 1463.0 1095.0 720.0 
MOISTER: 306 VDDA: 2.83 Vsol: 1.52 Vbat: 3.65  NTC: 23.2 23.3 23.2 26.6  SOIL: 1469.0 1091.0 720.0 
MOISTER: 307 VDDA: 2.83 Vsol: 1.50 Vbat: 3.65  NTC: 23.2 23.3 23.2 26.6  SOIL: 1459.0 1094.0 720.0 
MOISTER: 308 VDDA: 2.79 Vsol: 1.49 Vbat: 3.62  NTC: 23.2 23.3 23.2 26.6  SOIL: 1462.0 1099.0 719.0 
MOISTER: 309 VDDA: 2.80 Vsol: 1.50 Vbat: 3.61  NTC: 23.2 23.3 23.2 26.7  SOIL: 1461.0 1095.0 721.0 
MOISTER: 310 VDDA: 2.81 Vsol: 1.50 Vbat: 3.60  NTC: 23.2 23.3 23.2 26.7  SOIL: 1465.0 1091.0 724.0 
MOISTER: 311 VDDA: 2.82 Vsol: 1.51 Vbat: 3.64  NTC: 23.2 23.3 23.2 26.7  SOIL: 1469.0 1095.0 717.0 
MOISTER: 312 VDDA: 2.82 Vsol: 1.51 Vbat: 3.65  NTC: 23.2 23.3 23.2 26.7  SOIL: 1468.0 1090.0 721.0 
MOISTER: 313 VDDA: 2.80 Vsol: 1.49 Vbat: 3.62  NTC: 23.2 23.3 23.2 26.6  SOIL: 1465.0 1092.0 719.0 
MOISTER: 314 VDDA: 2.81 Vsol: 1.50 Vbat: 3.62  NTC: 23.2 23.3 23.2 26.6  SOIL: 1465.0 1095.0 720.0 
MOISTER: 315 VDDA: 2.80 Vsol: 1.49 Vbat: 3.62  NTC: 23.2 23.3 23.2 26.6  SOIL: 1467.0 1094.0 723.0 
MOISTER: 316 VDDA: 2.79 Vsol: 1.49 Vbat: 3.60  NTC: 23.2 23.3 23.2 26.7  SOIL: 1468.0 1092.0 720.0 
MOISTER: 317 VDDA: 2.82 Vsol: 1.49 Vbat: 3.65  NTC: 23.2 23.3 23.2 26.7  SOIL: 1466.0 1096.0 718.0 
MOISTER: 318 VDDA: 2.80 Vsol: 1.49 Vbat: 3.63  NTC: 23.2 23.3 23.2 26.7  SOIL: 1467.0 1098.0 720.0 
MOISTER: 319 VDDA: 2.80 Vsol: 1.49 Vbat: 3.61  NTC: 23.2 23.3 23.2 26.8  SOIL: 1466.0 1093.0 723.0 
MOISTER: 320 VDDA: 2.80 Vsol: 1.50 Vbat: 3.62  NTC: 23.2 23.3 23.2 26.8  SOIL: 1468.0 1094.0 720.0 
MOISTER: 321 VDDA: 2.82 Vsol: 1.50 Vbat: 3.65  NTC: 23.2 23.2 23.2 26.9  SOIL: 1465.0 1096.0 724.0 
MOISTER: 322 VDDA: 2.79 Vsol: 1.47 Vbat: 3.62  NTC: 23.2 23.2 23.2 26.9  SOIL: 1468.0 1097.0 722.0 
MOISTER: 323 VDDA: 2.79 Vsol: 1.48 Vbat: 3.59  NTC: 23.2 23.2 23.2 27.0  SOIL: 1469.0 1093.0 723.0 
MOISTER: 324 VDDA: 2.82 Vsol: 1.50 Vbat: 3.65  NTC: 23.2 23.3 23.2 27.0  SOIL: 1469.0 1097.0 722.0 
MOISTER: 325 VDDA: 2.80 Vsol: 1.48 Vbat: 3.62  NTC: 23.2 23.2 23.2 27.0  SOIL: 1464.0 1097.0 719.0 
MOISTER: 326 VDDA: 2.82 Vsol: 1.49 Vbat: 3.64  NTC: 23.2 23.2 23.2 27.0  SOIL: 1464.0 1094.0 721.0 
MOISTER: 327 VDDA: 2.82 Vsol: 1.50 Vbat: 3.65  NTC: 23.2 23.2 23.2 27.0  SOIL: 1466.0 1096.0 722.0 
MOISTER: 328 VDDA: 2.80 Vsol: 1.48 Vbat: 3.59  NTC: 23.2 23.2 23.2 26.9  SOIL: 1460.0 1093.0 720.0 
MOISTER: 329 VDDA: 2.81 Vsol: 1.47 Vbat: 3.62  NTC: 23.2 23.2 23.2 26.9  SOIL: 1466.0 1095.0 726.0 
MOISTER: 330 VDDA: 2.80 Vsol: 1.49 Vbat: 3.60  NTC: 23.2 23.2 23.2 26.9  SOIL: 1474.0 1101.0 727.0 
MOISTER: 331 VDDA: 2.81 Vsol: 1.49 Vbat: 3.62  NTC: 23.2 23.2 23.2 26.9  SOIL: 1470.0 1100.0 721.0 
MOISTER: 332 VDDA: 2.79 Vsol: 1.48 Vbat: 3.62  NTC: 23.2 23.2 23.2 26.9  SOIL: 1467.0 1099.0 721.0 
MOISTER: 333 VDDA: 2.79 Vsol: 1.47 Vbat: 3.59  NTC: 23.2 23.2 23.2 26.9  SOIL: 1466.0 1094.0 726.0 
MOISTER: 334 VDDA: 2.83 Vsol: 1.50 Vbat: 3.65  NTC: 23.1 23.2 23.2 26.9  SOIL: 1470.0 1093.0 724.0 
MOISTER: 335 VDDA: 2.81 Vsol: 1.49 Vbat: 3.64  NTC: 23.2 23.2 23.2 26.9  SOIL: 1470.0 1100.0 722.0 
MOISTER: 336 VDDA: 2.79 Vsol: 1.48 Vbat: 3.61  NTC: 23.2 23.2 23.2 26.9  SOIL: 1466.0 1097.0 726.0 
MOISTER: 337 VDDA: 2.82 Vsol: 1.50 Vbat: 3.66  NTC: 23.2 23.2 23.2 27.0  SOIL: 1468.0 1098.0 724.0 
MOISTER: 338 VDDA: 2.79 Vsol: 1.48 Vbat: 3.60  NTC: 23.2 23.2 23.2 26.9  SOIL: 1465.0 1101.0 724.0 
MOISTER: 339 VDDA: 2.82 Vsol: 1.49 Vbat: 3.63  NTC: 23.1 23.2 23.2 27.0  SOIL: 1474.0 1098.0 722.0 
MOISTER: 340 VDDA: 2.80 Vsol: 1.49 Vbat: 3.59  NTC: 23.1 23.2 23.2 27.1  SOIL: 1469.0 1102.0 725.0 
MOISTER: 341 VDDA: 2.79 Vsol: 1.49 Vbat: 3.59  NTC: 23.2 23.2 23.2 27.1  SOIL: 1464.0 1098.0 723.0 
MOISTER: 342 VDDA: 2.80 Vsol: 1.50 Vbat: 3.62  NTC: 23.1 23.2 23.2 27.1  SOIL: 1474.0 1103.0 725.0 
MOISTER: 343 VDDA: 2.80 Vsol: 1.50 Vbat: 3.60  NTC: 23.2 23.2 23.1 27.1  SOIL: 1470.0 1097.0 725.0 
MOISTER: 344 VDDA: 2.82 Vsol: 1.50 Vbat: 3.64  NTC: 23.2 23.2 23.1 27.1  SOIL: 1467.0 1102.0 725.0 
MOISTER: 345 VDDA: 2.80 Vsol: 1.49 Vbat: 3.62  NTC: 23.1 23.2 23.1 27.0  SOIL: 1459.0 1100.0 723.0 
MOISTER: 346 VDDA: 2.81 Vsol: 1.51 Vbat: 3.62  NTC: 23.1 23.2 23.1 27.1  SOIL: 1469.0 1100.0 722.0 
MOISTER: 347 VDDA: 2.82 Vsol: 1.50 Vbat: 3.63  NTC: 23.2 23.2 23.1 27.1  SOIL: 1466.0 1103.0 725.0 
MOISTER: 348 VDDA: 2.80 Vsol: 1.50 Vbat: 3.61  NTC: 23.1 23.2 23.1 27.0  SOIL: 1461.0 1101.0 725.0 
MOISTER: 349 VDDA: 2.82 Vsol: 1.50 Vbat: 3.63  NTC: 23.1 23.2 23.1 27.0  SOIL: 1470.0 1096.0 728.0 
MOISTER: 350 VDDA: 2.81 Vsol: 1.49 Vbat: 3.62  NTC: 23.1 23.2 23.1 27.0  SOIL: 1465.0 1098.0 726.0 
MOISTER: 351 VDDA: 2.80 Vsol: 1.48 Vbat: 3.63  NTC: 23.1 23.2 23.1 27.0  SOIL: 1464.0 1099.0 725.0 
MOISTER: 352 VDDA: 2.78 Vsol: 1.48 Vbat: 3.59  NTC: 23.1 23.2 23.1 26.9  SOIL: 1472.0 1097.0 725.0 
MOISTER: 353 VDDA: 2.82 Vsol: 1.50 Vbat: 3.63  NTC: 23.1 23.2 23.1 26.9  SOIL: 1467.0 1104.0 727.0 
MOISTER: 354 VDDA: 2.80 Vsol: 1.49 Vbat: 3.62  NTC: 23.1 23.1 23.1 26.9  SOIL: 1467.0 1101.0 726.0 
MOISTER: 355 VDDA: 2.79 Vsol: 1.48 Vbat: 3.60  NTC: 23.1 23.1 23.1 27.0  SOIL: 1465.0 1097.0 725.0 
MOISTER: 356 VDDA: 2.80 Vsol: 1.49 Vbat: 3.62  NTC: 23.1 23.1 23.1 27.0  SOIL: 1468.0 1104.0 725.0 
MOISTER: 357 VDDA: 2.82 Vsol: 1.50 Vbat: 3.64  NTC: 23.1 23.1 23.1 27.0  SOIL: 1465.0 1105.0 727.0 
MOISTER: 358 VDDA: 2.81 Vsol: 1.50 Vbat: 3.64  NTC: 23.1 23.1 23.1 27.0  SOIL: 1470.0 1098.0 725.0 
MOISTER: 359 VDDA: 2.81 Vsol: 1.48 Vbat: 3.61  NTC: 23.1 23.1 23.1 27.0  SOIL: 1464.0 1105.0 726.0 
MOISTER: 360 VDDA: 2.81 Vsol: 1.50 Vbat: 3.63  NTC: 23.1 23.1 23.1 27.0  SOIL: 1476.0 1103.0 728.0 
MOISTER: 361 VDDA: 2.81 Vsol: 1.50 Vbat: 3.63  NTC: 23.1 23.1 23.1 27.0  SOIL: 1468.0 1102.0 726.0 
MOISTER: 362 VDDA: 2.81 Vsol: 1.48 Vbat: 3.62  NTC: 23.1 23.1 23.0 26.9  SOIL: 1472.0 1099.0 726.0 
MOISTER: 363 VDDA: 2.78 Vsol: 1.48 Vbat: 3.57  NTC: 23.1 23.1 23.1 26.9  SOIL: 1474.0 1096.0 728.0 
MOISTER: 364 VDDA: 2.81 Vsol: 1.49 Vbat: 3.62  NTC: 23.1 23.1 23.0 26.9  SOIL: 1469.0 1105.0 729.0 
MOISTER: 365 VDDA: 2.81 Vsol: 1.50 Vbat: 3.62  NTC: 23.1 23.1 23.0 26.8  SOIL: 1472.0 1104.0 728.0 
MOISTER: 366 VDDA: 2.80 Vsol: 1.50 Vbat: 3.61  NTC: 23.1 23.1 23.0 26.8  SOIL: 1466.0 1100.0 730.0 
MOISTER: 367 VDDA: 2.81 Vsol: 1.50 Vbat: 3.62  NTC: 23.1 23.1 23.0 26.8  SOIL: 1472.0 1102.0 727.0 
MOISTER: 368 VDDA: 2.78 Vsol: 1.47 Vbat: 3.59  NTC: 23.1 23.1 23.0 26.8  SOIL: 1473.0 1098.0 726.0 
MOISTER: 369 VDDA: 2.82 Vsol: 1.49 Vbat: 3.62  NTC: 23.1 23.1 23.0 26.8  SOIL: 1471.0 1101.0 728.0 
MOISTER: 370 VDDA: 2.82 Vsol: 1.50 Vbat: 3.64  NTC: 23.1 23.1 23.0 26.8  SOIL: 1475.0 1102.0 730.0 
MOISTER: 371 VDDA: 2.82 Vsol: 1.49 Vbat: 3.62  NTC: 23.1 23.1 23.0 26.9  SOIL: 1471.0 1099.0 729.0 
MOISTER: 372 VDDA: 2.82 Vsol: 1.50 Vbat: 3.64  NTC: 23.1 23.1 23.0 26.8  SOIL: 1466.0 1102.0 728.0 
MOISTER: 373 VDDA: 2.81 Vsol: 1.49 Vbat: 3.63  NTC: 23.0 23.1 23.0 26.8  SOIL: 1462.0 1100.0 730.0 
MOISTER: 374 VDDA: 2.82 Vsol: 1.49 Vbat: 3.64  NTC: 23.0 23.1 23.0 26.8  SOIL: 1471.0 1101.0 728.0 
MOISTER: 375 VDDA: 2.80 Vsol: 1.48 Vbat: 3.61  NTC: 23.0 23.1 23.0 26.8  SOIL: 1472.0 1105.0 729.0 
MOISTER: 376 VDDA: 2.80 Vsol: 1.48 Vbat: 3.62  NTC: 23.0 23.1 23.0 26.8  SOIL: 1469.0 1104.0 729.0 
MOISTER: 377 VDDA: 2.81 Vsol: 1.48 Vbat: 3.62  NTC: 23.0 23.1 23.0 26.8  SOIL: 1472.0 1101.0 728.0 
MOISTER: 378 VDDA: 2.79 Vsol: 1.48 Vbat: 3.59  NTC: 23.0 23.1 23.0 26.8  SOIL: 1475.0 1103.0 730.0 
MOISTER: 379 VDDA: 2.82 Vsol: 1.50 Vbat: 3.64  NTC: 23.0 23.1 23.0 26.8  SOIL: 1467.0 1103.0 732.0 
MOISTER: 380 VDDA: 2.81 Vsol: 1.49 Vbat: 3.63  NTC: 23.0 23.1 23.0 26.8  SOIL: 1477.0 1102.0 728.0 
MOISTER: 381 VDDA: 2.79 Vsol: 1.48 Vbat: 3.60  NTC: 23.0 23.1 23.0 26.8  SOIL: 1471.0 1102.0 730.0 
MOISTER: 382 VDDA: 2.78 Vsol: 1.48 Vbat: 3.61  NTC: 23.0 23.1 23.0 26.8  SOIL: 1468.0 1104.0 731.0 
MOISTER: 383 VDDA: 2.79 Vsol: 1.49 Vbat: 3.61  NTC: 23.0 23.1 23.0 26.8  SOIL: 1476.0 1101.0 732.0 
MOISTER: 384 VDDA: 2.80 Vsol: 1.49 Vbat: 3.60  NTC: 23.0 23.1 23.0 26.8  SOIL: 1474.0 1106.0 732.0 
MOISTER: 385 VDDA: 2.80 Vsol: 1.49 Vbat: 3.61  NTC: 23.0 23.1 23.0 26.8  SOIL: 1472.0 1101.0 730.0 
MOISTER: 386 VDDA: 2.79 Vsol: 1.49 Vbat: 3.60  NTC: 23.0 23.1 23.0 26.8  SOIL: 1475.0 1099.0 731.0 
MOISTER: 387 VDDA: 2.80 Vsol: 1.86 Vbat: 3.61  NTC: 23.0 23.1 23.0 26.8  SOIL: 1469.0 1103.0 727.0 
MOISTER: 388 VDDA: 2.80 Vsol: 1.48 Vbat: 3.60  NTC: 23.0 23.1 23.0 26.8  SOIL: 1471.0 1105.0 729.0 
MOISTER: 389 VDDA: 2.78 Vsol: 1.48 Vbat: 3.59  NTC: 23.0 23.1 23.0 26.8  SOIL: 1464.0 1101.0 732.0 
MOISTER: 390 VDDA: 2.81 Vsol: 1.49 Vbat: 3.63  NTC: 23.0 23.1 23.0 26.9  SOIL: 1469.0 1105.0 730.0 
MOISTER: 391 VDDA: 2.81 Vsol: 1.49 Vbat: 3.61  NTC: 23.0 23.1 23.0 26.9  SOIL: 1470.0 1107.0 731.0 
MOISTER: 392 VDDA: 2.82 Vsol: 1.49 Vbat: 3.64  NTC: 23.0 23.1 23.0 26.9  SOIL: 1471.0 1100.0 729.0 
MOISTER: 393 VDDA: 2.81 Vsol: 1.50 Vbat: 3.64  NTC: 23.0 23.1 23.0 26.9  SOIL: 1467.0 1104.0 732.0 
MOISTER: 394 VDDA: 2.82 Vsol: 1.49 Vbat: 3.62  NTC: 23.0 23.1 22.9 26.9  SOIL: 1473.0 1104.0 732.0 
MOISTER: 395 VDDA: 2.78 Vsol: 1.48 Vbat: 3.58  NTC: 23.0 23.0 22.9 26.9  SOIL: 1473.0 1105.0 730.0 
MOISTER: 396 VDDA: 2.80 Vsol: 1.48 Vbat: 3.61  NTC: 23.0 23.0 22.9 26.9  SOIL: 1483.0 1100.0 730.0 
MOISTER: 397 VDDA: 2.82 Vsol: 1.49 Vbat: 3.63  NTC: 23.0 23.0 22.9 26.9  SOIL: 1471.0 1106.0 729.0 
MOISTER: 398 VDDA: 2.80 Vsol: 1.48 Vbat: 3.61  NTC: 23.0 23.0 22.9 26.8  SOIL: 1470.0 1101.0 733.0 
MOISTER: 399 VDDA: 2.80 Vsol: 1.48 Vbat: 3.60  NTC: 23.0 23.1 22.9 26.9  SOIL: 1474.0 1101.0 730.0 
MOISTER: 400 VDDA: 2.80 Vsol: 1.48 Vbat: 3.61  NTC: 23.0 23.0 22.9 26.9  SOIL: 1471.0 1108.0 734.0 
MOISTER: 401 VDDA: 2.79 Vsol: 1.48 Vbat: 3.60  NTC: 23.0 23.0 22.9 26.9  SOIL: 1474.0 1105.0 735.0 
MOISTER: 402 VDDA: 2.82 Vsol: 1.48 Vbat: 3.63  NTC: 23.0 23.0 22.9 26.9  SOIL: 1469.0 1102.0 734.0 
MOISTER: 403 VDDA: 2.81 Vsol: 1.48 Vbat: 3.62  NTC: 23.0 23.0 22.9 26.9  SOIL: 1471.0 1104.0 734.0 
MOISTER: 404 VDDA: 2.81 Vsol: 1.48 Vbat: 3.61  NTC: 23.0 23.0 22.9 26.9  SOIL: 1470.0 1105.0 730.0 
MOISTER: 405 VDDA: 2.82 Vsol: 1.49 Vbat: 3.63  NTC: 23.0 23.0 22.9 26.9  SOIL: 1466.0 1106.0 738.0 
MOISTER: 406 VDDA: 2.81 Vsol: 1.48 Vbat: 3.62  NTC: 23.0 23.0 22.9 26.8  SOIL: 1481.0 1103.0 734.0 
MOISTER: 407 VDDA: 2.79 Vsol: 1.47 Vbat: 3.60  NTC: 23.0 23.0 22.9 26.9  SOIL: 1467.0 1106.0 735.0 
MOISTER: 408 VDDA: 2.81 Vsol: 1.48 Vbat: 3.61  NTC: 23.0 23.0 22.9 26.9  SOIL: 1472.0 1108.0 736.0 
MOISTER: 409 VDDA: 2.79 Vsol: 1.46 Vbat: 3.58  NTC: 23.0 23.0 22.9 26.9  SOIL: 1474.0 1105.0 734.0 
MOISTER: 410 VDDA: 2.78 Vsol: 1.46 Vbat: 3.59  NTC: 23.0 23.0 22.9 26.9  SOIL: 1469.0 1108.0 730.0 
MOISTER: 411 VDDA: 2.82 Vsol: 1.48 Vbat: 3.64  NTC: 23.0 23.0 22.9 26.9  SOIL: 1470.0 1102.0 730.0 
MOISTER: 412 VDDA: 2.79 Vsol: 1.47 Vbat: 3.62  NTC: 23.0 23.0 22.9 26.8  SOIL: 1472.0 1105.0 733.0 
MOISTER: 413 VDDA: 2.80 Vsol: 1.47 Vbat: 3.61  NTC: 23.0 23.0 22.9 26.7  SOIL: 1470.0 1102.0 736.0 
MOISTER: 414 VDDA: 2.82 Vsol: 1.48 Vbat: 3.62  NTC: 23.0 23.0 22.9 26.7  SOIL: 1471.0 1109.0 737.0 
MOISTER: 415 VDDA: 2.80 Vsol: 1.47 Vbat: 3.61  NTC: 23.0 23.0 22.9 26.8  SOIL: 1474.0 1109.0 735.0 
MOISTER: 416 VDDA: 2.82 Vsol: 1.48 Vbat: 3.62  NTC: 23.0 23.0 22.9 26.8  SOIL: 1478.0 1103.0 733.0 
MOISTER: 417 VDDA: 2.79 Vsol: 1.47 Vbat: 3.60  NTC: 23.0 23.0 22.9 26.7  SOIL: 1476.0 1101.0 732.0 
MOISTER: 418 VDDA: 2.80 Vsol: 1.47 Vbat: 3.61  NTC: 23.0 23.1 22.9 26.7  SOIL: 1468.0 1108.0 735.0 
MOISTER: 419 VDDA: 2.79 Vsol: 1.47 Vbat: 3.60  NTC: 23.0 23.0 22.9 26.7  SOIL: 1468.0 1107.0 738.0 
MOISTER: 420 VDDA: 2.79 Vsol: 1.47 Vbat: 3.61  NTC: 23.0 23.0 22.9 26.7  SOIL: 1475.0 1103.0 737.0 
MOISTER: 421 VDDA: 2.80 Vsol: 1.47 Vbat: 3.60  NTC: 23.0 23.0 22.9 26.6  SOIL: 1474.0 1113.0 734.0 
MOISTER: 422 VDDA: 2.79 Vsol: 1.47 Vbat: 3.59  NTC: 23.0 23.0 22.9 26.6  SOIL: 1480.0 1111.0 734.0 
MOISTER: 423 VDDA: 2.78 Vsol: 1.47 Vbat: 3.58  NTC: 23.0 23.0 22.9 26.7  SOIL: 1478.0 1111.0 735.0 
MOISTER: 424 VDDA: 2.79 Vsol: 1.46 Vbat: 3.59  NTC: 23.0 23.0 22.9 26.7  SOIL: 1475.0 1104.0 736.0 
MOISTER: 425 VDDA: 2.82 Vsol: 1.48 Vbat: 3.63  NTC: 23.0 23.0 22.9 26.7  SOIL: 1469.0 1104.0 737.0 
MOISTER: 426 VDDA: 2.79 Vsol: 1.46 Vbat: 3.59  NTC: 23.0 23.0 22.9 26.8  SOIL: 1470.0 1108.0 738.0 
MOISTER: 427 VDDA: 2.81 Vsol: 1.47 Vbat: 3.62  NTC: 23.0 23.0 22.9 26.8  SOIL: 1474.0 1108.0 734.0 
MOISTER: 428 VDDA: 2.80 Vsol: 1.47 Vbat: 3.61  NTC: 23.0 23.0 22.9 26.7  SOIL: 1479.0 1104.0 734.0 
MOISTER: 429 VDDA: 2.80 Vsol: 1.48 Vbat: 3.61  NTC: 23.0 23.0 22.9 26.6  SOIL: 1472.0 1110.0 735.0 
MOISTER: 430 VDDA: 2.81 Vsol: 1.45 Vbat: 3.60  NTC: 23.0 23.0 22.9 26.6  SOIL: 1468.0 1111.0 738.0 
MOISTER: 431 VDDA: 2.82 Vsol: 1.47 Vbat: 3.63  NTC: 23.0 23.0 22.9 26.6  SOIL: 1474.0 1113.0 740.0 
MOISTER: 432 VDDA: 2.81 Vsol: 1.46 Vbat: 3.61  NTC: 23.0 23.0 22.9 26.6  SOIL: 1478.0 1109.0 741.0 
MOISTER: 433 VDDA: 2.80 Vsol: 1.45 Vbat: 3.60  NTC: 23.0 23.0 22.9 26.6  SOIL: 1474.0 1110.0 739.0 
MOISTER: 434 VDDA: 2.81 Vsol: 1.46 Vbat: 3.61  NTC: 23.0 23.0 22.9 26.5  SOIL: 1472.0 1111.0 737.0 
MOISTER: 435 VDDA: 2.80 Vsol: 1.46 Vbat: 3.59  NTC: 23.0 23.0 22.9 26.5  SOIL: 1478.0 1106.0 735.0 
MOISTER: 436 VDDA: 2.80 Vsol: 1.46 Vbat: 3.60  NTC: 23.0 23.0 22.9 26.5  SOIL: 1480.0 1111.0 739.0 
MOISTER: 437 VDDA: 2.80 Vsol: 1.45 Vbat: 3.61  NTC: 23.0 23.0 22.9 26.6  SOIL: 1471.0 1111.0 736.0 
MOISTER: 438 VDDA: 2.81 Vsol: 1.46 Vbat: 3.62  NTC: 23.0 23.0 22.9 26.6  SOIL: 1471.0 1108.0 740.0 
MOISTER: 439 VDDA: 2.82 Vsol: 1.46 Vbat: 3.61  NTC: 23.0 23.0 22.9 26.6  SOIL: 1473.0 1111.0 737.0 
MOISTER: 440 VDDA: 2.79 Vsol: 1.46 Vbat: 3.60  NTC: 23.0 23.0 22.9 26.6  SOIL: 1473.0 1107.0 739.0 
MOISTER: 441 VDDA: 2.82 Vsol: 1.47 Vbat: 3.63  NTC: 23.0 23.0 22.9 26.6  SOIL: 1479.0 1110.0 738.0 
MOISTER: 442 VDDA: 2.79 Vsol: 1.45 Vbat: 3.59  NTC: 23.0 23.0 22.9 26.6  SOIL: 1476.0 1105.0 736.0 
MOISTER: 443 VDDA: 2.79 Vsol: 1.45 Vbat: 3.59  NTC: 23.0 23.0 22.9 26.6  SOIL: 1474.0 1104.0 740.0 
MOISTER: 444 VDDA: 2.79 Vsol: 1.46 Vbat: 3.58  NTC: 23.0 23.0 22.9 26.5  SOIL: 1479.0 1112.0 739.0 
MOISTER: 445 VDDA: 2.80 Vsol: 1.46 Vbat: 3.61  NTC: 23.0 23.0 22.9 26.5  SOIL: 1478.0 1113.0 735.0 
MOISTER: 446 VDDA: 2.80 Vsol: 1.46 Vbat: 3.60  NTC: 23.0 23.0 22.9 26.6  SOIL: 1478.0 1107.0 740.0 
MOISTER: 447 VDDA: 2.81 Vsol: 1.47 Vbat: 3.62  NTC: 23.0 23.0 22.9 26.5  SOIL: 1478.0 1116.0 741.0 
MOISTER: 448 VDDA: 2.81 Vsol: 1.46 Vbat: 3.61  NTC: 23.0 23.0 22.9 26.5  SOIL: 1474.0 1107.0 737.0 
MOISTER: 449 VDDA: 2.80 Vsol: 1.46 Vbat: 3.60  NTC: 23.0 23.0 22.9 26.5  SOIL: 1488.0 1108.0 738.0 
MOISTER: 450 VDDA: 2.81 Vsol: 1.83 Vbat: 3.62  NTC: 23.0 23.0 22.9 26.5  SOIL: 1482.0 1115.0 737.0 
MOISTER: 451 VDDA: 2.79 Vsol: 1.45 Vbat: 3.59  NTC: 23.0 23.0 22.9 26.4  SOIL: 1481.0 1111.0 738.0 
MOISTER: 452 VDDA: 2.81 Vsol: 1.46 Vbat: 3.60  NTC: 23.0 23.0 22.9 26.4  SOIL: 1478.0 1111.0 737.0 
MOISTER: 453 VDDA: 2.80 Vsol: 1.46 Vbat: 3.60  NTC: 23.0 23.0 22.9 26.4  SOIL: 1476.0 1109.0 739.0 
MOISTER: 454 VDDA: 2.80 Vsol: 1.46 Vbat: 3.60  NTC: 23.0 23.0 22.9 26.5  SOIL: 1471.0 1112.0 740.0 
MOISTER: 455 VDDA: 2.78 Vsol: 1.45 Vbat: 3.57  NTC: 23.0 23.0 22.9 26.5  SOIL: 1478.0 1108.0 742.0 
MOISTER: 456 VDDA: 2.81 Vsol: 1.47 Vbat: 3.62  NTC: 23.0 23.0 22.9 26.4  SOIL: 1472.0 1111.0 738.0 
MOISTER: 457 VDDA: 2.81 Vsol: 1.46 Vbat: 3.60  NTC: 23.0 23.0 22.9 26.4  SOIL: 1484.0 1107.0 738.0 
MOISTER: 458 VDDA: 2.79 Vsol: 1.45 Vbat: 3.59  NTC: 23.0 23.0 22.9 26.3  SOIL: 1473.0 1110.0 740.0 
MOISTER: 459 VDDA: 2.80 Vsol: 1.46 Vbat: 3.60  NTC: 23.0 23.0 22.9 26.2  SOIL: 1473.0 1110.0 738.0 
MOISTER: 460 VDDA: 2.78 Vsol: 1.45 Vbat: 3.57  NTC: 22.9 23.0 22.9 26.2  SOIL: 1484.0 1111.0 740.0 
MOISTER: 461 VDDA: 2.83 Vsol: 1.48 Vbat: 3.64  NTC: 22.9 23.0 22.9 26.2  SOIL: 1477.0 1108.0 740.0 
MOISTER: 462 VDDA: 2.79 Vsol: 1.45 Vbat: 3.57  NTC: 22.9 23.0 22.9 26.1  SOIL: 1482.0 1112.0 743.0 
MOISTER: 463 VDDA: 2.81 Vsol: 1.47 Vbat: 3.62  NTC: 22.9 23.0 22.9 26.0  SOIL: 1485.0 1111.0 744.0 
MOISTER: 464 VDDA: 2.81 Vsol: 1.46 Vbat: 3.62  NTC: 22.9 23.0 22.9 26.0  SOIL: 1482.0 1118.0 739.0 
MOISTER: 465 VDDA: 2.81 Vsol: 1.47 Vbat: 3.63  NTC: 22.9 23.0 22.8 25.9  SOIL: 1478.0 1109.0 743.0 
MOISTER: 466 VDDA: 2.80 Vsol: 1.46 Vbat: 3.60  NTC: 22.9 23.0 22.8 25.9  SOIL: 1476.0 1112.0 742.0 
MOISTER: 467 VDDA: 2.79 Vsol: 1.46 Vbat: 3.60  NTC: 22.9 23.0 22.9 25.9  SOIL: 1483.0 1118.0 743.0 
MOISTER: 468 VDDA: 2.80 Vsol: 1.46 Vbat: 3.60  NTC: 22.9 23.0 22.8 25.9  SOIL: 1479.0 1115.0 740.0 
MOISTER: 469 VDDA: 2.81 Vsol: 1.46 Vbat: 3.61  NTC: 22.9 22.9 22.8 26.0  SOIL: 1484.0 1113.0 740.0 
MOISTER: 470 VDDA: 2.81 Vsol: 1.47 Vbat: 3.63  NTC: 22.9 22.9 22.8 26.0  SOIL: 1482.0 1112.0 742.0 
MOISTER: 471 VDDA: 2.78 Vsol: 1.45 Vbat: 3.58  NTC: 22.9 22.9 22.8 26.0  SOIL: 1474.0 1117.0 746.0 
MOISTER: 472 VDDA: 2.81 Vsol: 1.46 Vbat: 3.62  NTC: 22.8 22.9 22.8 25.9  SOIL: 1480.0 1110.0 740.0 
MOISTER: 473 VDDA: 2.81 Vsol: 1.47 Vbat: 3.62  NTC: 22.8 22.9 22.8 25.8  SOIL: 1482.0 1117.0 746.0 
MOISTER: 474 VDDA: 2.79 Vsol: 1.46 Vbat: 3.59  NTC: 22.8 22.9 22.8 25.8  SOIL: 1487.0 1112.0 744.0 
MOISTER: 475 VDDA: 2.80 Vsol: 1.46 Vbat: 3.60  NTC: 22.8 22.9 22.8 25.8  SOIL: 1483.0 1116.0 743.0 
MOISTER: 476 VDDA: 2.81 Vsol: 1.46 Vbat: 3.61  NTC: 22.8 22.9 22.8 25.8  SOIL: 1478.0 1113.0 743.0 
MOISTER: 477 VDDA: 2.79 Vsol: 1.45 Vbat: 3.58  NTC: 22.8 22.9 22.8 25.7  SOIL: 1480.0 1111.0 745.0 
MOISTER: 478 VDDA: 2.80 Vsol: 1.45 Vbat: 3.61  NTC: 22.8 22.9 22.8 25.6  SOIL: 1484.0 1114.0 743.0 
MOISTER: 479 VDDA: 2.82 Vsol: 1.46 Vbat: 3.62  NTC: 22.8 22.9 22.8 25.6  SOIL: 1484.0 1118.0 744.0 
MOISTER: 480 VDDA: 2.83 Vsol: 1.46 Vbat: 3.63  NTC: 22.8 22.9 22.8 25.5  SOIL: 1483.0 1110.0 746.0 
MOISTER: 481 VDDA: 2.82 Vsol: 1.47 Vbat: 3.64  NTC: 22.8 22.9 22.8 25.5  SOIL: 1485.0 1113.0 747.0 
MOISTER: 482 VDDA: 2.81 Vsol: 1.46 Vbat: 3.62  NTC: 22.8 22.9 22.8 25.5  SOIL: 1484.0 1121.0 749.0 
MOISTER: 483 VDDA: 2.82 Vsol: 1.46 Vbat: 3.63  NTC: 22.8 22.9 22.8 25.5  SOIL: 1482.0 1117.0 742.0 
MOISTER: 484 VDDA: 2.80 Vsol: 1.44 Vbat: 3.60  NTC: 22.7 22.9 22.8 25.5  SOIL: 1492.0 1121.0 746.0 
MOISTER: 485 VDDA: 2.81 Vsol: 1.46 Vbat: 3.63  NTC: 22.7 22.9 22.8 25.5  SOIL: 1487.0 1116.0 748.0 
MOISTER: 486 VDDA: 2.82 Vsol: 1.45 Vbat: 3.61  NTC: 22.7 22.9 22.8 25.4  SOIL: 1482.0 1121.0 744.0 
MOISTER: 487 VDDA: 2.79 Vsol: 1.44 Vbat: 3.59  NTC: 22.7 22.9 22.8 25.4  SOIL: 1487.0 1120.0 746.0 
MOISTER: 488 VDDA: 2.82 Vsol: 1.45 Vbat: 3.63  NTC: 22.7 22.9 22.8 25.3  SOIL: 1483.0 1119.0 746.0 
MOISTER: 489 VDDA: 2.82 Vsol: 1.46 Vbat: 3.62  NTC: 22.7 22.9 22.8 25.4  SOIL: 1488.0 1117.0 746.0 
MOISTER: 490 VDDA: 2.81 Vsol: 1.45 Vbat: 3.61  NTC: 22.7 22.9 22.8 25.4  SOIL: 1488.0 1113.0 747.0 
MOISTER: 491 VDDA: 2.78 Vsol: 1.43 Vbat: 3.57  NTC: 22.7 22.9 22.8 25.4  SOIL: 1483.0 1117.0 748.0 
MOISTER: 492 VDDA: 2.81 Vsol: 1.44 Vbat: 3.61  NTC: 22.7 22.9 22.8 25.3  SOIL: 1491.0 1114.0 747.0 
MOISTER: 493 VDDA: 2.82 Vsol: 1.80 Vbat: 3.62  NTC: 22.7 22.9 22.8 25.3  SOIL: 1487.0 1124.0 745.0 
MOISTER: 494 VDDA: 2.81 Vsol: 1.44 Vbat: 3.62  NTC: 22.7 22.9 22.8 25.3  SOIL: 1491.0 1115.0 748.0 
MOISTER: 495 VDDA: 2.81 Vsol: 1.45 Vbat: 3.61  NTC: 22.7 22.9 22.7 25.3  SOIL: 1493.0 1117.0 752.0 
MOISTER: 496 VDDA: 2.82 Vsol: 1.44 Vbat: 3.61  NTC: 22.7 22.8 22.7 25.3  SOIL: 1490.0 1116.0 747.0 
MOISTER: 497 VDDA: 2.81 Vsol: 1.43 Vbat: 3.60  NTC: 22.6 22.8 22.7 25.3  SOIL: 1487.0 1117.0 749.0 
MOISTER: 498 VDDA: 2.81 Vsol: 1.43 Vbat: 3.62  NTC: 22.6 22.8 22.7 25.4  SOIL: 1487.0 1114.0 748.0 
MOISTER: 499 VDDA: 2.79 Vsol: 1.41 Vbat: 3.58  NTC: 22.6 22.8 22.7 25.4  SOIL: 1485.0 1120.0 746.0 
MOISTER: 500 VDDA: 2.79 Vsol: 1.42 Vbat: 3.59  NTC: 22.6 22.8 22.7 25.4  SOIL: 1489.0 1122.0 752.0 
MOISTER: 501 VDDA: 2.78 Vsol: 1.40 Vbat: 3.57  NTC: 22.6 22.8 22.7 25.3  SOIL: 1482.0 1120.0 750.0 
MOISTER: 502 VDDA: 2.80 Vsol: 1.41 Vbat: 3.59  NTC: 22.6 22.8 22.7 25.3  SOIL: 1491.0 1119.0 752.0 
MOISTER: 503 VDDA: 2.78 Vsol: 1.40 Vbat: 3.57  NTC: 22.6 22.8 22.7 25.3  SOIL: 1487.0 1121.0 751.0 
MOISTER: 504 VDDA: 2.82 Vsol: 1.42 Vbat: 3.62  NTC: 22.6 22.8 22.7 25.3  SOIL: 1484.0 1117.0 749.0 
MOISTER: 505 VDDA: 2.78 Vsol: 1.40 Vbat: 3.58  NTC: 22.6 22.8 22.7 25.3  SOIL: 1488.0 1119.0 747.0 
MOISTER: 506 VDDA: 2.82 Vsol: 1.42 Vbat: 3.63  NTC: 22.6 22.8 22.7 25.3  SOIL: 1489.0 1124.0 752.0 
MOISTER: 507 VDDA: 2.82 Vsol: 1.42 Vbat: 3.61  NTC: 22.6 22.8 22.7 25.2  SOIL: 1492.0 1118.0 748.0 
MOISTER: 508 VDDA: 2.80 Vsol: 1.41 Vbat: 3.60  NTC: 22.6 22.8 22.7 25.2  SOIL: 1486.0 1117.0 746.0 
MOISTER: 509 VDDA: 2.81 Vsol: 1.41 Vbat: 3.61  NTC: 22.6 22.8 22.6 25.2  SOIL: 1483.0 1116.0 750.0 
MOISTER: 510 VDDA: 2.79 Vsol: 1.40 Vbat: 3.59  NTC: 22.6 22.8 22.6 25.1  SOIL: 1486.0 1114.0 750.0 
MOISTER: 511 VDDA: 2.80 Vsol: 1.41 Vbat: 3.59  NTC: 22.6 22.8 22.6 25.1  SOIL: 1488.0 1121.0 749.0 
MOISTER: 512 VDDA: 2.81 Vsol: 1.41 Vbat: 3.61  NTC: 22.6 22.8 22.6 25.1  SOIL: 1488.0 1122.0 750.0 
MOISTER: 513 VDDA: 2.83 Vsol: 1.42 Vbat: 3.63  NTC: 22.6 22.8 22.6 25.1  SOIL: 1490.0 1117.0 749.0 
MOISTER: 514 VDDA: 2.82 Vsol: 1.42 Vbat: 3.62  NTC: 22.6 22.8 22.6 25.1  SOIL: 1496.0 1123.0 752.0 
MOISTER: 515 VDDA: 2.82 Vsol: 1.42 Vbat: 3.62  NTC: 22.6 22.8 22.6 25.0  SOIL: 1493.0 1117.0 751.0 
MOISTER: 516 VDDA: 2.80 Vsol: 1.41 Vbat: 3.58  NTC: 22.6 22.8 22.6 25.0  SOIL: 1494.0 1118.0 748.0 
MOISTER: 517 VDDA: 2.81 Vsol: 1.41 Vbat: 3.61  NTC: 22.6 22.7 22.6 25.0  SOIL: 1495.0 1124.0 750.0 
MOISTER: 518 VDDA: 2.83 Vsol: 1.42 Vbat: 3.62  NTC: 22.6 22.7 22.6 25.0  SOIL: 1498.0 1118.0 747.0 
MOISTER: 519 VDDA: 2.80 Vsol: 1.41 Vbat: 3.60  NTC: 22.5 22.7 22.6 24.9  SOIL: 1490.0 1124.0 753.0 
MOISTER: 520 VDDA: 2.80 Vsol: 1.41 Vbat: 3.59  NTC: 22.6 22.7 22.6 24.9  SOIL: 1489.0 1122.0 751.0 
MOISTER: 521 VDDA: 2.79 Vsol: 1.40 Vbat: 3.57  NTC: 22.5 22.7 22.6 24.9  SOIL: 1498.0 1120.0 749.0 
MOISTER: 522 VDDA: 2.81 Vsol: 1.40 Vbat: 3.61  NTC: 22.5 22.7 22.6 24.9  SOIL: 1494.0 1117.0 749.0 
MOISTER: 523 VDDA: 2.79 Vsol: 1.40 Vbat: 3.59  NTC: 22.5 22.7 22.5 24.9  SOIL: 1497.0 1120.0 753.0 
MOISTER: 524 VDDA: 2.83 Vsol: 1.42 Vbat: 3.62  NTC: 22.5 22.7 22.5 24.9  SOIL: 1496.0 1124.0 752.0 
MOISTER: 525 VDDA: 2.79 Vsol: 1.39 Vbat: 3.58  NTC: 22.5 22.7 22.5 24.9  SOIL: 1494.0 1121.0 752.0 
MOISTER: 526 VDDA: 2.82 Vsol: 1.40 Vbat: 3.62  NTC: 22.5 22.7 22.5 24.8  SOIL: 1488.0 1122.0 750.0 
MOISTER: 527 VDDA: 2.79 Vsol: 1.38 Vbat: 3.58  NTC: 22.5 22.7 22.5 24.8  SOIL: 1498.0 1122.0 753.0 
MOISTER: 528 VDDA: 2.83 Vsol: 1.40 Vbat: 3.62  NTC: 22.5 22.7 22.5 24.8  SOIL: 1488.0 1119.0 755.0 
MOISTER: 529 VDDA: 2.80 Vsol: 1.37 Vbat: 3.59  NTC: 22.5 22.7 22.5 24.7  SOIL: 1495.0 1124.0 751.0 
MOISTER: 530 VDDA: 2.79 Vsol: 1.36 Vbat: 3.58  NTC: 22.5 22.7 22.5 24.7  SOIL: 1494.0 1127.0 750.0 
MOISTER: 531 VDDA: 2.81 Vsol: 1.37 Vbat: 3.60  NTC: 22.5 22.7 22.5 24.7  SOIL: 1494.0 1121.0 757.0 
MOISTER: 532 VDDA: 2.79 Vsol: 1.36 Vbat: 3.59  NTC: 22.5 22.7 22.5 24.6  SOIL: 1497.0 1127.0 751.0 
MOISTER: 533 VDDA: 2.78 Vsol: 1.35 Vbat: 3.58  NTC: 22.5 22.7 22.5 24.6  SOIL: 1490.0 1125.0 757.0 
MOISTER: 534 VDDA: 2.78 Vsol: 1.35 Vbat: 3.58  NTC: 22.5 22.7 22.5 24.6  SOIL: 1494.0 1122.0 757.0 
MOISTER: 535 VDDA: 2.79 Vsol: 1.35 Vbat: 3.58  NTC: 22.4 22.7 22.5 24.6  SOIL: 1497.0 1123.0 753.0 
MOISTER: 536 VDDA: 2.82 Vsol: 1.35 Vbat: 3.60  NTC: 22.4 22.7 22.4 24.5  SOIL: 1500.0 1119.0 757.0 
MOISTER: 537 VDDA: 2.83 Vsol: 1.35 Vbat: 3.63  NTC: 22.4 22.7 22.5 24.5  SOIL: 1493.0 1124.0 756.0 
MOISTER: 538 VDDA: 2.82 Vsol: 1.32 Vbat: 3.61  NTC: 22.4 22.7 22.4 24.5  SOIL: 1501.0 1129.0 756.0 
MOISTER: 539 VDDA: 2.80 Vsol: 1.30 Vbat: 3.58  NTC: 22.4 22.7 22.4 24.5  SOIL: 1497.0 1124.0 753.0 
MOISTER: 540 VDDA: 2.82 Vsol: 1.31 Vbat: 3.62  NTC: 22.4 22.7 22.4 24.5  SOIL: 1504.0 1123.0 752.0 
MOISTER: 541 VDDA: 2.82 Vsol: 1.32 Vbat: 3.63  NTC: 22.4 22.7 22.4 24.4  SOIL: 1494.0 1120.0 758.0 
MOISTER: 542 VDDA: 2.82 Vsol: 1.31 Vbat: 3.61  NTC: 22.4 22.7 22.4 24.4  SOIL: 1498.0 1126.0 753.0 
MOISTER: 543 VDDA: 2.80 Vsol: 1.30 Vbat: 3.60  NTC: 22.4 22.7 22.4 24.4  SOIL: 1499.0 1123.0 756.0 
MOISTER: 544 VDDA: 2.79 Vsol: 1.29 Vbat: 3.57  NTC: 22.3 22.7 22.4 24.3  SOIL: 1500.0 1124.0 756.0 
MOISTER: 545 VDDA: 2.81 Vsol: 1.29 Vbat: 3.60  NTC: 22.3 22.7 22.4 24.3  SOIL: 1493.0 1122.0 760.0 
MOISTER: 546 VDDA: 2.79 Vsol: 1.28 Vbat: 3.57  NTC: 22.3 22.7 22.4 24.3  SOIL: 1499.0 1122.0 758.0 
MOISTER: 547 VDDA: 2.80 Vsol: 1.27 Vbat: 3.59  NTC: 22.3 22.7 22.4 24.3  SOIL: 1498.0 1124.0 757.0 
MOISTER: 548 VDDA: 2.79 Vsol: 1.25 Vbat: 3.58  NTC: 22.3 22.6 22.4 24.2  SOIL: 1500.0 1124.0 762.0 
MOISTER: 549 VDDA: 2.82 Vsol: 1.27 Vbat: 3.63  NTC: 22.3 22.6 22.4 24.1  SOIL: 1495.0 1122.0 757.0 
MOISTER: 550 VDDA: 2.81 Vsol: 1.53 Vbat: 3.59  NTC: 22.3 22.6 22.4 24.1  SOIL: 1499.0 1124.0 756.0 
MOISTER: 551 VDDA: 2.82 Vsol: 1.24 Vbat: 3.62  NTC: 22.3 22.6 22.4 24.0  SOIL: 1497.0 1124.0 759.0 
MOISTER: 552 VDDA: 2.78 Vsol: 1.20 Vbat: 3.56  NTC: 22.3 22.6 22.4 24.0  SOIL: 1502.0 1123.0 757.0 
MOISTER: 553 VDDA: 2.78 Vsol: 1.19 Vbat: 3.57  NTC: 22.3 22.6 22.4 24.0  SOIL: 1498.0 1129.0 759.0 
MOISTER: 554 VDDA: 2.80 Vsol: 1.19 Vbat: 3.59  NTC: 22.3 22.6 22.4 24.0  SOIL: 1504.0 1126.0 755.0 
MOISTER: 555 VDDA: 2.79 Vsol: 1.18 Vbat: 3.57  NTC: 22.3 22.6 22.4 24.0  SOIL: 1500.0 1129.0 762.0 
MOISTER: 556 VDDA: 2.79 Vsol: 1.18 Vbat: 3.58  NTC: 22.3 22.6 22.4 23.9  SOIL: 1498.0 1123.0 757.0 
MOISTER: 557 VDDA: 2.81 Vsol: 1.17 Vbat: 3.61  NTC: 22.3 22.6 22.4 23.9  SOIL: 1499.0 1124.0 756.0 
MOISTER: 558 VDDA: 2.81 Vsol: 1.16 Vbat: 3.62  NTC: 22.3 22.6 22.4 23.9  SOIL: 1498.0 1130.0 762.0 
MOISTER: 559 VDDA: 2.78 Vsol: 1.15 Vbat: 3.56  NTC: 22.3 22.6 22.4 23.8  SOIL: 1505.0 1123.0 760.0 
MOISTER: 560 VDDA: 2.81 Vsol: 1.14 Vbat: 3.59  NTC: 22.2 22.6 22.3 23.8  SOIL: 1498.0 1125.0 756.0 
MOISTER: 561 VDDA: 2.78 Vsol: 1.12 Vbat: 3.57  NTC: 22.2 22.6 22.3 23.8  SOIL: 1508.0 1131.0 762.0 
MOISTER: 562 VDDA: 2.78 Vsol: 1.10 Vbat: 3.56  NTC: 22.2 22.6 22.3 23.8  SOIL: 1507.0 1126.0 759.0 
MOISTER: 563 VDDA: 2.81 Vsol: 1.10 Vbat: 3.59  NTC: 22.2 22.6 22.3 23.8  SOIL: 1499.0 1123.0 758.0 
MOISTER: 564 VDDA: 2.80 Vsol: 1.10 Vbat: 3.59  NTC: 22.2 22.6 22.3 23.7  SOIL: 1503.0 1132.0 761.0 
MOISTER: 565 VDDA: 2.78 Vsol: 1.09 Vbat: 3.56  NTC: 22.2 22.6 22.3 23.7  SOIL: 1505.0 1124.0 760.0 
MOISTER: 566 VDDA: 2.82 Vsol: 1.09 Vbat: 3.61  NTC: 22.2 22.6 22.3 23.7  SOIL: 1506.0 1124.0 757.0 
MOISTER: 567 VDDA: 2.77 Vsol: 1.07 Vbat: 3.56  NTC: 22.2 22.5 22.3 23.7  SOIL: 1499.0 1132.0 761.0 
MOISTER: 568 VDDA: 2.83 Vsol: 1.08 Vbat: 3.63  NTC: 22.2 22.5 22.3 23.7  SOIL: 1508.0 1132.0 762.0 
MOISTER: 569 VDDA: 2.78 Vsol: 1.05 Vbat: 3.56  NTC: 22.1 22.5 22.3 23.6  SOIL: 1500.0 1125.0 761.0 
MOISTER: 570 VDDA: 2.83 Vsol: 1.05 Vbat: 3.62  NTC: 22.1 22.5 22.3 23.6  SOIL: 1507.0 1124.0 758.0 
MOISTER: 571 VDDA: 2.79 Vsol: 1.03 Vbat: 3.56  NTC: 22.1 22.5 22.3 23.6  SOIL: 1505.0 1129.0 759.0 
MOISTER: 572 VDDA: 2.77 Vsol: 1.00 Vbat: 3.55  NTC: 22.1 22.5 22.3 23.6  SOIL: 1501.0 1126.0 762.0 
MOISTER: 573 VDDA: 2.81 Vsol: 1.00 Vbat: 3.59  NTC: 22.1 22.5 22.2 23.5  SOIL: 1506.0 1125.0 763.0 
MOISTER: 574 VDDA: 2.78 Vsol: 0.99 Vbat: 3.56  NTC: 22.1 22.5 22.2 23.5  SOIL: 1506.0 1130.0 763.0 
MOISTER: 575 VDDA: 2.78 Vsol: 0.97 Vbat: 3.56  NTC: 22.1 22.5 22.2 23.5  SOIL: 1500.0 1129.0 765.0 
MOISTER: 576 VDDA: 2.82 Vsol: 0.97 Vbat: 3.62  NTC: 22.1 22.5 22.2 23.5  SOIL: 1501.0 1127.0 760.0 
MOISTER: 577 VDDA: 2.82 Vsol: 0.95 Vbat: 3.60  NTC: 22.1 22.5 22.2 23.4  SOIL: 1503.0 1126.0 762.0 
MOISTER: 578 VDDA: 2.79 Vsol: 0.93 Vbat: 3.58  NTC: 22.0 22.5 22.2 23.4  SOIL: 1503.0 1133.0 759.0 
MOISTER: 579 VDDA: 2.77 Vsol: 0.91 Vbat: 3.55  NTC: 22.0 22.4 22.2 23.4  SOIL: 1503.0 1128.0 760.0 
MOISTER: 580 VDDA: 2.83 Vsol: 0.91 Vbat: 3.62  NTC: 22.0 22.4 22.2 23.4  SOIL: 1503.0 1127.0 764.0 
MOISTER: 581 VDDA: 2.79 Vsol: 0.88 Vbat: 3.56  NTC: 22.0 22.4 22.2 23.3  SOIL: 1508.0 1134.0 760.0 
MOISTER: 582 VDDA: 2.81 Vsol: 0.87 Vbat: 3.60  NTC: 22.0 22.4 22.1 23.3  SOIL: 1501.0 1131.0 763.0 
MOISTER: 583 VDDA: 2.82 Vsol: 0.85 Vbat: 3.60  NTC: 22.0 22.4 22.1 23.2  SOIL: 1507.0 1132.0 759.0 
MOISTER: 584 VDDA: 2.78 Vsol: 0.81 Vbat: 3.56  NTC: 22.0 22.4 22.1 23.2  SOIL: 1507.0 1130.0 762.0 
MOISTER: 585 VDDA: 2.79 Vsol: 0.80 Vbat: 3.57  NTC: 22.0 22.4 22.1 23.2  SOIL: 1504.0 1127.0 764.0 
MOISTER: 586 VDDA: 2.82 Vsol: 0.77 Vbat: 3.59  NTC: 22.0 22.4 22.1 23.2  SOIL: 1502.0 1129.0 764.0 
MOISTER: 587 VDDA: 2.81 Vsol: 0.75 Vbat: 3.60  NTC: 21.9 22.4 22.1 23.2  SOIL: 1505.0 1130.0 762.0 
MOISTER: 588 VDDA: 2.82 Vsol: 0.70 Vbat: 3.61  NTC: 21.9 22.4 22.1 23.2  SOIL: 1510.0 1128.0 762.0 
MOISTER: 589 VDDA: 2.77 Vsol: 0.64 Vbat: 3.55  NTC: 21.9 22.4 22.1 23.1  SOIL: 1504.0 1135.0 768.0 
MOISTER: 590 VDDA: 2.82 Vsol: 0.63 Vbat: 3.60  NTC: 21.9 22.4 22.1 23.1  SOIL: 1505.0 1129.0 763.0 
MOISTER: 591 VDDA: 2.79 Vsol: 0.59 Vbat: 3.57  NTC: 21.9 22.4 22.1 23.1  SOIL: 1507.0 1128.0 765.0 
MOISTER: 592 VDDA: 2.80 Vsol: 0.56 Vbat: 3.58  NTC: 21.9 22.4 22.1 23.1  SOIL: 1504.0 1136.0 764.0 
MOISTER: 593 VDDA: 2.82 Vsol: 0.53 Vbat: 3.61  NTC: 21.9 22.4 22.1 23.2  SOIL: 1505.0 1129.0 762.0 
MOISTER: 594 VDDA: 2.82 Vsol: 0.48 Vbat: 3.61  NTC: 21.9 22.4 22.1 23.2  SOIL: 1505.0 1130.0 766.0 
MOISTER: 595 VDDA: 2.79 Vsol: 0.46 Vbat: 3.56  NTC: 21.9 22.4 22.1 23.2  SOIL: 1510.0 1137.0 766.0 
MOISTER: 596 VDDA: 2.78 Vsol: 0.43 Vbat: 3.55  NTC: 21.9 22.4 22.1 23.4  SOIL: 1506.0 1127.0 765.0 
MOISTER: 597 VDDA: 2.82 Vsol: 0.43 Vbat: 3.59  NTC: 21.9 22.4 22.1 23.5  SOIL: 1502.0 1127.0 762.0 
MOISTER: 598 VDDA: 2.82 Vsol: 0.40 Vbat: 3.59  NTC: 21.9 22.4 22.0 23.6  SOIL: 1506.0 1126.0 761.0 
MOISTER: 599 VDDA: 2.78 Vsol: 0.41 Vbat: 3.56  NTC: 21.9 22.4 22.0 23.6  SOIL: 1505.0 1129.0 766.0 
MOISTER: 600 VDDA: 2.79 Vsol: 0.36 Vbat: 3.57  NTC: 21.9 22.3 22.0 23.6  SOIL: 1504.0 1127.0 764.0 
MOISTER: 601 VDDA: 2.80 Vsol: 0.34 Vbat: 3.58  NTC: 21.9 22.3 22.0 23.5  SOIL: 1503.0 1132.0 766.0 
MOISTER: 602 VDDA: 2.82 Vsol: 0.27 Vbat: 3.61  NTC: 21.9 22.3 22.0 23.4  SOIL: 1507.0 1133.0 763.0 
MOISTER: 603 VDDA: 2.82 Vsol: 0.28 Vbat: 3.60  NTC: 21.9 22.3 22.0 23.3  SOIL: 1502.0 1131.0 767.0 
MOISTER: 604 VDDA: 2.81 Vsol: 0.29 Vbat: 3.59  NTC: 21.9 22.3 22.0 23.3  SOIL: 1504.0 1126.0 764.0 
MOISTER: 605 VDDA: 2.81 Vsol: 0.24 Vbat: 3.58  NTC: 21.9 22.3 22.0 23.3  SOIL: 1513.0 1135.0 768.0 
MOISTER: 606 VDDA: 2.78 Vsol: 0.23 Vbat: 3.55  NTC: 21.9 22.3 21.9 23.4  SOIL: 1509.0 1132.0 764.0 
MOISTER: 607 VDDA: 2.77 Vsol: 0.25 Vbat: 3.55  NTC: 21.9 22.3 21.9 23.5  SOIL: 1501.0 1129.0 768.0 
MOISTER: 608 VDDA: 2.78 Vsol: 0.26 Vbat: 3.55  NTC: 21.8 22.3 21.9 23.4  SOIL: 1512.0 1129.0 761.0 
MOISTER: 609 VDDA: 2.81 Vsol: 0.23 Vbat: 3.59  NTC: 21.8 22.3 21.9 23.4  SOIL: 1504.0 1131.0 763.0 
MOISTER: 610 VDDA: 2.80 Vsol: 0.22 Vbat: 3.58  NTC: 21.8 22.3 21.9 23.5  SOIL: 1506.0 1126.0 765.0 
MOISTER: 611 VDDA: 2.77 Vsol: 0.19 Vbat: 3.55  NTC: 21.8 22.3 21.9 23.6  SOIL: 1505.0 1129.0 762.0 
MOISTER: 612 VDDA: 2.81 Vsol: 0.23 Vbat: 3.59  NTC: 21.8 22.2 21.9 23.6  SOIL: 1512.0 1132.0 763.0 
MOISTER: 613 VDDA: 2.78 Vsol: 0.23 Vbat: 3.56  NTC: 21.8 22.2 21.9 23.6  SOIL: 1503.0 1130.0 765.0 
MOISTER: 614 VDDA: 2.83 Vsol: 0.20 Vbat: 3.61  NTC: 21.8 22.2 21.9 23.5  SOIL: 1506.0 1133.0 762.0 
MOISTER: 615 VDDA: 2.80 Vsol: 0.24 Vbat: 3.58  NTC: 21.8 22.2 21.8 23.5  SOIL: 1515.0 1131.0 764.0 
MOISTER: 616 VDDA: 2.82 Vsol: 0.24 Vbat: 3.59  NTC: 21.8 22.2 21.8 23.4  SOIL: 1506.0 1129.0 767.0 
MOISTER: 617 VDDA: 2.79 Vsol: 0.23 Vbat: 3.55  NTC: 21.8 22.2 21.8 23.4  SOIL: 1507.0 1132.0 762.0 
MOISTER: 618 VDDA: 2.80 Vsol: 0.24 Vbat: 3.57  NTC: 21.8 22.2 21.8 23.3  SOIL: 1512.0 1134.0 765.0 
MOISTER: 619 VDDA: 2.79 Vsol: 0.24 Vbat: 3.56  NTC: 21.8 22.2 21.8 23.2  SOIL: 1508.0 1137.0 768.0 
MOISTER: 620 VDDA: 2.80 Vsol: 0.24 Vbat: 3.58  NTC: 21.8 22.2 21.8 23.1  SOIL: 1508.0 1128.0 766.0 
MOISTER: 621 VDDA: 2.82 Vsol: 0.24 Vbat: 3.60  NTC: 21.8 22.2 21.8 23.1  SOIL: 1509.0 1128.0 765.0 
MOISTER: 622 VDDA: 2.81 Vsol: 0.19 Vbat: 3.59  NTC: 21.8 22.2 21.8 23.1  SOIL: 1510.0 1128.0 766.0 
MOISTER: 623 VDDA: 2.81 Vsol: 0.23 Vbat: 3.58  NTC: 21.8 22.2 21.8 23.1  SOIL: 1509.0 1127.0 767.0 
MOISTER: 624 VDDA: 2.82 Vsol: 0.23 Vbat: 3.60  NTC: 21.7 22.1 21.7 23.0  SOIL: 1511.0 1129.0 766.0 
MOISTER: 625 VDDA: 2.79 Vsol: 0.23 Vbat: 3.56  NTC: 21.7 22.1 21.7 23.1  SOIL: 1510.0 1133.0 768.0 
MOISTER: 626 VDDA: 2.82 Vsol: 0.21 Vbat: 3.59  NTC: 21.7 22.1 21.7 23.1  SOIL: 1509.0 1132.0 764.0 
MOISTER: 627 VDDA: 2.80 Vsol: 0.24 Vbat: 3.57  NTC: 21.7 22.1 21.7 23.2  SOIL: 1507.0 1131.0 766.0 
MOISTER: 628 VDDA: 2.80 Vsol: 0.20 Vbat: 3.56  NTC: 21.7 22.1 21.7 23.3  SOIL: 1507.0 1132.0 765.0 
MOISTER: 629 VDDA: 2.78 Vsol: 0.23 Vbat: 3.55  NTC: 21.7 22.1 21.7 23.3  SOIL: 1512.0 1134.0 766.0 
MOISTER: 630 VDDA: 2.79 Vsol: 0.23 Vbat: 3.55  NTC: 21.7 22.1 21.7 23.3  SOIL: 1504.0 1130.0 768.0 
MOISTER: 631 VDDA: 2.83 Vsol: 0.24 Vbat: 3.59  NTC: 21.7 22.1 21.7 23.3  SOIL: 1509.0 1133.0 764.0 
MOISTER: 632 VDDA: 2.79 Vsol: 0.23 Vbat: 3.55  NTC: 21.7 22.1 21.7 23.3  SOIL: 1508.0 1132.0 764.0 
MOISTER: 633 VDDA: 2.83 Vsol: 0.24 Vbat: 3.61  NTC: 21.7 22.1 21.7 23.2  SOIL: 1506.0 1129.0 765.0 
MOISTER: 634 VDDA: 2.81 Vsol: 0.23 Vbat: 3.57  NTC: 21.7 22.1 21.7 23.2  SOIL: 1520.0 1130.0 769.0 
MOISTER: 635 VDDA: 2.81 Vsol: 0.24 Vbat: 3.59  NTC: 21.6 22.1 21.7 23.2  SOIL: 1502.0 1126.0 766.0 
MOISTER: 636 VDDA: 2.80 Vsol: 0.23 Vbat: 3.56  NTC: 21.6 22.1 21.7 23.1  SOIL: 1503.0 1127.0 766.0 
MOISTER: 637 VDDA: 2.79 Vsol: 0.24 Vbat: 3.56  NTC: 21.6 22.0 21.7 23.1  SOIL: 1508.0 1127.0 766.0 
MOISTER: 638 VDDA: 2.81 Vsol: 0.24 Vbat: 3.57  NTC: 21.6 22.0 21.6 23.0  SOIL: 1511.0 1137.0 765.0 
MOISTER: 639 VDDA: 2.80 Vsol: 0.23 Vbat: 3.56  NTC: 21.6 22.0 21.6 22.9  SOIL: 1507.0 1133.0 768.0 
MOISTER: 640 VDDA: 2.80 Vsol: 0.24 Vbat: 3.57  NTC: 21.6 22.0 21.6 22.8  SOIL: 1510.0 1131.0 768.0 
MOISTER: 641 VDDA: 2.82 Vsol: 0.24 Vbat: 3.60  NTC: 21.6 22.0 21.6 22.8  SOIL: 1516.0 1136.0 768.0 
MOISTER: 642 VDDA: 2.79 Vsol: 0.23 Vbat: 3.56  NTC: 21.6 22.0 21.6 22.7  SOIL: 1511.0 1130.0 770.0 
MOISTER: 643 VDDA: 2.83 Vsol: 0.23 Vbat: 3.58  NTC: 21.6 22.0 21.6 22.7  SOIL: 1511.0 1130.0 767.0 
MOISTER: 644 VDDA: 2.80 Vsol: 0.24 Vbat: 3.56  NTC: 21.6 22.0 21.6 22.8  SOIL: 1510.0 1135.0 768.0 
MOISTER: 645 VDDA: 2.80 Vsol: 0.24 Vbat: 3.57  NTC: 21.6 22.0 21.6 22.9  SOIL: 1506.0 1130.0 768.0 
MOISTER: 646 VDDA: 2.80 Vsol: 0.23 Vbat: 3.57  NTC: 21.6 22.0 21.6 22.9  SOIL: 1509.0 1132.0 775.0 
MOISTER: 647 VDDA: 2.80 Vsol: 0.24 Vbat: 3.57  NTC: 21.6 22.0 21.6 23.0  SOIL: 1509.0 1127.0 769.0 
MOISTER: 648 VDDA: 2.81 Vsol: 0.24 Vbat: 3.57  NTC: 21.6 22.0 21.6 23.0  SOIL: 1512.0 1134.0 767.0 
MOISTER: 649 VDDA: 2.80 Vsol: 0.23 Vbat: 3.57  NTC: 21.5 22.0 21.5 23.0  SOIL: 1512.0 1131.0 768.0 
MOISTER: 650 VDDA: 2.82 Vsol: 0.23 Vbat: 3.60  NTC: 21.5 22.0 21.5 23.1  SOIL: 1511.0 1130.0 771.0 
MOISTER: 651 VDDA: 2.81 Vsol: 0.23 Vbat: 3.58  NTC: 21.5 22.0 21.5 23.0  SOIL: 1511.0 1131.0 772.0 
MOISTER: 652 VDDA: 2.81 Vsol: 0.23 Vbat: 3.57  NTC: 21.5 22.0 21.5 23.0  SOIL: 1514.0 1128.0 767.0 
MOISTER: 653 VDDA: 2.82 Vsol: 0.23 Vbat: 3.57  NTC: 21.5 22.0 21.5 23.0  SOIL: 1514.0 1126.0 771.0 
MOISTER: 654 VDDA: 2.83 Vsol: 0.23 Vbat: 3.59  NTC: 21.5 22.0 21.5 23.0  SOIL: 1515.0 1128.0 767.0 
MOISTER: 655 VDDA: 2.81 Vsol: 0.24 Vbat: 3.58  NTC: 21.5 21.9 21.5 23.0  SOIL: 1511.0 1134.0 772.0 
MOISTER: 656 VDDA: 2.81 Vsol: 0.23 Vbat: 3.58  NTC: 21.5 22.0 21.5 23.0  SOIL: 1514.0 1129.0 766.0 
MOISTER: 657 VDDA: 2.80 Vsol: 0.23 Vbat: 3.57  NTC: 21.5 21.9 21.5 23.0  SOIL: 1510.0 1129.0 771.0 
MOISTER: 658 VDDA: 2.82 Vsol: 0.23 Vbat: 3.60  NTC: 21.5 21.9 21.4 23.0  SOIL: 1509.0 1133.0 770.0 
MOISTER: 659 VDDA: 2.81 Vsol: 0.23 Vbat: 3.56  NTC: 21.5 21.9 21.4 23.0  SOIL: 1507.0 1129.0 769.0 
MOISTER: 660 VDDA: 2.79 Vsol: 0.24 Vbat: 3.54  NTC: 21.5 21.9 21.4 23.0  SOIL: 1512.0 1133.0 771.0 
MOISTER: 661 VDDA: 2.81 Vsol: 0.24 Vbat: 3.58  NTC: 21.5 21.9 21.4 23.0  SOIL: 1508.0 1127.0 772.0 
MOISTER: 662 VDDA: 2.79 Vsol: 0.23 Vbat: 3.54  NTC: 21.5 21.9 21.4 22.9  SOIL: 1514.0 1131.0 771.0 
MOISTER: 663 VDDA: 2.79 Vsol: 0.23 Vbat: 3.56  NTC: 21.5 21.9 21.4 22.9  SOIL: 1511.0 1129.0 770.0 
MOISTER: 664 VDDA: 2.82 Vsol: 0.23 Vbat: 3.60  NTC: 21.4 21.9 21.4 22.9  SOIL: 1512.0 1129.0 770.0 
MOISTER: 665 VDDA: 2.77 Vsol: 0.23 Vbat: 3.51  NTC: 21.4 21.9 21.4 22.9  SOIL: 1516.0 1130.0 773.0 
MOISTER: 666 VDDA: 2.82 Vsol: 0.23 Vbat: 3.56  NTC: 21.4 21.9 21.4 22.9  SOIL: 1512.0 1127.0 772.0 
MOISTER: 667 VDDA: 2.82 Vsol: 0.24 Vbat: 3.57  NTC: 21.4 21.9 21.4 22.9  SOIL: 1520.0 1128.0 770.0 
MOISTER: 668 VDDA: 2.81 Vsol: 0.23 Vbat: 3.56  NTC: 21.4 21.9 21.4 22.8  SOIL: 1511.0 1134.0 772.0 
MOISTER: 669 VDDA: 2.82 Vsol: 0.24 Vbat: 3.56  NTC: 21.4 21.9 21.4 22.7  SOIL: 1512.0 1132.0 772.0 
MOISTER: 670 VDDA: 2.81 Vsol: 0.24 Vbat: 3.56  NTC: 21.4 21.9 21.4 22.6  SOIL: 1516.0 1134.0 775.0 
MOISTER: 671 VDDA: 2.81 Vsol: 0.24 Vbat: 3.57  NTC: 21.4 21.9 21.4 22.6  SOIL: 1517.0 1130.0 772.0 
MOISTER: 672 VDDA: 2.81 Vsol: 0.23 Vbat: 3.55  NTC: 21.4 21.9 21.3 22.6  SOIL: 1518.0 1136.0 775.0 
MOISTER: 673 VDDA: 2.79 Vsol: 0.22 Vbat: 3.54  NTC: 21.4 21.9 21.3 22.6  SOIL: 1520.0 1130.0 774.0 
MOISTER: 674 VDDA: 2.81 Vsol: 0.22 Vbat: 3.56  NTC: 21.4 21.8 21.3 22.5  SOIL: 1508.0 1130.0 771.0 
MOISTER: 675 VDDA: 2.82 Vsol: 0.23 Vbat: 3.59  NTC: 21.4 21.8 21.3 22.5  SOIL: 1518.0 1131.0 772.0 
MOISTER: 676 VDDA: 2.81 Vsol: 0.24 Vbat: 3.56  NTC: 21.3 21.8 21.3 22.4  SOIL: 1515.0 1137.0 776.0 
MOISTER: 678 VDDA: 2.80 Vsol: 0.23 Vbat: 3.55  NTC: 21.3 21.8 21.3 22.4  SOIL: 1517.0 1128.0 775.0 
MOISTER: 679 VDDA: 2.82 Vsol: 0.23 Vbat: 3.56  NTC: 21.3 21.8 21.3 22.4  SOIL: 1516.0 1133.0 775.0 
MOISTER: 680 VDDA: 2.79 Vsol: 0.23 Vbat: 3.55  NTC: 21.3 21.8 21.3 22.3  SOIL: 1512.0 1134.0 773.0 
MOISTER: 681 VDDA: 2.80 Vsol: 0.23 Vbat: 3.55  NTC: 21.3 21.8 21.3 22.3  SOIL: 1514.0 1138.0 771.0 
MOISTER: 682 VDDA: 2.82 Vsol: 0.24 Vbat: 3.57  NTC: 21.3 21.8 21.3 22.3  SOIL: 1517.0 1135.0 775.0 
MOISTER: 683 VDDA: 2.82 Vsol: 0.24 Vbat: 3.57  NTC: 21.3 21.8 21.3 22.3  SOIL: 1516.0 1132.0 776.0 
MOISTER: 684 VDDA: 2.81 Vsol: 0.24 Vbat: 3.54  NTC: 21.3 21.8 21.2 22.3  SOIL: 1512.0 1136.0 774.0 
MOISTER: 685 VDDA: 2.80 Vsol: 0.24 Vbat: 3.54  NTC: 21.3 21.8 21.2 22.3  SOIL: 1510.0 1135.0 772.0 
MOISTER: 686 VDDA: 2.82 Vsol: 0.24 Vbat: 3.55  NTC: 21.3 21.7 21.2 22.3  SOIL: 1511.0 1130.0 774.0 
MOISTER: 687 VDDA: 2.82 Vsol: 0.23 Vbat: 3.56  NTC: 21.3 21.7 21.2 22.3  SOIL: 1516.0 1131.0 775.0 
MOISTER: 688 VDDA: 2.80 Vsol: 0.23 Vbat: 3.55  NTC: 21.3 21.7 21.2 22.3  SOIL: 1517.0 1129.0 777.0 
MOISTER: 689 VDDA: 2.79 Vsol: 0.23 Vbat: 3.55  NTC: 21.3 21.7 21.2 22.3  SOIL: 1510.0 1135.0 774.0 
MOISTER: 690 VDDA: 2.82 Vsol: 0.23 Vbat: 3.55  NTC: 21.3 21.7 21.2 22.3  SOIL: 1512.0 1132.0 771.0 
MOISTER: 691 VDDA: 2.80 Vsol: 0.23 Vbat: 3.57  NTC: 21.2 21.7 21.2 22.3  SOIL: 1511.0 1129.0 774.0 
MOISTER: 692 VDDA: 2.80 Vsol: 0.23 Vbat: 3.55  NTC: 21.2 21.7 21.2 22.3  SOIL: 1513.0 1127.0 777.0 
MOISTER: 693 VDDA: 2.81 Vsol: 0.23 Vbat: 3.57  NTC: 21.2 21.7 21.2 22.3  SOIL: 1515.0 1134.0 774.0 
MOISTER: 694 VDDA: 2.80 Vsol: 0.23 Vbat: 3.53  NTC: 21.2 21.7 21.2 22.4  SOIL: 1512.0 1129.0 774.0 
MOISTER: 695 VDDA: 2.80 Vsol: 0.23 Vbat: 3.54  NTC: 21.2 21.7 21.2 22.5  SOIL: 1516.0 1131.0 772.0 
MOISTER: 696 VDDA: 2.81 Vsol: 0.23 Vbat: 3.54  NTC: 21.2 21.7 21.2 22.4  SOIL: 1520.0 1138.0 770.0 
MOISTER: 697 VDDA: 2.81 Vsol: 0.24 Vbat: 3.56  NTC: 21.2 21.7 21.1 22.3  SOIL: 1520.0 1134.0 773.0 
MOISTER: 698 VDDA: 2.79 Vsol: 0.23 Vbat: 3.54  NTC: 21.2 21.7 21.1 22.3  SOIL: 1515.0 1137.0 778.0 
MOISTER: 699 VDDA: 2.80 Vsol: 0.23 Vbat: 3.55  NTC: 21.2 21.7 21.1 22.2  SOIL: 1513.0 1136.0 775.0 
MOISTER: 700 VDDA: 2.81 Vsol: 0.22 Vbat: 3.57  NTC: 21.2 21.7 21.1 22.2  SOIL: 1513.0 1135.0 776.0 
MOISTER: 701 VDDA: 2.80 Vsol: 0.23 Vbat: 3.57  NTC: 21.2 21.7 21.1 22.2  SOIL: 1515.0 1130.0 777.0 
MOISTER: 702 VDDA: 2.82 Vsol: 0.22 Vbat: 3.56  NTC: 21.2 21.7 21.1 22.2  SOIL: 1511.0 1134.0 772.0 
MOISTER: 703 VDDA: 2.80 Vsol: 0.24 Vbat: 3.55  NTC: 21.2 21.7 21.1 22.1  SOIL: 1519.0 1136.0 773.0 
MOISTER: 704 VDDA: 2.82 Vsol: 0.24 Vbat: 3.56  NTC: 21.2 21.7 21.1 22.1  SOIL: 1514.0 1132.0 771.0 
MOISTER: 705 VDDA: 2.82 Vsol: 0.22 Vbat: 3.56  NTC: 21.2 21.7 21.1 22.1  SOIL: 1512.0 1139.0 776.0 
MOISTER: 706 VDDA: 2.79 Vsol: 0.23 Vbat: 3.54  NTC: 21.2 21.7 21.1 22.2  SOIL: 1516.0 1136.0 779.0 
MOISTER: 707 VDDA: 2.80 Vsol: 0.23 Vbat: 3.57  NTC: 21.2 21.7 21.1 22.2  SOIL: 1510.0 1129.0 778.0 
MOISTER: 708 VDDA: 2.81 Vsol: 0.23 Vbat: 3.54  NTC: 21.2 21.6 21.1 22.2  SOIL: 1518.0 1133.0 772.0 
MOISTER: 709 VDDA: 2.81 Vsol: 0.23 Vbat: 3.55  NTC: 21.2 21.6 21.1 22.2  SOIL: 1521.0 1134.0 775.0 
MOISTER: 710 VDDA: 2.80 Vsol: 0.23 Vbat: 3.54  NTC: 21.2 21.6 21.1 22.2  SOIL: 1513.0 1133.0 772.0 
MOISTER: 711 VDDA: 2.81 Vsol: 0.24 Vbat: 3.53  NTC: 21.2 21.6 21.1 22.2  SOIL: 1510.0 1130.0 776.0 
MOISTER: 712 VDDA: 2.81 Vsol: 0.23 Vbat: 3.58  NTC: 21.2 21.6 21.0 22.2  SOIL: 1516.0 1131.0 777.0 
MOISTER: 713 VDDA: 2.80 Vsol: 0.23 Vbat: 3.53  NTC: 21.2 21.6 21.0 22.2  SOIL: 1515.0 1133.0 774.0 
MOISTER: 714 VDDA: 2.81 Vsol: 0.23 Vbat: 3.53  NTC: 21.2 21.6 21.0 22.2  SOIL: 1510.0 1129.0 773.0 
MOISTER: 715 VDDA: 2.80 Vsol: 0.23 Vbat: 3.57  NTC: 21.2 21.6 21.0 22.3  SOIL: 1512.0 1131.0 777.0 
MOISTER: 716 VDDA: 2.81 Vsol: 0.24 Vbat: 3.55  NTC: 21.2 21.6 21.0 22.3  SOIL: 1513.0 1133.0 777.0 
MOISTER: 717 VDDA: 2.80 Vsol: 0.24 Vbat: 3.53  NTC: 21.2 21.6 21.0 22.2  SOIL: 1516.0 1136.0 775.0 
MOISTER: 718 VDDA: 2.80 Vsol: 0.23 Vbat: 3.55  NTC: 21.2 21.6 21.0 22.3  SOIL: 1516.0 1133.0 778.0 
MOISTER: 719 VDDA: 2.81 Vsol: 0.24 Vbat: 3.54  NTC: 21.2 21.6 21.0 22.3  SOIL: 1512.0 1131.0 772.0 
MOISTER: 720 VDDA: 2.80 Vsol: 0.23 Vbat: 3.54  NTC: 21.2 21.6 21.0 22.3  SOIL: 1509.0 1131.0 777.0 
MOISTER: 721 VDDA: 2.79 Vsol: 0.23 Vbat: 3.52  NTC: 21.2 21.6 21.0 22.2  SOIL: 1515.0 1132.0 778.0 
MOISTER: 722 VDDA: 2.79 Vsol: 0.23 Vbat: 3.52  NTC: 21.2 21.6 21.0 22.2  SOIL: 1512.0 1133.0 778.0 
MOISTER: 723 VDDA: 2.80 Vsol: 0.23 Vbat: 3.53  NTC: 21.2 21.6 21.0 22.2  SOIL: 1519.0 1136.0 779.0 
MOISTER: 724 VDDA: 2.81 Vsol: 0.23 Vbat: 3.56  NTC: 21.1 21.6 21.0 22.2  SOIL: 1517.0 1131.0 773.0 
MOISTER: 725 VDDA: 2.80 Vsol: 0.23 Vbat: 3.52  NTC: 21.2 21.6 21.0 22.1  SOIL: 1518.0 1138.0 779.0 
MOISTER: 726 VDDA: 2.80 Vsol: 0.24 Vbat: 3.53  NTC: 21.1 21.5 21.0 22.1  SOIL: 1517.0 1131.0 780.0 
MOISTER: 727 VDDA: 2.81 Vsol: 0.25 Vbat: 3.51  NTC: 21.1 21.5 21.0 22.0  SOIL: 1518.0 1134.0 780.0 
MOISTER: 728 VDDA: 2.81 Vsol: 0.23 Vbat: 3.55  NTC: 21.1 21.5 21.0 22.0  SOIL: 1514.0 1134.0 776.0 
MOISTER: 729 VDDA: 2.81 Vsol: 0.24 Vbat: 3.52  NTC: 21.1 21.5 21.0 22.0  SOIL: 1512.0 1131.0 774.0 
MOISTER: 730 VDDA: 2.80 Vsol: 0.24 Vbat: 3.52  NTC: 21.1 21.5 21.0 22.0  SOIL: 1517.0 1138.0 777.0 
MOISTER: 731 VDDA: 2.81 Vsol: 0.24 Vbat: 3.52  NTC: 21.1 21.5 21.0 22.0  SOIL: 1513.0 1130.0 775.0 
MOISTER: 732 VDDA: 2.80 Vsol: 0.24 Vbat: 3.52  NTC: 21.1 21.5 21.0 22.0  SOIL: 1514.0 1132.0 780.0 
MOISTER: 733 VDDA: 2.80 Vsol: 0.23 Vbat: 3.51  NTC: 21.1 21.5 21.0 22.0  SOIL: 1514.0 1134.0 773.0 
MOISTER: 734 VDDA: 2.81 Vsol: 0.23 Vbat: 3.53  NTC: 21.1 21.5 21.0 21.9  SOIL: 1516.0 1140.0 776.0 
MOISTER: 735 VDDA: 2.81 Vsol: 0.23 Vbat: 3.57  NTC: 21.1 21.5 21.0 21.9  SOIL: 1522.0 1137.0 779.0 
MOISTER: 736 VDDA: 2.81 Vsol: 0.23 Vbat: 3.51  NTC: 21.1 21.5 21.0 21.9  SOIL: 1514.0 1135.0 779.0 
MOISTER: 737 VDDA: 2.81 Vsol: 0.23 Vbat: 3.53  NTC: 21.1 21.5 21.0 21.9  SOIL: 1520.0 1134.0 777.0 
MOISTER: 738 VDDA: 2.79 Vsol: 0.22 Vbat: 3.53  NTC: 21.1 21.5 20.9 21.9  SOIL: 1515.0 1136.0 778.0 
MOISTER: 739 VDDA: 2.81 Vsol: 0.23 Vbat: 3.56  NTC: 21.1 21.5 20.9 21.9  SOIL: 1521.0 1138.0 780.0 
MOISTER: 740 VDDA: 2.81 Vsol: 0.23 Vbat: 3.53  NTC: 21.1 21.5 20.9 22.0  SOIL: 1514.0 1135.0 779.0 
MOISTER: 741 VDDA: 2.80 Vsol: 0.23 Vbat: 3.56  NTC: 21.1 21.5 20.9 22.0  SOIL: 1520.0 1137.0 780.0 
MOISTER: 742 VDDA: 2.81 Vsol: 0.20 Vbat: 3.52  NTC: 21.1 21.5 20.9 22.0  SOIL: 1514.0 1138.0 779.0 
MOISTER: 743 VDDA: 2.79 Vsol: 0.23 Vbat: 3.51  NTC: 21.1 21.5 20.9 22.0  SOIL: 1522.0 1135.0 780.0 
MOISTER: 744 VDDA: 2.81 Vsol: 0.24 Vbat: 3.53  NTC: 21.1 21.4 20.9 22.0  SOIL: 1515.0 1131.0 778.0 
MOISTER: 745 VDDA: 2.81 Vsol: 0.24 Vbat: 3.51  NTC: 21.1 21.4 20.9 22.0  SOIL: 1515.0 1134.0 777.0 
MOISTER: 746 VDDA: 2.81 Vsol: 0.23 Vbat: 3.53  NTC: 21.1 21.4 20.9 22.0  SOIL: 1517.0 1134.0 777.0 
MOISTER: 747 VDDA: 2.80 Vsol: 0.23 Vbat: 3.53  NTC: 21.1 21.4 20.9 22.1  SOIL: 1517.0 1134.0 778.0 
MOISTER: 748 VDDA: 2.81 Vsol: 0.22 Vbat: 3.53  NTC: 21.0 21.4 20.9 22.2  SOIL: 1517.0 1135.0 780.0 
MOISTER: 749 VDDA: 2.80 Vsol: 0.23 Vbat: 3.50  NTC: 21.1 21.4 20.9 22.2  SOIL: 1517.0 1133.0 778.0 
MOISTER: 750 VDDA: 2.81 Vsol: 0.24 Vbat: 3.50  NTC: 21.0 21.4 20.9 22.1  SOIL: 1510.0 1135.0 773.0 
MOISTER: 751 VDDA: 2.80 Vsol: 0.21 Vbat: 3.53  NTC: 21.0 21.4 20.9 22.0  SOIL: 1518.0 1133.0 777.0 
MOISTER: 752 VDDA: 2.80 Vsol: 0.23 Vbat: 3.54  NTC: 21.0 21.4 20.9 22.0  SOIL: 1518.0 1133.0 777.0 
MOISTER: 753 VDDA: 2.79 Vsol: 0.23 Vbat: 3.54  NTC: 21.0 21.4 20.9 22.0  SOIL: 1515.0 1136.0 780.0 
MOISTER: 754 VDDA: 2.80 Vsol: 0.24 Vbat: 3.55  NTC: 21.0 21.4 20.9 22.0  SOIL: 1519.0 1137.0 774.0 
MOISTER: 755 VDDA: 2.80 Vsol: 0.24 Vbat: 3.53  NTC: 21.0 21.4 20.9 22.0  SOIL: 1519.0 1138.0 778.0 
MOISTER: 756 VDDA: 2.81 Vsol: 0.23 Vbat: 3.51  NTC: 21.0 21.4 20.8 22.0  SOIL: 1518.0 1135.0 777.0 
MOISTER: 757 VDDA: 2.80 Vsol: 0.24 Vbat: 3.52  NTC: 21.0 21.4 20.8 22.0  SOIL: 1521.0 1133.0 777.0 
MOISTER: 758 VDDA: 2.81 Vsol: 0.23 Vbat: 3.55  NTC: 21.0 21.4 20.8 21.9  SOIL: 1520.0 1136.0 781.0 
MOISTER: 759 VDDA: 2.81 Vsol: 0.23 Vbat: 3.55  NTC: 21.0 21.4 20.8 21.9  SOIL: 1519.0 1134.0 777.0 
MOISTER: 760 VDDA: 2.80 Vsol: 0.23 Vbat: 3.53  NTC: 21.0 21.4 20.8 21.9  SOIL: 1515.0 1133.0 778.0 
MOISTER: 761 VDDA: 2.80 Vsol: 0.23 Vbat: 3.50  NTC: 21.0 21.4 20.8 21.9  SOIL: 1520.0 1133.0 779.0 
MOISTER: 762 VDDA: 2.80 Vsol: 0.23 Vbat: 3.53  NTC: 21.0 21.4 20.8 21.8  SOIL: 1519.0 1132.0 779.0 
MOISTER: 763 VDDA: 2.80 Vsol: 0.24 Vbat: 3.55  NTC: 21.0 21.3 20.8 21.8  SOIL: 1519.0 1134.0 776.0 
MOISTER: 764 VDDA: 2.81 Vsol: 0.23 Vbat: 3.51  NTC: 21.0 21.4 20.8 21.8  SOIL: 1515.0 1136.0 779.0 
MOISTER: 765 VDDA: 2.81 Vsol: 0.23 Vbat: 3.52  NTC: 21.0 21.3 20.8 21.7  SOIL: 1515.0 1133.0 777.0 
MOISTER: 766 VDDA: 2.80 Vsol: 0.24 Vbat: 3.54  NTC: 21.0 21.3 20.8 21.8  SOIL: 1515.0 1132.0 781.0 
MOISTER: 767 VDDA: 2.80 Vsol: 0.24 Vbat: 3.53  NTC: 20.9 21.3 20.8 21.7  SOIL: 1508.0 1134.0 779.0 
MOISTER: 768 VDDA: 2.80 Vsol: 0.23 Vbat: 3.53  NTC: 20.9 21.3 20.8 21.7  SOIL: 1520.0 1138.0 777.0 
MOISTER: 769 VDDA: 2.81 Vsol: 0.23 Vbat: 3.51  NTC: 20.9 21.3 20.7 21.7  SOIL: 1520.0 1135.0 778.0 
MOISTER: 770 VDDA: 2.81 Vsol: 0.24 Vbat: 3.51  NTC: 20.9 21.3 20.7 21.7  SOIL: 1516.0 1136.0 782.0 
MOISTER: 771 VDDA: 2.80 Vsol: 0.23 Vbat: 3.54  NTC: 20.9 21.3 20.7 21.7  SOIL: 1517.0 1133.0 776.0 
MOISTER: 772 VDDA: 2.81 Vsol: 0.23 Vbat: 3.49  NTC: 20.9 21.3 20.7 21.7  SOIL: 1521.0 1137.0 781.0 
MOISTER: 773 VDDA: 2.81 Vsol: 0.24 Vbat: 3.50  NTC: 20.9 21.3 20.7 21.8  SOIL: 1515.0 1135.0 780.0 
MOISTER: 774 VDDA: 2.80 Vsol: 0.23 Vbat: 3.50  NTC: 20.9 21.3 20.7 21.7  SOIL: 1518.0 1136.0 780.0 
MOISTER: 775 VDDA: 2.80 Vsol: 0.23 Vbat: 3.52  NTC: 20.9 21.3 20.7 21.7  SOIL: 1518.0 1135.0 776.0 
MOISTER: 776 VDDA: 2.80 Vsol: 0.23 Vbat: 3.54  NTC: 20.9 21.3 20.7 21.6  SOIL: 1515.0 1134.0 777.0 
MOISTER: 777 VDDA: 2.80 Vsol: 0.23 Vbat: 3.52  NTC: 20.9 21.3 20.7 21.6  SOIL: 1517.0 1129.0 779.0 
MOISTER: 778 VDDA: 2.80 Vsol: 0.23 Vbat: 3.51  NTC: 20.9 21.3 20.7 21.6  SOIL: 1517.0 1135.0 779.0 
MOISTER: 779 VDDA: 2.80 Vsol: 0.24 Vbat: 3.50  NTC: 20.9 21.3 20.7 21.5  SOIL: 1518.0 1137.0 780.0 
MOISTER: 780 VDDA: 2.80 Vsol: 0.23 Vbat: 3.52  NTC: 20.9 21.3 20.7 21.6  SOIL: 1516.0 1138.0 780.0 
MOISTER: 781 VDDA: 2.80 Vsol: 0.20 Vbat: 3.54  NTC: 20.9 21.3 20.7 21.6  SOIL: 1525.0 1134.0 780.0 
MOISTER: 782 VDDA: 2.80 Vsol: 0.24 Vbat: 3.49  NTC: 20.9 21.3 20.7 21.5  SOIL: 1519.0 1133.0 777.0 
MOISTER: 783 VDDA: 2.80 Vsol: 0.23 Vbat: 3.52  NTC: 20.9 21.3 20.7 21.5  SOIL: 1518.0 1135.0 782.0 
MOISTER: 784 VDDA: 2.80 Vsol: 0.23 Vbat: 3.48  NTC: 20.9 21.3 20.7 21.5  SOIL: 1519.0 1140.0 783.0 
MOISTER: 785 VDDA: 2.80 Vsol: 0.24 Vbat: 3.52  NTC: 20.9 21.3 20.7 21.5  SOIL: 1517.0 1136.0 783.0 
MOISTER: 786 VDDA: 2.81 Vsol: 0.24 Vbat: 3.48  NTC: 20.9 21.3 20.7 21.5  SOIL: 1518.0 1133.0 781.0 
MOISTER: 787 VDDA: 2.80 Vsol: 0.24 Vbat: 3.48  NTC: 20.9 21.3 20.7 21.4  SOIL: 1519.0 1137.0 778.0 
MOISTER: 788 VDDA: 2.80 Vsol: 0.23 Vbat: 3.47  NTC: 20.9 21.3 20.7 21.4  SOIL: 1521.0 1140.0 778.0 
MOISTER: 789 VDDA: 2.81 Vsol: 0.23 Vbat: 3.51  NTC: 20.9 21.3 20.7 21.4  SOIL: 1518.0 1138.0 781.0 
MOISTER: 790 VDDA: 2.80 Vsol: 0.23 Vbat: 3.51  NTC: 20.9 21.3 20.7 21.4  SOIL: 1520.0 1132.0 781.0 
MOISTER: 791 VDDA: 2.79 Vsol: 0.23 Vbat: 3.51  NTC: 20.9 21.3 20.7 21.5  SOIL: 1520.0 1139.0 785.0 
MOISTER: 792 VDDA: 2.80 Vsol: 0.23 Vbat: 3.50  NTC: 20.8 21.3 20.7 21.5  SOIL: 1526.0 1135.0 780.0 
MOISTER: 793 VDDA: 2.80 Vsol: 0.23 Vbat: 3.48  NTC: 20.8 21.3 20.6 21.5  SOIL: 1522.0 1137.0 780.0 
MOISTER: 794 VDDA: 2.80 Vsol: 0.23 Vbat: 3.53  NTC: 20.8 21.3 20.6 21.5  SOIL: 1521.0 1133.0 781.0 
MOISTER: 795 VDDA: 2.80 Vsol: 0.24 Vbat: 3.49  NTC: 20.8 21.3 20.6 21.5  SOIL: 1522.0 1136.0 784.0 
MOISTER: 796 VDDA: 2.80 Vsol: 0.23 Vbat: 3.48  NTC: 20.8 21.3 20.6 21.5  SOIL: 1522.0 1138.0 783.0 
MOISTER: 797 VDDA: 2.80 Vsol: 0.23 Vbat: 3.48  NTC: 20.8 21.2 20.6 21.4  SOIL: 1519.0 1133.0 781.0 
MOISTER: 798 VDDA: 2.80 Vsol: 0.23 Vbat: 3.47  NTC: 20.8 21.2 20.6 21.4  SOIL: 1520.0 1132.0 783.0 
MOISTER: 799 VDDA: 2.80 Vsol: 0.22 Vbat: 3.48  NTC: 20.8 21.2 20.6 21.5  SOIL: 1519.0 1138.0 782.0 
MOISTER: 799 VDDA: 2.80 Vsol: 0.22 Vbat: 3.48  NTC: 20.8 21.2 20.6 21.5  SOIL: 1519.0 1138.0 782.0 
MOISTER: 799 VDDA: 2.80 Vsol: 0.22 Vbat: 3.48  NTC: 20.8 21.2 20.6 21.5  SOIL: 1519.0 1138.0 782.0 
MOISTER: 799 VDDA: 2.80 Vsol: 0.22 Vbat: 3.48  NTC: 20.8 21.2 20.6 21.5  SOIL: 1519.0 1138.0 782.0 
MOISTER: 799 VDDA: 2.80 Vsol: 0.22 Vbat: 3.48  NTC: 20.8 21.2 20.6 21.5  SOIL: 1519.0 1138.0 782.0 
MOISTER: 799 VDDA: 2.80 Vsol: 0.22 Vbat: 3.48  NTC: 20.8 21.2 20.6 21.5  SOIL: 1519.0 1138.0 782.0 
MOISTER: 799 VDDA: 2.80 Vsol: 0.22 Vbat: 3.48  NTC: 20.8 21.2 20.6 21.5  SOIL: 1519.0 1138.0 782.0 
MOISTER: 799 VDDA: 2.80 Vsol: 0.22 Vbat: 3.48  NTC: 20.8 21.2 20.6 21.5  SOIL: 1519.0 1138.0 782.0 
MOISTER: 799 VDDA: 2.80 Vsol: 0.22 Vbat: 3.48  NTC: 20.8 21.2 20.6 21.5  SOIL: 1519.0 1138.0 782.0 
MOISTER: 799 VDDA: 2.80 Vsol: 0.22 Vbat: 3.48  NTC: 20.8 21.2 20.6 21.5  SOIL: 1519.0 1138.0 782.0 
MOISTER: 799 VDDA: 2.80 Vsol: 0.22 Vbat: 3.48  NTC: 20.8 21.2 20.6 21.5  SOIL: 1519.0 1138.0 782.0 
MOISTER: 799 VDDA: 2.80 Vsol: 0.22 Vbat: 3.48  NTC: 20.8 21.2 20.6 21.5  SOIL: 1519.0 1138.0 782.0 
MOISTER: 799 VDDA: 2.80 Vsol: 0.22 Vbat: 3.48  NTC: 20.8 21.2 20.6 21.5  SOIL: 1519.0 1138.0 782.0 
MOISTER: 799 VDDA: 2.80 Vsol: 0.22 Vbat: 3.48  NTC: 20.8 21.2 20.6 21.5  SOIL: 1519.0 1138.0 782.0 
MOISTER: 799 VDDA: 2.80 Vsol: 0.22 Vbat: 3.48  NTC: 20.8 21.2 20.6 21.5  SOIL: 1519.0 1138.0 782.0 
MOISTER: 799 VDDA: 2.80 Vsol: 0.22 Vbat: 3.48  NTC: 20.8 21.2 20.6 21.5  SOIL: 1519.0 1138.0 782.0 
MOISTER: 799 VDDA: 2.80 Vsol: 0.22 Vbat: 3.48  NTC: 20.8 21.2 20.6 21.5  SOIL: 1519.0 1138.0 782.0 
MOISTER: 799 VDDA: 2.80 Vsol: 0.22 Vbat: 3.48  NTC: 20.8 21.2 20.6 21.5  SOIL: 1519.0 1138.0 782.0 
MOISTER: 799 VDDA: 2.80 Vsol: 0.22 Vbat: 3.48  NTC: 20.8 21.2 20.6 21.5  SOIL: 1519.0 1138.0 782.0 
MOISTER: 799 VDDA: 2.80 Vsol: 0.22 Vbat: 3.48  NTC: 20.8 21.2 20.6 21.5  SOIL: 1519.0 1138.0 782.0 
MOISTER: 799 VDDA: 2.80 Vsol: 0.22 Vbat: 3.48  NTC: 20.8 21.2 20.6 21.5  SOIL: 1519.0 1138.0 782.0 
MOISTER: 799 VDDA: 2.80 Vsol: 0.22 Vbat: 3.48  NTC: 20.8 21.2 20.6 21.5  SOIL: 1519.0 1138.0 782.0 
MOISTER: 799 VDDA: 2.80 Vsol: 0.22 Vbat: 3.48  NTC: 20.8 21.2 20.6 21.5  SOIL: 1519.0 1138.0 782.0 
MOISTER: 799 VDDA: 2.80 Vsol: 0.22 Vbat: 3.48  NTC: 20.8 21.2 20.6 21.5  SOIL: 1519.0 1138.0 782.0 
MOISTER: 799 VDDA: 2.80 Vsol: 0.22 Vbat: 3.48  NTC: 20.8 21.2 20.6 21.5  SOIL: 1519.0 1138.0 782.0 
MOISTER: 799 VDDA: 2.80 Vsol: 0.22 Vbat: 3.48  NTC: 20.8 21.2 20.6 21.5  SOIL: 1519.0 1138.0 782.0 
MOISTER: 799 VDDA: 2.80 Vsol: 0.22 Vbat: 3.48  NTC: 20.8 21.2 20.6 21.5  SOIL: 1519.0 1138.0 782.0 
MOISTER: 799 VDDA: 2.80 Vsol: 0.22 Vbat: 3.48  NTC: 20.8 21.2 20.6 21.5  SOIL: 1519.0 1138.0 782.0 
MOISTER: 799 VDDA: 2.80 Vsol: 0.22 Vbat: 3.48  NTC: 20.8 21.2 20.6 21.5  SOIL: 1519.0 1138.0 782.0 
MOISTER: 799 VDDA: 2.80 Vsol: 0.22 Vbat: 3.48  NTC: 20.8 21.2 20.6 21.5  SOIL: 1519.0 1138.0 782.0 
MOISTER: 799 VDDA: 2.80 Vsol: 0.22 Vbat: 3.48  NTC: 20.8 21.2 20.6 21.5  SOIL: 1519.0 1138.0 782.0 
MOISTER: 799 VDDA: 2.80 Vsol: 0.22 Vbat: 3.48  NTC: 20.8 21.2 20.6 21.5  SOIL: 1519.0 1138.0 782.0 
MOISTER: 799 VDDA: 2.80 Vsol: 0.22 Vbat: 3.48  NTC: 20.8 21.2 20.6 21.5  SOIL: 1519.0 1138.0 782.0 
MOISTER: 799 VDDA: 2.80 Vsol: 0.22 Vbat: 3.48  NTC: 20.8 21.2 20.6 21.5  SOIL: 1519.0 1138.0 782.0 
MOISTER: 799 VDDA: 2.80 Vsol: 0.22 Vbat: 3.48  NTC: 20.8 21.2 20.6 21.5  SOIL: 1519.0 1138.0 782.0 
MOISTER: 799 VDDA: 2.80 Vsol: 0.22 Vbat: 3.48  NTC: 20.8 21.2 20.6 21.5  SOIL: 1519.0 1138.0 782.0 
MOISTER: 799 VDDA: 2.80 Vsol: 0.22 Vbat: 3.48  NTC: 20.8 21.2 20.6 21.5  SOIL: 1519.0 1138.0 782.0 
MOISTER: 799 VDDA: 2.80 Vsol: 0.22 Vbat: 3.48  NTC: 20.8 21.2 20.6 21.5  SOIL: 1519.0 1138.0 782.0 
MOISTER: 799 VDDA: 2.80 Vsol: 0.22 Vbat: 3.48  NTC: 20.8 21.2 20.6 21.5  SOIL: 1519.0 1138.0 782.0 
MOISTER: 799 VDDA: 2.80 Vsol: 0.22 Vbat: 3.48  NTC: 20.8 21.2 20.6 21.5  SOIL: 1519.0 1138.0 782.0 
MOISTER: 799 VDDA: 2.80 Vsol: 0.22 Vbat: 3.48  NTC: 20.8 21.2 20.6 21.5  SOIL: 1519.0 1138.0 782.0 
MOISTER: 799 VDDA: 2.80 Vsol: 0.22 Vbat: 3.48  NTC: 20.8 21.2 20.6 21.5  SOIL: 1519.0 1138.0 782.0 
MOISTER: 799 VDDA: 2.80 Vsol: 0.22 Vbat: 3.48  NTC: 20.8 21.2 20.6 21.5  SOIL: 1519.0 1138.0 782.0 
MOISTER: 799 VDDA: 2.80 Vsol: 0.22 Vbat: 3.48  NTC: 20.8 21.2 20.6 21.5  SOIL: 1519.0 1138.0 782.0 
MOISTER: 799 VDDA: 2.80 Vsol: 0.22 Vbat: 3.48  NTC: 20.8 21.2 20.6 21.5  SOIL: 1519.0 1138.0 782.0 
MOISTER: 799 VDDA: 2.80 Vsol: 0.22 Vbat: 3.48  NTC: 20.8 21.2 20.6 21.5  SOIL: 1519.0 1138.0 782.0 
MOISTER: 799 VDDA: 2.80 Vsol: 0.22 Vbat: 3.48  NTC: 20.8 21.2 20.6 21.5  SOIL: 1519.0 1138.0 782.0 
MOISTER: 799 VDDA: 2.80 Vsol: 0.22 Vbat: 3.48  NTC: 20.8 21.2 20.6 21.5  SOIL: 1519.0 1138.0 782.0 
MOISTER: 799 VDDA: 2.80 Vsol: 0.22 Vbat: 3.48  NTC: 20.8 21.2 20.6 21.5  SOIL: 1519.0 1138.0 782.0 
MOISTER: 799 VDDA: 2.80 Vsol: 0.22 Vbat: 3.48  NTC: 20.8 21.2 20.6 21.5  SOIL: 1519.0 1138.0 782.0 
MOISTER: 799 VDDA: 2.80 Vsol: 0.22 Vbat: 3.48  NTC: 20.8 21.2 20.6 21.5  SOIL: 1519.0 1138.0 782.0 
MOISTER: 799 VDDA: 2.80 Vsol: 0.22 Vbat: 3.48  NTC: 20.8 21.2 20.6 21.5  SOIL: 1519.0 1138.0 782.0 
MOISTER: 799 VDDA: 2.80 Vsol: 0.22 Vbat: 3.48  NTC: 20.8 21.2 20.6 21.5  SOIL: 1519.0 1138.0 782.0 
MOISTER: 799 VDDA: 2.80 Vsol: 0.22 Vbat: 3.48  NTC: 20.8 21.2 20.6 21.5  SOIL: 1519.0 1138.0 782.0 
MOISTER: 799 VDDA: 2.80 Vsol: 0.22 Vbat: 3.48  NTC: 20.8 21.2 20.6 21.5  SOIL: 1519.0 1138.0 782.0 
MOISTER: 799 VDDA: 2.80 Vsol: 0.22 Vbat: 3.48  NTC: 20.8 21.2 20.6 21.5  SOIL: 1519.0 1138.0 782.0 
MOISTER: 799 VDDA: 2.80 Vsol: 0.22 Vbat: 3.48  NTC: 20.8 21.2 20.6 21.5  SOIL: 1519.0 1138.0 782.0 
MOISTER: 799 VDDA: 2.80 Vsol: 0.22 Vbat: 3.48  NTC: 20.8 21.2 20.6 21.5  SOIL: 1519.0 1138.0 782.0 
MOISTER: 799 VDDA: 2.80 Vsol: 0.22 Vbat: 3.48  NTC: 20.8 21.2 20.6 21.5  SOIL: 1519.0 1138.0 782.0 
MOISTER: 799 VDDA: 2.80 Vsol: 0.22 Vbat: 3.48  NTC: 20.8 21.2 20.6 21.5  SOIL: 1519.0 1138.0 782.0 
MOISTER: 799 VDDA: 2.80 Vsol: 0.22 Vbat: 3.48  NTC: 20.8 21.2 20.6 21.5  SOIL: 1519.0 1138.0 782.0 
MOISTER: 799 VDDA: 2.80 Vsol: 0.22 Vbat: 3.48  NTC: 20.8 21.2 20.6 21.5  SOIL: 1519.0 1138.0 782.0 
MOISTER: 799 VDDA: 2.80 Vsol: 0.22 Vbat: 3.48  NTC: 20.8 21.2 20.6 21.5  SOIL: 1519.0 1138.0 782.0 
MOISTER: 799 VDDA: 2.80 Vsol: 0.22 Vbat: 3.48  NTC: 20.8 21.2 20.6 21.5  SOIL: 1519.0 1138.0 782.0 
MOISTER: 799 VDDA: 2.80 Vsol: 0.22 Vbat: 3.48  NTC: 20.8 21.2 20.6 21.5  SOIL: 1519.0 1138.0 782.0 
MOISTER: 799 VDDA: 2.80 Vsol: 0.22 Vbat: 3.48  NTC: 20.8 21.2 20.6 21.5  SOIL: 1519.0 1138.0 782.0 
MOISTER: 799 VDDA: 2.80 Vsol: 0.22 Vbat: 3.48  NTC: 20.8 21.2 20.6 21.5  SOIL: 1519.0 1138.0 782.0 
MOISTER: 799 VDDA: 2.80 Vsol: 0.22 Vbat: 3.48  NTC: 20.8 21.2 20.6 21.5  SOIL: 1519.0 1138.0 782.0 
MOISTER: 799 VDDA: 2.80 Vsol: 0.22 Vbat: 3.48  NTC: 20.8 21.2 20.6 21.5  SOIL: 1519.0 1138.0 782.0 
MOISTER: 799 VDDA: 2.80 Vsol: 0.22 Vbat: 3.48  NTC: 20.8 21.2 20.6 21.5  SOIL: 1519.0 1138.0 782.0 
MOISTER: 799 VDDA: 2.80 Vsol: 0.22 Vbat: 3.48  NTC: 20.8 21.2 20.6 21.5  SOIL: 1519.0 1138.0 782.0 
MOISTER: 799 VDDA: 2.80 Vsol: 0.22 Vbat: 3.48  NTC: 20.8 21.2 20.6 21.5  SOIL: 1519.0 1138.0 782.0 
MOISTER: 799 VDDA: 2.80 Vsol: 0.22 Vbat: 3.48  NTC: 20.8 21.2 20.6 21.5  SOIL: 1519.0 1138.0 782.0 
MOISTER: 799 VDDA: 2.80 Vsol: 0.22 Vbat: 3.48  NTC: 20.8 21.2 20.6 21.5  SOIL: 1519.0 1138.0 782.0 
MOISTER: 799 VDDA: 2.80 Vsol: 0.22 Vbat: 3.48  NTC: 20.8 21.2 20.6 21.5  SOIL: 1519.0 1138.0 782.0 
MOISTER: 799 VDDA: 2.80 Vsol: 0.22 Vbat: 3.48  NTC: 20.8 21.2 20.6 21.5  SOIL: 1519.0 1138.0 782.0 
MOISTER: 799 VDDA: 2.80 Vsol: 0.22 Vbat: 3.48  NTC: 20.8 21.2 20.6 21.5  SOIL: 1519.0 1138.0 782.0 
MOISTER: 799 VDDA: 2.80 Vsol: 0.22 Vbat: 3.48  NTC: 20.8 21.2 20.6 21.5  SOIL: 1519.0 1138.0 782.0 
MOISTER: 799 VDDA: 2.80 Vsol: 0.22 Vbat: 3.48  NTC: 20.8 21.2 20.6 21.5  SOIL: 1519.0 1138.0 782.0 
MOISTER: 799 VDDA: 2.80 Vsol: 0.22 Vbat: 3.48  NTC: 20.8 21.2 20.6 21.5  SOIL: 1519.0 1138.0 782.0 
MOISTER: 799 VDDA: 2.80 Vsol: 0.22 Vbat: 3.48  NTC: 20.8 21.2 20.6 21.5  SOIL: 1519.0 1138.0 782.0 
MOISTER: 799 VDDA: 2.80 Vsol: 0.22 Vbat: 3.48  NTC: 20.8 21.2 20.6 21.5  SOIL: 1519.0 1138.0 782.0 
MOISTER: 799 VDDA: 2.80 Vsol: 0.22 Vbat: 3.48  NTC: 20.8 21.2 20.6 21.5  SOIL: 1519.0 1138.0 782.0 
MOISTER: 799 VDDA: 2.80 Vsol: 0.22 Vbat: 3.48  NTC: 20.8 21.2 20.6 21.5  SOIL: 1519.0 1138.0 782.0 
MOISTER: 799 VDDA: 2.80 Vsol: 0.22 Vbat: 3.48  NTC: 20.8 21.2 20.6 21.5  SOIL: 1519.0 1138.0 782.0 
MOISTER: 799 VDDA: 2.80 Vsol: 0.22 Vbat: 3.48  NTC: 20.8 21.2 20.6 21.5  SOIL: 1519.0 1138.0 782.0 
MOISTER: 799 VDDA: 2.80 Vsol: 0.22 Vbat: 3.48  NTC: 20.8 21.2 20.6 21.5  SOIL: 1519.0 1138.0 782.0 
MOISTER: 799 VDDA: 2.80 Vsol: 0.22 Vbat: 3.48  NTC: 20.8 21.2 20.6 21.5  SOIL: 1519.0 1138.0 782.0 
MOISTER: 799 VDDA: 2.80 Vsol: 0.22 Vbat: 3.48  NTC: 20.8 21.2 20.6 21.5  SOIL: 1519.0 1138.0 782.0 
MOISTER: 799 VDDA: 2.80 Vsol: 0.22 Vbat: 3.48  NTC: 20.8 21.2 20.6 21.5  SOIL: 1519.0 1138.0 782.0 
MOISTER: 799 VDDA: 2.80 Vsol: 0.22 Vbat: 3.48  NTC: 20.8 21.2 20.6 21.5  SOIL: 1519.0 1138.0 782.0 
MOISTER: 799 VDDA: 2.80 Vsol: 0.22 Vbat: 3.48  NTC: 20.8 21.2 20.6 21.5  SOIL: 1519.0 1138.0 782.0 
MOISTER: 799 VDDA: 2.80 Vsol: 0.22 Vbat: 3.48  NTC: 20.8 21.2 20.6 21.5  SOIL: 1519.0 1138.0 782.0 
MOISTER: 799 VDDA: 2.80 Vsol: 0.22 Vbat: 3.48  NTC: 20.8 21.2 20.6 21.5  SOIL: 1519.0 1138.0 782.0 
MOISTER: 799 VDDA: 2.80 Vsol: 0.22 Vbat: 3.48  NTC: 20.8 21.2 20.6 21.5  SOIL: 1519.0 1138.0 782.0 
MOISTER: 799 VDDA: 2.80 Vsol: 0.22 Vbat: 3.48  NTC: 20.8 21.2 20.6 21.5  SOIL: 1519.0 1138.0 782.0 
MOISTER: 799 VDDA: 2.80 Vsol: 0.22 Vbat: 3.48  NTC: 20.8 21.2 20.6 21.5  SOIL: 1519.0 1138.0 782.0 
MOISTER: 799 VDDA: 2.80 Vsol: 0.22 Vbat: 3.48  NTC: 20.8 21.2 20.6 21.5  SOIL: 1519.0 1138.0 782.0 
MOISTER: 799 VDDA: 2.80 Vsol: 0.22 Vbat: 3.48  NTC: 20.8 21.2 20.6 21.5  SOIL: 1519.0 1138.0 782.0 
MOISTER: 799 VDDA: 2.80 Vsol: 0.22 Vbat: 3.48  NTC: 20.8 21.2 20.6 21.5  SOIL: 1519.0 1138.0 782.0 
MOISTER: 799 VDDA: 2.80 Vsol: 0.22 Vbat: 3.48  NTC: 20.8 21.2 20.6 21.5  SOIL: 1519.0 1138.0 782.0 
MOISTER: 799 VDDA: 2.80 Vsol: 0.22 Vbat: 3.48  NTC: 20.8 21.2 20.6 21.5  SOIL: 1519.0 1138.0 782.0 
MOISTER: 799 VDDA: 2.80 Vsol: 0.22 Vbat: 3.48  NTC: 20.8 21.2 20.6 21.5  SOIL: 1519.0 1138.0 782.0 
MOISTER: 799 VDDA: 2.80 Vsol: 0.22 Vbat: 3.48  NTC: 20.8 21.2 20.6 21.5  SOIL: 1519.0 1138.0 782.0 
MOISTER: 799 VDDA: 2.80 Vsol: 0.22 Vbat: 3.48  NTC: 20.8 21.2 20.6 21.5  SOIL: 1519.0 1138.0 782.0 
MOISTER: 799 VDDA: 2.80 Vsol: 0.22 Vbat: 3.48  NTC: 20.8 21.2 20.6 21.5  SOIL: 1519.0 1138.0 782.0 
MOISTER: 799 VDDA: 2.80 Vsol: 0.22 Vbat: 3.48  NTC: 20.8 21.2 20.6 21.5  SOIL: 1519.0 1138.0 782.0 
MOISTER: 799 VDDA: 2.80 Vsol: 0.22 Vbat: 3.48  NTC: 20.8 21.2 20.6 21.5  SOIL: 1519.0 1138.0 782.0 
MOISTER: 799 VDDA: 2.80 Vsol: 0.22 Vbat: 3.48  NTC: 20.8 21.2 20.6 21.5  SOIL: 1519.0 1138.0 782.0 
MOISTER: 799 VDDA: 2.80 Vsol: 0.22 Vbat: 3.48  NTC: 20.8 21.2 20.6 21.5  SOIL: 1519.0 1138.0 782.0 
MOISTER: 799 VDDA: 2.80 Vsol: 0.22 Vbat: 3.48  NTC: 20.8 21.2 20.6 21.5  SOIL: 1519.0 1138.0 782.0 
MOISTER: 799 VDDA: 2.80 Vsol: 0.22 Vbat: 3.48  NTC: 20.8 21.2 20.6 21.5  SOIL: 1519.0 1138.0 782.0 
MOISTER: 799 VDDA: 2.80 Vsol: 0.22 Vbat: 3.48  NTC: 20.8 21.2 20.6 21.5  SOIL: 1519.0 1138.0 782.0 
MOISTER: 799 VDDA: 2.80 Vsol: 0.22 Vbat: 3.48  NTC: 20.8 21.2 20.6 21.5  SOIL: 1519.0 1138.0 782.0 
MOISTER: 799 VDDA: 2.80 Vsol: 0.22 Vbat: 3.48  NTC: 20.8 21.2 20.6 21.5  SOIL: 1519.0 1138.0 782.0 
MOISTER: 799 VDDA: 2.80 Vsol: 0.22 Vbat: 3.48  NTC: 20.8 21.2 20.6 21.5  SOIL: 1519.0 1138.0 782.0 
MOISTER: 799 VDDA: 2.80 Vsol: 0.22 Vbat: 3.48  NTC: 20.8 21.2 20.6 21.5  SOIL: 1519.0 1138.0 782.0 
MOISTER: 799 VDDA: 2.80 Vsol: 0.22 Vbat: 3.48  NTC: 20.8 21.2 20.6 21.5  SOIL: 1519.0 1138.0 782.0 
MOISTER: 799 VDDA: 2.80 Vsol: 0.22 Vbat: 3.48  NTC: 20.8 21.2 20.6 21.5  SOIL: 1519.0 1138.0 782.0 
MOISTER: 799 VDDA: 2.80 Vsol: 0.22 Vbat: 3.48  NTC: 20.8 21.2 20.6 21.5  SOIL: 1519.0 1138.0 782.0 
MOISTER: 799 VDDA: 2.80 Vsol: 0.22 Vbat: 3.48  NTC: 20.8 21.2 20.6 21.5  SOIL: 1519.0 1138.0 782.0 
MOISTER: 799 VDDA: 2.80 Vsol: 0.22 Vbat: 3.48  NTC: 20.8 21.2 20.6 21.5  SOIL: 1519.0 1138.0 782.0 
MOISTER: 799 VDDA: 2.80 Vsol: 0.22 Vbat: 3.48  NTC: 20.8 21.2 20.6 21.5  SOIL: 1519.0 1138.0 782.0 
MOISTER: 799 VDDA: 2.80 Vsol: 0.22 Vbat: 3.48  NTC: 20.8 21.2 20.6 21.5  SOIL: 1519.0 1138.0 782.0 
MOISTER: 799 VDDA: 2.80 Vsol: 0.22 Vbat: 3.48  NTC: 20.8 21.2 20.6 21.5  SOIL: 1519.0 1138.0 782.0 
MOISTER: 799 VDDA: 2.80 Vsol: 0.22 Vbat: 3.48  NTC: 20.8 21.2 20.6 21.5  SOIL: 1519.0 1138.0 782.0 
MOISTER: 799 VDDA: 2.80 Vsol: 0.22 Vbat: 3.48  NTC: 20.8 21.2 20.6 21.5  SOIL: 1519.0 1138.0 782.0 
MOISTER: 799 VDDA: 2.80 Vsol: 0.22 Vbat: 3.48  NTC: 20.8 21.2 20.6 21.5  SOIL: 1519.0 1138.0 782.0 
MOISTER: 799 VDDA: 2.80 Vsol: 0.22 Vbat: 3.48  NTC: 20.8 21.2 20.6 21.5  SOIL: 1519.0 1138.0 782.0 
MOISTER: 799 VDDA: 2.80 Vsol: 0.22 Vbat: 3.48  NTC: 20.8 21.2 20.6 21.5  SOIL: 1519.0 1138.0 782.0 
MOISTER: 799 VDDA: 2.80 Vsol: 0.22 Vbat: 3.48  NTC: 20.8 21.2 20.6 21.5  SOIL: 1519.0 1138.0 782.0 
MOISTER: 799 VDDA: 2.80 Vsol: 0.22 Vbat: 3.48  NTC: 20.8 21.2 20.6 21.5  SOIL: 1519.0 1138.0 782.0 
MOISTER: 799 VDDA: 2.80 Vsol: 0.22 Vbat: 3.48  NTC: 20.8 21.2 20.6 21.5  SOIL: 1519.0 1138.0 782.0 
MOISTER: 799 VDDA: 2.80 Vsol: 0.22 Vbat: 3.48  NTC: 20.8 21.2 20.6 21.5  SOIL: 1519.0 1138.0 782.0 
MOISTER: 799 VDDA: 2.80 Vsol: 0.22 Vbat: 3.48  NTC: 20.8 21.2 20.6 21.5  SOIL: 1519.0 1138.0 782.0 
MOISTER: 799 VDDA: 2.80 Vsol: 0.22 Vbat: 3.48  NTC: 20.8 21.2 20.6 21.5  SOIL: 1519.0 1138.0 782.0 
MOISTER: 799 VDDA: 2.80 Vsol: 0.22 Vbat: 3.48  NTC: 20.8 21.2 20.6 21.5  SOIL: 1519.0 1138.0 782.0 
MOISTER: 799 VDDA: 2.80 Vsol: 0.22 Vbat: 3.48  NTC: 20.8 21.2 20.6 21.5  SOIL: 1519.0 1138.0 782.0 
MOISTER: 799 VDDA: 2.80 Vsol: 0.22 Vbat: 3.48  NTC: 20.8 21.2 20.6 21.5  SOIL: 1519.0 1138.0 782.0 
MOISTER: 799 VDDA: 2.80 Vsol: 0.22 Vbat: 3.48  NTC: 20.8 21.2 20.6 21.5  SOIL: 1519.0 1138.0 782.0 
MOISTER: 799 VDDA: 2.80 Vsol: 0.22 Vbat: 3.48  NTC: 20.8 21.2 20.6 21.5  SOIL: 1519.0 1138.0 782.0 
MOISTER: 799 VDDA: 2.80 Vsol: 0.22 Vbat: 3.48  NTC: 20.8 21.2 20.6 21.5  SOIL: 1519.0 1138.0 782.0 
MOISTER: 799 VDDA: 2.80 Vsol: 0.22 Vbat: 3.48  NTC: 20.8 21.2 20.6 21.5  SOIL: 1519.0 1138.0 782.0 
MOISTER: 799 VDDA: 2.80 Vsol: 0.22 Vbat: 3.48  NTC: 20.8 21.2 20.6 21.5  SOIL: 1519.0 1138.0 782.0 
MOISTER: 799 VDDA: 2.80 Vsol: 0.22 Vbat: 3.48  NTC: 20.8 21.2 20.6 21.5  SOIL: 1519.0 1138.0 782.0 
MOISTER: 799 VDDA: 2.80 Vsol: 0.22 Vbat: 3.48  NTC: 20.8 21.2 20.6 21.5  SOIL: 1519.0 1138.0 782.0 
MOISTER: 799 VDDA: 2.80 Vsol: 0.22 Vbat: 3.48  NTC: 20.8 21.2 20.6 21.5  SOIL: 1519.0 1138.0 782.0 
MOISTER: 799 VDDA: 2.80 Vsol: 0.22 Vbat: 3.48  NTC: 20.8 21.2 20.6 21.5  SOIL: 1519.0 1138.0 782.0 
MOISTER: 799 VDDA: 2.80 Vsol: 0.22 Vbat: 3.48  NTC: 20.8 21.2 20.6 21.5  SOIL: 1519.0 1138.0 782.0 
MOISTER: 799 VDDA: 2.80 Vsol: 0.22 Vbat: 3.48  NTC: 20.8 21.2 20.6 21.5  SOIL: 1519.0 1138.0 782.0 
MOISTER: 799 VDDA: 2.80 Vsol: 0.22 Vbat: 3.48  NTC: 20.8 21.2 20.6 21.5  SOIL: 1519.0 1138.0 782.0 
MOISTER: 799 VDDA: 2.80 Vsol: 0.22 Vbat: 3.48  NTC: 20.8 21.2 20.6 21.5  SOIL: 1519.0 1138.0 782.0 
MOISTER: 799 VDDA: 2.80 Vsol: 0.22 Vbat: 3.48  NTC: 20.8 21.2 20.6 21.5  SOIL: 1519.0 1138.0 782.0 
MOISTER: 799 VDDA: 2.80 Vsol: 0.22 Vbat: 3.48  NTC: 20.8 21.2 20.6 21.5  SOIL: 1519.0 1138.0 782.0 
MOISTER: 799 VDDA: 2.80 Vsol: 0.22 Vbat: 3.48  NTC: 20.8 21.2 20.6 21.5  SOIL: 1519.0 1138.0 782.0 
MOISTER: 799 VDDA: 2.80 Vsol: 0.22 Vbat: 3.48  NTC: 20.8 21.2 20.6 21.5  SOIL: 1519.0 1138.0 782.0 
MOISTER: 799 VDDA: 2.80 Vsol: 0.22 Vbat: 3.48  NTC: 20.8 21.2 20.6 21.5  SOIL: 1519.0 1138.0 782.0 
MOISTER: 799 VDDA: 2.80 Vsol: 0.22 Vbat: 3.48  NTC: 20.8 21.2 20.6 21.5  SOIL: 1519.0 1138.0 782.0 
MOISTER: 799 VDDA: 2.80 Vsol: 0.22 Vbat: 3.48  NTC: 20.8 21.2 20.6 21.5  SOIL: 1519.0 1138.0 782.0 
MOISTER: 799 VDDA: 2.80 Vsol: 0.22 Vbat: 3.48  NTC: 20.8 21.2 20.6 21.5  SOIL: 1519.0 1138.0 782.0 
MOISTER: 799 VDDA: 2.80 Vsol: 0.22 Vbat: 3.48  NTC: 20.8 21.2 20.6 21.5  SOIL: 1519.0 1138.0 782.0 
MOISTER: 799 VDDA: 2.80 Vsol: 0.22 Vbat: 3.48  NTC: 20.8 21.2 20.6 21.5  SOIL: 1519.0 1138.0 782.0 
MOISTER: 799 VDDA: 2.80 Vsol: 0.22 Vbat: 3.48  NTC: 20.8 21.2 20.6 21.5  SOIL: 1519.0 1138.0 782.0 
MOISTER: 799 VDDA: 2.80 Vsol: 0.22 Vbat: 3.48  NTC: 20.8 21.2 20.6 21.5  SOIL: 1519.0 1138.0 782.0 
MOISTER: 799 VDDA: 2.80 Vsol: 0.22 Vbat: 3.48  NTC: 20.8 21.2 20.6 21.5  SOIL: 1519.0 1138.0 782.0 
MOISTER: 799 VDDA: 2.80 Vsol: 0.22 Vbat: 3.48  NTC: 20.8 21.2 20.6 21.5  SOIL: 1519.0 1138.0 782.0 
MOISTER: 799 VDDA: 2.80 Vsol: 0.22 Vbat: 3.48  NTC: 20.8 21.2 20.6 21.5  SOIL: 1519.0 1138.0 782.0 
MOISTER: 799 VDDA: 2.80 Vsol: 0.22 Vbat: 3.48  NTC: 20.8 21.2 20.6 21.5  SOIL: 1519.0 1138.0 782.0 
MOISTER: 799 VDDA: 2.80 Vsol: 0.22 Vbat: 3.48  NTC: 20.8 21.2 20.6 21.5  SOIL: 1519.0 1138.0 782.0 
MOISTER: 799 VDDA: 2.80 Vsol: 0.22 Vbat: 3.48  NTC: 20.8 21.2 20.6 21.5  SOIL: 1519.0 1138.0 782.0 
MOISTER: 799 VDDA: 2.80 Vsol: 0.22 Vbat: 3.48  NTC: 20.8 21.2 20.6 21.5  SOIL: 1519.0 1138.0 782.0 
MOISTER: 799 VDDA: 2.80 Vsol: 0.22 Vbat: 3.48  NTC: 20.8 21.2 20.6 21.5  SOIL: 1519.0 1138.0 782.0 
MOISTER: 799 VDDA: 2.80 Vsol: 0.22 Vbat: 3.48  NTC: 20.8 21.2 20.6 21.5  SOIL: 1519.0 1138.0 782.0 
MOISTER: 799 VDDA: 2.80 Vsol: 0.22 Vbat: 3.48  NTC: 20.8 21.2 20.6 21.5  SOIL: 1519.0 1138.0 782.0 
MOISTER: 799 VDDA: 2.80 Vsol: 0.22 Vbat: 3.48  NTC: 20.8 21.2 20.6 21.5  SOIL: 1519.0 1138.0 782.0 
MOISTER: 799 VDDA: 2.80 Vsol: 0.22 Vbat: 3.48  NTC: 20.8 21.2 20.6 21.5  SOIL: 1519.0 1138.0 782.0 
MOISTER: 799 VDDA: 2.80 Vsol: 0.22 Vbat: 3.48  NTC: 20.8 21.2 20.6 21.5  SOIL: 1519.0 1138.0 782.0 
MOISTER: 799 VDDA: 2.80 Vsol: 0.22 Vbat: 3.48  NTC: 20.8 21.2 20.6 21.5  SOIL: 1519.0 1138.0 782.0 
MOISTER: 799 VDDA: 2.80 Vsol: 0.22 Vbat: 3.48  NTC: 20.8 21.2 20.6 21.5  SOIL: 1519.0 1138.0 782.0 
MOISTER: 799 VDDA: 2.80 Vsol: 0.22 Vbat: 3.48  NTC: 20.8 21.2 20.6 21.5  SOIL: 1519.0 1138.0 782.0 
MOISTER: 799 VDDA: 2.80 Vsol: 0.22 Vbat: 3.48  NTC: 20.8 21.2 20.6 21.5  SOIL: 1519.0 1138.0 782.0 
MOISTER: 799 VDDA: 2.80 Vsol: 0.22 Vbat: 3.48  NTC: 20.8 21.2 20.6 21.5  SOIL: 1519.0 1138.0 782.0 
MOISTER: 799 VDDA: 2.80 Vsol: 0.22 Vbat: 3.48  NTC: 20.8 21.2 20.6 21.5  SOIL: 1519.0 1138.0 782.0 
MOISTER: 799 VDDA: 2.80 Vsol: 0.22 Vbat: 3.48  NTC: 20.8 21.2 20.6 21.5  SOIL: 1519.0 1138.0 782.0 
MOISTER: 799 VDDA: 2.80 Vsol: 0.22 Vbat: 3.48  NTC: 20.8 21.2 20.6 21.5  SOIL: 1519.0 1138.0 782.0 
MOISTER: 799 VDDA: 2.80 Vsol: 0.22 Vbat: 3.48  NTC: 20.8 21.2 20.6 21.5  SOIL: 1519.0 1138.0 782.0 
MOISTER: 799 VDDA: 2.80 Vsol: 0.22 Vbat: 3.48  NTC: 20.8 21.2 20.6 21.5  SOIL: 1519.0 1138.0 782.0 
MOISTER: 799 VDDA: 2.80 Vsol: 0.22 Vbat: 3.48  NTC: 20.8 21.2 20.6 21.5  SOIL: 1519.0 1138.0 782.0 
MOISTER: 799 VDDA: 2.80 Vsol: 0.22 Vbat: 3.48  NTC: 20.8 21.2 20.6 21.5  SOIL: 1519.0 1138.0 782.0 
MOISTER: 799 VDDA: 2.80 Vsol: 0.22 Vbat: 3.48  NTC: 20.8 21.2 20.6 21.5  SOIL: 1519.0 1138.0 782.0 
MOISTER: 799 VDDA: 2.80 Vsol: 0.22 Vbat: 3.48  NTC: 20.8 21.2 20.6 21.5  SOIL: 1519.0 1138.0 782.0 
MOISTER: 799 VDDA: 2.80 Vsol: 0.22 Vbat: 3.48  NTC: 20.8 21.2 20.6 21.5  SOIL: 1519.0 1138.0 782.0 
MOISTER: 799 VDDA: 2.80 Vsol: 0.22 Vbat: 3.48  NTC: 20.8 21.2 20.6 21.5  SOIL: 1519.0 1138.0 782.0 
MOISTER: 799 VDDA: 2.80 Vsol: 0.22 Vbat: 3.48  NTC: 20.8 21.2 20.6 21.5  SOIL: 1519.0 1138.0 782.0 
MOISTER: 799 VDDA: 2.80 Vsol: 0.22 Vbat: 3.48  NTC: 20.8 21.2 20.6 21.5  SOIL: 1519.0 1138.0 782.0 
MOISTER: 799 VDDA: 2.80 Vsol: 0.22 Vbat: 3.48  NTC: 20.8 21.2 20.6 21.5  SOIL: 1519.0 1138.0 782.0 
MOISTER: 799 VDDA: 2.80 Vsol: 0.22 Vbat: 3.48  NTC: 20.8 21.2 20.6 21.5  SOIL: 1519.0 1138.0 782.0 
MOISTER: 799 VDDA: 2.80 Vsol: 0.22 Vbat: 3.48  NTC: 20.8 21.2 20.6 21.5  SOIL: 1519.0 1138.0 782.0 
MOISTER: 799 VDDA: 2.80 Vsol: 0.22 Vbat: 3.48  NTC: 20.8 21.2 20.6 21.5  SOIL: 1519.0 1138.0 782.0 
MOISTER: 799 VDDA: 2.80 Vsol: 0.22 Vbat: 3.48  NTC: 20.8 21.2 20.6 21.5  SOIL: 1519.0 1138.0 782.0 
MOISTER: 799 VDDA: 2.80 Vsol: 0.22 Vbat: 3.48  NTC: 20.8 21.2 20.6 21.5  SOIL: 1519.0 1138.0 782.0 
MOISTER: 799 VDDA: 2.80 Vsol: 0.22 Vbat: 3.48  NTC: 20.8 21.2 20.6 21.5  SOIL: 1519.0 1138.0 782.0 
MOISTER: 799 VDDA: 2.80 Vsol: 0.22 Vbat: 3.48  NTC: 20.8 21.2 20.6 21.5  SOIL: 1519.0 1138.0 782.0 
MOISTER: 799 VDDA: 2.80 Vsol: 0.22 Vbat: 3.48  NTC: 20.8 21.2 20.6 21.5  SOIL: 1519.0 1138.0 782.0 
MOISTER: 799 VDDA: 2.80 Vsol: 0.22 Vbat: 3.48  NTC: 20.8 21.2 20.6 21.5  SOIL: 1519.0 1138.0 782.0 
MOISTER: 799 VDDA: 2.80 Vsol: 0.22 Vbat: 3.48  NTC: 20.8 21.2 20.6 21.5  SOIL: 1519.0 1138.0 782.0 
MOISTER: 799 VDDA: 2.80 Vsol: 0.22 Vbat: 3.48  NTC: 20.8 21.2 20.6 21.5  SOIL: 1519.0 1138.0 782.0 
MOISTER: 799 VDDA: 2.80 Vsol: 0.22 Vbat: 3.48  NTC: 20.8 21.2 20.6 21.5  SOIL: 1519.0 1138.0 782.0 
MOISTER: 799 VDDA: 2.80 Vsol: 0.22 Vbat: 3.48  NTC: 20.8 21.2 20.6 21.5  SOIL: 1519.0 1138.0 782.0 
MOISTER: 799 VDDA: 2.80 Vsol: 0.22 Vbat: 3.48  NTC: 20.8 21.2 20.6 21.5  SOIL: 1519.0 1138.0 782.0 
MOISTER: 799 VDDA: 2.80 Vsol: 0.22 Vbat: 3.48  NTC: 20.8 21.2 20.6 21.5  SOIL: 1519.0 1138.0 782.0 
MOISTER: 799 VDDA: 2.80 Vsol: 0.22 Vbat: 3.48  NTC: 20.8 21.2 20.6 21.5  SOIL: 1519.0 1138.0 782.0 
MOISTER: 799 VDDA: 2.80 Vsol: 0.22 Vbat: 3.48  NTC: 20.8 21.2 20.6 21.5  SOIL: 1519.0 1138.0 782.0 
MOISTER: 799 VDDA: 2.80 Vsol: 0.22 Vbat: 3.48  NTC: 20.8 21.2 20.6 21.5  SOIL: 1519.0 1138.0 782.0 
MOISTER: 799 VDDA: 2.80 Vsol: 0.22 Vbat: 3.48  NTC: 20.8 21.2 20.6 21.5  SOIL: 1519.0 1138.0 782.0 
MOISTER: 799 VDDA: 2.80 Vsol: 0.22 Vbat: 3.48  NTC: 20.8 21.2 20.6 21.5  SOIL: 1519.0 1138.0 782.0 
MOISTER: 799 VDDA: 2.80 Vsol: 0.22 Vbat: 3.48  NTC: 20.8 21.2 20.6 21.5  SOIL: 1519.0 1138.0 782.0 
MOISTER: 799 VDDA: 2.80 Vsol: 0.22 Vbat: 3.48  NTC: 20.8 21.2 20.6 21.5  SOIL: 1519.0 1138.0 782.0 
MOISTER: 799 VDDA: 2.80 Vsol: 0.22 Vbat: 3.48  NTC: 20.8 21.2 20.6 21.5  SOIL: 1519.0 1138.0 782.0 
MOISTER: 799 VDDA: 2.80 Vsol: 0.22 Vbat: 3.48  NTC: 20.8 21.2 20.6 21.5  SOIL: 1519.0 1138.0 782.0 
MOISTER: 799 VDDA: 2.80 Vsol: 0.22 Vbat: 3.48  NTC: 20.8 21.2 20.6 21.5  SOIL: 1519.0 1138.0 782.0 
MOISTER: 799 VDDA: 2.80 Vsol: 0.22 Vbat: 3.48  NTC: 20.8 21.2 20.6 21.5  SOIL: 1519.0 1138.0 782.0 
MOISTER: 799 VDDA: 2.80 Vsol: 0.22 Vbat: 3.48  NTC: 20.8 21.2 20.6 21.5  SOIL: 1519.0 1138.0 782.0 
MOISTER: 799 VDDA: 2.80 Vsol: 0.22 Vbat: 3.48  NTC: 20.8 21.2 20.6 21.5  SOIL: 1519.0 1138.0 782.0 
MOISTER: 799 VDDA: 2.80 Vsol: 0.22 Vbat: 3.48  NTC: 20.8 21.2 20.6 21.5  SOIL: 1519.0 1138.0 782.0 
MOISTER: 799 VDDA: 2.80 Vsol: 0.22 Vbat: 3.48  NTC: 20.8 21.2 20.6 21.5  SOIL: 1519.0 1138.0 782.0 
MOISTER: 799 VDDA: 2.80 Vsol: 0.22 Vbat: 3.48  NTC: 20.8 21.2 20.6 21.5  SOIL: 1519.0 1138.0 782.0 
MOISTER: 799 VDDA: 2.80 Vsol: 0.22 Vbat: 3.48  NTC: 20.8 21.2 20.6 21.5  SOIL: 1519.0 1138.0 782.0 
MOISTER: 799 VDDA: 2.80 Vsol: 0.22 Vbat: 3.48  NTC: 20.8 21.2 20.6 21.5  SOIL: 1519.0 1138.0 782.0 
MOISTER: 799 VDDA: 2.80 Vsol: 0.22 Vbat: 3.48  NTC: 20.8 21.2 20.6 21.5  SOIL: 1519.0 1138.0 782.0 
MOISTER: 799 VDDA: 2.80 Vsol: 0.22 Vbat: 3.48  NTC: 20.8 21.2 20.6 21.5  SOIL: 1519.0 1138.0 782.0 
MOISTER: 799 VDDA: 2.80 Vsol: 0.22 Vbat: 3.48  NTC: 20.8 21.2 20.6 21.5  SOIL: 1519.0 1138.0 782.0 
MOISTER: 799 VDDA: 2.80 Vsol: 0.22 Vbat: 3.48  NTC: 20.8 21.2 20.6 21.5  SOIL: 1519.0 1138.0 782.0 
MOISTER: 799 VDDA: 2.80 Vsol: 0.22 Vbat: 3.48  NTC: 20.8 21.2 20.6 21.5  SOIL: 1519.0 1138.0 782.0 
MOISTER: 799 VDDA: 2.80 Vsol: 0.22 Vbat: 3.48  NTC: 20.8 21.2 20.6 21.5  SOIL: 1519.0 1138.0 782.0 
MOISTER: 799 VDDA: 2.80 Vsol: 0.22 Vbat: 3.48  NTC: 20.8 21.2 20.6 21.5  SOIL: 1519.0 1138.0 782.0 
MOISTER: 799 VDDA: 2.80 Vsol: 0.22 Vbat: 3.48  NTC: 20.8 21.2 20.6 21.5  SOIL: 1519.0 1138.0 782.0 
MOISTER: 799 VDDA: 2.80 Vsol: 0.22 Vbat: 3.48  NTC: 20.8 21.2 20.6 21.5  SOIL: 1519.0 1138.0 782.0 
MOISTER: 799 VDDA: 2.80 Vsol: 0.22 Vbat: 3.48  NTC: 20.8 21.2 20.6 21.5  SOIL: 1519.0 1138.0 782.0 
MOISTER: 799 VDDA: 2.80 Vsol: 0.22 Vbat: 3.48  NTC: 20.8 21.2 20.6 21.5  SOIL: 1519.0 1138.0 782.0 
MOISTER: 799 VDDA: 2.80 Vsol: 0.22 Vbat: 3.48  NTC: 20.8 21.2 20.6 21.5  SOIL: 1519.0 1138.0 782.0 
MOISTER: 799 VDDA: 2.80 Vsol: 0.22 Vbat: 3.48  NTC: 20.8 21.2 20.6 21.5  SOIL: 1519.0 1138.0 782.0 
MOISTER: 799 VDDA: 2.80 Vsol: 0.22 Vbat: 3.48  NTC: 20.8 21.2 20.6 21.5  SOIL: 1519.0 1138.0 782.0 
MOISTER: 799 VDDA: 2.80 Vsol: 0.22 Vbat: 3.48  NTC: 20.8 21.2 20.6 21.5  SOIL: 1519.0 1138.0 782.0 
MOISTER: 799 VDDA: 2.80 Vsol: 0.22 Vbat: 3.48  NTC: 20.8 21.2 20.6 21.5  SOIL: 1519.0 1138.0 782.0 
MOISTER: 799 VDDA: 2.80 Vsol: 0.22 Vbat: 3.48  NTC: 20.8 21.2 20.6 21.5  SOIL: 1519.0 1138.0 782.0 
MOISTER: 799 VDDA: 2.80 Vsol: 0.22 Vbat: 3.48  NTC: 20.8 21.2 20.6 21.5  SOIL: 1519.0 1138.0 782.0 
MOISTER: 799 VDDA: 2.80 Vsol: 0.22 Vbat: 3.48  NTC: 20.8 21.2 20.6 21.5  SOIL: 1519.0 1138.0 782.0 
MOISTER: 799 VDDA: 2.80 Vsol: 0.22 Vbat: 3.48  NTC: 20.8 21.2 20.6 21.5  SOIL: 1519.0 1138.0 782.0 
MOISTER: 799 VDDA: 2.80 Vsol: 0.22 Vbat: 3.48  NTC: 20.8 21.2 20.6 21.5  SOIL: 1519.0 1138.0 782.0 
MOISTER: 799 VDDA: 2.80 Vsol: 0.22 Vbat: 3.48  NTC: 20.8 21.2 20.6 21.5  SOIL: 1519.0 1138.0 782.0 
MOISTER: 799 VDDA: 2.80 Vsol: 0.22 Vbat: 3.48  NTC: 20.8 21.2 20.6 21.5  SOIL: 1519.0 1138.0 782.0 
MOISTER: 799 VDDA: 2.80 Vsol: 0.22 Vbat: 3.48  NTC: 20.8 21.2 20.6 21.5  SOIL: 1519.0 1138.0 782.0 
MOISTER: 799 VDDA: 2.80 Vsol: 0.22 Vbat: 3.48  NTC: 20.8 21.2 20.6 21.5  SOIL: 1519.0 1138.0 782.0 
MOISTER: 799 VDDA: 2.80 Vsol: 0.22 Vbat: 3.48  NTC: 20.8 21.2 20.6 21.5  SOIL: 1519.0 1138.0 782.0 
MOISTER: 799 VDDA: 2.80 Vsol: 0.22 Vbat: 3.48  NTC: 20.8 21.2 20.6 21.5  SOIL: 1519.0 1138.0 782.0 
MOISTER: 799 VDDA: 2.80 Vsol: 0.22 Vbat: 3.48  NTC: 20.8 21.2 20.6 21.5  SOIL: 1519.0 1138.0 782.0 
MOISTER: 799 VDDA: 2.80 Vsol: 0.22 Vbat: 3.48  NTC: 20.8 21.2 20.6 21.5  SOIL: 1519.0 1138.0 782.0 
MOISTER: 799 VDDA: 2.80 Vsol: 0.22 Vbat: 3.48  NTC: 20.8 21.2 20.6 21.5  SOIL: 1519.0 1138.0 782.0 
MOISTER: 799 VDDA: 2.80 Vsol: 0.22 Vbat: 3.48  NTC: 20.8 21.2 20.6 21.5  SOIL: 1519.0 1138.0 782.0 
MOISTER: 799 VDDA: 2.80 Vsol: 0.22 Vbat: 3.48  NTC: 20.8 21.2 20.6 21.5  SOIL: 1519.0 1138.0 782.0 
MOISTER: 799 VDDA: 2.80 Vsol: 0.22 Vbat: 3.48  NTC: 20.8 21.2 20.6 21.5  SOIL: 1519.0 1138.0 782.0 
MOISTER: 799 VDDA: 2.80 Vsol: 0.22 Vbat: 3.48  NTC: 20.8 21.2 20.6 21.5  SOIL: 1519.0 1138.0 782.0 
MOISTER: 799 VDDA: 2.80 Vsol: 0.22 Vbat: 3.48  NTC: 20.8 21.2 20.6 21.5  SOIL: 1519.0 1138.0 782.0 
MOISTER: 799 VDDA: 2.80 Vsol: 0.22 Vbat: 3.48  NTC: 20.8 21.2 20.6 21.5  SOIL: 1519.0 1138.0 782.0 
MOISTER: 799 VDDA: 2.80 Vsol: 0.22 Vbat: 3.48  NTC: 20.8 21.2 20.6 21.5  SOIL: 1519.0 1138.0 782.0 
MOISTER: 799 VDDA: 2.80 Vsol: 0.22 Vbat: 3.48  NTC: 20.8 21.2 20.6 21.5  SOIL: 1519.0 1138.0 782.0 
MOISTER: 799 VDDA: 2.80 Vsol: 0.22 Vbat: 3.48  NTC: 20.8 21.2 20.6 21.5  SOIL: 1519.0 1138.0 782.0 
MOISTER: 799 VDDA: 2.80 Vsol: 0.22 Vbat: 3.48  NTC: 20.8 21.2 20.6 21.5  SOIL: 1519.0 1138.0 782.0 
MOISTER: 799 VDDA: 2.80 Vsol: 0.22 Vbat: 3.48  NTC: 20.8 21.2 20.6 21.5  SOIL: 1519.0 1138.0 782.0 
MOISTER: 799 VDDA: 2.80 Vsol: 0.22 Vbat: 3.48  NTC: 20.8 21.2 20.6 21.5  SOIL: 1519.0 1138.0 782.0 
MOISTER: 799 VDDA: 2.80 Vsol: 0.22 Vbat: 3.48  NTC: 20.8 21.2 20.6 21.5  SOIL: 1519.0 1138.0 782.0 
MOISTER: 799 VDDA: 2.80 Vsol: 0.22 Vbat: 3.48  NTC: 20.8 21.2 20.6 21.5  SOIL: 1519.0 1138.0 782.0 
MOISTER: 799 VDDA: 2.80 Vsol: 0.22 Vbat: 3.48  NTC: 20.8 21.2 20.6 21.5  SOIL: 1519.0 1138.0 782.0 
MOISTER: 799 VDDA: 2.80 Vsol: 0.22 Vbat: 3.48  NTC: 20.8 21.2 20.6 21.5  SOIL: 1519.0 1138.0 782.0 
MOISTER: 799 VDDA: 2.80 Vsol: 0.22 Vbat: 3.48  NTC: 20.8 21.2 20.6 21.5  SOIL: 1519.0 1138.0 782.0 
MOISTER: 799 VDDA: 2.80 Vsol: 0.22 Vbat: 3.48  NTC: 20.8 21.2 20.6 21.5  SOIL: 1519.0 1138.0 782.0 
MOISTER: 799 VDDA: 2.80 Vsol: 0.22 Vbat: 3.48  NTC: 20.8 21.2 20.6 21.5  SOIL: 1519.0 1138.0 782.0 
MOISTER: 799 VDDA: 2.80 Vsol: 0.22 Vbat: 3.48  NTC: 20.8 21.2 20.6 21.5  SOIL: 1519.0 1138.0 782.0 
MOISTER: 799 VDDA: 2.80 Vsol: 0.22 Vbat: 3.48  NTC: 20.8 21.2 20.6 21.5  SOIL: 1519.0 1138.0 782.0 
MOISTER: 799 VDDA: 2.80 Vsol: 0.22 Vbat: 3.48  NTC: 20.8 21.2 20.6 21.5  SOIL: 1519.0 1138.0 782.0 
MOISTER: 799 VDDA: 2.80 Vsol: 0.22 Vbat: 3.48  NTC: 20.8 21.2 20.6 21.5  SOIL: 1519.0 1138.0 782.0 
MOISTER: 799 VDDA: 2.80 Vsol: 0.22 Vbat: 3.48  NTC: 20.8 21.2 20.6 21.5  SOIL: 1519.0 1138.0 782.0 
MOISTER: 799 VDDA: 2.80 Vsol: 0.22 Vbat: 3.48  NTC: 20.8 21.2 20.6 21.5  SOIL: 1519.0 1138.0 782.0 
MOISTER: 799 VDDA: 2.80 Vsol: 0.22 Vbat: 3.48  NTC: 20.8 21.2 20.6 21.5  SOIL: 1519.0 1138.0 782.0 
MOISTER: 799 VDDA: 2.80 Vsol: 0.22 Vbat: 3.48  NTC: 20.8 21.2 20.6 21.5  SOIL: 1519.0 1138.0 782.0 
MOISTER: 799 VDDA: 2.80 Vsol: 0.22 Vbat: 3.48  NTC: 20.8 21.2 20.6 21.5  SOIL: 1519.0 1138.0 782.0 
MOISTER: 799 VDDA: 2.80 Vsol: 0.22 Vbat: 3.48  NTC: 20.8 21.2 20.6 21.5  SOIL: 1519.0 1138.0 782.0 
MOISTER: 799 VDDA: 2.80 Vsol: 0.22 Vbat: 3.48  NTC: 20.8 21.2 20.6 21.5  SOIL: 1519.0 1138.0 782.0 
MOISTER: 799 VDDA: 2.80 Vsol: 0.22 Vbat: 3.48  NTC: 20.8 21.2 20.6 21.5  SOIL: 1519.0 1138.0 782.0 
MOISTER: 799 VDDA: 2.80 Vsol: 0.22 Vbat: 3.48  NTC: 20.8 21.2 20.6 21.5  SOIL: 1519.0 1138.0 782.0 
MOISTER: 799 VDDA: 2.80 Vsol: 0.22 Vbat: 3.48  NTC: 20.8 21.2 20.6 21.5  SOIL: 1519.0 1138.0 782.0 
MOISTER: 799 VDDA: 2.80 Vsol: 0.22 Vbat: 3.48  NTC: 20.8 21.2 20.6 21.5  SOIL: 1519.0 1138.0 782.0 
MOISTER: 799 VDDA: 2.80 Vsol: 0.22 Vbat: 3.48  NTC: 20.8 21.2 20.6 21.5  SOIL: 1519.0 1138.0 782.0 
MOISTER: 799 VDDA: 2.80 Vsol: 0.22 Vbat: 3.48  NTC: 20.8 21.2 20.6 21.5  SOIL: 1519.0 1138.0 782.0 
MOISTER: 799 VDDA: 2.80 Vsol: 0.22 Vbat: 3.48  NTC: 20.8 21.2 20.6 21.5  SOIL: 1519.0 1138.0 782.0 
MOISTER: 821 VDDA: 2.80 Vsol: 1.75 Vbat: 3.69  NTC: 23.9 24.5 24.8 26.1  SOIL: 1577.0 1157.0 822.0 
MOISTER: 822 VDDA: 2.80 Vsol: 1.75 Vbat: 3.69  NTC: 23.9 24.5 24.8 26.2  SOIL: 1569.0 1160.0 820.0 
MOISTER: 823 VDDA: 2.80 Vsol: 1.70 Vbat: 3.68  NTC: 23.9 24.6 24.8 25.9  SOIL: 1563.0 1159.0 822.0 
MOISTER: 824 VDDA: 2.80 Vsol: 1.69 Vbat: 3.69  NTC: 23.9 24.5 24.8 25.8  SOIL: 1567.0 1161.0 825.0 
MOISTER: 825 VDDA: 2.79 Vsol: 1.67 Vbat: 3.68  NTC: 23.9 24.5 24.7 25.6  SOIL: 1567.0 1166.0 825.0 
MOISTER: 826 VDDA: 2.80 Vsol: 1.65 Vbat: 3.69  NTC: 23.8 24.5 24.7 25.3  SOIL: 1574.0 1165.0 827.0 
MOISTER: 827 VDDA: 2.80 Vsol: 1.65 Vbat: 3.71  NTC: 23.8 24.4 24.7 25.2  SOIL: 1567.0 1163.0 827.0 
MOISTER: 828 VDDA: 2.80 Vsol: 1.66 Vbat: 3.68  NTC: 23.8 24.4 24.7 25.3  SOIL: 1573.0 1172.0 823.0 
MOISTER: 829 VDDA: 2.80 Vsol: 1.65 Vbat: 3.70  NTC: 23.8 24.4 24.6 25.3  SOIL: 1572.0 1167.0 825.0 
MOISTER: 830 VDDA: 2.81 Vsol: 1.68 Vbat: 3.71  NTC: 23.7 24.4 24.6 25.2  SOIL: 1568.0 1170.0 826.0 
MOISTER: 831 VDDA: 2.80 Vsol: 1.69 Vbat: 3.69  NTC: 23.7 24.4 24.6 25.4  SOIL: 1563.0 1165.0 826.0 
MOISTER: 832 VDDA: 2.79 Vsol: 1.71 Vbat: 3.68  NTC: 23.7 24.4 24.6 25.7  SOIL: 1573.0 1165.0 826.0 
MOISTER: 833 VDDA: 2.81 Vsol: 1.73 Vbat: 3.71  NTC: 23.7 24.4 24.6 25.9  SOIL: 1570.0 1159.0 821.0 
MOISTER: 834 VDDA: 2.81 Vsol: 1.73 Vbat: 3.70  NTC: 23.7 24.4 24.5 26.0  SOIL: 1574.0 1160.0 827.0 
MOISTER: 835 VDDA: 2.79 Vsol: 1.69 Vbat: 3.69  NTC: 23.7 24.4 24.5 26.2  SOIL: 1567.0 1166.0 827.0 
MOISTER: 836 VDDA: 2.80 Vsol: 1.70 Vbat: 3.68  NTC: 23.6 24.4 24.5 25.8  SOIL: 1568.0 1163.0 824.0 
MOISTER: 837 VDDA: 2.80 Vsol: 1.71 Vbat: 3.70  NTC: 23.6 24.3 24.5 25.6  SOIL: 1576.0 1165.0 826.0 
MOISTER: 838 VDDA: 2.80 Vsol: 1.72 Vbat: 3.67  NTC: 23.6 24.3 24.4 25.4  SOIL: 1574.0 1167.0 825.0 
MOISTER: 839 VDDA: 2.81 Vsol: 1.72 Vbat: 3.70  NTC: 23.5 24.3 24.4 25.4  SOIL: 1569.0 1166.0 825.0 
MOISTER: 840 VDDA: 2.80 Vsol: 1.70 Vbat: 3.69  NTC: 23.5 24.3 24.4 25.3  SOIL: 1573.0 1162.0 825.0 
MOISTER: 841 VDDA: 2.80 Vsol: 1.69 Vbat: 3.71  NTC: 23.5 24.2 24.4 25.2  SOIL: 1572.0 1161.0 830.0 
MOISTER: 842 VDDA: 2.80 Vsol: 1.67 Vbat: 3.68  NTC: 23.5 24.2 24.3 25.1  SOIL: 1579.0 1167.0 825.0 
MOISTER: 843 VDDA: 2.80 Vsol: 1.67 Vbat: 3.69  NTC: 23.4 24.2 24.3 25.1  SOIL: 1573.0 1166.0 825.0 
MOISTER: 844 VDDA: 2.79 Vsol: 1.68 Vbat: 3.68  NTC: 23.4 24.2 24.3 25.0  SOIL: 1576.0 1163.0 830.0 
MOISTER: 845 VDDA: 2.81 Vsol: 1.69 Vbat: 3.67  NTC: 23.4 24.2 24.3 25.1  SOIL: 1577.0 1163.0 828.0 
MOISTER: 846 VDDA: 2.80 Vsol: 1.69 Vbat: 3.68  NTC: 23.4 24.2 24.3 25.1  SOIL: 1573.0 1171.0 828.0 
MOISTER: 847 VDDA: 2.81 Vsol: 1.69 Vbat: 3.71  NTC: 23.4 24.2 24.2 25.2  SOIL: 1570.0 1163.0 829.0 
MOISTER: 848 VDDA: 2.80 Vsol: 1.68 Vbat: 3.69  NTC: 23.4 24.1 24.2 25.1  SOIL: 1577.0 1167.0 828.0 
MOISTER: 849 VDDA: 2.80 Vsol: 1.68 Vbat: 3.70  NTC: 23.4 24.1 24.2 25.1  SOIL: 1581.0 1167.0 833.0 
MOISTER: 850 VDDA: 2.80 Vsol: 1.68 Vbat: 3.67  NTC: 23.4 24.1 24.1 24.9  SOIL: 1574.0 1172.0 832.0 
MOISTER: 851 VDDA: 2.80 Vsol: 1.68 Vbat: 3.69  NTC: 23.3 24.1 24.1 25.1  SOIL: 1578.0 1166.0 832.0 
MOISTER: 852 VDDA: 2.80 Vsol: 1.67 Vbat: 3.71  NTC: 23.3 24.1 24.1 25.3  SOIL: 1572.0 1165.0 831.0 
MOISTER: 853 VDDA: 2.80 Vsol: 1.66 Vbat: 3.70  NTC: 23.3 24.0 24.1 25.1  SOIL: 1579.0 1167.0 832.0 
MOISTER: 854 VDDA: 2.79 Vsol: 1.66 Vbat: 3.66  NTC: 23.2 24.0 24.1 25.1  SOIL: 1580.0 1170.0 832.0 
MOISTER: 855 VDDA: 2.80 Vsol: 1.65 Vbat: 3.69  NTC: 23.2 24.0 24.1 25.1  SOIL: 1579.0 1167.0 833.0 
MOISTER: 856 VDDA: 2.79 Vsol: 1.63 Vbat: 3.69  NTC: 23.2 24.0 24.0 25.1  SOIL: 1577.0 1168.0 831.0 
MOISTER: 857 VDDA: 2.80 Vsol: 1.64 Vbat: 3.69  NTC: 23.2 24.0 24.0 25.0  SOIL: 1581.0 1173.0 833.0 
MOISTER: 858 VDDA: 2.79 Vsol: 1.63 Vbat: 3.66  NTC: 23.1 24.0 24.0 25.0  SOIL: 1580.0 1173.0 831.0 
MOISTER: 859 VDDA: 2.79 Vsol: 1.63 Vbat: 3.70  NTC: 23.1 23.9 23.9 24.9  SOIL: 1585.0 1172.0 836.0 
MOISTER: 860 VDDA: 2.81 Vsol: 1.65 Vbat: 3.70  NTC: 23.1 23.9 23.9 24.9  SOIL: 1581.0 1170.0 835.0 
MOISTER: 861 VDDA: 2.79 Vsol: 1.63 Vbat: 3.66  NTC: 23.1 23.9 23.9 24.9  SOIL: 1575.0 1169.0 837.0 
MOISTER: 862 VDDA: 2.81 Vsol: 1.62 Vbat: 3.68  NTC: 23.0 23.9 23.9 24.9  SOIL: 1582.0 1168.0 838.0 
MOISTER: 863 VDDA: 2.78 Vsol: 1.62 Vbat: 3.66  NTC: 23.0 23.9 23.8 24.8  SOIL: 1579.0 1169.0 830.0 
MOISTER: 864 VDDA: 2.80 Vsol: 1.62 Vbat: 3.68  NTC: 23.0 23.8 23.8 24.7  SOIL: 1579.0 1169.0 834.0 
MOISTER: 865 VDDA: 2.79 Vsol: 1.62 Vbat: 3.69  NTC: 23.0 23.8 23.8 24.8  SOIL: 1575.0 1170.0 834.0 
MOISTER: 867 VDDA: 2.79 Vsol: 1.61 Vbat: 3.68  NTC: 23.0 23.8 23.7 24.7  SOIL: 1577.0 1169.0 840.0 
MOISTER: 868 VDDA: 2.81 Vsol: 1.62 Vbat: 3.70  NTC: 22.9 23.8 23.7 24.6  SOIL: 1579.0 1176.0 838.0 
MOISTER: 869 VDDA: 2.80 Vsol: 1.60 Vbat: 3.68  NTC: 22.9 23.7 23.7 24.6  SOIL: 1582.0 1175.0 835.0 
MOISTER: 870 VDDA: 2.80 Vsol: 1.60 Vbat: 3.71  NTC: 22.9 23.7 23.6 24.6  SOIL: 1585.0 1174.0 837.0 
MOISTER: 871 VDDA: 2.80 Vsol: 1.59 Vbat: 3.67  NTC: 22.8 23.7 23.6 24.7  SOIL: 1590.0 1173.0 834.0 
MOISTER: 872 VDDA: 2.80 Vsol: 1.58 Vbat: 3.69  NTC: 22.8 23.7 23.6 24.6  SOIL: 1584.0 1177.0 836.0 
MOISTER: 873 VDDA: 2.80 Vsol: 1.58 Vbat: 3.67  NTC: 22.8 23.6 23.5 24.6  SOIL: 1588.0 1173.0 839.0 
MOISTER: 874 VDDA: 2.81 Vsol: 1.59 Vbat: 3.67  NTC: 22.8 23.6 23.5 24.5  SOIL: 1584.0 1180.0 840.0 
MOISTER: 875 VDDA: 2.80 Vsol: 1.59 Vbat: 3.69  NTC: 22.8 23.6 23.5 24.5  SOIL: 1580.0 1171.0 839.0 
MOISTER: 876 VDDA: 2.80 Vsol: 1.58 Vbat: 3.68  NTC: 22.7 23.6 23.4 24.5  SOIL: 1585.0 1174.0 837.0 
MOISTER: 877 VDDA: 2.80 Vsol: 1.58 Vbat: 3.69  NTC: 22.7 23.6 23.4 24.6  SOIL: 1582.0 1176.0 839.0 
MOISTER: 878 VDDA: 2.81 Vsol: 1.57 Vbat: 3.68  NTC: 22.7 23.5 23.4 24.7  SOIL: 1583.0 1170.0 837.0 
MOISTER: 879 VDDA: 2.80 Vsol: 1.58 Vbat: 3.68  NTC: 22.7 23.5 23.3 24.9  SOIL: 1584.0 1170.0 836.0 
MOISTER: 880 VDDA: 2.80 Vsol: 1.58 Vbat: 3.69  NTC: 22.6 23.5 23.3 24.9  SOIL: 1588.0 1170.0 841.0 
MOISTER: 881 VDDA: 2.79 Vsol: 1.56 Vbat: 3.68  NTC: 22.6 23.5 23.3 24.9  SOIL: 1581.0 1172.0 834.0 
MOISTER: 883 VDDA: 2.81 Vsol: 1.58 Vbat: 3.70  NTC: 22.6 23.5 23.2 24.9  SOIL: 1584.0 1171.0 841.0 
MOISTER: 884 VDDA: 2.80 Vsol: 1.57 Vbat: 3.68  NTC: 22.6 23.5 23.2 24.9  SOIL: 1586.0 1169.0 840.0 
MOISTER: 885 VDDA: 2.81 Vsol: 1.58 Vbat: 3.68  NTC: 22.6 23.5 23.2 24.9  SOIL: 1589.0 1177.0 840.0 
MOISTER: 886 VDDA: 2.80 Vsol: 1.59 Vbat: 3.68  NTC: 22.6 23.5 23.2 24.9  SOIL: 1584.0 1176.0 838.0 
MOISTER: 887 VDDA: 2.79 Vsol: 1.59 Vbat: 3.69  NTC: 22.6 23.5 23.2 24.9  SOIL: 1582.0 1171.0 843.0 
MOISTER: 888 VDDA: 2.78 Vsol: 1.58 Vbat: 3.66  NTC: 22.6 23.4 23.2 24.9  SOIL: 1586.0 1172.0 840.0 
MOISTER: 889 VDDA: 2.81 Vsol: 1.59 Vbat: 3.69  NTC: 22.6 23.4 23.1 24.9  SOIL: 1583.0 1175.0 842.0 
MOISTER: 890 VDDA: 2.79 Vsol: 1.58 Vbat: 3.66  NTC: 22.5 23.4 23.1 24.7  SOIL: 1587.0 1181.0 840.0 
MOISTER: 891 VDDA: 2.80 Vsol: 1.56 Vbat: 3.67  NTC: 22.5 23.3 23.1 24.9  SOIL: 1582.0 1179.0 840.0 
MOISTER: 892 VDDA: 2.81 Vsol: 1.57 Vbat: 3.72  NTC: 22.5 23.3 23.0 24.9  SOIL: 1588.0 1174.0 839.0 
MOISTER: 893 VDDA: 2.81 Vsol: 1.56 Vbat: 3.70  NTC: 22.5 23.3 23.0 24.9  SOIL: 1593.0 1179.0 841.0 
MOISTER: 894 VDDA: 2.79 Vsol: 1.56 Vbat: 3.65  NTC: 22.5 23.3 23.0 24.8  SOIL: 1582.0 1180.0 840.0 
MOISTER: 895 VDDA: 2.79 Vsol: 1.58 Vbat: 3.68  NTC: 22.5 23.3 23.0 24.6  SOIL: 1591.0 1175.0 842.0 
MOISTER: 896 VDDA: 2.80 Vsol: 1.57 Vbat: 3.66  NTC: 22.4 23.3 23.0 24.5  SOIL: 1590.0 1179.0 842.0 
MOISTER: 897 VDDA: 2.80 Vsol: 1.57 Vbat: 3.67  NTC: 22.4 23.2 22.9 24.5  SOIL: 1591.0 1178.0 845.0 
MOISTER: 898 VDDA: 2.80 Vsol: 1.55 Vbat: 3.69  NTC: 22.4 23.2 22.9 24.6  SOIL: 1592.0 1177.0 845.0 
MOISTER: 899 VDDA: 2.79 Vsol: 1.96 Vbat: 3.67  NTC: 22.4 23.2 22.9 24.6  SOIL: 1590.0 1178.0 842.0 
MOISTER: 900 VDDA: 2.79 Vsol: 1.54 Vbat: 3.67  NTC: 22.4 23.2 22.8 24.7  SOIL: 1591.0 1180.0 847.0 
MOISTER: 901 VDDA: 2.79 Vsol: 1.54 Vbat: 3.67  NTC: 22.3 23.2 22.8 24.7  SOIL: 1589.0 1175.0 844.0 
MOISTER: 902 VDDA: 2.79 Vsol: 1.55 Vbat: 3.67  NTC: 22.3 23.1 22.8 24.5  SOIL: 1595.0 1179.0 846.0 
MOISTER: 903 VDDA: 2.79 Vsol: 1.55 Vbat: 3.69  NTC: 22.3 23.1 22.8 24.4  SOIL: 1591.0 1181.0 849.0 
MOISTER: 904 VDDA: 2.79 Vsol: 1.55 Vbat: 3.66  NTC: 22.3 23.1 22.8 24.4  SOIL: 1591.0 1184.0 847.0 
MOISTER: 905 VDDA: 2.81 Vsol: 1.56 Vbat: 3.67  NTC: 22.3 23.1 22.8 24.5  SOIL: 1593.0 1181.0 845.0 
MOISTER: 906 VDDA: 2.81 Vsol: 1.56 Vbat: 3.69  NTC: 22.3 23.1 22.7 24.7  SOIL: 1590.0 1178.0 843.0 
MOISTER: 907 VDDA: 2.80 Vsol: 1.54 Vbat: 3.68  NTC: 22.3 23.1 22.7 24.6  SOIL: 1590.0 1180.0 846.0 
MOISTER: 908 VDDA: 2.80 Vsol: 1.54 Vbat: 3.67  NTC: 22.3 23.1 22.7 24.7  SOIL: 1591.0 1178.0 847.0 
MOISTER: 909 VDDA: 2.80 Vsol: 1.53 Vbat: 3.68  NTC: 22.3 23.0 22.7 24.9  SOIL: 1591.0 1181.0 846.0 
MOISTER: 910 VDDA: 2.80 Vsol: 1.54 Vbat: 3.67  NTC: 22.3 23.0 22.6 24.7  SOIL: 1596.0 1180.0 845.0 
MOISTER: 911 VDDA: 2.79 Vsol: 1.54 Vbat: 3.68  NTC: 22.2 23.0 22.6 24.7  SOIL: 1590.0 1180.0 847.0 
MOISTER: 912 VDDA: 2.81 Vsol: 1.54 Vbat: 3.68  NTC: 22.2 23.0 22.6 24.5  SOIL: 1589.0 1184.0 845.0 
MOISTER: 913 VDDA: 2.80 Vsol: 1.55 Vbat: 3.66  NTC: 22.2 23.0 22.5 24.5  SOIL: 1595.0 1182.0 846.0 
MOISTER: 914 VDDA: 2.80 Vsol: 1.54 Vbat: 3.70  NTC: 22.2 22.9 22.5 24.3  SOIL: 1595.0 1185.0 849.0 
MOISTER: 915 VDDA: 2.80 Vsol: 1.53 Vbat: 3.70  NTC: 22.2 22.9 22.5 24.4  SOIL: 1591.0 1183.0 850.0 
MOISTER: 916 VDDA: 2.81 Vsol: 1.54 Vbat: 3.69  NTC: 22.2 22.9 22.5 24.5  SOIL: 1594.0 1182.0 846.0 
MOISTER: 917 VDDA: 2.79 Vsol: 1.54 Vbat: 3.68  NTC: 22.1 22.9 22.5 24.5  SOIL: 1599.0 1180.0 849.0 
MOISTER: 918 VDDA: 2.80 Vsol: 1.55 Vbat: 3.71  NTC: 22.1 22.9 22.5 24.4  SOIL: 1596.0 1181.0 849.0 
MOISTER: 919 VDDA: 2.80 Vsol: 1.55 Vbat: 3.68  NTC: 22.1 22.9 22.4 24.4  SOIL: 1600.0 1185.0 850.0 
MOISTER: 920 VDDA: 2.80 Vsol: 1.55 Vbat: 3.69  NTC: 22.1 22.8 22.4 24.3  SOIL: 1595.0 1185.0 848.0 
MOISTER: 921 VDDA: 2.80 Vsol: 1.57 Vbat: 3.66  NTC: 22.1 22.8 22.4 24.3  SOIL: 1594.0 1185.0 847.0 
MOISTER: 922 VDDA: 2.80 Vsol: 1.57 Vbat: 3.66  NTC: 22.1 22.8 22.4 24.5  SOIL: 1591.0 1178.0 851.0 
MOISTER: 923 VDDA: 2.80 Vsol: 1.57 Vbat: 3.67  NTC: 22.0 22.8 22.4 24.5  SOIL: 1590.0 1186.0 848.0 
MOISTER: 924 VDDA: 2.79 Vsol: 1.57 Vbat: 3.69  NTC: 22.0 22.8 22.4 24.5  SOIL: 1592.0 1183.0 850.0 
MOISTER: 925 VDDA: 2.81 Vsol: 1.60 Vbat: 3.69  NTC: 22.0 22.7 22.4 24.6  SOIL: 1591.0 1178.0 852.0 
MOISTER: 926 VDDA: 2.79 Vsol: 1.59 Vbat: 3.70  NTC: 22.0 22.7 22.4 24.7  SOIL: 1592.0 1184.0 850.0 
MOISTER: 927 VDDA: 2.81 Vsol: 1.60 Vbat: 3.69  NTC: 22.0 22.7 22.3 24.7  SOIL: 1590.0 1178.0 850.0 
MOISTER: 928 VDDA: 2.80 Vsol: 1.58 Vbat: 3.70  NTC: 22.0 22.7 22.3 24.7  SOIL: 1590.0 1182.0 852.0 
MOISTER: 929 VDDA: 2.79 Vsol: 1.58 Vbat: 3.67  NTC: 22.0 22.7 22.3 24.5  SOIL: 1598.0 1184.0 851.0 
MOISTER: 930 VDDA: 2.79 Vsol: 1.58 Vbat: 3.65  NTC: 22.0 22.7 22.3 24.5  SOIL: 1595.0 1183.0 852.0 
MOISTER: 931 VDDA: 2.81 Vsol: 1.57 Vbat: 3.68  NTC: 22.0 22.7 22.3 24.5  SOIL: 1589.0 1182.0 849.0 
MOISTER: 932 VDDA: 2.80 Vsol: 1.57 Vbat: 3.69  NTC: 22.0 22.7 22.3 24.6  SOIL: 1589.0 1181.0 847.0 
MOISTER: 933 VDDA: 2.79 Vsol: 1.56 Vbat: 3.69  NTC: 21.9 22.7 22.2 24.6  SOIL: 1598.0 1186.0 849.0 
MOISTER: 934 VDDA: 2.79 Vsol: 1.56 Vbat: 3.70  NTC: 21.9 22.7 22.2 24.4  SOIL: 1600.0 1182.0 853.0 
MOISTER: 935 VDDA: 2.80 Vsol: 1.56 Vbat: 3.69  NTC: 21.9 22.7 22.2 24.6  SOIL: 1590.0 1182.0 852.0 
MOISTER: 936 VDDA: 2.80 Vsol: 1.56 Vbat: 3.67  NTC: 21.9 22.6 22.2 24.7  SOIL: 1598.0 1181.0 852.0 
MOISTER: 937 VDDA: 2.81 Vsol: 1.56 Vbat: 3.70  NTC: 21.9 22.6 22.2 24.7  SOIL: 1592.0 1182.0 851.0 
MOISTER: 938 VDDA: 2.81 Vsol: 1.55 Vbat: 3.69  NTC: 21.9 22.6 22.2 24.7  SOIL: 1596.0 1183.0 851.0 
MOISTER: 939 VDDA: 2.80 Vsol: 1.55 Vbat: 3.68  NTC: 21.9 22.6 22.1 24.7  SOIL: 1593.0 1186.0 851.0 
MOISTER: 940 VDDA: 2.79 Vsol: 1.53 Vbat: 3.68  NTC: 21.9 22.6 22.1 24.7  SOIL: 1594.0 1187.0 855.0 
MOISTER: 941 VDDA: 2.80 Vsol: 1.54 Vbat: 3.68  NTC: 21.9 22.6 22.1 24.7  SOIL: 1599.0 1187.0 853.0 
MOISTER: 942 VDDA: 2.81 Vsol: 1.53 Vbat: 3.70  NTC: 21.9 22.6 22.1 24.5  SOIL: 1596.0 1183.0 851.0 
MOISTER: 943 VDDA: 2.81 Vsol: 1.55 Vbat: 3.69  NTC: 21.9 22.6 22.1 24.5  SOIL: 1598.0 1186.0 850.0 
MOISTER: 944 VDDA: 2.80 Vsol: 1.58 Vbat: 3.67  NTC: 21.9 22.5 22.1 24.5  SOIL: 1592.0 1182.0 856.0 
MOISTER: 945 VDDA: 2.81 Vsol: 1.58 Vbat: 3.69  NTC: 21.9 22.5 22.1 24.6  SOIL: 1598.0 1185.0 851.0 
MOISTER: 946 VDDA: 2.79 Vsol: 1.60 Vbat: 3.65  NTC: 21.9 22.5 22.1 24.9  SOIL: 1595.0 1187.0 852.0 
MOISTER: 947 VDDA: 2.81 Vsol: 1.59 Vbat: 3.68  NTC: 21.9 22.5 22.1 25.0  SOIL: 1593.0 1185.0 853.0 
MOISTER: 948 VDDA: 2.80 Vsol: 1.61 Vbat: 3.68  NTC: 21.9 22.5 22.1 25.1  SOIL: 1597.0 1180.0 855.0 
MOISTER: 949 VDDA: 2.80 Vsol: 1.62 Vbat: 3.68  NTC: 21.9 22.5 22.1 25.0  SOIL: 1592.0 1182.0 853.0 
MOISTER: 950 VDDA: 2.80 Vsol: 1.62 Vbat: 3.71  NTC: 21.9 22.5 22.0 25.1  SOIL: 1596.0 1183.0 853.0 
MOISTER: 951 VDDA: 2.79 Vsol: 1.63 Vbat: 3.67  NTC: 21.9 22.6 22.0 25.1  SOIL: 1596.0 1183.0 855.0 
MOISTER: 952 VDDA: 2.79 Vsol: 1.60 Vbat: 3.67  NTC: 21.9 22.4 22.0 25.1  SOIL: 1598.0 1181.0 857.0 
MOISTER: 953 VDDA: 2.80 Vsol: 1.64 Vbat: 3.67  NTC: 21.9 22.4 22.0 25.1  SOIL: 1597.0 1183.0 852.0 
MOISTER: 954 VDDA: 2.80 Vsol: 1.65 Vbat: 3.68  NTC: 21.9 22.4 22.0 25.2  SOIL: 1594.0 1187.0 858.0 
MOISTER: 955 VDDA: 2.82 Vsol: 1.66 Vbat: 3.70  NTC: 21.9 22.4 22.0 25.4  SOIL: 1595.0 1187.0 855.0 
MOISTER: 956 VDDA: 2.79 Vsol: 1.62 Vbat: 3.68  NTC: 21.9 22.4 22.0 25.3  SOIL: 1600.0 1188.0 857.0 
MOISTER: 958 VDDA: 2.79 Vsol: 1.64 Vbat: 3.67  NTC: 21.9 22.4 22.0 25.1  SOIL: 1598.0 1186.0 854.0 
MOISTER: 959 VDDA: 2.79 Vsol: 1.63 Vbat: 3.68  NTC: 21.9 22.4 22.0 25.1  SOIL: 1601.0 1183.0 859.0 
MOISTER: 960 VDDA: 2.79 Vsol: 1.63 Vbat: 3.65  NTC: 21.9 22.4 22.0 25.1  SOIL: 1593.0 1187.0 858.0 
MOISTER: 961 VDDA: 2.80 Vsol: 1.63 Vbat: 3.71  NTC: 21.9 22.4 22.0 24.9  SOIL: 1597.0 1185.0 857.0 
MOISTER: 962 VDDA: 2.80 Vsol: 1.62 Vbat: 3.67  NTC: 21.9 22.4 22.0 24.9  SOIL: 1600.0 1186.0 855.0 
MOISTER: 963 VDDA: 2.80 Vsol: 1.62 Vbat: 3.68  NTC: 21.9 22.4 22.0 24.9  SOIL: 1597.0 1189.0 856.0 
MOISTER: 964 VDDA: 2.81 Vsol: 1.62 Vbat: 3.67  NTC: 21.8 22.4 22.0 24.7  SOIL: 1599.0 1182.0 857.0 
MOISTER: 965 VDDA: 2.80 Vsol: 1.59 Vbat: 3.69  NTC: 21.8 22.4 21.9 24.7  SOIL: 1599.0 1191.0 859.0 
MOISTER: 966 VDDA: 2.80 Vsol: 1.59 Vbat: 3.70  NTC: 21.8 22.4 22.0 24.6  SOIL: 1600.0 1186.0 858.0 
MOISTER: 967 VDDA: 2.79 Vsol: 1.56 Vbat: 3.66  NTC: 21.8 22.4 22.0 24.7  SOIL: 1601.0 1187.0 856.0 
MOISTER: 968 VDDA: 2.79 Vsol: 1.58 Vbat: 3.66  NTC: 21.8 22.3 22.0 24.9  SOIL: 1598.0 1186.0 859.0 
MOISTER: 969 VDDA: 2.80 Vsol: 1.56 Vbat: 3.64  NTC: 21.8 22.3 21.9 24.9  SOIL: 1594.0 1185.0 858.0 
MOISTER: 970 VDDA: 2.80 Vsol: 1.56 Vbat: 3.70  NTC: 21.8 22.3 21.9 24.9  SOIL: 1604.0 1186.0 859.0 
MOISTER: 971 VDDA: 2.79 Vsol: 1.52 Vbat: 3.68  NTC: 21.8 22.3 21.9 24.5  SOIL: 1602.0 1193.0 860.0 
MOISTER: 972 VDDA: 2.81 Vsol: 1.53 Vbat: 3.68  NTC: 21.8 22.3 21.9 24.3  SOIL: 1599.0 1190.0 859.0 
MOISTER: 973 VDDA: 2.80 Vsol: 1.54 Vbat: 3.68  NTC: 21.8 22.3 21.9 24.2  SOIL: 1601.0 1193.0 860.0 
MOISTER: 974 VDDA: 2.79 Vsol: 1.52 Vbat: 3.68  NTC: 21.8 22.3 21.9 24.1  SOIL: 1602.0 1190.0 860.0 
MOISTER: 975 VDDA: 2.80 Vsol: 1.53 Vbat: 3.70  NTC: 21.8 22.3 21.9 24.0  SOIL: 1599.0 1190.0 862.0 
MOISTER: 976 VDDA: 2.80 Vsol: 1.55 Vbat: 3.66  NTC: 21.7 22.3 21.9 24.1  SOIL: 1604.0 1191.0 864.0 
MOISTER: 977 VDDA: 2.80 Vsol: 1.54 Vbat: 3.69  NTC: 21.8 22.3 21.9 24.0  SOIL: 1598.0 1191.0 861.0 
MOISTER: 978 VDDA: 2.79 Vsol: 1.53 Vbat: 3.68  NTC: 21.7 22.3 21.9 24.0  SOIL: 1606.0 1195.0 861.0 
MOISTER: 979 VDDA: 2.80 Vsol: 1.53 Vbat: 3.66  NTC: 21.7 22.3 21.9 24.0  SOIL: 1606.0 1191.0 859.0 
MOISTER: 980 VDDA: 2.79 Vsol: 1.54 Vbat: 3.67  NTC: 21.7 22.3 21.9 24.1  SOIL: 1603.0 1193.0 865.0 
MOISTER: 981 VDDA: 2.79 Vsol: 1.52 Vbat: 3.66  NTC: 21.7 22.2 21.9 24.2  SOIL: 1608.0 1196.0 863.0 
MOISTER: 982 VDDA: 2.81 Vsol: 1.54 Vbat: 3.69  NTC: 21.7 22.2 21.9 24.3  SOIL: 1607.0 1193.0 859.0 
MOISTER: 983 VDDA: 2.81 Vsol: 1.54 Vbat: 3.70  NTC: 21.7 22.2 21.8 24.3  SOIL: 1607.0 1194.0 866.0 
MOISTER: 984 VDDA: 2.80 Vsol: 1.55 Vbat: 3.69  NTC: 21.7 22.2 21.9 24.4  SOIL: 1600.0 1194.0 862.0 
MOISTER: 985 VDDA: 2.82 Vsol: 1.55 Vbat: 3.68  NTC: 21.7 22.2 21.8 24.2  SOIL: 1598.0 1193.0 863.0 
MOISTER: 986 VDDA: 2.79 Vsol: 1.53 Vbat: 3.65  NTC: 21.6 22.2 21.8 24.0  SOIL: 1610.0 1198.0 863.0 
MOISTER: 987 VDDA: 2.80 Vsol: 1.52 Vbat: 3.65  NTC: 21.6 22.2 21.8 24.1  SOIL: 1601.0 1193.0 859.0 
MOISTER: 988 VDDA: 2.79 Vsol: 1.52 Vbat: 3.66  NTC: 21.6 22.2 21.8 24.0  SOIL: 1601.0 1192.0 864.0 
MOISTER: 989 VDDA: 2.80 Vsol: 1.54 Vbat: 3.66  NTC: 21.6 22.2 21.8 24.0  SOIL: 1611.0 1197.0 862.0 
MOISTER: 990 VDDA: 2.80 Vsol: 1.53 Vbat: 3.69  NTC: 21.6 22.1 21.8 24.0  SOIL: 1606.0 1190.0 864.0 
MOISTER: 991 VDDA: 2.80 Vsol: 1.54 Vbat: 3.69  NTC: 21.6 22.1 21.8 24.1  SOIL: 1604.0 1195.0 861.0 
MOISTER: 992 VDDA: 2.81 Vsol: 1.53 Vbat: 3.70  NTC: 21.6 22.1 21.7 24.2  SOIL: 1603.0 1189.0 860.0 
MOISTER: 995 VDDA: 2.81 Vsol: 1.53 Vbat: 3.68  NTC: 21.6 22.3 21.7 24.5  SOIL: 1604.0 1193.0 862.0 
MOISTER: 996 VDDA: 2.81 Vsol: 1.54 Vbat: 3.66  NTC: 21.6 22.1 21.7 24.5  SOIL: 1603.0 1194.0 861.0 
MOISTER: 997 VDDA: 2.80 Vsol: 1.54 Vbat: 3.66  NTC: 21.6 22.1 21.7 24.5  SOIL: 1603.0 1189.0 860.0 
MOISTER: 998 VDDA: 2.81 Vsol: 1.54 Vbat: 3.69  NTC: 21.6 22.1 21.7 24.2  SOIL: 1607.0 1192.0 862.0 
MOISTER: 999 VDDA: 2.79 Vsol: 1.53 Vbat: 3.65  NTC: 21.6 22.1 21.7 24.2  SOIL: 1607.0 1192.0 863.0 
MOISTER: 1000 VDDA: 2.81 Vsol: 1.55 Vbat: 3.68  NTC: 21.6 22.0 21.7 24.2  SOIL: 1608.0 1196.0 861.0 
MOISTER: 1001 VDDA: 2.80 Vsol: 1.53 Vbat: 3.67  NTC: 21.6 22.0 21.7 24.1  SOIL: 1608.0 1201.0 863.0 
MOISTER: 1002 VDDA: 2.80 Vsol: 1.94 Vbat: 3.69  NTC: 21.6 22.0 21.7 24.0  SOIL: 1612.0 1200.0 865.0 
MOISTER: 1003 VDDA: 2.82 Vsol: 1.55 Vbat: 3.69  NTC: 21.5 22.0 21.7 23.9  SOIL: 1604.0 1196.0 865.0 
MOISTER: 1004 VDDA: 2.81 Vsol: 1.55 Vbat: 3.70  NTC: 21.5 22.0 21.7 24.0  SOIL: 1609.0 1195.0 862.0 
MOISTER: 1005 VDDA: 2.81 Vsol: 1.54 Vbat: 3.67  NTC: 21.5 22.0 21.7 24.1  SOIL: 1605.0 1197.0 864.0 
MOISTER: 1006 VDDA: 2.79 Vsol: 1.52 Vbat: 3.66  NTC: 21.5 22.0 21.7 24.0  SOIL: 1607.0 1196.0 866.0 
MOISTER: 1007 VDDA: 2.80 Vsol: 1.55 Vbat: 3.68  NTC: 21.5 22.0 21.6 24.0  SOIL: 1608.0 1198.0 869.0 
MOISTER: 1008 VDDA: 2.80 Vsol: 1.55 Vbat: 3.67  NTC: 21.5 22.0 21.6 24.0  SOIL: 1611.0 1201.0 864.0 
MOISTER: 1009 VDDA: 2.81 Vsol: 1.55 Vbat: 3.69  NTC: 21.5 22.0 21.6 24.1  SOIL: 1604.0 1192.0 864.0 
MOISTER: 1010 VDDA: 2.80 Vsol: 1.54 Vbat: 3.70  NTC: 21.5 22.0 21.6 24.3  SOIL: 1597.0 1199.0 867.0 
MOISTER: 1011 VDDA: 2.79 Vsol: 1.54 Vbat: 3.64  NTC: 21.4 22.0 21.6 24.3  SOIL: 1604.0 1199.0 865.0 
MOISTER: 1012 VDDA: 2.78 Vsol: 1.54 Vbat: 3.68  NTC: 21.4 22.0 21.6 24.5  SOIL: 1611.0 1200.0 868.0 
MOISTER: 1013 VDDA: 2.81 Vsol: 1.56 Vbat: 3.68  NTC: 21.5 22.0 21.6 24.5  SOIL: 1609.0 1201.0 863.0 
MOISTER: 1014 VDDA: 2.79 Vsol: 1.59 Vbat: 3.69  NTC: 21.5 22.0 21.6 24.5  SOIL: 1601.0 1196.0 864.0 
MOISTER: 1015 VDDA: 2.80 Vsol: 1.59 Vbat: 3.69  NTC: 21.5 22.0 21.6 24.6  SOIL: 1599.0 1197.0 864.0 
MOISTER: 1016 VDDA: 2.80 Vsol: 1.59 Vbat: 3.66  NTC: 21.5 22.0 21.6 24.7  SOIL: 1605.0 1197.0 869.0 
MOISTER: 1017 VDDA: 2.78 Vsol: 1.59 Vbat: 3.64  NTC: 21.5 21.9 21.5 24.9  SOIL: 1609.0 1198.0 866.0 
MOISTER: 1018 VDDA: 2.79 Vsol: 1.61 Vbat: 3.65  NTC: 21.4 21.9 21.5 24.7  SOIL: 1600.0 1196.0 864.0 
MOISTER: 1019 VDDA: 2.79 Vsol: 1.64 Vbat: 3.67  NTC: 21.5 21.9 21.5 24.7  SOIL: 1609.0 1198.0 869.0 
MOISTER: 1020 VDDA: 2.81 Vsol: 1.63 Vbat: 3.68  NTC: 21.5 21.9 21.5 24.9  SOIL: 1609.0 1199.0 865.0 
MOISTER: 1021 VDDA: 2.82 Vsol: 1.62 Vbat: 3.69  NTC: 21.5 21.9 21.5 24.7  SOIL: 1612.0 1198.0 870.0 
MOISTER: 1022 VDDA: 2.79 Vsol: 1.63 Vbat: 3.65  NTC: 21.5 21.9 21.5 24.7  SOIL: 1608.0 1203.0 871.0 
MOISTER: 1023 VDDA: 2.80 Vsol: 1.64 Vbat: 3.68  NTC: 21.5 21.9 21.5 24.8  SOIL: 1605.0 1194.0 869.0 
MOISTER: 1024 VDDA: 2.79 Vsol: 1.63 Vbat: 3.66  NTC: 21.4 21.9 21.5 24.6  SOIL: 1605.0 1195.0 869.0 
MOISTER: 1025 VDDA: 2.79 Vsol: 1.64 Vbat: 3.64  NTC: 21.5 21.9 21.5 24.8  SOIL: 1610.0 1198.0 867.0 
MOISTER: 1026 VDDA: 2.81 Vsol: 2.09 Vbat: 3.68  NTC: 21.5 21.9 21.5 25.0  SOIL: 1604.0 1193.0 868.0 
MOISTER: 1027 VDDA: 2.79 Vsol: 1.64 Vbat: 3.66  NTC: 21.5 21.9 21.5 25.1  SOIL: 1604.0 1193.0 868.0 
MOISTER: 1028 VDDA: 2.79 Vsol: 1.64 Vbat: 3.68  NTC: 21.5 21.9 21.5 25.3  SOIL: 1605.0 1198.0 868.0 
MOISTER: 1029 VDDA: 2.79 Vsol: 1.65 Vbat: 3.67  NTC: 21.5 21.9 21.5 25.4  SOIL: 1603.0 1193.0 872.0 
MOISTER: 1030 VDDA: 2.79 Vsol: 1.65 Vbat: 3.66  NTC: 21.5 21.9 21.5 25.2  SOIL: 1612.0 1198.0 867.0 
MOISTER: 1031 VDDA: 2.81 Vsol: 1.66 Vbat: 3.71  NTC: 21.5 21.9 21.5 25.1  SOIL: 1606.0 1194.0 870.0 
MOISTER: 1032 VDDA: 2.79 Vsol: 1.66 Vbat: 3.65  NTC: 21.5 21.9 21.5 25.0  SOIL: 1608.0 1197.0 871.0 
MOISTER: 1033 VDDA: 2.81 Vsol: 1.66 Vbat: 3.68  NTC: 21.5 21.9 21.5 25.2  SOIL: 1611.0 1200.0 872.0 
MOISTER: 1034 VDDA: 2.81 Vsol: 1.65 Vbat: 3.68  NTC: 21.5 21.9 21.5 25.2  SOIL: 1609.0 1193.0 872.0 
MOISTER: 1035 VDDA: 2.80 Vsol: 1.65 Vbat: 3.66  NTC: 21.5 21.9 21.5 25.2  SOIL: 1604.0 1197.0 873.0 
MOISTER: 1036 VDDA: 2.79 Vsol: 1.65 Vbat: 3.65  NTC: 21.6 21.8 21.5 25.0  SOIL: 1608.0 1201.0 868.0 
MOISTER: 1037 VDDA: 2.81 Vsol: 1.65 Vbat: 3.71  NTC: 21.6 21.8 21.5 25.0  SOIL: 1611.0 1192.0 867.0 
MOISTER: 1038 VDDA: 2.80 Vsol: 1.65 Vbat: 3.71  NTC: 21.6 21.9 21.6 25.1  SOIL: 1612.0 1195.0 869.0 
MOISTER: 1039 VDDA: 2.80 Vsol: 1.65 Vbat: 3.68  NTC: 21.6 21.9 21.6 24.9  SOIL: 1608.0 1198.0 872.0 
MOISTER: 1040 VDDA: 2.80 Vsol: 1.66 Vbat: 3.67  NTC: 21.6 21.8 21.6 25.0  SOIL: 1609.0 1200.0 871.0 
MOISTER: 1041 VDDA: 2.81 Vsol: 1.67 Vbat: 3.67  NTC: 21.6 21.9 21.6 24.9  SOIL: 1600.0 1196.0 872.0 
MOISTER: 1042 VDDA: 2.80 Vsol: 1.64 Vbat: 3.68  NTC: 21.6 21.8 21.7 25.1  SOIL: 1609.0 1193.0 871.0 
MOISTER: 1044 VDDA: 2.79 Vsol: 1.63 Vbat: 3.66  NTC: 21.6 21.9 21.6 25.1  SOIL: 1607.0 1200.0 875.0 
MOISTER: 1045 VDDA: 2.81 Vsol: 1.66 Vbat: 3.68  NTC: 21.6 21.8 21.6 25.0  SOIL: 1604.0 1195.0 873.0 
MOISTER: 1046 VDDA: 2.79 Vsol: 1.64 Vbat: 3.64  NTC: 21.6 21.8 21.7 25.1  SOIL: 1608.0 1198.0 873.0 
MOISTER: 1048 VDDA: 2.79 Vsol: 1.64 Vbat: 3.65  NTC: 21.6 21.9 21.6 25.1  SOIL: 1609.0 1201.0 873.0 
MOISTER: 1049 VDDA: 2.81 Vsol: 1.64 Vbat: 3.69  NTC: 21.6 21.9 21.6 24.9  SOIL: 1606.0 1199.0 869.0 
MOISTER: 1050 VDDA: 2.79 Vsol: 1.62 Vbat: 3.65  NTC: 21.6 21.9 21.7 25.1  SOIL: 1608.0 1198.0 869.0 
MOISTER: 1051 VDDA: 2.80 Vsol: 1.64 Vbat: 3.68  NTC: 21.6 21.9 21.7 25.2  SOIL: 1607.0 1201.0 873.0 
MOISTER: 1052 VDDA: 2.80 Vsol: 1.66 Vbat: 3.65  NTC: 21.6 21.9 21.7 25.2  SOIL: 1607.0 1200.0 874.0 
MOISTER: 1053 VDDA: 2.80 Vsol: 1.64 Vbat: 3.67  NTC: 21.6 21.9 21.7 25.1  SOIL: 1606.0 1194.0 875.0 
MOISTER: 1054 VDDA: 2.81 Vsol: 1.63 Vbat: 3.70  NTC: 21.6 21.9 21.7 25.0  SOIL: 1604.0 1196.0 871.0 
MOISTER: 1055 VDDA: 2.81 Vsol: 1.61 Vbat: 3.71  NTC: 21.6 21.9 21.7 24.8  SOIL: 1605.0 1198.0 872.0 
MOISTER: 1056 VDDA: 2.81 Vsol: 1.61 Vbat: 3.70  NTC: 21.6 21.9 21.7 24.4  SOIL: 1606.0 1197.0 873.0 
MOISTER: 1057 VDDA: 2.80 Vsol: 1.60 Vbat: 3.70  NTC: 21.6 21.9 21.7 24.2  SOIL: 1611.0 1201.0 876.0 
MOISTER: 1058 VDDA: 2.81 Vsol: 1.62 Vbat: 3.67  NTC: 21.6 21.9 21.7 24.3  SOIL: 1610.0 1198.0 873.0 
MOISTER: 1059 VDDA: 2.81 Vsol: 1.58 Vbat: 3.67  NTC: 21.6 21.9 21.7 24.3  SOIL: 1617.0 1200.0 871.0 
MOISTER: 1060 VDDA: 2.81 Vsol: 1.55 Vbat: 3.66  NTC: 21.6 21.9 21.7 24.3  SOIL: 1614.0 1203.0 876.0 
MOISTER: 1061 VDDA: 2.80 Vsol: 1.57 Vbat: 3.68  NTC: 21.6 21.9 21.7 24.3  SOIL: 1609.0 1198.0 873.0 
MOISTER: 1062 VDDA: 2.78 Vsol: 1.57 Vbat: 3.64  NTC: 21.6 21.9 21.7 24.3  SOIL: 1608.0 1201.0 875.0 
MOISTER: 1064 VDDA: 2.80 Vsol: 1.59 Vbat: 3.70  NTC: 21.6 21.9 21.7 24.4  SOIL: 1618.0 1203.0 876.0 
MOISTER: 1065 VDDA: 2.81 Vsol: 1.60 Vbat: 3.70  NTC: 21.6 21.9 21.7 24.5  SOIL: 1608.0 1199.0 873.0 
MOISTER: 1066 VDDA: 2.80 Vsol: 1.61 Vbat: 3.65  NTC: 21.6 21.9 21.7 24.6  SOIL: 1621.0 1198.0 873.0 
MOISTER: 1067 VDDA: 2.80 Vsol: 1.62 Vbat: 3.66  NTC: 21.6 21.9 21.7 24.5  SOIL: 1621.0 1201.0 873.0 
MOISTER: 1068 VDDA: 2.79 Vsol: 1.63 Vbat: 3.65  NTC: 21.6 21.9 21.7 24.6  SOIL: 1616.0 1196.0 871.0 
MOISTER: 1070 VDDA: 2.80 Vsol: 1.62 Vbat: 3.68  NTC: 21.6 21.9 21.7 24.7  SOIL: 1616.0 1206.0 875.0 
MOISTER: 1071 VDDA: 2.79 Vsol: 1.61 Vbat: 3.66  NTC: 21.6 21.8 21.7 24.9  SOIL: 1617.0 1205.0 879.0 
MOISTER: 1072 VDDA: 2.81 Vsol: 1.63 Vbat: 3.71  NTC: 21.6 21.8 21.7 25.0  SOIL: 1611.0 1202.0 872.0 
MOISTER: 1073 VDDA: 2.80 Vsol: 1.61 Vbat: 3.70  NTC: 21.6 21.8 21.7 25.1  SOIL: 1610.0 1199.0 877.0 
MOISTER: 1074 VDDA: 2.80 Vsol: 1.62 Vbat: 3.65  NTC: 21.6 21.8 21.7 24.9  SOIL: 1609.0 1200.0 882.0 
MOISTER: 1075 VDDA: 2.80 Vsol: 1.62 Vbat: 3.69  NTC: 21.6 21.8 21.7 24.7  SOIL: 1608.0 1197.0 877.0 
MOISTER: 1076 VDDA: 2.80 Vsol: 1.61 Vbat: 3.68  NTC: 21.6 21.8 21.7 24.7  SOIL: 1613.0 1199.0 872.0 
MOISTER: 1077 VDDA: 2.81 Vsol: 1.62 Vbat: 3.70  NTC: 21.6 21.8 21.7 24.6  SOIL: 1617.0 1204.0 881.0 
MOISTER: 1078 VDDA: 2.81 Vsol: 1.61 Vbat: 3.67  NTC: 21.5 21.8 21.7 24.5  SOIL: 1611.0 1201.0 872.0 
MOISTER: 1081 VDDA: 2.79 Vsol: 1.61 Vbat: 3.68  NTC: 21.5 21.8 21.7 24.3  SOIL: 1617.0 1210.0 877.0 
MOISTER: 1082 VDDA: 2.79 Vsol: 1.61 Vbat: 3.65  NTC: 21.5 21.8 21.7 24.3  SOIL: 1613.0 1201.0 881.0 
MOISTER: 1083 VDDA: 2.80 Vsol: 1.60 Vbat: 3.67  NTC: 21.5 21.8 21.7 24.2  SOIL: 1613.0 1200.0 875.0 
MOISTER: 1084 VDDA: 2.81 Vsol: 1.59 Vbat: 3.69  NTC: 21.5 21.8 21.7 24.3  SOIL: 1614.0 1202.0 876.0 
MOISTER: 1085 VDDA: 2.80 Vsol: 1.59 Vbat: 3.69  NTC: 21.5 21.8 21.7 24.2  SOIL: 1616.0 1202.0 877.0 
MOISTER: 1086 VDDA: 2.80 Vsol: 1.59 Vbat: 3.67  NTC: 21.5 21.8 21.7 24.0  SOIL: 1620.0 1208.0 873.0 
MOISTER: 1087 VDDA: 2.80 Vsol: 1.59 Vbat: 3.68  NTC: 21.5 21.8 21.7 24.2  SOIL: 1620.0 1202.0 874.0 
MOISTER: 1088 VDDA: 2.82 Vsol: 1.59 Vbat: 3.68  NTC: 21.5 21.8 21.7 24.3  SOIL: 1619.0 1203.0 879.0 
MOISTER: 1089 VDDA: 2.80 Vsol: 1.57 Vbat: 3.66  NTC: 21.4 21.8 21.7 24.1  SOIL: 1625.0 1205.0 875.0 
MOISTER: 1090 VDDA: 2.80 Vsol: 1.57 Vbat: 3.68  NTC: 21.5 21.8 21.7 23.9  SOIL: 1622.0 1205.0 880.0 
MOISTER: 1091 VDDA: 2.79 Vsol: 1.58 Vbat: 3.66  NTC: 21.4 21.8 21.7 23.9  SOIL: 1624.0 1207.0 882.0 
MOISTER: 1092 VDDA: 2.81 Vsol: 1.59 Vbat: 3.66  NTC: 21.4 21.8 21.7 23.9  SOIL: 1621.0 1208.0 876.0 
MOISTER: 1093 VDDA: 2.79 Vsol: 1.58 Vbat: 3.67  NTC: 21.4 21.8 21.7 23.8  SOIL: 1625.0 1209.0 881.0 
MOISTER: 1094 VDDA: 2.80 Vsol: 1.59 Vbat: 3.70  NTC: 21.4 21.8 21.7 23.9  SOIL: 1617.0 1203.0 879.0 
MOISTER: 1095 VDDA: 2.81 Vsol: 1.59 Vbat: 3.69  NTC: 21.4 21.8 21.7 23.9  SOIL: 1620.0 1204.0 877.0 
MOISTER: 1096 VDDA: 2.80 Vsol: 1.58 Vbat: 3.69  NTC: 21.4 21.8 21.7 23.8  SOIL: 1617.0 1206.0 877.0 
MOISTER: 1097 VDDA: 2.81 Vsol: 1.59 Vbat: 3.70  NTC: 21.4 21.8 21.7 23.6  SOIL: 1629.0 1205.0 879.0 
MOISTER: 1098 VDDA: 2.81 Vsol: 1.59 Vbat: 3.69  NTC: 21.4 21.8 21.7 23.6  SOIL: 1624.0 1208.0 882.0 
MOISTER: 1099 VDDA: 2.81 Vsol: 1.59 Vbat: 3.69  NTC: 21.3 21.7 21.7 23.7  SOIL: 1622.0 1206.0 885.0 
MOISTER: 1100 VDDA: 2.81 Vsol: 1.58 Vbat: 3.70  NTC: 21.3 21.7 21.7 23.8  SOIL: 1627.0 1207.0 883.0 
MOISTER: 1101 VDDA: 2.79 Vsol: 1.57 Vbat: 3.67  NTC: 21.3 21.7 21.7 23.6  SOIL: 1624.0 1206.0 883.0 
MOISTER: 1102 VDDA: 2.79 Vsol: 1.58 Vbat: 3.68  NTC: 21.3 21.7 21.7 23.7  SOIL: 1624.0 1208.0 882.0 
MOISTER: 1105 VDDA: 2.79 Vsol: 1.57 Vbat: 3.66  NTC: 21.3 21.7 21.7 23.7  SOIL: 1624.0 1213.0 883.0 
MOISTER: 1106 VDDA: 2.79 Vsol: 1.57 Vbat: 3.67  NTC: 21.3 21.7 21.7 23.7  SOIL: 1630.0 1211.0 883.0 
MOISTER: 1107 VDDA: 2.81 Vsol: 1.57 Vbat: 3.67  NTC: 21.3 21.7 21.7 23.6  SOIL: 1625.0 1218.0 879.0 
MOISTER: 1108 VDDA: 2.81 Vsol: 1.58 Vbat: 3.70  NTC: 21.3 21.7 21.7 23.5  SOIL: 1627.0 1205.0 882.0 
MOISTER: 1109 VDDA: 2.80 Vsol: 1.56 Vbat: 3.68  NTC: 21.2 21.7 21.7 23.5  SOIL: 1626.0 1210.0 883.0 
MOISTER: 1110 VDDA: 2.81 Vsol: 1.55 Vbat: 3.70  NTC: 21.2 21.7 21.7 23.4  SOIL: 1625.0 1207.0 885.0 
MOISTER: 1111 VDDA: 2.79 Vsol: 1.55 Vbat: 3.66  NTC: 21.2 21.7 21.7 23.3  SOIL: 1630.0 1209.0 885.0 
MOISTER: 1112 VDDA: 2.80 Vsol: 1.55 Vbat: 3.69  NTC: 21.2 21.7 21.6 23.2  SOIL: 1633.0 1218.0 881.0 
MOISTER: 1113 VDDA: 2.80 Vsol: 1.56 Vbat: 3.69  NTC: 21.2 21.7 21.6 23.2  SOIL: 1633.0 1213.0 886.0 
MOISTER: 1114 VDDA: 2.81 Vsol: 1.55 Vbat: 3.69  NTC: 21.2 21.7 21.6 23.3  SOIL: 1625.0 1212.0 883.0 
MOISTER: 1115 VDDA: 2.82 Vsol: 1.56 Vbat: 3.68  NTC: 21.2 21.7 21.6 23.2  SOIL: 1628.0 1215.0 882.0 
MOISTER: 1116 VDDA: 2.81 Vsol: 1.56 Vbat: 3.70  NTC: 21.2 21.7 21.6 23.2  SOIL: 1625.0 1216.0 882.0 
MOISTER: 1117 VDDA: 2.80 Vsol: 1.55 Vbat: 3.69  NTC: 21.2 21.7 21.6 23.1  SOIL: 1626.0 1211.0 883.0 
MOISTER: 1118 VDDA: 2.83 Vsol: 1.57 Vbat: 3.72  NTC: 21.2 21.7 21.6 23.2  SOIL: 1623.0 1210.0 881.0 
MOISTER: 1119 VDDA: 2.80 Vsol: 1.55 Vbat: 3.68  NTC: 21.2 21.6 21.6 23.1  SOIL: 1633.0 1211.0 884.0 
MOISTER: 1120 VDDA: 2.81 Vsol: 1.54 Vbat: 3.68  NTC: 21.2 21.6 21.6 23.1  SOIL: 1627.0 1211.0 887.0 
MOISTER: 1121 VDDA: 2.80 Vsol: 1.55 Vbat: 3.69  NTC: 21.1 21.6 21.6 23.0  SOIL: 1629.0 1213.0 883.0 
MOISTER: 1122 VDDA: 2.81 Vsol: 1.54 Vbat: 3.69  NTC: 21.1 21.6 21.6 23.0  SOIL: 1626.0 1217.0 888.0 
MOISTER: 1123 VDDA: 2.80 Vsol: 1.54 Vbat: 3.68  NTC: 21.1 21.6 21.6 23.1  SOIL: 1633.0 1211.0 885.0 
MOISTER: 1124 VDDA: 2.79 Vsol: 1.54 Vbat: 3.68  NTC: 21.1 21.6 21.5 23.1  SOIL: 1631.0 1214.0 884.0 
MOISTER: 1125 VDDA: 2.81 Vsol: 1.54 Vbat: 3.70  NTC: 21.1 21.6 21.5 23.1  SOIL: 1631.0 1216.0 883.0 
MOISTER: 1126 VDDA: 2.82 Vsol: 1.54 Vbat: 3.70  NTC: 21.1 21.6 21.5 23.1  SOIL: 1631.0 1217.0 885.0 
MOISTER: 1127 VDDA: 2.79 Vsol: 1.53 Vbat: 3.65  NTC: 21.1 21.6 21.5 23.0  SOIL: 1630.0 1215.0 887.0 
MOISTER: 1128 VDDA: 2.80 Vsol: 1.54 Vbat: 3.69  NTC: 21.0 21.6 21.5 23.0  SOIL: 1630.0 1217.0 886.0 
MOISTER: 1129 VDDA: 2.81 Vsol: 1.52 Vbat: 3.69  NTC: 21.0 21.5 21.5 22.9  SOIL: 1634.0 1219.0 884.0 
MOISTER: 1130 VDDA: 2.80 Vsol: 1.51 Vbat: 3.68  NTC: 21.0 21.5 21.5 22.9  SOIL: 1628.0 1216.0 885.0 
MOISTER: 1131 VDDA: 2.79 Vsol: 1.87 Vbat: 3.67  NTC: 21.0 21.5 21.4 23.0  SOIL: 1629.0 1218.0 890.0 
MOISTER: 1132 VDDA: 2.80 Vsol: 1.50 Vbat: 3.68  NTC: 21.0 21.5 21.4 22.8  SOIL: 1630.0 1212.0 890.0 
MOISTER: 1133 VDDA: 2.81 Vsol: 1.49 Vbat: 3.69  NTC: 20.9 21.5 21.4 22.7  SOIL: 1632.0 1216.0 890.0 
MOISTER: 1134 VDDA: 2.79 Vsol: 1.50 Vbat: 3.65  NTC: 20.9 21.5 21.4 22.7  SOIL: 1641.0 1223.0 887.0 
MOISTER: 1135 VDDA: 2.80 Vsol: 1.52 Vbat: 3.67  NTC: 20.9 21.5 21.4 22.7  SOIL: 1631.0 1214.0 890.0 
MOISTER: 1136 VDDA: 2.80 Vsol: 1.51 Vbat: 3.66  NTC: 20.9 21.5 21.4 22.7  SOIL: 1636.0 1218.0 890.0 
MOISTER: 1137 VDDA: 2.80 Vsol: 1.50 Vbat: 3.65  NTC: 20.9 21.5 21.4 22.6  SOIL: 1637.0 1226.0 890.0 
MOISTER: 1138 VDDA: 2.79 Vsol: 1.48 Vbat: 3.66  NTC: 20.9 21.5 21.4 22.6  SOIL: 1636.0 1221.0 890.0 
MOISTER: 1139 VDDA: 2.79 Vsol: 1.49 Vbat: 3.67  NTC: 20.9 21.4 21.3 22.5  SOIL: 1641.0 1218.0 892.0 
MOISTER: 1140 VDDA: 2.79 Vsol: 1.46 Vbat: 3.65  NTC: 20.9 21.4 21.3 22.5  SOIL: 1639.0 1221.0 892.0 
MOISTER: 1141 VDDA: 2.81 Vsol: 1.45 Vbat: 3.70  NTC: 20.8 21.4 21.3 22.4  SOIL: 1639.0 1220.0 889.0 
MOISTER: 1142 VDDA: 2.79 Vsol: 1.43 Vbat: 3.68  NTC: 20.8 21.4 21.3 22.3  SOIL: 1635.0 1221.0 888.0 
MOISTER: 1143 VDDA: 2.79 Vsol: 1.43 Vbat: 3.68  NTC: 20.8 21.4 21.3 22.3  SOIL: 1636.0 1222.0 893.0 
MOISTER: 1144 VDDA: 2.81 Vsol: 1.44 Vbat: 3.70  NTC: 20.8 21.4 21.3 22.2  SOIL: 1642.0 1223.0 890.0 
MOISTER: 1145 VDDA: 2.80 Vsol: 1.42 Vbat: 3.68  NTC: 20.8 21.4 21.2 22.1  SOIL: 1638.0 1218.0 888.0 
MOISTER: 1146 VDDA: 2.81 Vsol: 1.43 Vbat: 3.67  NTC: 20.7 21.4 21.2 22.0  SOIL: 1641.0 1222.0 891.0 
MOISTER: 1147 VDDA: 2.80 Vsol: 1.43 Vbat: 3.67  NTC: 20.7 21.4 21.2 22.1  SOIL: 1641.0 1218.0 894.0 
MOISTER: 1148 VDDA: 2.80 Vsol: 1.46 Vbat: 3.67  NTC: 20.7 21.3 21.2 22.1  SOIL: 1638.0 1219.0 890.0 
MOISTER: 1149 VDDA: 2.81 Vsol: 1.48 Vbat: 3.69  NTC: 20.7 21.3 21.2 22.2  SOIL: 1646.0 1223.0 888.0 
MOISTER: 1150 VDDA: 2.81 Vsol: 1.51 Vbat: 3.69  NTC: 20.7 21.3 21.2 22.3  SOIL: 1647.0 1221.0 892.0 
MOISTER: 1151 VDDA: 2.80 Vsol: 1.53 Vbat: 3.66  NTC: 20.7 21.3 21.1 22.3  SOIL: 1648.0 1225.0 896.0 
MOISTER: 1152 VDDA: 2.79 Vsol: 1.54 Vbat: 3.68  NTC: 20.7 21.3 21.1 22.4  SOIL: 1639.0 1224.0 893.0 
MOISTER: 1153 VDDA: 2.80 Vsol: 1.53 Vbat: 3.66  NTC: 20.7 21.3 21.1 22.4  SOIL: 1641.0 1219.0 888.0 
MOISTER: 1154 VDDA: 2.79 Vsol: 1.54 Vbat: 3.65  NTC: 20.6 21.3 21.1 22.4  SOIL: 1642.0 1226.0 893.0 
MOISTER: 1155 VDDA: 2.80 Vsol: 1.55 Vbat: 3.68  NTC: 20.6 21.3 21.1 22.6  SOIL: 1634.0 1223.0 888.0 
MOISTER: 1156 VDDA: 2.81 Vsol: 1.56 Vbat: 3.69  NTC: 20.6 21.3 21.0 22.7  SOIL: 1642.0 1219.0 889.0 
MOISTER: 1157 VDDA: 2.80 Vsol: 1.55 Vbat: 3.67  NTC: 20.6 21.3 21.0 22.9  SOIL: 1640.0 1216.0 893.0 
MOISTER: 1158 VDDA: 2.79 Vsol: 1.58 Vbat: 3.65  NTC: 20.6 21.3 21.0 22.8  SOIL: 1639.0 1222.0 890.0 
MOISTER: 1159 VDDA: 2.81 Vsol: 1.58 Vbat: 3.69  NTC: 20.6 21.3 21.0 22.7  SOIL: 1636.0 1219.0 891.0 
MOISTER: 1160 VDDA: 2.80 Vsol: 1.58 Vbat: 3.70  NTC: 20.6 21.2 21.0 22.7  SOIL: 1639.0 1219.0 899.0 
MOISTER: 1161 VDDA: 2.80 Vsol: 1.55 Vbat: 3.66  NTC: 20.6 21.2 21.0 22.7  SOIL: 1639.0 1220.0 893.0 
MOISTER: 1162 VDDA: 2.80 Vsol: 1.55 Vbat: 3.67  NTC: 20.6 21.2 21.0 22.7  SOIL: 1634.0 1223.0 891.0 
MOISTER: 1163 VDDA: 2.82 Vsol: 1.54 Vbat: 3.69  NTC: 20.6 21.2 21.0 22.8  SOIL: 1634.0 1224.0 893.0 
MOISTER: 1164 VDDA: 2.80 Vsol: 1.53 Vbat: 3.66  NTC: 20.6 21.2 21.0 22.8  SOIL: 1644.0 1222.0 897.0 
MOISTER: 1165 VDDA: 2.81 Vsol: 1.52 Vbat: 3.69  NTC: 20.6 21.2 21.0 22.7  SOIL: 1643.0 1220.0 894.0 
MOISTER: 1166 VDDA: 2.79 Vsol: 1.51 Vbat: 3.68  NTC: 20.6 21.2 20.9 22.7  SOIL: 1640.0 1224.0 897.0 
MOISTER: 1167 VDDA: 2.80 Vsol: 1.50 Vbat: 3.66  NTC: 20.6 21.2 20.9 22.6  SOIL: 1641.0 1222.0 896.0 
MOISTER: 1168 VDDA: 2.80 Vsol: 1.48 Vbat: 3.66  NTC: 20.6 21.2 20.9 22.5  SOIL: 1643.0 1224.0 895.0 
MOISTER: 1169 VDDA: 2.80 Vsol: 1.47 Vbat: 3.65  NTC: 20.6 21.2 20.9 22.5  SOIL: 1641.0 1222.0 893.0 
MOISTER: 1170 VDDA: 2.79 Vsol: 1.46 Vbat: 3.66  NTC: 20.6 21.2 20.9 22.4  SOIL: 1641.0 1224.0 894.0 
MOISTER: 1171 VDDA: 2.82 Vsol: 1.46 Vbat: 3.67  NTC: 20.6 21.2 20.9 22.3  SOIL: 1646.0 1229.0 896.0 
MOISTER: 1172 VDDA: 2.79 Vsol: 1.46 Vbat: 3.65  NTC: 20.6 21.1 20.9 22.2  SOIL: 1640.0 1222.0 895.0 
MOISTER: 1173 VDDA: 2.80 Vsol: 1.46 Vbat: 3.69  NTC: 20.6 21.1 20.9 22.2  SOIL: 1647.0 1222.0 896.0 
MOISTER: 1174 VDDA: 2.80 Vsol: 1.45 Vbat: 3.68  NTC: 20.6 21.1 20.9 22.2  SOIL: 1642.0 1223.0 896.0 
MOISTER: 1175 VDDA: 2.79 Vsol: 1.80 Vbat: 3.65  NTC: 20.5 21.1 20.9 22.3  SOIL: 1647.0 1223.0 898.0 
MOISTER: 1176 VDDA: 2.79 Vsol: 1.45 Vbat: 3.66  NTC: 20.5 21.1 20.8 22.3  SOIL: 1640.0 1223.0 897.0 
MOISTER: 1177 VDDA: 2.80 Vsol: 1.45 Vbat: 3.69  NTC: 20.5 21.1 20.8 22.3  SOIL: 1639.0 1226.0 894.0 
MOISTER: 1178 VDDA: 2.80 Vsol: 1.44 Vbat: 3.69  NTC: 20.5 21.1 20.8 22.2  SOIL: 1646.0 1221.0 895.0 
MOISTER: 1179 VDDA: 2.80 Vsol: 1.44 Vbat: 3.68  NTC: 20.5 21.1 20.8 22.2  SOIL: 1640.0 1226.0 895.0 
MOISTER: 1180 VDDA: 2.80 Vsol: 1.43 Vbat: 3.66  NTC: 20.5 21.1 20.8 22.2  SOIL: 1639.0 1224.0 896.0 
MOISTER: 1181 VDDA: 2.82 Vsol: 1.42 Vbat: 3.69  NTC: 20.5 21.1 20.8 22.1  SOIL: 1643.0 1224.0 900.0 
MOISTER: 1182 VDDA: 2.80 Vsol: 1.43 Vbat: 3.67  NTC: 20.4 21.0 20.8 22.0  SOIL: 1645.0 1227.0 899.0 
MOISTER: 1183 VDDA: 2.81 Vsol: 1.42 Vbat: 3.69  NTC: 20.4 21.0 20.8 22.0  SOIL: 1642.0 1225.0 899.0 
MOISTER: 1184 VDDA: 2.80 Vsol: 1.41 Vbat: 3.67  NTC: 20.4 21.0 20.8 22.0  SOIL: 1643.0 1224.0 895.0 
MOISTER: 1185 VDDA: 2.79 Vsol: 1.40 Vbat: 3.66  NTC: 20.4 21.0 20.7 22.0  SOIL: 1647.0 1226.0 897.0 
MOISTER: 1186 VDDA: 2.79 Vsol: 1.39 Vbat: 3.65  NTC: 20.4 21.0 20.7 22.0  SOIL: 1652.0 1227.0 897.0 
MOISTER: 1187 VDDA: 2.80 Vsol: 1.39 Vbat: 3.67  NTC: 20.4 21.0 20.7 21.9  SOIL: 1648.0 1227.0 894.0 
MOISTER: 1188 VDDA: 2.79 Vsol: 1.39 Vbat: 3.66  NTC: 20.4 21.0 20.7 21.9  SOIL: 1650.0 1231.0 899.0 
MOISTER: 1189 VDDA: 2.80 Vsol: 1.39 Vbat: 3.67  NTC: 20.4 21.0 20.7 21.9  SOIL: 1651.0 1228.0 893.0 
MOISTER: 1190 VDDA: 2.80 Vsol: 1.40 Vbat: 3.66  NTC: 20.4 21.0 20.7 21.9  SOIL: 1651.0 1229.0 897.0 
MOISTER: 1191 VDDA: 2.79 Vsol: 1.39 Vbat: 3.65  NTC: 20.3 21.0 20.7 21.9  SOIL: 1651.0 1228.0 900.0 
MOISTER: 1192 VDDA: 2.80 Vsol: 1.40 Vbat: 3.67  NTC: 20.3 21.0 20.7 21.9  SOIL: 1645.0 1225.0 895.0 
MOISTER: 1193 VDDA: 2.80 Vsol: 1.42 Vbat: 3.66  NTC: 20.3 21.0 20.7 21.9  SOIL: 1650.0 1223.0 901.0 
MOISTER: 1194 VDDA: 2.81 Vsol: 1.42 Vbat: 3.69  NTC: 20.3 21.0 20.7 21.9  SOIL: 1648.0 1226.0 895.0 
MOISTER: 1195 VDDA: 2.80 Vsol: 1.41 Vbat: 3.66  NTC: 20.3 20.9 20.6 21.9  SOIL: 1650.0 1223.0 899.0 
MOISTER: 1196 VDDA: 2.78 Vsol: 1.40 Vbat: 3.65  NTC: 20.3 20.9 20.6 21.8  SOIL: 1647.0 1229.0 901.0 
MOISTER: 1197 VDDA: 2.80 Vsol: 1.41 Vbat: 3.67  NTC: 20.3 20.9 20.6 21.8  SOIL: 1648.0 1231.0 900.0 
MOISTER: 1198 VDDA: 2.81 Vsol: 1.43 Vbat: 3.68  NTC: 20.3 20.9 20.6 21.8  SOIL: 1645.0 1229.0 898.0 
MOISTER: 1199 VDDA: 2.82 Vsol: 1.78 Vbat: 3.68  NTC: 20.3 20.9 20.6 21.9  SOIL: 1644.0 1222.0 900.0 
MOISTER: 1200 VDDA: 2.79 Vsol: 1.41 Vbat: 3.66  NTC: 20.2 20.9 20.6 22.0  SOIL: 1650.0 1227.0 898.0 
MOISTER: 1201 VDDA: 2.80 Vsol: 1.40 Vbat: 3.66  NTC: 20.2 20.9 20.6 22.0  SOIL: 1654.0 1228.0 896.0 
MOISTER: 1202 VDDA: 2.79 Vsol: 1.41 Vbat: 3.65  NTC: 20.2 20.9 20.5 21.9  SOIL: 1645.0 1231.0 903.0 
MOISTER: 1203 VDDA: 2.80 Vsol: 1.38 Vbat: 3.67  NTC: 20.2 20.9 20.5 21.8  SOIL: 1650.0 1227.0 896.0 
MOISTER: 1204 VDDA: 2.79 Vsol: 1.31 Vbat: 3.66  NTC: 20.2 20.8 20.5 21.7  SOIL: 1647.0 1225.0 899.0 
MOISTER: 1205 VDDA: 2.79 Vsol: 1.27 Vbat: 3.65  NTC: 20.2 20.8 20.5 21.6  SOIL: 1650.0 1226.0 900.0 
MOISTER: 1206 VDDA: 2.78 Vsol: 1.58 Vbat: 3.65  NTC: 20.2 20.8 20.5 21.6  SOIL: 1647.0 1230.0 901.0 
MOISTER: 1207 VDDA: 2.81 Vsol: 1.33 Vbat: 3.67  NTC: 20.2 20.8 20.5 21.5  SOIL: 1650.0 1235.0 898.0 
MOISTER: 1208 VDDA: 2.81 Vsol: 1.37 Vbat: 3.68  NTC: 20.2 20.8 20.5 21.5  SOIL: 1647.0 1233.0 901.0 
MOISTER: 1209 VDDA: 2.79 Vsol: 1.37 Vbat: 3.68  NTC: 20.1 20.8 20.4 21.4  SOIL: 1659.0 1231.0 906.0 
MOISTER: 1210 VDDA: 2.79 Vsol: 1.32 Vbat: 3.67  NTC: 20.1 20.8 20.4 21.5  SOIL: 1653.0 1231.0 901.0 
MOISTER: 1211 VDDA: 2.81 Vsol: 1.31 Vbat: 3.66  NTC: 20.1 20.8 20.4 21.5  SOIL: 1654.0 1227.0 904.0 
MOISTER: 1212 VDDA: 2.79 Vsol: 1.27 Vbat: 3.66  NTC: 20.1 20.8 20.4 21.5  SOIL: 1648.0 1226.0 902.0 
MOISTER: 1213 VDDA: 2.80 Vsol: 1.27 Vbat: 3.68  NTC: 20.1 20.7 20.4 21.5  SOIL: 1649.0 1232.0 902.0 
MOISTER: 1214 VDDA: 2.78 Vsol: 1.24 Vbat: 3.65  NTC: 20.1 20.7 20.4 21.4  SOIL: 1658.0 1230.0 905.0 
MOISTER: 1215 VDDA: 2.79 Vsol: 1.26 Vbat: 3.66  NTC: 20.1 20.7 20.4 21.3  SOIL: 1654.0 1231.0 899.0 
MOISTER: 1216 VDDA: 2.80 Vsol: 1.31 Vbat: 3.66  NTC: 20.1 20.7 20.4 21.3  SOIL: 1655.0 1232.0 906.0 
MOISTER: 1217 VDDA: 2.81 Vsol: 1.31 Vbat: 3.68  NTC: 20.1 20.7 20.4 21.3  SOIL: 1648.0 1231.0 904.0 
MOISTER: 1218 VDDA: 2.80 Vsol: 1.28 Vbat: 3.67  NTC: 20.1 20.7 20.4 21.2  SOIL: 1660.0 1232.0 903.0 
MOISTER: 1219 VDDA: 2.81 Vsol: 1.27 Vbat: 3.66  NTC: 20.0 20.7 20.4 21.2  SOIL: 1654.0 1228.0 900.0 
MOISTER: 1220 VDDA: 2.79 Vsol: 1.25 Vbat: 3.64  NTC: 20.0 20.7 20.4 21.2  SOIL: 1652.0 1231.0 908.0 
MOISTER: 1221 VDDA: 2.79 Vsol: 1.27 Vbat: 3.66  NTC: 20.0 20.7 20.4 21.3  SOIL: 1659.0 1230.0 907.0 
MOISTER: 1222 VDDA: 2.79 Vsol: 1.30 Vbat: 3.65  NTC: 20.0 20.7 20.4 21.2  SOIL: 1657.0 1233.0 903.0 
MOISTER: 1223 VDDA: 2.81 Vsol: 1.28 Vbat: 3.66  NTC: 20.0 20.7 20.4 21.2  SOIL: 1657.0 1230.0 900.0 
MOISTER: 1224 VDDA: 2.79 Vsol: 1.25 Vbat: 3.65  NTC: 20.0 20.7 20.3 21.3  SOIL: 1651.0 1230.0 901.0 
MOISTER: 1225 VDDA: 2.82 Vsol: 1.24 Vbat: 3.69  NTC: 20.0 20.7 20.3 21.3  SOIL: 1652.0 1226.0 905.0 
MOISTER: 1226 VDDA: 2.80 Vsol: 1.26 Vbat: 3.65  NTC: 20.0 20.7 20.3 21.3  SOIL: 1650.0 1235.0 902.0 
MOISTER: 1227 VDDA: 2.80 Vsol: 1.24 Vbat: 3.66  NTC: 20.0 20.7 20.3 21.3  SOIL: 1649.0 1229.0 905.0 
MOISTER: 1228 VDDA: 2.81 Vsol: 1.24 Vbat: 3.69  NTC: 20.0 20.7 20.3 21.3  SOIL: 1652.0 1235.0 903.0 
MOISTER: 1229 VDDA: 2.81 Vsol: 1.23 Vbat: 3.68  NTC: 20.0 20.7 20.3 21.3  SOIL: 1660.0 1232.0 904.0 
MOISTER: 1230 VDDA: 2.79 Vsol: 1.23 Vbat: 3.64  NTC: 20.0 20.7 20.2 21.3  SOIL: 1658.0 1230.0 903.0 
MOISTER: 1232 VDDA: 2.80 Vsol: 1.48 Vbat: 3.66  NTC: 20.0 20.7 20.2 21.2  SOIL: 1657.0 1235.0 900.0 
MOISTER: 1233 VDDA: 2.80 Vsol: 1.21 Vbat: 3.65  NTC: 20.0 20.7 20.2 21.1  SOIL: 1653.0 1235.0 903.0 
MOISTER: 1234 VDDA: 2.79 Vsol: 1.21 Vbat: 3.65  NTC: 20.0 20.7 20.2 21.1  SOIL: 1655.0 1239.0 905.0 
MOISTER: 1235 VDDA: 2.79 Vsol: 1.20 Vbat: 3.65  NTC: 20.0 20.7 20.2 21.1  SOIL: 1654.0 1234.0 906.0 
MOISTER: 1236 VDDA: 2.81 Vsol: 1.21 Vbat: 3.68  NTC: 20.0 20.7 20.2 21.0  SOIL: 1653.0 1228.0 907.0 
MOISTER: 1237 VDDA: 2.79 Vsol: 1.19 Vbat: 3.65  NTC: 20.0 20.6 20.2 21.0  SOIL: 1660.0 1238.0 905.0 
MOISTER: 1238 VDDA: 2.79 Vsol: 1.19 Vbat: 3.65  NTC: 20.0 20.7 20.2 21.0  SOIL: 1658.0 1236.0 906.0 
MOISTER: 1239 VDDA: 2.80 Vsol: 1.18 Vbat: 3.67  NTC: 20.0 20.6 20.2 20.9  SOIL: 1654.0 1233.0 911.0 
MOISTER: 1240 VDDA: 2.80 Vsol: 1.17 Vbat: 3.67  NTC: 20.0 20.6 20.2 20.9  SOIL: 1657.0 1235.0 906.0 
MOISTER: 1241 VDDA: 2.80 Vsol: 1.14 Vbat: 3.66  NTC: 20.0 20.6 20.2 20.9  SOIL: 1657.0 1234.0 905.0 
MOISTER: 1242 VDDA: 2.81 Vsol: 1.12 Vbat: 3.67  NTC: 20.0 20.6 20.2 20.9  SOIL: 1661.0 1237.0 906.0 
MOISTER: 1243 VDDA: 2.80 Vsol: 1.10 Vbat: 3.67  NTC: 20.0 20.6 20.2 20.9  SOIL: 1660.0 1228.0 906.0 
MOISTER: 1245 VDDA: 2.81 Vsol: 1.06 Vbat: 3.69  NTC: 20.0 20.6 20.2 20.9  SOIL: 1661.0 1230.0 908.0 
MOISTER: 1246 VDDA: 2.79 Vsol: 1.03 Vbat: 3.66  NTC: 20.0 20.6 20.1 20.9  SOIL: 1659.0 1235.0 910.0 
MOISTER: 1247 VDDA: 2.79 Vsol: 1.01 Vbat: 3.66  NTC: 20.0 20.6 20.1 20.9  SOIL: 1657.0 1235.0 911.0 
MOISTER: 1248 VDDA: 2.80 Vsol: 1.02 Vbat: 3.65  NTC: 20.0 20.6 20.1 20.9  SOIL: 1662.0 1231.0 907.0 
MOISTER: 1249 VDDA: 2.79 Vsol: 1.01 Vbat: 3.65  NTC: 20.0 20.6 20.1 20.8  SOIL: 1660.0 1235.0 913.0 
MOISTER: 1250 VDDA: 2.80 Vsol: 1.00 Vbat: 3.66  NTC: 19.9 20.5 20.1 20.7  SOIL: 1656.0 1235.0 910.0 
MOISTER: 1251 VDDA: 2.80 Vsol: 1.00 Vbat: 3.67  NTC: 19.9 20.5 20.1 20.8  SOIL: 1664.0 1234.0 909.0 
MOISTER: 1252 VDDA: 2.80 Vsol: 1.00 Vbat: 3.68  NTC: 19.9 20.5 20.1 20.7  SOIL: 1658.0 1233.0 911.0 
MOISTER: 1253 VDDA: 2.80 Vsol: 0.99 Vbat: 3.68  NTC: 19.9 20.5 20.1 20.7  SOIL: 1661.0 1236.0 908.0 
MOISTER: 1254 VDDA: 2.81 Vsol: 0.98 Vbat: 3.68  NTC: 19.9 20.5 20.1 20.7  SOIL: 1664.0 1235.0 902.0 
MOISTER: 1255 VDDA: 2.81 Vsol: 0.98 Vbat: 3.68  NTC: 19.9 20.5 20.1 20.7  SOIL: 1664.0 1234.0 908.0 
MOISTER: 1256 VDDA: 2.79 Vsol: 0.95 Vbat: 3.65  NTC: 19.9 20.5 20.1 20.7  SOIL: 1655.0 1242.0 908.0 
MOISTER: 1257 VDDA: 2.79 Vsol: 0.93 Vbat: 3.65  NTC: 19.9 20.5 20.1 20.6  SOIL: 1656.0 1237.0 911.0 
MOISTER: 1258 VDDA: 2.80 Vsol: 0.91 Vbat: 3.68  NTC: 19.9 20.5 20.1 20.6  SOIL: 1658.0 1230.0 911.0 
MOISTER: 1259 VDDA: 2.80 Vsol: 0.89 Vbat: 3.68  NTC: 19.9 20.5 20.0 20.5  SOIL: 1667.0 1233.0 910.0 
MOISTER: 1260 VDDA: 2.79 Vsol: 0.87 Vbat: 3.66  NTC: 19.9 20.5 20.0 20.5  SOIL: 1652.0 1233.0 907.0 
MOISTER: 1261 VDDA: 2.81 Vsol: 0.86 Vbat: 3.68  NTC: 19.9 20.5 20.0 20.5  SOIL: 1661.0 1231.0 913.0 
MOISTER: 1262 VDDA: 2.78 Vsol: 0.85 Vbat: 3.64  NTC: 19.9 20.5 20.0 20.5  SOIL: 1662.0 1234.0 913.0 
MOISTER: 1263 VDDA: 2.80 Vsol: 0.86 Vbat: 3.67  NTC: 19.9 20.5 20.0 20.5  SOIL: 1666.0 1233.0 906.0 
MOISTER: 1264 VDDA: 2.82 Vsol: 0.85 Vbat: 3.68  NTC: 19.9 20.5 20.0 20.5  SOIL: 1663.0 1233.0 910.0 
MOISTER: 1265 VDDA: 2.82 Vsol: 0.82 Vbat: 3.69  NTC: 19.9 20.5 20.0 20.5  SOIL: 1663.0 1232.0 909.0 
MOISTER: 1266 VDDA: 2.81 Vsol: 0.79 Vbat: 3.67  NTC: 19.9 20.5 20.0 20.4  SOIL: 1666.0 1235.0 910.0 
MOISTER: 1267 VDDA: 2.79 Vsol: 0.77 Vbat: 3.66  NTC: 19.8 20.4 20.0 20.5  SOIL: 1659.0 1232.0 911.0 
MOISTER: 1268 VDDA: 2.82 Vsol: 0.76 Vbat: 3.68  NTC: 19.8 20.4 20.0 20.5  SOIL: 1664.0 1237.0 913.0 
MOISTER: 1269 VDDA: 2.81 Vsol: 0.73 Vbat: 3.68  NTC: 19.8 20.4 19.9 20.4  SOIL: 1662.0 1234.0 909.0 
MOISTER: 1270 VDDA: 2.82 Vsol: 0.70 Vbat: 3.68  NTC: 19.8 20.4 19.9 20.4  SOIL: 1655.0 1238.0 906.0 
MOISTER: 1271 VDDA: 2.81 Vsol: 0.67 Vbat: 3.66  NTC: 19.8 20.4 19.9 20.4  SOIL: 1658.0 1232.0 912.0 
MOISTER: 1272 VDDA: 2.81 Vsol: 0.66 Vbat: 3.66  NTC: 19.8 20.4 19.9 20.4  SOIL: 1668.0 1238.0 907.0 
MOISTER: 1273 VDDA: 2.81 Vsol: 0.65 Vbat: 3.68  NTC: 19.8 20.4 19.9 20.4  SOIL: 1654.0 1238.0 908.0 
MOISTER: 1274 VDDA: 2.78 Vsol: 0.64 Vbat: 3.65  NTC: 19.8 20.4 19.9 20.5  SOIL: 1669.0 1236.0 914.0 
MOISTER: 1275 VDDA: 2.82 Vsol: 0.62 Vbat: 3.68  NTC: 19.7 20.4 19.9 20.5  SOIL: 1663.0 1233.0 907.0 
MOISTER: 1276 VDDA: 2.81 Vsol: 0.59 Vbat: 3.68  NTC: 19.7 20.4 19.8 20.5  SOIL: 1665.0 1241.0 907.0 
MOISTER: 1277 VDDA: 2.81 Vsol: 0.58 Vbat: 3.67  NTC: 19.7 20.4 19.8 20.5  SOIL: 1655.0 1239.0 913.0 
MOISTER: 1278 VDDA: 2.83 Vsol: 0.58 Vbat: 3.70  NTC: 19.7 20.3 19.8 20.5  SOIL: 1665.0 1240.0 913.0 
MOISTER: 1279 VDDA: 2.81 Vsol: 0.56 Vbat: 3.67  NTC: 19.7 20.3 19.8 20.4  SOIL: 1658.0 1238.0 911.0 
MOISTER: 1280 VDDA: 2.79 Vsol: 0.56 Vbat: 3.65  NTC: 19.7 20.3 19.8 20.4  SOIL: 1662.0 1236.0 907.0 
MOISTER: 1281 VDDA: 2.83 Vsol: 0.58 Vbat: 3.70  NTC: 19.7 20.3 19.8 20.4  SOIL: 1669.0 1241.0 909.0 
MOISTER: 1282 VDDA: 2.79 Vsol: 0.57 Vbat: 3.64  NTC: 19.7 20.3 19.8 20.4  SOIL: 1663.0 1234.0 910.0 
MOISTER: 1283 VDDA: 2.80 Vsol: 0.57 Vbat: 3.68  NTC: 19.7 20.3 19.8 20.4  SOIL: 1659.0 1242.0 911.0 
MOISTER: 1284 VDDA: 2.79 Vsol: 0.56 Vbat: 3.64  NTC: 19.7 20.3 19.8 20.4  SOIL: 1672.0 1240.0 913.0 
MOISTER: 1285 VDDA: 2.81 Vsol: 0.53 Vbat: 3.66  NTC: 19.7 20.3 19.8 20.4  SOIL: 1668.0 1243.0 913.0 
MOISTER: 1286 VDDA: 2.82 Vsol: 0.48 Vbat: 3.67  NTC: 19.7 20.3 19.8 20.3  SOIL: 1671.0 1240.0 911.0 
MOISTER: 1287 VDDA: 2.81 Vsol: 0.47 Vbat: 3.68  NTC: 19.7 20.3 19.8 20.3  SOIL: 1665.0 1237.0 908.0 
MOISTER: 1289 VDDA: 2.79 Vsol: 0.48 Vbat: 3.64  NTC: 19.7 20.3 19.8 20.4  SOIL: 1662.0 1237.0 908.0 
MOISTER: 1290 VDDA: 2.79 Vsol: 0.55 Vbat: 3.66  NTC: 19.7 20.3 19.7 20.4  SOIL: 1660.0 1243.0 910.0 
MOISTER: 1291 VDDA: 2.78 Vsol: 0.57 Vbat: 3.63  NTC: 19.7 20.3 19.7 20.4  SOIL: 1663.0 1244.0 911.0 
MOISTER: 1292 VDDA: 2.81 Vsol: 0.57 Vbat: 3.69  NTC: 19.7 20.3 19.7 20.4  SOIL: 1672.0 1238.0 914.0 
MOISTER: 1293 VDDA: 2.80 Vsol: 0.59 Vbat: 3.66  NTC: 19.7 20.2 19.7 20.3  SOIL: 1666.0 1241.0 912.0 
MOISTER: 1294 VDDA: 2.78 Vsol: 0.61 Vbat: 3.64  NTC: 19.7 20.2 19.7 20.3  SOIL: 1671.0 1245.0 912.0 
MOISTER: 1295 VDDA: 2.79 Vsol: 0.61 Vbat: 3.64  NTC: 19.6 20.2 19.7 20.3  SOIL: 1664.0 1235.0 910.0 
MOISTER: 1296 VDDA: 2.79 Vsol: 0.55 Vbat: 3.64  NTC: 19.6 20.2 19.7 20.3  SOIL: 1664.0 1241.0 915.0 
MOISTER: 1297 VDDA: 2.79 Vsol: 0.48 Vbat: 3.65  NTC: 19.6 20.2 19.7 20.3  SOIL: 1665.0 1237.0 913.0 
MOISTER: 1298 VDDA: 2.82 Vsol: 0.43 Vbat: 3.68  NTC: 19.6 20.2 19.7 20.3  SOIL: 1669.0 1240.0 913.0 
MOISTER: 1299 VDDA: 2.81 Vsol: 0.35 Vbat: 3.67  NTC: 19.6 20.2 19.7 20.3  SOIL: 1672.0 1240.0 912.0 
MOISTER: 1300 VDDA: 2.80 Vsol: 0.33 Vbat: 3.65  NTC: 19.6 20.2 19.7 20.3  SOIL: 1672.0 1236.0 911.0 
MOISTER: 1301 VDDA: 2.81 Vsol: 0.27 Vbat: 3.67  NTC: 19.6 20.2 19.7 20.3  SOIL: 1670.0 1245.0 913.0 
MOISTER: 1302 VDDA: 2.83 Vsol: 0.29 Vbat: 3.69  NTC: 19.6 20.2 19.7 20.3  SOIL: 1665.0 1239.0 914.0 
MOISTER: 1303 VDDA: 2.82 Vsol: 0.21 Vbat: 3.68  NTC: 19.6 20.2 19.6 20.3  SOIL: 1664.0 1245.0 910.0 
MOISTER: 1304 VDDA: 2.80 Vsol: 0.24 Vbat: 3.66  NTC: 19.6 20.2 19.6 20.3  SOIL: 1668.0 1241.0 909.0 
MOISTER: 1305 VDDA: 2.81 Vsol: 0.24 Vbat: 3.68  NTC: 19.6 20.1 19.6 20.2  SOIL: 1664.0 1240.0 915.0 
MOISTER: 1306 VDDA: 2.81 Vsol: 0.24 Vbat: 3.67  NTC: 19.6 20.1 19.6 20.2  SOIL: 1668.0 1241.0 913.0 
MOISTER: 1307 VDDA: 2.80 Vsol: 0.23 Vbat: 3.67  NTC: 19.6 20.1 19.6 20.3  SOIL: 1665.0 1240.0 916.0 
MOISTER: 1308 VDDA: 2.82 Vsol: 0.20 Vbat: 3.69  NTC: 19.6 20.1 19.6 20.3  SOIL: 1671.0 1241.0 912.0 
MOISTER: 1309 VDDA: 2.81 Vsol: 0.20 Vbat: 3.67  NTC: 19.6 20.1 19.6 20.3  SOIL: 1665.0 1243.0 913.0 
MOISTER: 1310 VDDA: 2.82 Vsol: 0.21 Vbat: 3.67  NTC: 19.6 20.1 19.6 20.3  SOIL: 1666.0 1241.0 914.0 
MOISTER: 1311 VDDA: 2.79 Vsol: 0.18 Vbat: 3.64  NTC: 19.6 20.1 19.6 20.3  SOIL: 1671.0 1240.0 916.0 
MOISTER: 1312 VDDA: 2.82 Vsol: 0.21 Vbat: 3.69  NTC: 19.5 20.1 19.5 20.3  SOIL: 1665.0 1246.0 918.0 
MOISTER: 1313 VDDA: 2.79 Vsol: 0.23 Vbat: 3.65  NTC: 19.5 20.1 19.5 20.2  SOIL: 1677.0 1240.0 913.0 
MOISTER: 1314 VDDA: 2.78 Vsol: 0.21 Vbat: 3.63  NTC: 19.5 20.1 19.5 20.2  SOIL: 1673.0 1240.0 913.0 
MOISTER: 1315 VDDA: 2.81 Vsol: 0.23 Vbat: 3.67  NTC: 19.5 20.1 19.5 20.2  SOIL: 1668.0 1236.0 914.0 
MOISTER: 1316 VDDA: 2.80 Vsol: 0.23 Vbat: 3.66  NTC: 19.5 20.1 19.5 20.2  SOIL: 1663.0 1240.0 913.0 
MOISTER: 1317 VDDA: 2.82 Vsol: 0.24 Vbat: 3.67  NTC: 19.5 20.1 19.5 20.2  SOIL: 1670.0 1244.0 915.0 
MOISTER: 1318 VDDA: 2.82 Vsol: 0.22 Vbat: 3.69  NTC: 19.5 20.1 19.5 20.2  SOIL: 1671.0 1239.0 915.0 
MOISTER: 1319 VDDA: 2.80 Vsol: 0.23 Vbat: 3.65  NTC: 19.5 20.1 19.5 20.1  SOIL: 1667.0 1245.0 910.0 
MOISTER: 1320 VDDA: 2.82 Vsol: 0.21 Vbat: 3.68  NTC: 19.5 20.1 19.5 20.1  SOIL: 1674.0 1238.0 920.0 
MOISTER: 1321 VDDA: 2.80 Vsol: 0.24 Vbat: 3.66  NTC: 19.5 20.1 19.5 20.1  SOIL: 1664.0 1240.0 913.0 
MOISTER: 1322 VDDA: 2.78 Vsol: 0.24 Vbat: 3.64  NTC: 19.5 20.1 19.5 20.1  SOIL: 1672.0 1245.0 917.0 
MOISTER: 1323 VDDA: 2.81 Vsol: 0.23 Vbat: 3.67  NTC: 19.5 20.1 19.5 20.1  SOIL: 1671.0 1244.0 916.0 
MOISTER: 1324 VDDA: 2.80 Vsol: 0.23 Vbat: 3.67  NTC: 19.5 20.1 19.5 20.2  SOIL: 1667.0 1242.0 916.0 
MOISTER: 1325 VDDA: 2.80 Vsol: 0.24 Vbat: 3.66  NTC: 19.5 20.1 19.5 20.1  SOIL: 1668.0 1245.0 915.0 
MOISTER: 1326 VDDA: 2.79 Vsol: 0.23 Vbat: 3.64  NTC: 19.5 20.1 19.4 20.1  SOIL: 1674.0 1242.0 913.0 
MOISTER: 1327 VDDA: 2.82 Vsol: 0.21 Vbat: 3.68  NTC: 19.4 20.0 19.4 20.1  SOIL: 1674.0 1241.0 917.0 
MOISTER: 1328 VDDA: 2.81 Vsol: 0.23 Vbat: 3.67  NTC: 19.5 20.0 19.4 20.1  SOIL: 1670.0 1242.0 914.0 
MOISTER: 1329 VDDA: 2.78 Vsol: 0.22 Vbat: 3.63  NTC: 19.4 20.0 19.4 20.1  SOIL: 1668.0 1238.0 915.0 
MOISTER: 1330 VDDA: 2.82 Vsol: 0.23 Vbat: 3.67  NTC: 19.4 20.0 19.4 20.1  SOIL: 1670.0 1240.0 912.0 
MOISTER: 1331 VDDA: 2.79 Vsol: 0.18 Vbat: 3.65  NTC: 19.4 20.0 19.4 20.2  SOIL: 1674.0 1238.0 918.0 
MOISTER: 1332 VDDA: 2.82 Vsol: 0.23 Vbat: 3.67  NTC: 19.4 20.0 19.4 20.1  SOIL: 1667.0 1237.0 919.0 
MOISTER: 1333 VDDA: 2.82 Vsol: 0.20 Vbat: 3.68  NTC: 19.4 20.0 19.4 20.1  SOIL: 1663.0 1242.0 917.0 
MOISTER: 1334 VDDA: 2.80 Vsol: 0.24 Vbat: 3.67  NTC: 19.4 20.0 19.4 20.1  SOIL: 1668.0 1239.0 918.0 
MOISTER: 1335 VDDA: 2.81 Vsol: 0.24 Vbat: 3.67  NTC: 19.4 20.0 19.3 20.0  SOIL: 1664.0 1240.0 917.0 
MOISTER: 1336 VDDA: 2.79 Vsol: 0.23 Vbat: 3.64  NTC: 19.4 20.0 19.4 20.0  SOIL: 1671.0 1237.0 913.0 
MOISTER: 1337 VDDA: 2.79 Vsol: 0.20 Vbat: 3.65  NTC: 19.4 20.0 19.3 20.0  SOIL: 1669.0 1247.0 917.0 
MOISTER: 1338 VDDA: 2.79 Vsol: 0.23 Vbat: 3.64  NTC: 19.4 20.0 19.3 20.0  SOIL: 1670.0 1242.0 918.0 
MOISTER: 1339 VDDA: 2.79 Vsol: 0.23 Vbat: 3.63  NTC: 19.4 20.0 19.3 20.0  SOIL: 1669.0 1242.0 916.0 
MOISTER: 1340 VDDA: 2.79 Vsol: 0.24 Vbat: 3.65  NTC: 19.4 20.0 19.3 20.0  SOIL: 1676.0 1245.0 919.0 
MOISTER: 1341 VDDA: 2.81 Vsol: 0.23 Vbat: 3.66  NTC: 19.4 20.0 19.3 20.0  SOIL: 1672.0 1242.0 913.0 
MOISTER: 1342 VDDA: 2.80 Vsol: 0.23 Vbat: 3.65  NTC: 19.4 20.0 19.3 20.0  SOIL: 1674.0 1235.0 916.0 
MOISTER: 1343 VDDA: 2.79 Vsol: 0.23 Vbat: 3.64  NTC: 19.4 19.9 19.3 20.1  SOIL: 1670.0 1240.0 915.0 
MOISTER: 1344 VDDA: 2.81 Vsol: 0.21 Vbat: 3.66  NTC: 19.4 19.9 19.3 20.0  SOIL: 1668.0 1243.0 918.0 
MOISTER: 1345 VDDA: 2.81 Vsol: 0.23 Vbat: 3.66  NTC: 19.4 19.9 19.3 20.0  SOIL: 1672.0 1238.0 918.0 
MOISTER: 1346 VDDA: 2.79 Vsol: 0.21 Vbat: 3.64  NTC: 19.4 19.9 19.3 20.0  SOIL: 1675.0 1242.0 920.0 
MOISTER: 1347 VDDA: 2.81 Vsol: 0.23 Vbat: 3.68  NTC: 19.4 19.9 19.2 20.0  SOIL: 1674.0 1243.0 915.0 
MOISTER: 1348 VDDA: 2.79 Vsol: 0.23 Vbat: 3.63  NTC: 19.4 19.9 19.2 20.0  SOIL: 1669.0 1241.0 915.0 
MOISTER: 1349 VDDA: 2.79 Vsol: 0.18 Vbat: 3.64  NTC: 19.3 19.9 19.2 20.0  SOIL: 1669.0 1243.0 917.0 
MOISTER: 1350 VDDA: 2.80 Vsol: 0.24 Vbat: 3.65  NTC: 19.3 19.9 19.2 20.0  SOIL: 1670.0 1246.0 916.0 
MOISTER: 1351 VDDA: 2.78 Vsol: 0.22 Vbat: 3.63  NTC: 19.3 19.9 19.2 20.1  SOIL: 1665.0 1237.0 921.0 
MOISTER: 1352 VDDA: 2.83 Vsol: 0.23 Vbat: 3.68  NTC: 19.3 19.9 19.2 20.0  SOIL: 1675.0 1246.0 917.0 
MOISTER: 1353 VDDA: 2.81 Vsol: 0.22 Vbat: 3.67  NTC: 19.3 19.8 19.2 20.0  SOIL: 1673.0 1242.0 916.0 
MOISTER: 1354 VDDA: 2.79 Vsol: 0.24 Vbat: 3.63  NTC: 19.3 19.8 19.2 20.0  SOIL: 1672.0 1243.0 919.0 
MOISTER: 1355 VDDA: 2.80 Vsol: 0.23 Vbat: 3.65  NTC: 19.3 19.8 19.2 19.9  SOIL: 1680.0 1242.0 918.0 
MOISTER: 1356 VDDA: 2.81 Vsol: 0.24 Vbat: 3.65  NTC: 19.3 19.8 19.2 19.9  SOIL: 1672.0 1243.0 920.0 
MOISTER: 1357 VDDA: 2.77 Vsol: 0.23 Vbat: 3.63  NTC: 19.3 19.8 19.2 19.9  SOIL: 1676.0 1242.0 920.0 
MOISTER: 1358 VDDA: 2.81 Vsol: 0.20 Vbat: 3.66  NTC: 19.3 19.8 19.2 19.9  SOIL: 1669.0 1241.0 920.0 
MOISTER: 1359 VDDA: 2.78 Vsol: 0.23 Vbat: 3.63  NTC: 19.3 19.8 19.2 20.0  SOIL: 1678.0 1247.0 913.0 
MOISTER: 1360 VDDA: 2.82 Vsol: 0.23 Vbat: 3.68  NTC: 19.3 19.8 19.2 20.0  SOIL: 1673.0 1243.0 915.0 
MOISTER: 1361 VDDA: 2.81 Vsol: 0.22 Vbat: 3.66  NTC: 19.2 19.8 19.2 20.0  SOIL: 1673.0 1245.0 915.0 
MOISTER: 1362 VDDA: 2.78 Vsol: 0.21 Vbat: 3.63  NTC: 19.3 19.8 19.2 20.0  SOIL: 1678.0 1248.0 918.0 
MOISTER: 1363 VDDA: 2.80 Vsol: 0.18 Vbat: 3.64  NTC: 19.2 19.8 19.2 20.0  SOIL: 1668.0 1248.0 918.0 
MOISTER: 1364 VDDA: 2.82 Vsol: 0.24 Vbat: 3.67  NTC: 19.2 19.8 19.2 20.0  SOIL: 1678.0 1243.0 919.0 
MOISTER: 1365 VDDA: 2.80 Vsol: 0.22 Vbat: 3.65  NTC: 19.2 19.8 19.2 19.9  SOIL: 1673.0 1247.0 923.0 
MOISTER: 1366 VDDA: 2.79 Vsol: 0.21 Vbat: 3.63  NTC: 19.2 19.8 19.2 19.9  SOIL: 1671.0 1242.0 920.0 
MOISTER: 1367 VDDA: 2.79 Vsol: 0.20 Vbat: 3.64  NTC: 19.2 19.8 19.1 19.9  SOIL: 1682.0 1248.0 919.0 
MOISTER: 1368 VDDA: 2.80 Vsol: 0.24 Vbat: 3.65  NTC: 19.2 19.8 19.1 19.8  SOIL: 1673.0 1248.0 919.0 
MOISTER: 1369 VDDA: 2.82 Vsol: 0.24 Vbat: 3.67  NTC: 19.2 19.8 19.1 19.8  SOIL: 1669.0 1248.0 919.0 
MOISTER: 1370 VDDA: 2.81 Vsol: 0.23 Vbat: 3.68  NTC: 19.2 19.7 19.1 19.8  SOIL: 1677.0 1248.0 920.0 
MOISTER: 1371 VDDA: 2.83 Vsol: 0.21 Vbat: 3.69  NTC: 19.2 19.7 19.1 19.8  SOIL: 1681.0 1248.0 922.0 
MOISTER: 1372 VDDA: 2.79 Vsol: 0.23 Vbat: 3.63  NTC: 19.2 19.7 19.1 19.8  SOIL: 1671.0 1246.0 919.0 
MOISTER: 1373 VDDA: 2.78 Vsol: 0.21 Vbat: 3.62  NTC: 19.2 19.7 19.1 19.8  SOIL: 1676.0 1241.0 919.0 
MOISTER: 1374 VDDA: 2.78 Vsol: 0.19 Vbat: 3.62  NTC: 19.2 19.7 19.1 19.7  SOIL: 1671.0 1244.0 920.0 
MOISTER: 1375 VDDA: 2.81 Vsol: 0.23 Vbat: 3.65  NTC: 19.2 19.7 19.1 19.8  SOIL: 1680.0 1239.0 918.0 
MOISTER: 1376 VDDA: 2.78 Vsol: 0.23 Vbat: 3.62  NTC: 19.2 19.7 19.0 19.8  SOIL: 1677.0 1253.0 921.0 
MOISTER: 1377 VDDA: 2.79 Vsol: 0.24 Vbat: 3.63  NTC: 19.2 19.7 19.0 19.8  SOIL: 1676.0 1246.0 919.0 
MOISTER: 1378 VDDA: 2.78 Vsol: 0.23 Vbat: 3.62  NTC: 19.2 19.7 19.0 19.8  SOIL: 1681.0 1245.0 921.0 
MOISTER: 1379 VDDA: 2.81 Vsol: 0.23 Vbat: 3.65  NTC: 19.2 19.7 19.0 19.8  SOIL: 1681.0 1241.0 917.0 
MOISTER: 1380 VDDA: 2.80 Vsol: 0.24 Vbat: 3.64  NTC: 19.2 19.7 19.0 19.7  SOIL: 1679.0 1248.0 918.0 
MOISTER: 1381 VDDA: 2.79 Vsol: 0.22 Vbat: 3.65  NTC: 19.2 19.7 19.0 19.8  SOIL: 1685.0 1248.0 924.0 
MOISTER: 1382 VDDA: 2.78 Vsol: 0.22 Vbat: 3.63  NTC: 19.1 19.6 19.0 19.8  SOIL: 1674.0 1248.0 919.0 
MOISTER: 1383 VDDA: 2.82 Vsol: 0.23 Vbat: 3.68  NTC: 19.1 19.6 19.0 19.9  SOIL: 1671.0 1242.0 923.0 
MOISTER: 1384 VDDA: 2.79 Vsol: 0.23 Vbat: 3.63  NTC: 19.1 19.6 19.0 19.8  SOIL: 1675.0 1246.0 918.0 
MOISTER: 1385 VDDA: 2.79 Vsol: 0.22 Vbat: 3.64  NTC: 19.1 19.6 19.0 19.8  SOIL: 1680.0 1243.0 919.0 
MOISTER: 1386 VDDA: 2.80 Vsol: 0.23 Vbat: 3.66  NTC: 19.1 19.6 19.0 19.8  SOIL: 1681.0 1243.0 919.0 
MOISTER: 1387 VDDA: 2.79 Vsol: 0.23 Vbat: 3.62  NTC: 19.1 19.6 19.0 19.8  SOIL: 1675.0 1240.0 922.0 
MOISTER: 1388 VDDA: 2.80 Vsol: 0.22 Vbat: 3.65  NTC: 19.1 19.6 19.0 19.8  SOIL: 1679.0 1244.0 920.0 
MOISTER: 1389 VDDA: 2.81 Vsol: 0.22 Vbat: 3.66  NTC: 19.1 19.6 19.0 19.7  SOIL: 1683.0 1245.0 918.0 
MOISTER: 1390 VDDA: 2.81 Vsol: 0.24 Vbat: 3.67  NTC: 19.1 19.6 19.0 19.7  SOIL: 1683.0 1252.0 926.0 
MOISTER: 1391 VDDA: 2.81 Vsol: 0.23 Vbat: 3.65  NTC: 19.1 19.6 18.9 19.7  SOIL: 1682.0 1247.0 922.0 
MOISTER: 1392 VDDA: 2.81 Vsol: 0.22 Vbat: 3.66  NTC: 19.1 19.6 19.0 19.7  SOIL: 1678.0 1249.0 922.0 
MOISTER: 1393 VDDA: 2.80 Vsol: 0.24 Vbat: 3.66  NTC: 19.1 19.6 18.9 19.7  SOIL: 1678.0 1249.0 919.0 
MOISTER: 1394 VDDA: 2.79 Vsol: 0.19 Vbat: 3.63  NTC: 19.1 19.6 18.9 19.7  SOIL: 1680.0 1245.0 923.0 
MOISTER: 1395 VDDA: 2.81 Vsol: 0.23 Vbat: 3.67  NTC: 19.1 19.6 18.9 19.7  SOIL: 1672.0 1242.0 923.0 
MOISTER: 1396 VDDA: 2.80 Vsol: 0.22 Vbat: 3.64  NTC: 19.1 19.6 18.9 19.7  SOIL: 1672.0 1247.0 921.0 
MOISTER: 1397 VDDA: 2.82 Vsol: 0.22 Vbat: 3.68  NTC: 19.1 19.6 18.9 19.7  SOIL: 1673.0 1243.0 917.0 
MOISTER: 1398 VDDA: 2.80 Vsol: 0.22 Vbat: 3.65  NTC: 19.1 19.6 18.9 19.7  SOIL: 1683.0 1251.0 922.0 
MOISTER: 1399 VDDA: 2.79 Vsol: 0.23 Vbat: 3.62  NTC: 19.1 19.6 18.9 19.7  SOIL: 1673.0 1245.0 919.0 
MOISTER: 1400 VDDA: 2.83 Vsol: 0.24 Vbat: 3.69  NTC: 19.1 19.6 18.9 19.7  SOIL: 1684.0 1251.0 918.0 
MOISTER: 1401 VDDA: 2.83 Vsol: 0.24 Vbat: 3.68  NTC: 19.0 19.5 18.9 19.7  SOIL: 1679.0 1245.0 919.0 
MOISTER: 1402 VDDA: 2.81 Vsol: 0.23 Vbat: 3.67  NTC: 19.0 19.5 18.9 19.7  SOIL: 1686.0 1252.0 926.0 
MOISTER: 1403 VDDA: 2.79 Vsol: 0.20 Vbat: 3.65  NTC: 19.0 19.5 18.9 19.7  SOIL: 1678.0 1248.0 926.0 
MOISTER: 1404 VDDA: 2.81 Vsol: 0.23 Vbat: 3.67  NTC: 19.0 19.5 18.9 19.6  SOIL: 1682.0 1246.0 921.0 
MOISTER: 1405 VDDA: 2.78 Vsol: 0.23 Vbat: 3.62  NTC: 19.0 19.5 18.9 19.7  SOIL: 1683.0 1249.0 920.0 
MOISTER: 1406 VDDA: 2.79 Vsol: 0.21 Vbat: 3.63  NTC: 19.0 19.5 18.8 19.7  SOIL: 1675.0 1249.0 919.0 
MOISTER: 1407 VDDA: 2.79 Vsol: 0.23 Vbat: 3.63  NTC: 19.0 19.5 18.8 19.7  SOIL: 1674.0 1247.0 923.0 
MOISTER: 1408 VDDA: 2.79 Vsol: 0.24 Vbat: 3.62  NTC: 19.0 19.5 18.8 19.7  SOIL: 1679.0 1243.0 919.0 
MOISTER: 1409 VDDA: 2.83 Vsol: 0.24 Vbat: 3.68  NTC: 19.0 19.5 18.8 19.7  SOIL: 1684.0 1245.0 921.0 
MOISTER: 1410 VDDA: 2.81 Vsol: 0.22 Vbat: 3.66  NTC: 19.0 19.5 18.8 19.7  SOIL: 1687.0 1246.0 918.0 
MOISTER: 1411 VDDA: 2.79 Vsol: 0.22 Vbat: 3.63  NTC: 19.0 19.5 18.8 19.7  SOIL: 1673.0 1247.0 922.0 
MOISTER: 1412 VDDA: 2.81 Vsol: 0.22 Vbat: 3.66  NTC: 19.0 19.5 18.8 19.7  SOIL: 1678.0 1244.0 924.0 
MOISTER: 1413 VDDA: 2.82 Vsol: 0.19 Vbat: 3.66  NTC: 19.0 19.5 18.8 19.7  SOIL: 1675.0 1246.0 921.0 
MOISTER: 1414 VDDA: 2.81 Vsol: 0.23 Vbat: 3.66  NTC: 19.0 19.5 18.8 19.7  SOIL: 1678.0 1250.0 917.0 
MOISTER: 1415 VDDA: 2.83 Vsol: 0.24 Vbat: 3.68  NTC: 18.9 19.5 18.8 19.7  SOIL: 1678.0 1246.0 922.0 
MOISTER: 1416 VDDA: 2.82 Vsol: 0.23 Vbat: 3.67  NTC: 19.0 19.5 18.8 19.7  SOIL: 1680.0 1247.0 919.0 
MOISTER: 1417 VDDA: 2.80 Vsol: 0.24 Vbat: 3.64  NTC: 19.0 19.5 18.8 19.6  SOIL: 1679.0 1247.0 926.0 
MOISTER: 1418 VDDA: 2.81 Vsol: 0.24 Vbat: 3.66  NTC: 19.0 19.5 18.8 19.6  SOIL: 1679.0 1249.0 920.0 
MOISTER: 1419 VDDA: 2.82 Vsol: 0.23 Vbat: 3.69  NTC: 18.9 19.5 18.7 19.6  SOIL: 1684.0 1245.0 926.0 
MOISTER: 1420 VDDA: 2.78 Vsol: 0.23 Vbat: 3.62  NTC: 18.9 19.5 18.7 19.6  SOIL: 1674.0 1243.0 920.0 
MOISTER: 1421 VDDA: 2.78 Vsol: 0.19 Vbat: 3.63  NTC: 18.9 19.5 18.7 19.6  SOIL: 1670.0 1241.0 926.0 
MOISTER: 1422 VDDA: 2.78 Vsol: 0.23 Vbat: 3.62  NTC: 18.9 19.5 18.7 19.7  SOIL: 1681.0 1249.0 920.0 
MOISTER: 1423 VDDA: 2.79 Vsol: 0.23 Vbat: 3.64  NTC: 18.9 19.5 18.7 19.7  SOIL: 1684.0 1245.0 922.0 
MOISTER: 1424 VDDA: 2.81 Vsol: 0.23 Vbat: 3.66  NTC: 18.9 19.5 18.7 19.7  SOIL: 1675.0 1247.0 927.0 
MOISTER: 1425 VDDA: 2.78 Vsol: 0.20 Vbat: 3.62  NTC: 18.9 19.5 18.7 19.7  SOIL: 1674.0 1248.0 923.0 
MOISTER: 1426 VDDA: 2.81 Vsol: 0.24 Vbat: 3.66  NTC: 18.9 19.5 18.7 19.6  SOIL: 1687.0 1249.0 925.0 
MOISTER: 1427 VDDA: 2.82 Vsol: 0.23 Vbat: 3.67  NTC: 18.9 19.5 18.7 19.6  SOIL: 1682.0 1250.0 926.0 
MOISTER: 1428 VDDA: 2.78 Vsol: 0.23 Vbat: 3.62  NTC: 18.9 19.5 18.7 19.6  SOIL: 1682.0 1248.0 925.0 
MOISTER: 1429 VDDA: 2.78 Vsol: 0.23 Vbat: 3.63  NTC: 18.9 19.5 18.7 19.7  SOIL: 1678.0 1246.0 925.0 
MOISTER: 1430 VDDA: 2.80 Vsol: 0.24 Vbat: 3.64  NTC: 18.9 19.4 18.7 19.6  SOIL: 1686.0 1248.0 926.0 
MOISTER: 1431 VDDA: 2.80 Vsol: 0.24 Vbat: 3.63  NTC: 18.9 19.4 18.7 19.6  SOIL: 1678.0 1248.0 921.0 
MOISTER: 1432 VDDA: 2.79 Vsol: 0.23 Vbat: 3.63  NTC: 18.9 19.4 18.7 19.7  SOIL: 1676.0 1247.0 922.0 
MOISTER: 1433 VDDA: 2.79 Vsol: 0.19 Vbat: 3.63  NTC: 18.9 19.4 18.7 19.7  SOIL: 1676.0 1247.0 922.0 
MOISTER: 1434 VDDA: 2.83 Vsol: 0.24 Vbat: 3.68  NTC: 18.9 19.4 18.7 19.7  SOIL: 1682.0 1249.0 925.0 
MOISTER: 1435 VDDA: 2.79 Vsol: 0.24 Vbat: 3.63  NTC: 18.9 19.4 18.7 19.7  SOIL: 1672.0 1243.0 921.0 
MOISTER: 1436 VDDA: 2.84 Vsol: 0.23 Vbat: 3.69  NTC: 18.9 19.4 18.6 19.7  SOIL: 1679.0 1247.0 924.0 
MOISTER: 1437 VDDA: 2.82 Vsol: 0.24 Vbat: 3.67  NTC: 18.9 19.4 18.6 19.8  SOIL: 1675.0 1247.0 924.0 
MOISTER: 1438 VDDA: 2.82 Vsol: 0.23 Vbat: 3.67  NTC: 18.9 19.4 18.6 19.8  SOIL: 1673.0 1245.0 927.0 
MOISTER: 1439 VDDA: 2.83 Vsol: 0.23 Vbat: 3.68  NTC: 18.9 19.4 18.6 19.8  SOIL: 1689.0 1247.0 923.0 
MOISTER: 1440 VDDA: 2.78 Vsol: 0.19 Vbat: 3.62  NTC: 18.9 19.4 18.6 19.8  SOIL: 1678.0 1249.0 922.0 
MOISTER: 1441 VDDA: 2.79 Vsol: 0.23 Vbat: 3.63  NTC: 18.9 19.4 18.6 19.7  SOIL: 1688.0 1249.0 926.0 
MOISTER: 1442 VDDA: 2.81 Vsol: 0.24 Vbat: 3.67  NTC: 18.9 19.4 18.6 19.7  SOIL: 1678.0 1245.0 928.0 
MOISTER: 1443 VDDA: 2.80 Vsol: 0.23 Vbat: 3.64  NTC: 18.9 19.3 18.6 19.7  SOIL: 1689.0 1243.0 926.0 
MOISTER: 1444 VDDA: 2.81 Vsol: 0.24 Vbat: 3.66  NTC: 18.9 19.3 18.6 19.7  SOIL: 1689.0 1248.0 928.0 
MOISTER: 1445 VDDA: 2.83 Vsol: 0.23 Vbat: 3.67  NTC: 18.9 19.3 18.6 19.6  SOIL: 1683.0 1252.0 922.0 
MOISTER: 1446 VDDA: 2.77 Vsol: 0.23 Vbat: 3.62  NTC: 18.9 19.3 18.6 19.7  SOIL: 1675.0 1245.0 919.0 
MOISTER: 1447 VDDA: 2.83 Vsol: 0.24 Vbat: 3.68  NTC: 18.8 19.3 18.6 19.7  SOIL: 1679.0 1244.0 924.0 
MOISTER: 1448 VDDA: 2.79 Vsol: 0.23 Vbat: 3.62  NTC: 18.8 19.3 18.6 19.6  SOIL: 1680.0 1250.0 927.0 
MOISTER: 1449 VDDA: 2.80 Vsol: 0.23 Vbat: 3.65  NTC: 18.8 19.3 18.6 19.6  SOIL: 1687.0 1249.0 927.0 
MOISTER: 1450 VDDA: 2.83 Vsol: 0.23 Vbat: 3.68  NTC: 18.8 19.3 18.6 19.6  SOIL: 1686.0 1246.0 924.0 
MOISTER: 1451 VDDA: 2.83 Vsol: 0.22 Vbat: 3.67  NTC: 18.8 19.3 18.6 19.6  SOIL: 1679.0 1245.0 926.0 
MOISTER: 1452 VDDA: 2.79 Vsol: 0.19 Vbat: 3.62  NTC: 18.8 19.3 18.6 19.6  SOIL: 1684.0 1250.0 928.0 
MOISTER: 1453 VDDA: 2.79 Vsol: 0.23 Vbat: 3.62  NTC: 18.8 19.3 18.6 19.5  SOIL: 1680.0 1253.0 922.0 
MOISTER: 1454 VDDA: 2.78 Vsol: 0.23 Vbat: 3.62  NTC: 18.8 19.3 18.6 19.5  SOIL: 1683.0 1251.0 925.0 
MOISTER: 1455 VDDA: 2.79 Vsol: 0.24 Vbat: 3.63  NTC: 18.8 19.3 18.6 19.6  SOIL: 1688.0 1248.0 921.0 
MOISTER: 1456 VDDA: 2.81 Vsol: 0.21 Vbat: 3.65  NTC: 18.8 19.3 18.6 19.6  SOIL: 1689.0 1250.0 926.0 
MOISTER: 1457 VDDA: 2.81 Vsol: 0.24 Vbat: 3.65  NTC: 18.8 19.3 18.6 19.6  SOIL: 1683.0 1251.0 922.0 
MOISTER: 1458 VDDA: 2.78 Vsol: 0.19 Vbat: 3.61  NTC: 18.8 19.3 18.6 19.6  SOIL: 1681.0 1247.0 924.0 
MOISTER: 1459 VDDA: 2.78 Vsol: 0.21 Vbat: 3.61  NTC: 18.8 19.3 18.6 19.6  SOIL: 1678.0 1250.0 925.0 
MOISTER: 1460 VDDA: 2.81 Vsol: 0.23 Vbat: 3.65  NTC: 18.8 19.3 18.6 19.6  SOIL: 1684.0 1249.0 924.0 
MOISTER: 1461 VDDA: 2.79 Vsol: 0.24 Vbat: 3.63  NTC: 18.8 19.3 18.6 19.6  SOIL: 1688.0 1250.0 921.0 
MOISTER: 1462 VDDA: 2.78 Vsol: 0.23 Vbat: 3.63  NTC: 18.8 19.3 18.6 19.6  SOIL: 1682.0 1247.0 925.0 
MOISTER: 1463 VDDA: 2.81 Vsol: 0.24 Vbat: 3.65  NTC: 18.8 19.3 18.6 19.6  SOIL: 1684.0 1250.0 926.0 
MOISTER: 1464 VDDA: 2.80 Vsol: 0.22 Vbat: 3.64  NTC: 18.8 19.3 18.6 19.6  SOIL: 1683.0 1253.0 928.0 
MOISTER: 1465 VDDA: 2.80 Vsol: 0.19 Vbat: 3.64  NTC: 18.8 19.3 18.6 19.6  SOIL: 1688.0 1245.0 924.0 
MOISTER: 1466 VDDA: 2.79 Vsol: 0.22 Vbat: 3.62  NTC: 18.8 19.3 18.5 19.6  SOIL: 1683.0 1247.0 928.0 
MOISTER: 1467 VDDA: 2.82 Vsol: 0.23 Vbat: 3.67  NTC: 18.8 19.3 18.5 19.6  SOIL: 1691.0 1249.0 928.0 
MOISTER: 1468 VDDA: 2.80 Vsol: 0.24 Vbat: 3.64  NTC: 18.8 19.3 18.5 19.6  SOIL: 1692.0 1252.0 926.0 
MOISTER: 1469 VDDA: 2.79 Vsol: 0.23 Vbat: 3.63  NTC: 18.8 19.3 18.5 19.6  SOIL: 1677.0 1250.0 919.0 
MOISTER: 1470 VDDA: 2.77 Vsol: 0.23 Vbat: 3.61  NTC: 18.8 19.2 18.5 19.6  SOIL: 1685.0 1252.0 922.0 
MOISTER: 1471 VDDA: 2.81 Vsol: 0.23 Vbat: 3.65  NTC: 18.8 19.2 18.5 19.6  SOIL: 1694.0 1252.0 926.0 
MOISTER: 1472 VDDA: 2.81 Vsol: 0.23 Vbat: 3.65  NTC: 18.8 19.2 18.5 19.6  SOIL: 1682.0 1251.0 925.0 
MOISTER: 1473 VDDA: 2.79 Vsol: 0.23 Vbat: 3.63  NTC: 18.8 19.2 18.5 19.6  SOIL: 1679.0 1248.0 925.0 
MOISTER: 1474 VDDA: 2.83 Vsol: 0.23 Vbat: 3.68  NTC: 18.8 19.2 18.5 19.6  SOIL: 1682.0 1247.0 928.0 
MOISTER: 1475 VDDA: 2.78 Vsol: 0.22 Vbat: 3.63  NTC: 18.8 19.2 18.5 19.6  SOIL: 1682.0 1254.0 923.0 
MOISTER: 1476 VDDA: 2.78 Vsol: 0.23 Vbat: 3.63  NTC: 18.8 19.2 18.5 19.5  SOIL: 1685.0 1253.0 929.0 
MOISTER: 1477 VDDA: 2.80 Vsol: 0.24 Vbat: 3.63  NTC: 18.8 19.2 18.5 19.5  SOIL: 1685.0 1253.0 928.0 
MOISTER: 1478 VDDA: 2.79 Vsol: 0.23 Vbat: 3.63  NTC: 18.8 19.2 18.5 19.4  SOIL: 1688.0 1243.0 929.0 
MOISTER: 1479 VDDA: 2.81 Vsol: 0.22 Vbat: 3.65  NTC: 18.8 19.2 18.5 19.5  SOIL: 1689.0 1247.0 928.0 
MOISTER: 1480 VDDA: 2.81 Vsol: 0.24 Vbat: 3.67  NTC: 18.8 19.2 18.5 19.6  SOIL: 1686.0 1253.0 930.0 
MOISTER: 1481 VDDA: 2.82 Vsol: 0.20 Vbat: 3.67  NTC: 18.8 19.2 18.5 19.5  SOIL: 1690.0 1250.0 928.0 
MOISTER: 1482 VDDA: 2.78 Vsol: 0.23 Vbat: 3.62  NTC: 18.8 19.2 18.5 19.5  SOIL: 1685.0 1246.0 923.0 
MOISTER: 1484 VDDA: 2.80 Vsol: 0.24 Vbat: 3.64  NTC: 18.7 19.2 18.5 19.6  SOIL: 1686.0 1256.0 925.0 
MOISTER: 1485 VDDA: 2.79 Vsol: 0.22 Vbat: 3.62  NTC: 18.7 19.2 18.5 19.6  SOIL: 1680.0 1247.0 928.0 
MOISTER: 1486 VDDA: 2.79 Vsol: 0.23 Vbat: 3.61  NTC: 18.7 19.2 18.5 19.6  SOIL: 1683.0 1256.0 935.0 
MOISTER: 1487 VDDA: 2.82 Vsol: 0.22 Vbat: 3.67  NTC: 18.7 19.2 18.5 19.5  SOIL: 1694.0 1259.0 922.0 
MOISTER: 1489 VDDA: 2.80 Vsol: 0.20 Vbat: 3.64  NTC: 18.7 19.2 18.5 19.4  SOIL: 1688.0 1262.0 925.0 
MOISTER: 1490 VDDA: 2.80 Vsol: 0.21 Vbat: 3.64  NTC: 18.7 19.2 18.5 19.4  SOIL: 1688.0 1248.0 928.0 
MOISTER: 1491 VDDA: 2.80 Vsol: 0.23 Vbat: 3.64  NTC: 18.7 19.2 18.5 19.4  SOIL: 1685.0 1255.0 926.0 
MOISTER: 1492 VDDA: 2.79 Vsol: 0.22 Vbat: 3.63  NTC: 18.7 19.1 18.5 19.4  SOIL: 1694.0 1258.0 929.0 
MOISTER: 1493 VDDA: 2.81 Vsol: 0.23 Vbat: 3.65  NTC: 18.7 19.1 18.4 19.3  SOIL: 1690.0 1253.0 931.0 
MOISTER: 1494 VDDA: 2.78 Vsol: 0.23 Vbat: 3.62  NTC: 18.7 19.1 18.4 19.3  SOIL: 1687.0 1256.0 931.0 
MOISTER: 1495 VDDA: 2.83 Vsol: 0.24 Vbat: 3.66  NTC: 18.7 19.1 18.4 19.3  SOIL: 1692.0 1251.0 924.0 
MOISTER: 1496 VDDA: 2.83 Vsol: 0.19 Vbat: 3.68  NTC: 18.7 19.1 18.4 19.4  SOIL: 1691.0 1254.0 927.0 
MOISTER: 1497 VDDA: 2.79 Vsol: 0.22 Vbat: 3.62  NTC: 18.7 19.1 18.4 19.4  SOIL: 1685.0 1251.0 927.0 
MOISTER: 1498 VDDA: 2.82 Vsol: 0.23 Vbat: 3.66  NTC: 18.7 19.1 18.4 19.3  SOIL: 1685.0 1254.0 929.0 
MOISTER: 1499 VDDA: 2.82 Vsol: 0.22 Vbat: 3.67  NTC: 18.7 19.1 18.4 19.3  SOIL: 1680.0 1250.0 927.0 
MOISTER: 1500 VDDA: 2.82 Vsol: 0.24 Vbat: 3.66  NTC: 18.7 19.1 18.4 19.3  SOIL: 1694.0 1255.0 930.0 
MOISTER: 1501 VDDA: 2.80 Vsol: 0.23 Vbat: 3.65  NTC: 18.7 19.1 18.4 19.3  SOIL: 1686.0 1252.0 931.0 
MOISTER: 1502 VDDA: 2.77 Vsol: 0.24 Vbat: 3.61  NTC: 18.7 19.1 18.4 19.2  SOIL: 1687.0 1255.0 933.0 
MOISTER: 1504 VDDA: 2.77 Vsol: 0.22 Vbat: 3.61  NTC: 18.7 19.1 18.4 19.3  SOIL: 1682.0 1255.0 932.0 
MOISTER: 1505 VDDA: 2.80 Vsol: 0.21 Vbat: 3.63  NTC: 18.7 19.1 18.4 19.3  SOIL: 1688.0 1257.0 930.0 
MOISTER: 1506 VDDA: 2.83 Vsol: 0.24 Vbat: 3.67  NTC: 18.7 19.1 18.4 19.2  SOIL: 1690.0 1254.0 933.0 
MOISTER: 1507 VDDA: 2.80 Vsol: 0.22 Vbat: 3.65  NTC: 18.7 19.1 18.4 19.2  SOIL: 1696.0 1249.0 931.0 
MOISTER: 1508 VDDA: 2.77 Vsol: 0.23 Vbat: 3.61  NTC: 18.6 19.1 18.4 19.2  SOIL: 1683.0 1257.0 928.0 
MOISTER: 1509 VDDA: 2.80 Vsol: 0.23 Vbat: 3.64  NTC: 18.6 19.1 18.4 19.2  SOIL: 1696.0 1248.0 928.0 
MOISTER: 1510 VDDA: 2.80 Vsol: 0.23 Vbat: 3.64  NTC: 18.6 19.1 18.3 19.2  SOIL: 1695.0 1253.0 930.0 
MOISTER: 1511 VDDA: 2.78 Vsol: 0.23 Vbat: 3.62  NTC: 18.7 19.0 18.3 19.1  SOIL: 1685.0 1249.0 932.0 
MOISTER: 1512 VDDA: 2.78 Vsol: 0.23 Vbat: 3.61  NTC: 18.6 19.1 18.3 19.1  SOIL: 1697.0 1253.0 928.0 
MOISTER: 1513 VDDA: 2.79 Vsol: 0.23 Vbat: 3.63  NTC: 18.6 19.0 18.3 19.1  SOIL: 1688.0 1254.0 928.0 
MOISTER: 1514 VDDA: 2.79 Vsol: 0.20 Vbat: 3.62  NTC: 18.6 19.0 18.3 19.1  SOIL: 1688.0 1255.0 930.0 
MOISTER: 1515 VDDA: 2.78 Vsol: 0.23 Vbat: 3.61  NTC: 18.6 19.0 18.3 19.1  SOIL: 1689.0 1250.0 936.0 
MOISTER: 1516 VDDA: 2.77 Vsol: 0.19 Vbat: 3.60  NTC: 18.6 19.0 18.3 19.1  SOIL: 1686.0 1256.0 928.0 
MOISTER: 1517 VDDA: 2.79 Vsol: 0.24 Vbat: 3.62  NTC: 18.6 19.0 18.3 19.1  SOIL: 1694.0 1254.0 930.0 
MOISTER: 1518 VDDA: 2.83 Vsol: 0.22 Vbat: 3.67  NTC: 18.6 19.0 18.3 19.1  SOIL: 1697.0 1256.0 930.0 
MOISTER: 1519 VDDA: 2.82 Vsol: 0.20 Vbat: 3.66  NTC: 18.6 19.0 18.3 19.1  SOIL: 1697.0 1254.0 926.0 
MOISTER: 1520 VDDA: 2.79 Vsol: 0.24 Vbat: 3.63  NTC: 18.6 19.0 18.3 19.2  SOIL: 1686.0 1255.0 931.0 
MOISTER: 1521 VDDA: 2.83 Vsol: 0.19 Vbat: 3.68  NTC: 18.6 19.0 18.3 19.1  SOIL: 1693.0 1258.0 931.0 
MOISTER: 1522 VDDA: 2.80 Vsol: 0.20 Vbat: 3.63  NTC: 18.6 19.0 18.3 19.1  SOIL: 1690.0 1255.0 928.0 
MOISTER: 1523 VDDA: 2.81 Vsol: 0.23 Vbat: 3.65  NTC: 18.6 19.0 18.3 19.1  SOIL: 1683.0 1255.0 930.0 
MOISTER: 1524 VDDA: 2.83 Vsol: 0.22 Vbat: 3.68  NTC: 18.5 19.0 18.3 19.1  SOIL: 1685.0 1251.0 930.0 
MOISTER: 1525 VDDA: 2.81 Vsol: 0.24 Vbat: 3.64  NTC: 18.5 19.0 18.3 19.1  SOIL: 1689.0 1253.0 931.0 
MOISTER: 1526 VDDA: 2.82 Vsol: 0.24 Vbat: 3.67  NTC: 18.5 19.0 18.3 19.1  SOIL: 1683.0 1251.0 929.0 
MOISTER: 1527 VDDA: 2.79 Vsol: 0.24 Vbat: 3.63  NTC: 18.5 19.0 18.3 19.1  SOIL: 1696.0 1253.0 934.0 
MOISTER: 1528 VDDA: 2.81 Vsol: 0.21 Vbat: 3.64  NTC: 18.5 19.0 18.3 19.1  SOIL: 1687.0 1252.0 932.0 
MOISTER: 1529 VDDA: 2.79 Vsol: 0.24 Vbat: 3.62  NTC: 18.5 19.0 18.3 19.1  SOIL: 1688.0 1255.0 932.0 
MOISTER: 1530 VDDA: 2.82 Vsol: 0.22 Vbat: 3.66  NTC: 18.5 19.0 18.3 19.1  SOIL: 1698.0 1257.0 932.0 
MOISTER: 1531 VDDA: 2.82 Vsol: 0.20 Vbat: 3.68  NTC: 18.5 18.9 18.3 19.1  SOIL: 1694.0 1251.0 929.0 
MOISTER: 1532 VDDA: 2.79 Vsol: 0.23 Vbat: 3.62  NTC: 18.5 19.0 18.3 19.1  SOIL: 1691.0 1258.0 933.0 
MOISTER: 1533 VDDA: 2.81 Vsol: 0.23 Vbat: 3.65  NTC: 18.5 19.0 18.2 19.1  SOIL: 1689.0 1256.0 930.0 
MOISTER: 1535 VDDA: 2.77 Vsol: 0.22 Vbat: 3.61  NTC: 18.5 18.9 18.2 19.1  SOIL: 1689.0 1250.0 929.0 
MOISTER: 1536 VDDA: 2.78 Vsol: 0.21 Vbat: 3.61  NTC: 18.5 19.0 18.2 19.1  SOIL: 1692.0 1251.0 928.0 
MOISTER: 1537 VDDA: 2.80 Vsol: 0.22 Vbat: 3.64  NTC: 18.5 18.9 18.2 19.1  SOIL: 1689.0 1253.0 932.0 
MOISTER: 1538 VDDA: 2.82 Vsol: 0.24 Vbat: 3.65  NTC: 18.5 18.9 18.2 19.1  SOIL: 1688.0 1252.0 927.0 
MOISTER: 1539 VDDA: 2.81 Vsol: 0.24 Vbat: 3.64  NTC: 18.5 18.9 18.2 19.1  SOIL: 1688.0 1257.0 927.0 
MOISTER: 1540 VDDA: 2.79 Vsol: 0.23 Vbat: 3.61  NTC: 18.5 18.9 18.2 19.1  SOIL: 1686.0 1250.0 928.0 
MOISTER: 1541 VDDA: 2.82 Vsol: 0.23 Vbat: 3.66  NTC: 18.5 18.9 18.2 19.1  SOIL: 1689.0 1253.0 933.0 
MOISTER: 1542 VDDA: 2.80 Vsol: 0.21 Vbat: 3.62  NTC: 18.5 18.9 18.2 19.1  SOIL: 1694.0 1253.0 928.0 
MOISTER: 1543 VDDA: 2.83 Vsol: 0.23 Vbat: 3.66  NTC: 18.5 18.9 18.2 19.1  SOIL: 1694.0 1252.0 929.0 
MOISTER: 1544 VDDA: 2.80 Vsol: 0.24 Vbat: 3.65  NTC: 18.5 18.9 18.2 19.1  SOIL: 1693.0 1253.0 929.0 
MOISTER: 1545 VDDA: 2.81 Vsol: 0.24 Vbat: 3.65  NTC: 18.5 18.9 18.2 19.1  SOIL: 1688.0 1248.0 930.0 
MOISTER: 1546 VDDA: 2.80 Vsol: 0.18 Vbat: 3.64  NTC: 18.5 18.9 18.2 19.1  SOIL: 1690.0 1249.0 927.0 
MOISTER: 1547 VDDA: 2.82 Vsol: 0.24 Vbat: 3.67  NTC: 18.5 18.9 18.2 19.1  SOIL: 1693.0 1252.0 929.0 
MOISTER: 1548 VDDA: 2.78 Vsol: 0.23 Vbat: 3.61  NTC: 18.5 18.9 18.2 19.1  SOIL: 1688.0 1259.0 926.0 
MOISTER: 1549 VDDA: 2.83 Vsol: 0.19 Vbat: 3.67  NTC: 18.5 18.9 18.2 19.1  SOIL: 1687.0 1248.0 933.0 
MOISTER: 1550 VDDA: 2.78 Vsol: 0.19 Vbat: 3.61  NTC: 18.5 18.9 18.2 19.1  SOIL: 1693.0 1252.0 932.0 
MOISTER: 1551 VDDA: 2.78 Vsol: 0.23 Vbat: 3.61  NTC: 18.5 18.9 18.2 19.1  SOIL: 1697.0 1255.0 928.0 
MOISTER: 1552 VDDA: 2.79 Vsol: 0.23 Vbat: 3.61  NTC: 18.5 18.9 18.2 19.1  SOIL: 1686.0 1253.0 930.0 
MOISTER: 1553 VDDA: 2.81 Vsol: 0.21 Vbat: 3.63  NTC: 18.5 18.9 18.2 19.1  SOIL: 1695.0 1258.0 928.0 
MOISTER: 1554 VDDA: 2.83 Vsol: 0.19 Vbat: 3.68  NTC: 18.5 18.9 18.2 19.1  SOIL: 1700.0 1260.0 931.0 
MOISTER: 1555 VDDA: 2.82 Vsol: 0.22 Vbat: 3.66  NTC: 18.5 18.9 18.2 19.1  SOIL: 1686.0 1257.0 932.0 
MOISTER: 1556 VDDA: 2.82 Vsol: 0.23 Vbat: 3.66  NTC: 18.5 18.9 18.1 19.1  SOIL: 1697.0 1252.0 934.0 
MOISTER: 1557 VDDA: 2.79 Vsol: 0.23 Vbat: 3.62  NTC: 18.4 18.9 18.2 19.1  SOIL: 1694.0 1253.0 931.0 
MOISTER: 1559 VDDA: 2.80 Vsol: 0.23 Vbat: 3.62  NTC: 18.4 18.9 18.2 19.1  SOIL: 1702.0 1253.0 931.0 
MOISTER: 1560 VDDA: 2.81 Vsol: 0.22 Vbat: 3.65  NTC: 18.4 18.9 18.1 19.0  SOIL: 1692.0 1256.0 929.0 
MOISTER: 1561 VDDA: 2.77 Vsol: 0.19 Vbat: 3.61  NTC: 18.4 18.9 18.1 19.0  SOIL: 1691.0 1254.0 932.0 
MOISTER: 1562 VDDA: 2.83 Vsol: 0.23 Vbat: 3.67  NTC: 18.4 18.9 18.1 18.9  SOIL: 1688.0 1257.0 934.0 
MOISTER: 1563 VDDA: 2.79 Vsol: 0.24 Vbat: 3.61  NTC: 18.4 18.9 18.1 18.9  SOIL: 1700.0 1260.0 932.0 
MOISTER: 1565 VDDA: 2.78 Vsol: 0.23 Vbat: 3.60  NTC: 18.4 18.9 18.1 19.0  SOIL: 1696.0 1254.0 929.0 
MOISTER: 1566 VDDA: 2.82 Vsol: 0.22 Vbat: 3.65  NTC: 18.4 18.9 18.1 18.9  SOIL: 1691.0 1258.0 933.0 
MOISTER: 1567 VDDA: 2.79 Vsol: 0.22 Vbat: 3.61  NTC: 18.4 18.9 18.1 19.0  SOIL: 1699.0 1252.0 928.0 
MOISTER: 1568 VDDA: 2.82 Vsol: 0.20 Vbat: 3.66  NTC: 18.4 18.9 18.1 19.0  SOIL: 1697.0 1257.0 932.0 
MOISTER: 1569 VDDA: 2.79 Vsol: 0.23 Vbat: 3.61  NTC: 18.4 18.9 18.1 19.0  SOIL: 1698.0 1257.0 928.0 
MOISTER: 1570 VDDA: 2.78 Vsol: 0.18 Vbat: 3.61  NTC: 18.4 18.8 18.1 18.9  SOIL: 1702.0 1252.0 935.0 
MOISTER: 1571 VDDA: 2.78 Vsol: 0.23 Vbat: 3.61  NTC: 18.4 18.8 18.1 18.9  SOIL: 1697.0 1252.0 933.0 
MOISTER: 1572 VDDA: 2.81 Vsol: 0.24 Vbat: 3.65  NTC: 18.4 18.8 18.1 18.9  SOIL: 1693.0 1257.0 926.0 
MOISTER: 1573 VDDA: 2.80 Vsol: 0.19 Vbat: 3.63  NTC: 18.4 18.8 18.1 18.9  SOIL: 1697.0 1256.0 931.0 
MOISTER: 1574 VDDA: 2.82 Vsol: 0.22 Vbat: 3.66  NTC: 18.4 18.8 18.1 18.9  SOIL: 1698.0 1250.0 934.0 
MOISTER: 1575 VDDA: 2.83 Vsol: 0.24 Vbat: 3.67  NTC: 18.4 18.8 18.1 18.9  SOIL: 1699.0 1260.0 933.0 
MOISTER: 1576 VDDA: 2.82 Vsol: 0.24 Vbat: 3.66  NTC: 18.4 18.8 18.1 19.0  SOIL: 1687.0 1254.0 928.0 
MOISTER: 1577 VDDA: 2.83 Vsol: 0.24 Vbat: 3.66  NTC: 18.3 18.8 18.1 19.0  SOIL: 1691.0 1256.0 931.0 
MOISTER: 1578 VDDA: 2.82 Vsol: 0.21 Vbat: 3.66  NTC: 18.4 18.8 18.1 19.0  SOIL: 1687.0 1255.0 932.0 
MOISTER: 1579 VDDA: 2.77 Vsol: 0.19 Vbat: 3.60  NTC: 18.4 18.8 18.1 19.0  SOIL: 1700.0 1259.0 936.0 
MOISTER: 1580 VDDA: 2.81 Vsol: 0.19 Vbat: 3.64  NTC: 18.4 18.8 18.1 19.0  SOIL: 1694.0 1251.0 932.0 
MOISTER: 1581 VDDA: 2.83 Vsol: 0.22 Vbat: 3.67  NTC: 18.4 18.8 18.1 19.0  SOIL: 1705.0 1252.0 932.0 
MOISTER: 1582 VDDA: 2.79 Vsol: 0.23 Vbat: 3.62  NTC: 18.3 18.8 18.1 18.9  SOIL: 1700.0 1258.0 932.0 
MOISTER: 1583 VDDA: 2.81 Vsol: 0.24 Vbat: 3.65  NTC: 18.3 18.8 18.1 19.0  SOIL: 1688.0 1257.0 935.0 
MOISTER: 1584 VDDA: 2.78 Vsol: 0.23 Vbat: 3.60  NTC: 18.4 18.8 18.1 19.0  SOIL: 1696.0 1254.0 935.0 
MOISTER: 1585 VDDA: 2.78 Vsol: 0.21 Vbat: 3.61  NTC: 18.3 18.8 18.1 19.0  SOIL: 1695.0 1253.0 933.0 
MOISTER: 1586 VDDA: 2.80 Vsol: 0.23 Vbat: 3.63  NTC: 18.3 18.8 18.1 19.0  SOIL: 1694.0 1253.0 930.0 
MOISTER: 1587 VDDA: 2.79 Vsol: 0.23 Vbat: 3.62  NTC: 18.3 18.7 18.0 18.9  SOIL: 1692.0 1253.0 933.0 
MOISTER: 1588 VDDA: 2.83 Vsol: 0.23 Vbat: 3.66  NTC: 18.3 18.8 18.1 19.0  SOIL: 1702.0 1252.0 931.0 
MOISTER: 1589 VDDA: 2.80 Vsol: 0.23 Vbat: 3.63  NTC: 18.3 18.8 18.1 19.0  SOIL: 1694.0 1260.0 938.0 
MOISTER: 1590 VDDA: 2.80 Vsol: 0.19 Vbat: 3.64  NTC: 18.3 18.8 18.1 19.0  SOIL: 1690.0 1257.0 928.0 
MOISTER: 1591 VDDA: 2.81 Vsol: 0.23 Vbat: 3.64  NTC: 18.3 18.8 18.1 19.1  SOIL: 1698.0 1252.0 934.0 
MOISTER: 1592 VDDA: 2.81 Vsol: 0.18 Vbat: 3.64  NTC: 18.3 18.8 18.1 19.0  SOIL: 1699.0 1258.0 935.0 
MOISTER: 1593 VDDA: 2.79 Vsol: 0.23 Vbat: 3.60  NTC: 18.3 18.8 18.1 19.0  SOIL: 1696.0 1253.0 934.0 
MOISTER: 1594 VDDA: 2.79 Vsol: 0.21 Vbat: 3.61  NTC: 18.3 18.8 18.1 19.0  SOIL: 1693.0 1258.0 932.0 
MOISTER: 1595 VDDA: 2.78 Vsol: 0.23 Vbat: 3.61  NTC: 18.3 18.8 18.1 18.9  SOIL: 1689.0 1254.0 934.0 
MOISTER: 1596 VDDA: 2.80 Vsol: 0.23 Vbat: 3.64  NTC: 18.3 18.7 18.1 19.0  SOIL: 1697.0 1256.0 935.0 
MOISTER: 1597 VDDA: 2.78 Vsol: 0.21 Vbat: 3.61  NTC: 18.3 18.8 18.0 18.9  SOIL: 1688.0 1259.0 930.0 
MOISTER: 1598 VDDA: 2.81 Vsol: 0.22 Vbat: 3.65  NTC: 18.3 18.7 18.1 18.9  SOIL: 1694.0 1253.0 931.0 
MOISTER: 1599 VDDA: 2.80 Vsol: 0.22 Vbat: 3.62  NTC: 18.3 18.8 18.0 18.9  SOIL: 1692.0 1253.0 932.0 
MOISTER: 1600 VDDA: 2.80 Vsol: 0.23 Vbat: 3.64  NTC: 18.3 18.7 18.0 18.9  SOIL: 1701.0 1253.0 931.0 
MOISTER: 1601 VDDA: 2.79 Vsol: 0.22 Vbat: 3.61  NTC: 18.3 18.7 18.0 18.9  SOIL: 1692.0 1254.0 932.0 
MOISTER: 1602 VDDA: 2.82 Vsol: 0.20 Vbat: 3.64  NTC: 18.3 18.7 18.0 18.9  SOIL: 1692.0 1258.0 936.0 
MOISTER: 1603 VDDA: 2.81 Vsol: 0.23 Vbat: 3.65  NTC: 18.3 18.7 18.0 18.9  SOIL: 1700.0 1255.0 933.0 
MOISTER: 1604 VDDA: 2.80 Vsol: 0.23 Vbat: 3.63  NTC: 18.3 18.7 18.0 18.9  SOIL: 1700.0 1254.0 933.0 
MOISTER: 1605 VDDA: 2.83 Vsol: 0.23 Vbat: 3.65  NTC: 18.3 18.7 18.0 18.9  SOIL: 1697.0 1253.0 934.0 
MOISTER: 1606 VDDA: 2.79 Vsol: 0.23 Vbat: 3.62  NTC: 18.3 18.7 18.0 18.9  SOIL: 1704.0 1257.0 934.0 
MOISTER: 1607 VDDA: 2.77 Vsol: 0.23 Vbat: 3.60  NTC: 18.3 18.7 18.0 18.9  SOIL: 1699.0 1252.0 937.0 
MOISTER: 1608 VDDA: 2.79 Vsol: 0.22 Vbat: 3.61  NTC: 18.3 18.7 18.0 18.8  SOIL: 1695.0 1255.0 932.0 
MOISTER: 1609 VDDA: 2.81 Vsol: 0.23 Vbat: 3.64  NTC: 18.3 18.7 18.0 18.8  SOIL: 1698.0 1253.0 934.0 
MOISTER: 1610 VDDA: 2.77 Vsol: 0.23 Vbat: 3.60  NTC: 18.3 18.7 18.0 18.8  SOIL: 1704.0 1258.0 932.0 
MOISTER: 1611 VDDA: 2.80 Vsol: 0.24 Vbat: 3.63  NTC: 18.3 18.7 18.0 18.9  SOIL: 1701.0 1262.0 934.0 
MOISTER: 1612 VDDA: 2.81 Vsol: 0.20 Vbat: 3.63  NTC: 18.3 18.7 18.0 18.8  SOIL: 1695.0 1258.0 929.0 
MOISTER: 1613 VDDA: 2.81 Vsol: 0.20 Vbat: 3.64  NTC: 18.3 18.7 18.0 18.8  SOIL: 1695.0 1256.0 936.0 
MOISTER: 1614 VDDA: 2.80 Vsol: 0.23 Vbat: 3.62  NTC: 18.3 18.7 18.0 18.7  SOIL: 1693.0 1257.0 931.0 
MOISTER: 1615 VDDA: 2.79 Vsol: 0.23 Vbat: 3.62  NTC: 18.3 18.7 18.0 18.7  SOIL: 1700.0 1258.0 934.0 
MOISTER: 1616 VDDA: 2.82 Vsol: 0.23 Vbat: 3.65  NTC: 18.3 18.7 18.0 18.7  SOIL: 1698.0 1257.0 937.0 
MOISTER: 1617 VDDA: 2.78 Vsol: 0.21 Vbat: 3.62  NTC: 18.3 18.7 18.0 18.7  SOIL: 1701.0 1262.0 932.0 
MOISTER: 1618 VDDA: 2.80 Vsol: 0.23 Vbat: 3.62  NTC: 18.3 18.7 18.0 18.7  SOIL: 1696.0 1257.0 936.0 
MOISTER: 1619 VDDA: 2.81 Vsol: 0.23 Vbat: 3.64  NTC: 18.3 18.6 18.0 18.7  SOIL: 1706.0 1263.0 940.0 
MOISTER: 1620 VDDA: 2.80 Vsol: 0.23 Vbat: 3.62  NTC: 18.3 18.6 18.0 18.7  SOIL: 1695.0 1260.0 931.0 
MOISTER: 1621 VDDA: 2.81 Vsol: 0.22 Vbat: 3.65  NTC: 18.3 18.7 18.0 18.7  SOIL: 1689.0 1258.0 937.0 
MOISTER: 1622 VDDA: 2.81 Vsol: 0.23 Vbat: 3.64  NTC: 18.3 18.6 18.0 18.6  SOIL: 1699.0 1255.0 933.0 
MOISTER: 1623 VDDA: 2.82 Vsol: 0.21 Vbat: 3.65  NTC: 18.3 18.6 18.0 18.6  SOIL: 1698.0 1256.0 938.0 
MOISTER: 1624 VDDA: 2.81 Vsol: 0.24 Vbat: 3.63  NTC: 18.3 18.6 18.0 18.6  SOIL: 1695.0 1255.0 933.0 
MOISTER: 1625 VDDA: 2.80 Vsol: 0.19 Vbat: 3.63  NTC: 18.2 18.6 18.0 18.6  SOIL: 1709.0 1259.0 936.0 
MOISTER: 1626 VDDA: 2.83 Vsol: 0.19 Vbat: 3.66  NTC: 18.2 18.6 18.0 18.6  SOIL: 1705.0 1254.0 935.0 
MOISTER: 1627 VDDA: 2.82 Vsol: 0.19 Vbat: 3.65  NTC: 18.2 18.6 18.0 18.6  SOIL: 1703.0 1257.0 938.0 
MOISTER: 1628 VDDA: 2.80 Vsol: 0.20 Vbat: 3.63  NTC: 18.2 18.6 17.9 18.6  SOIL: 1694.0 1262.0 935.0 
MOISTER: 1629 VDDA: 2.80 Vsol: 0.22 Vbat: 3.63  NTC: 18.2 18.6 17.9 18.5  SOIL: 1702.0 1257.0 936.0 
MOISTER: 1630 VDDA: 2.83 Vsol: 0.22 Vbat: 3.66  NTC: 18.2 18.6 18.1 18.5  SOIL: 1698.0 1261.0 939.0 
MOISTER: 1631 VDDA: 2.82 Vsol: 0.20 Vbat: 3.65  NTC: 18.2 18.6 17.9 18.5  SOIL: 1701.0 1254.0 938.0 
MOISTER: 1632 VDDA: 2.78 Vsol: 0.23 Vbat: 3.60  NTC: 18.2 18.6 17.9 18.5  SOIL: 1695.0 1260.0 932.0 
MOISTER: 1633 VDDA: 2.83 Vsol: 0.24 Vbat: 3.65  NTC: 18.2 18.6 17.9 18.5  SOIL: 1706.0 1261.0 936.0 
MOISTER: 1635 VDDA: 2.78 Vsol: 0.23 Vbat: 3.61  NTC: 18.2 18.6 17.9 18.5  SOIL: 1697.0 1260.0 938.0 
MOISTER: 1636 VDDA: 2.80 Vsol: 0.23 Vbat: 3.62  NTC: 18.2 18.6 17.9 18.5  SOIL: 1708.0 1260.0 938.0 
MOISTER: 1637 VDDA: 2.83 Vsol: 0.20 Vbat: 3.66  NTC: 18.2 18.6 17.9 18.5  SOIL: 1697.0 1257.0 935.0 
MOISTER: 1638 VDDA: 2.82 Vsol: 0.19 Vbat: 3.64  NTC: 18.2 18.6 17.9 18.5  SOIL: 1702.0 1258.0 934.0 
MOISTER: 1639 VDDA: 2.79 Vsol: 0.23 Vbat: 3.61  NTC: 18.2 18.6 17.8 18.4  SOIL: 1700.0 1256.0 939.0 
MOISTER: 1640 VDDA: 2.80 Vsol: 0.23 Vbat: 3.62  NTC: 18.2 18.6 17.8 18.4  SOIL: 1698.0 1263.0 934.0 
MOISTER: 1641 VDDA: 2.79 Vsol: 0.21 Vbat: 3.61  NTC: 18.2 18.6 17.8 18.4  SOIL: 1699.0 1265.0 936.0 
MOISTER: 1642 VDDA: 2.82 Vsol: 0.20 Vbat: 3.64  NTC: 18.2 18.6 17.8 18.4  SOIL: 1703.0 1258.0 934.0 
MOISTER: 1643 VDDA: 2.80 Vsol: 0.23 Vbat: 3.62  NTC: 18.2 18.6 17.8 18.4  SOIL: 1699.0 1263.0 936.0 
MOISTER: 1644 VDDA: 2.79 Vsol: 0.19 Vbat: 3.61  NTC: 18.2 18.6 17.8 18.4  SOIL: 1704.0 1262.0 938.0 
MOISTER: 1645 VDDA: 2.82 Vsol: 0.19 Vbat: 3.66  NTC: 18.2 18.6 17.8 18.4  SOIL: 1698.0 1261.0 934.0 
MOISTER: 1646 VDDA: 2.79 Vsol: 0.20 Vbat: 3.61  NTC: 18.2 18.6 17.8 18.3  SOIL: 1704.0 1254.0 937.0 
MOISTER: 1647 VDDA: 2.80 Vsol: 0.23 Vbat: 3.64  NTC: 18.1 18.6 17.8 18.3  SOIL: 1701.0 1262.0 938.0 
MOISTER: 1649 VDDA: 2.82 Vsol: 0.20 Vbat: 3.66  NTC: 18.2 18.5 17.8 18.3  SOIL: 1711.0 1261.0 939.0 
MOISTER: 1650 VDDA: 2.80 Vsol: 0.23 Vbat: 3.61  NTC: 18.1 18.5 17.8 18.3  SOIL: 1708.0 1257.0 938.0 
MOISTER: 1651 VDDA: 2.80 Vsol: 0.23 Vbat: 3.62  NTC: 18.1 18.5 17.8 18.3  SOIL: 1694.0 1260.0 934.0 
MOISTER: 1652 VDDA: 2.82 Vsol: 0.24 Vbat: 3.66  NTC: 18.1 18.5 17.8 18.3  SOIL: 1708.0 1258.0 937.0 
MOISTER: 1653 VDDA: 2.81 Vsol: 0.23 Vbat: 3.65  NTC: 18.1 18.5 17.8 18.3  SOIL: 1697.0 1258.0 932.0 
MOISTER: 1654 VDDA: 2.83 Vsol: 0.24 Vbat: 3.65  NTC: 18.1 18.5 17.8 18.3  SOIL: 1706.0 1254.0 940.0 
MOISTER: 1655 VDDA: 2.80 Vsol: 0.22 Vbat: 3.61  NTC: 18.1 18.5 17.8 18.3  SOIL: 1707.0 1257.0 939.0 
MOISTER: 1656 VDDA: 2.83 Vsol: 0.24 Vbat: 3.65  NTC: 18.1 18.5 17.8 18.3  SOIL: 1699.0 1256.0 934.0 
MOISTER: 1657 VDDA: 2.80 Vsol: 0.19 Vbat: 3.64  NTC: 18.0 18.5 17.7 18.2  SOIL: 1699.0 1254.0 937.0 
MOISTER: 1658 VDDA: 2.78 Vsol: 0.20 Vbat: 3.61  NTC: 18.0 18.5 17.7 18.2  SOIL: 1701.0 1263.0 942.0 
MOISTER: 1659 VDDA: 2.83 Vsol: 0.24 Vbat: 3.66  NTC: 18.0 18.5 17.7 18.2  SOIL: 1706.0 1264.0 933.0 
MOISTER: 1660 VDDA: 2.79 Vsol: 0.20 Vbat: 3.62  NTC: 18.0 18.5 17.7 18.2  SOIL: 1698.0 1260.0 938.0 
MOISTER: 1662 VDDA: 2.81 Vsol: 0.23 Vbat: 3.64  NTC: 18.0 18.4 17.7 18.2  SOIL: 1698.0 1263.0 934.0 
MOISTER: 1663 VDDA: 2.81 Vsol: 0.21 Vbat: 3.64  NTC: 18.0 18.5 17.7 18.2  SOIL: 1696.0 1259.0 937.0 
MOISTER: 1664 VDDA: 2.83 Vsol: 0.23 Vbat: 3.65  NTC: 18.0 18.5 17.7 18.2  SOIL: 1700.0 1256.0 937.0 
MOISTER: 1665 VDDA: 2.82 Vsol: 0.23 Vbat: 3.66  NTC: 18.0 18.5 17.7 18.2  SOIL: 1706.0 1259.0 937.0 
MOISTER: 1666 VDDA: 2.79 Vsol: 0.23 Vbat: 3.61  NTC: 18.0 18.4 17.7 18.3  SOIL: 1697.0 1258.0 936.0 
MOISTER: 1667 VDDA: 2.80 Vsol: 0.23 Vbat: 3.64  NTC: 18.0 18.4 17.7 18.3  SOIL: 1703.0 1261.0 939.0 
MOISTER: 1668 VDDA: 2.80 Vsol: 0.24 Vbat: 3.62  NTC: 18.0 18.4 17.7 18.2  SOIL: 1707.0 1256.0 933.0 
MOISTER: 1669 VDDA: 2.77 Vsol: 0.23 Vbat: 3.59  NTC: 18.0 18.4 17.7 18.2  SOIL: 1699.0 1256.0 940.0 
MOISTER: 1670 VDDA: 2.82 Vsol: 0.24 Vbat: 3.65  NTC: 18.0 18.4 17.7 18.2  SOIL: 1701.0 1253.0 935.0 
MOISTER: 1671 VDDA: 2.79 Vsol: 0.22 Vbat: 3.62  NTC: 18.0 18.4 17.7 18.2  SOIL: 1701.0 1265.0 936.0 
MOISTER: 1672 VDDA: 2.82 Vsol: 0.23 Vbat: 3.65  NTC: 18.0 18.4 17.7 18.1  SOIL: 1701.0 1263.0 938.0 
MOISTER: 1673 VDDA: 2.83 Vsol: 0.24 Vbat: 3.66  NTC: 18.0 18.4 17.6 18.1  SOIL: 1706.0 1265.0 938.0 
MOISTER: 1674 VDDA: 2.80 Vsol: 0.24 Vbat: 3.63  NTC: 18.0 18.4 17.6 18.1  SOIL: 1709.0 1258.0 940.0 
MOISTER: 1675 VDDA: 2.77 Vsol: 0.22 Vbat: 3.60  NTC: 18.0 18.4 17.6 18.1  SOIL: 1703.0 1264.0 940.0 
MOISTER: 1676 VDDA: 2.80 Vsol: 0.21 Vbat: 3.63  NTC: 18.0 18.4 17.6 18.1  SOIL: 1708.0 1257.0 937.0 
MOISTER: 1677 VDDA: 2.79 Vsol: 0.19 Vbat: 3.62  NTC: 17.9 18.4 17.6 18.0  SOIL: 1701.0 1263.0 940.0 
MOISTER: 1678 VDDA: 2.79 Vsol: 0.23 Vbat: 3.62  NTC: 17.9 18.4 17.6 18.0  SOIL: 1698.0 1258.0 941.0 
MOISTER: 1679 VDDA: 2.79 Vsol: 0.21 Vbat: 3.62  NTC: 17.9 18.4 17.6 18.0  SOIL: 1711.0 1259.0 938.0 
MOISTER: 1680 VDDA: 2.79 Vsol: 0.19 Vbat: 3.61  NTC: 17.9 18.4 17.6 18.0  SOIL: 1701.0 1257.0 938.0 
MOISTER: 1681 VDDA: 2.79 Vsol: 0.23 Vbat: 3.60  NTC: 17.9 18.4 17.6 18.0  SOIL: 1705.0 1259.0 935.0 
MOISTER: 1682 VDDA: 2.80 Vsol: 0.23 Vbat: 3.63  NTC: 17.9 18.4 17.6 18.0  SOIL: 1708.0 1257.0 940.0 
MOISTER: 1683 VDDA: 2.81 Vsol: 0.18 Vbat: 3.65  NTC: 17.9 18.4 17.6 18.0  SOIL: 1712.0 1261.0 940.0 
MOISTER: 1684 VDDA: 2.79 Vsol: 0.23 Vbat: 3.62  NTC: 17.9 18.4 17.6 17.9  SOIL: 1711.0 1261.0 937.0 
MOISTER: 1685 VDDA: 2.82 Vsol: 0.23 Vbat: 3.65  NTC: 17.9 18.4 17.6 17.9  SOIL: 1700.0 1262.0 939.0 
MOISTER: 1686 VDDA: 2.80 Vsol: 0.23 Vbat: 3.63  NTC: 17.9 18.4 17.6 17.9  SOIL: 1703.0 1267.0 939.0 
MOISTER: 1687 VDDA: 2.82 Vsol: 0.24 Vbat: 3.64  NTC: 17.9 18.4 17.6 17.9  SOIL: 1702.0 1263.0 944.0 
MOISTER: 1688 VDDA: 2.79 Vsol: 0.22 Vbat: 3.62  NTC: 17.9 18.4 17.6 17.9  SOIL: 1708.0 1256.0 940.0 
MOISTER: 1689 VDDA: 2.83 Vsol: 0.19 Vbat: 3.65  NTC: 17.8 18.4 17.6 17.9  SOIL: 1711.0 1260.0 942.0 
MOISTER: 1690 VDDA: 2.80 Vsol: 0.24 Vbat: 3.62  NTC: 17.8 18.4 17.6 17.9  SOIL: 1703.0 1264.0 936.0 
MOISTER: 1691 VDDA: 2.80 Vsol: 0.24 Vbat: 3.63  NTC: 17.8 18.4 17.6 17.8  SOIL: 1711.0 1265.0 939.0 
MOISTER: 1692 VDDA: 2.78 Vsol: 0.23 Vbat: 3.60  NTC: 17.8 18.4 17.5 17.7  SOIL: 1710.0 1263.0 937.0 
MOISTER: 1693 VDDA: 2.80 Vsol: 0.29 Vbat: 3.61  NTC: 17.8 18.3 17.5 17.7  SOIL: 1712.0 1264.0 946.0 
MOISTER: 1694 VDDA: 2.82 Vsol: 0.20 Vbat: 3.65  NTC: 17.8 18.3 17.5 17.8  SOIL: 1705.0 1262.0 938.0 
MOISTER: 1695 VDDA: 2.80 Vsol: 0.29 Vbat: 3.62  NTC: 17.8 18.3 17.5 17.8  SOIL: 1702.0 1258.0 937.0 
MOISTER: 1696 VDDA: 2.79 Vsol: 0.38 Vbat: 3.62  NTC: 17.8 18.3 17.5 17.7  SOIL: 1714.0 1265.0 944.0 
MOISTER: 1697 VDDA: 2.78 Vsol: 0.41 Vbat: 3.60  NTC: 17.8 18.3 17.5 17.8  SOIL: 1709.0 1264.0 941.0 
MOISTER: 1698 VDDA: 2.81 Vsol: 0.47 Vbat: 3.64  NTC: 17.8 18.3 17.5 17.8  SOIL: 1713.0 1266.0 937.0 
MOISTER: 1699 VDDA: 2.81 Vsol: 0.50 Vbat: 3.64  NTC: 17.8 18.3 17.5 17.7  SOIL: 1710.0 1261.0 940.0 
MOISTER: 1700 VDDA: 2.81 Vsol: 0.55 Vbat: 3.62  NTC: 17.8 18.3 17.5 17.8  SOIL: 1708.0 1259.0 942.0 
MOISTER: 1701 VDDA: 2.81 Vsol: 0.59 Vbat: 3.64  NTC: 17.8 18.3 17.5 17.8  SOIL: 1705.0 1258.0 937.0 
MOISTER: 1702 VDDA: 2.82 Vsol: 0.61 Vbat: 3.64  NTC: 17.8 18.3 17.5 17.8  SOIL: 1708.0 1262.0 939.0 
MOISTER: 1703 VDDA: 2.80 Vsol: 0.64 Vbat: 3.62  NTC: 17.8 18.3 17.5 17.7  SOIL: 1708.0 1263.0 941.0 
MOISTER: 1704 VDDA: 2.78 Vsol: 0.65 Vbat: 3.60  NTC: 17.8 18.3 17.5 17.7  SOIL: 1708.0 1253.0 941.0 
MOISTER: 1705 VDDA: 2.81 Vsol: 0.69 Vbat: 3.65  NTC: 17.8 18.3 17.4 17.7  SOIL: 1705.0 1265.0 938.0 
MOISTER: 1706 VDDA: 2.80 Vsol: 0.71 Vbat: 3.64  NTC: 17.7 18.3 17.4 17.7  SOIL: 1699.0 1259.0 938.0 
MOISTER: 1707 VDDA: 2.80 Vsol: 0.75 Vbat: 3.63  NTC: 17.7 18.3 17.4 17.7  SOIL: 1705.0 1265.0 943.0 
MOISTER: 1708 VDDA: 2.81 Vsol: 0.76 Vbat: 3.64  NTC: 17.7 18.3 17.4 17.7  SOIL: 1710.0 1254.0 944.0 
MOISTER: 1709 VDDA: 2.78 Vsol: 0.77 Vbat: 3.60  NTC: 17.7 18.3 17.4 17.7  SOIL: 1703.0 1263.0 941.0 
MOISTER: 1711 VDDA: 2.78 Vsol: 0.80 Vbat: 3.61  NTC: 17.7 18.3 17.4 17.7  SOIL: 1701.0 1267.0 943.0 
MOISTER: 1711 VDDA: 2.78 Vsol: 0.80 Vbat: 3.61  NTC: 17.7 18.3 17.4 17.7  SOIL: 1701.0 1267.0 943.0 
MOISTER: 1712 VDDA: 2.81 Vsol: 0.85 Vbat: 3.63  NTC: 17.7 18.2 17.4 17.6  SOIL: 1703.0 1263.0 938.0 
MOISTER: 1713 VDDA: 2.82 Vsol: 0.87 Vbat: 3.65  NTC: 17.7 18.2 17.3 17.6  SOIL: 1706.0 1258.0 942.0 
MOISTER: 1714 VDDA: 2.81 Vsol: 0.89 Vbat: 3.64  NTC: 17.7 18.2 17.3 17.6  SOIL: 1706.0 1267.0 939.0 
MOISTER: 1715 VDDA: 2.79 Vsol: 0.90 Vbat: 3.61  NTC: 17.7 18.2 17.3 17.6  SOIL: 1711.0 1254.0 945.0 
MOISTER: 1716 VDDA: 2.80 Vsol: 0.91 Vbat: 3.62  NTC: 17.7 18.2 17.3 17.6  SOIL: 1707.0 1254.0 940.0 
MOISTER: 1717 VDDA: 2.82 Vsol: 0.96 Vbat: 3.65  NTC: 17.7 18.2 17.3 17.6  SOIL: 1710.0 1258.0 939.0 
MOISTER: 1718 VDDA: 2.83 Vsol: 0.99 Vbat: 3.66  NTC: 17.6 18.1 17.3 17.5  SOIL: 1714.0 1260.0 940.0 
MOISTER: 1719 VDDA: 2.80 Vsol: 1.01 Vbat: 3.65  NTC: 17.6 18.1 17.3 17.5  SOIL: 1712.0 1263.0 943.0 
MOISTER: 1720 VDDA: 2.81 Vsol: 1.04 Vbat: 3.64  NTC: 17.6 18.1 17.3 17.5  SOIL: 1713.0 1262.0 937.0 
MOISTER: 1721 VDDA: 2.78 Vsol: 1.04 Vbat: 3.60  NTC: 17.6 18.1 17.3 17.5  SOIL: 1709.0 1262.0 940.0 
MOISTER: 1722 VDDA: 2.83 Vsol: 1.08 Vbat: 3.66  NTC: 17.6 18.1 17.3 17.6  SOIL: 1707.0 1259.0 938.0 
MOISTER: 1723 VDDA: 2.80 Vsol: 1.09 Vbat: 3.63  NTC: 17.6 18.1 17.3 17.5  SOIL: 1715.0 1261.0 945.0 
MOISTER: 1724 VDDA: 2.82 Vsol: 1.11 Vbat: 3.64  NTC: 17.6 18.1 17.3 17.5  SOIL: 1708.0 1266.0 940.0 
MOISTER: 1725 VDDA: 2.83 Vsol: 1.13 Vbat: 3.65  NTC: 17.5 18.1 17.3 17.5  SOIL: 1722.0 1260.0 936.0 
MOISTER: 1726 VDDA: 2.79 Vsol: 1.12 Vbat: 3.62  NTC: 17.5 18.1 17.3 17.6  SOIL: 1713.0 1264.0 940.0 
MOISTER: 1726 VDDA: 2.79 Vsol: 1.12 Vbat: 3.62  NTC: 17.5 18.1 17.3 17.6  SOIL: 1713.0 1264.0 940.0 
MOISTER: 1727 VDDA: 2.82 Vsol: 1.16 Vbat: 3.65  NTC: 17.5 18.1 17.2 17.6  SOIL: 1714.0 1262.0 938.0 
MOISTER: 1728 VDDA: 2.81 Vsol: 1.16 Vbat: 3.63  NTC: 17.5 18.1 17.2 17.6  SOIL: 1704.0 1265.0 938.0 
MOISTER: 1729 VDDA: 2.81 Vsol: 1.17 Vbat: 3.63  NTC: 17.5 18.1 17.2 17.6  SOIL: 1706.0 1259.0 936.0 
MOISTER: 1730 VDDA: 2.80 Vsol: 1.18 Vbat: 3.62  NTC: 17.5 18.1 17.2 17.6  SOIL: 1710.0 1257.0 943.0 
MOISTER: 1731 VDDA: 2.79 Vsol: 1.18 Vbat: 3.62  NTC: 17.5 18.0 17.1 17.6  SOIL: 1705.0 1266.0 939.0 
MOISTER: 1732 VDDA: 2.82 Vsol: 1.20 Vbat: 3.64  NTC: 17.5 18.0 17.2 17.6  SOIL: 1715.0 1265.0 936.0 
MOISTER: 1733 VDDA: 2.79 Vsol: 1.20 Vbat: 3.61  NTC: 17.5 18.0 17.1 17.6  SOIL: 1706.0 1265.0 939.0 
MOISTER: 1734 VDDA: 2.79 Vsol: 1.22 Vbat: 3.62  NTC: 17.5 18.0 17.1 17.5  SOIL: 1716.0 1260.0 947.0 
MOISTER: 1735 VDDA: 2.79 Vsol: 1.22 Vbat: 3.60  NTC: 17.5 18.0 17.1 17.5  SOIL: 1712.0 1266.0 939.0 
MOISTER: 1736 VDDA: 2.81 Vsol: 1.26 Vbat: 3.63  NTC: 17.5 18.0 17.1 17.5  SOIL: 1719.0 1259.0 944.0 
MOISTER: 1737 VDDA: 2.81 Vsol: 1.31 Vbat: 3.65  NTC: 17.5 18.0 17.1 17.5  SOIL: 1706.0 1264.0 945.0 
MOISTER: 1738 VDDA: 2.80 Vsol: 1.33 Vbat: 3.64  NTC: 17.5 18.0 17.1 17.5  SOIL: 1705.0 1261.0 940.0 
MOISTER: 1739 VDDA: 2.80 Vsol: 1.38 Vbat: 3.63  NTC: 17.5 18.0 17.1 17.6  SOIL: 1716.0 1266.0 943.0 
MOISTER: 1740 VDDA: 2.79 Vsol: 1.39 Vbat: 3.63  NTC: 17.5 18.0 17.1 17.6  SOIL: 1710.0 1260.0 946.0 
MOISTER: 1741 VDDA: 2.79 Vsol: 1.53 Vbat: 3.61  NTC: 17.5 18.0 17.1 17.7  SOIL: 1712.0 1262.0 939.0 
MOISTER: 1742 VDDA: 2.80 Vsol: 1.60 Vbat: 3.63  NTC: 17.5 18.0 17.0 17.9  SOIL: 1709.0 1261.0 939.0 
MOISTER: 1743 VDDA: 2.78 Vsol: 1.60 Vbat: 3.61  NTC: 17.5 17.9 17.0 18.0  SOIL: 1715.0 1259.0 943.0 
MOISTER: 1744 VDDA: 2.79 Vsol: 1.73 Vbat: 3.60  NTC: 17.5 17.9 17.0 18.3  SOIL: 1711.0 1268.0 941.0 
MOISTER: 1745 VDDA: 2.82 Vsol: 1.76 Vbat: 3.65  NTC: 17.5 17.9 17.0 18.5  SOIL: 1715.0 1257.0 944.0 
MOISTER: 1746 VDDA: 2.79 Vsol: 1.54 Vbat: 3.61  NTC: 17.5 17.9 17.0 18.5  SOIL: 1713.0 1263.0 944.0 
MOISTER: 1747 VDDA: 2.82 Vsol: 1.79 Vbat: 3.66  NTC: 17.5 17.9 17.0 18.5  SOIL: 1714.0 1262.0 946.0 
MOISTER: 1748 VDDA: 2.80 Vsol: 1.87 Vbat: 3.64  NTC: 17.5 17.9 17.0 19.4  SOIL: 1708.0 1259.0 944.0 
MOISTER: 1749 VDDA: 2.81 Vsol: 1.88 Vbat: 3.65  NTC: 17.5 17.9 17.0 20.0  SOIL: 1718.0 1263.0 945.0 
MOISTER: 1751 VDDA: 2.80 Vsol: 1.87 Vbat: 3.63  NTC: 17.5 17.9 17.0 20.5  SOIL: 1715.0 1259.0 947.0 
MOISTER: 1752 VDDA: 2.82 Vsol: 1.89 Vbat: 3.66  NTC: 17.5 17.9 17.0 20.9  SOIL: 1711.0 1261.0 944.0 
MOISTER: 1753 VDDA: 2.78 Vsol: 1.87 Vbat: 3.62  NTC: 17.6 17.9 17.0 21.3  SOIL: 1712.0 1263.0 945.0 
MOISTER: 1754 VDDA: 2.80 Vsol: 1.88 Vbat: 3.64  NTC: 17.6 17.9 17.0 21.6  SOIL: 1708.0 1255.0 943.0 
MOISTER: 1755 VDDA: 2.78 Vsol: 1.88 Vbat: 3.62  NTC: 17.6 17.9 17.0 21.8  SOIL: 1703.0 1261.0 942.0 
MOISTER: 1756 VDDA: 2.80 Vsol: 1.89 Vbat: 3.64  NTC: 17.7 17.9 17.0 22.1  SOIL: 1712.0 1256.0 942.0 
MOISTER: 1757 VDDA: 2.82 Vsol: 1.91 Vbat: 3.67  NTC: 17.7 17.9 17.0 22.3  SOIL: 1701.0 1260.0 944.0 
MOISTER: 1758 VDDA: 2.78 Vsol: 1.87 Vbat: 3.61  NTC: 17.8 17.9 17.0 22.7  SOIL: 1703.0 1261.0 942.0 
MOISTER: 1759 VDDA: 2.82 Vsol: 1.91 Vbat: 3.67  NTC: 17.8 17.9 17.0 22.8  SOIL: 1700.0 1259.0 945.0 
MOISTER: 1760 VDDA: 2.82 Vsol: 1.90 Vbat: 3.65  NTC: 17.8 17.9 17.0 23.1  SOIL: 1697.0 1258.0 943.0 
MOISTER: 1761 VDDA: 2.79 Vsol: 1.90 Vbat: 3.63  NTC: 17.8 17.9 17.0 23.2  SOIL: 1703.0 1258.0 943.0 
MOISTER: 1762 VDDA: 2.78 Vsol: 1.89 Vbat: 3.61  NTC: 17.9 18.0 17.1 23.2  SOIL: 1710.0 1253.0 946.0 
MOISTER: 1763 VDDA: 2.82 Vsol: 1.91 Vbat: 3.67  NTC: 18.0 18.0 17.1 23.3  SOIL: 1704.0 1263.0 943.0 
MOISTER: 1764 VDDA: 2.82 Vsol: 1.91 Vbat: 3.66  NTC: 18.0 18.0 17.1 23.4  SOIL: 1700.0 1254.0 947.0 
MOISTER: 1765 VDDA: 2.83 Vsol: 1.92 Vbat: 3.68  NTC: 18.0 18.0 17.1 23.6  SOIL: 1702.0 1255.0 946.0 
MOISTER: 1766 VDDA: 2.81 Vsol: 1.93 Vbat: 3.66  NTC: 18.1 18.0 17.2 23.6  SOIL: 1698.0 1257.0 942.0 
MOISTER: 1767 VDDA: 2.80 Vsol: 1.91 Vbat: 3.65  NTC: 18.2 18.1 17.2 23.8  SOIL: 1701.0 1256.0 943.0 
MOISTER: 1768 VDDA: 2.81 Vsol: 1.93 Vbat: 3.67  NTC: 18.2 18.1 17.3 23.8  SOIL: 1702.0 1253.0 946.0 
MOISTER: 1769 VDDA: 2.83 Vsol: 1.93 Vbat: 3.68  NTC: 18.3 18.1 17.3 23.8  SOIL: 1702.0 1261.0 945.0 
MOISTER: 1770 VDDA: 2.81 Vsol: 1.92 Vbat: 3.67  NTC: 18.3 18.1 17.3 23.4  SOIL: 1709.0 1260.0 947.0 
MOISTER: 1771 VDDA: 2.80 Vsol: 1.92 Vbat: 3.66  NTC: 18.3 18.2 17.3 23.9  SOIL: 1692.0 1255.0 943.0 
MOISTER: 1772 VDDA: 2.80 Vsol: 1.93 Vbat: 3.65  NTC: 18.4 18.3 17.4 24.1  SOIL: 1692.0 1257.0 943.0 
MOISTER: 1773 VDDA: 2.82 Vsol: 1.92 Vbat: 3.67  NTC: 18.5 18.3 17.4 24.3  SOIL: 1699.0 1257.0 946.0 
MOISTER: 1774 VDDA: 2.77 Vsol: 1.93 Vbat: 3.63  NTC: 18.5 18.3 17.5 24.6  SOIL: 1696.0 1255.0 947.0 
MOISTER: 1775 VDDA: 2.78 Vsol: 1.92 Vbat: 3.63  NTC: 18.6 18.3 17.5 24.6  SOIL: 1691.0 1260.0 941.0 
MOISTER: 1776 VDDA: 2.79 Vsol: 1.97 Vbat: 3.63  NTC: 18.7 18.4 17.5 24.5  SOIL: 1693.0 1258.0 941.0 
MOISTER: 1777 VDDA: 2.78 Vsol: 1.87 Vbat: 3.63  NTC: 18.7 18.4 17.6 24.5  SOIL: 1695.0 1257.0 944.0 
MOISTER: 1778 VDDA: 2.81 Vsol: 1.81 Vbat: 3.65  NTC: 18.8 18.4 17.6 23.8  SOIL: 1691.0 1252.0 939.0 
MOISTER: 1779 VDDA: 2.79 Vsol: 1.93 Vbat: 3.66  NTC: 18.8 18.4 17.6 23.6  SOIL: 1694.0 1253.0 941.0 
MOISTER: 1780 VDDA: 2.80 Vsol: 1.94 Vbat: 3.66  NTC: 18.8 18.5 17.7 23.9  SOIL: 1690.0 1256.0 942.0 
MOISTER: 1781 VDDA: 2.80 Vsol: 1.94 Vbat: 3.66  NTC: 18.9 18.5 17.7 24.3  SOIL: 1693.0 1250.0 943.0 
MOISTER: 1782 VDDA: 2.81 Vsol: 2.00 Vbat: 3.68  NTC: 18.9 18.5 17.8 24.4  SOIL: 1689.0 1257.0 942.0 
MOISTER: 1783 VDDA: 2.81 Vsol: 2.00 Vbat: 3.68  NTC: 19.0 18.6 17.8 24.9  SOIL: 1698.0 1249.0 943.0 
MOISTER: 1784 VDDA: 2.81 Vsol: 2.00 Vbat: 3.68  NTC: 19.1 18.6 17.9 25.4  SOIL: 1696.0 1251.0 945.0 
MOISTER: 1785 VDDA: 2.81 Vsol: 2.00 Vbat: 3.69  NTC: 19.1 18.6 18.0 25.5  SOIL: 1690.0 1255.0 942.0 
MOISTER: 1786 VDDA: 2.79 Vsol: 2.00 Vbat: 3.65  NTC: 19.2 18.7 18.0 25.7  SOIL: 1691.0 1257.0 943.0 
MOISTER: 1787 VDDA: 2.81 Vsol: 2.01 Vbat: 3.68  NTC: 19.2 18.7 18.0 25.7  SOIL: 1687.0 1248.0 940.0 
MOISTER: 1788 VDDA: 2.79 Vsol: 2.00 Vbat: 3.67  NTC: 19.3 18.8 18.1 25.8  SOIL: 1698.0 1257.0 943.0 
MOISTER: 1789 VDDA: 2.78 Vsol: 1.97 Vbat: 3.64  NTC: 19.4 18.8 18.1 25.9  SOIL: 1697.0 1257.0 946.0 
MOISTER: 1790 VDDA: 2.80 Vsol: 1.98 Vbat: 3.67  NTC: 19.4 18.9 18.1 26.0  SOIL: 1692.0 1251.0 939.0 
MOISTER: 1791 VDDA: 2.79 Vsol: 2.00 Vbat: 3.66  NTC: 19.4 18.9 18.2 26.0  SOIL: 1688.0 1247.0 940.0 
MOISTER: 1792 VDDA: 2.81 Vsol: 2.01 Vbat: 3.69  NTC: 19.5 18.9 18.2 26.1  SOIL: 1687.0 1250.0 942.0 
MOISTER: 1793 VDDA: 2.78 Vsol: 1.99 Vbat: 3.64  NTC: 19.5 19.0 18.3 26.5  SOIL: 1694.0 1255.0 940.0 
MOISTER: 1794 VDDA: 2.81 Vsol: 2.01 Vbat: 3.70  NTC: 19.6 19.0 18.4 27.3  SOIL: 1692.0 1252.0 945.0 
MOISTER: 1795 VDDA: 2.80 Vsol: 2.00 Vbat: 3.67  NTC: 19.7 19.1 18.5 26.8  SOIL: 1696.0 1248.0 941.0 
MOISTER: 1796 VDDA: 2.80 Vsol: 2.01 Vbat: 3.70  NTC: 19.8 19.2 18.5 26.8  SOIL: 1688.0 1251.0 939.0 
MOISTER: 1797 VDDA: 2.79 Vsol: 2.01 Vbat: 3.66  NTC: 19.9 19.2 18.6 26.9  SOIL: 1683.0 1253.0 940.0 
MOISTER: 1798 VDDA: 2.79 Vsol: 1.99 Vbat: 3.66  NTC: 19.9 19.3 18.6 27.2  SOIL: 1691.0 1252.0 941.0 
MOISTER: 1799 VDDA: 2.80 Vsol: 2.01 Vbat: 3.68  NTC: 20.0 19.3 18.7 27.2  SOIL: 1683.0 1253.0 944.0 
MOISTER: 1800 VDDA: 2.80 Vsol: 2.01 Vbat: 3.67  NTC: 20.0 19.3 18.8 26.9  SOIL: 1692.0 1249.0 941.0 
MOISTER: 1801 VDDA: 2.79 Vsol: 2.01 Vbat: 3.66  NTC: 20.1 19.4 18.8 27.4  SOIL: 1685.0 1249.0 944.0 
MOISTER: 1802 VDDA: 2.80 Vsol: 2.02 Vbat: 3.68  NTC: 20.1 19.4 18.9 27.3  SOIL: 1684.0 1244.0 942.0 
MOISTER: 1803 VDDA: 2.79 Vsol: 2.00 Vbat: 3.70  NTC: 20.2 19.5 19.0 27.4  SOIL: 1681.0 1250.0 941.0 
MOISTER: 1804 VDDA: 2.81 Vsol: 2.00 Vbat: 3.71  NTC: 20.3 19.5 19.0 27.7  SOIL: 1686.0 1244.0 939.0 
MOISTER: 1805 VDDA: 2.79 Vsol: 2.02 Vbat: 3.68  NTC: 20.3 19.6 19.1 27.4  SOIL: 1685.0 1251.0 940.0 
MOISTER: 1806 VDDA: 2.81 Vsol: 2.03 Vbat: 3.71  NTC: 20.4 19.6 19.2 27.7  SOIL: 1686.0 1251.0 935.0 
MOISTER: 1807 VDDA: 2.80 Vsol: 2.02 Vbat: 3.67  NTC: 20.5 19.7 19.2 27.9  SOIL: 1685.0 1245.0 937.0 
MOISTER: 1808 VDDA: 2.79 Vsol: 2.01 Vbat: 3.69  NTC: 20.5 19.7 19.3 28.3  SOIL: 1684.0 1249.0 935.0 
MOISTER: 1809 VDDA: 2.80 Vsol: 2.02 Vbat: 3.67  NTC: 20.6 19.8 19.4 28.2  SOIL: 1679.0 1245.0 938.0 
MOISTER: 1810 VDDA: 2.80 Vsol: 2.02 Vbat: 3.70  NTC: 20.6 19.9 19.4 28.6  SOIL: 1685.0 1252.0 944.0 
MOISTER: 1811 VDDA: 2.80 Vsol: 2.01 Vbat: 3.70  NTC: 20.7 19.9 19.5 27.8  SOIL: 1680.0 1247.0 939.0 
MOISTER: 1812 VDDA: 2.79 Vsol: 2.02 Vbat: 3.71  NTC: 20.7 20.0 19.6 28.0  SOIL: 1681.0 1248.0 934.0 
MOISTER: 1813 VDDA: 2.80 Vsol: 2.02 Vbat: 3.69  NTC: 20.8 20.0 19.7 28.3  SOIL: 1684.0 1253.0 938.0 
MOISTER: 1814 VDDA: 2.81 Vsol: 2.03 Vbat: 3.73  NTC: 20.9 20.1 19.7 28.7  SOIL: 1683.0 1248.0 940.0 
MOISTER: 1815 VDDA: 2.79 Vsol: 2.02 Vbat: 3.70  NTC: 20.9 20.1 19.8 28.7  SOIL: 1679.0 1245.0 931.0 
MOISTER: 1816 VDDA: 2.81 Vsol: 2.02 Vbat: 3.72  NTC: 21.0 20.1 19.8 28.7  SOIL: 1680.0 1245.0 938.0 
MOISTER: 1817 VDDA: 2.80 Vsol: 2.04 Vbat: 3.68  NTC: 21.1 20.2 19.9 28.8  SOIL: 1678.0 1248.0 939.0 
MOISTER: 1818 VDDA: 2.80 Vsol: 2.04 Vbat: 3.68  NTC: 21.1 20.3 20.0 28.3  SOIL: 1679.0 1253.0 941.0 
MOISTER: 1819 VDDA: 2.79 Vsol: 2.04 Vbat: 3.70  NTC: 21.2 20.3 20.0 28.3  SOIL: 1681.0 1243.0 938.0 
MOISTER: 1820 VDDA: 2.79 Vsol: 2.03 Vbat: 3.71  NTC: 21.2 20.4 20.1 28.6  SOIL: 1674.0 1241.0 937.0 
MOISTER: 1821 VDDA: 2.80 Vsol: 2.03 Vbat: 3.71  NTC: 21.3 20.4 20.2 28.8  SOIL: 1681.0 1245.0 934.0 
MOISTER: 1822 VDDA: 2.80 Vsol: 2.06 Vbat: 3.69  NTC: 21.3 20.5 20.2 29.4  SOIL: 1684.0 1252.0 937.0 
MOISTER: 1823 VDDA: 2.80 Vsol: 2.02 Vbat: 3.69  NTC: 21.4 20.5 20.4 29.1  SOIL: 1675.0 1248.0 939.0 
MOISTER: 1824 VDDA: 2.80 Vsol: 2.04 Vbat: 3.73  NTC: 21.4 20.6 20.4 29.1  SOIL: 1682.0 1247.0 936.0 
MOISTER: 1825 VDDA: 2.79 Vsol: 2.03 Vbat: 3.69  NTC: 21.5 20.7 20.4 29.8  SOIL: 1677.0 1249.0 941.0 
MOISTER: 1826 VDDA: 2.80 Vsol: 2.03 Vbat: 3.69  NTC: 21.6 20.7 20.5 30.3  SOIL: 1681.0 1243.0 936.0 
MOISTER: 1827 VDDA: 2.80 Vsol: 2.03 Vbat: 3.69  NTC: 21.7 20.7 20.6 29.9  SOIL: 1681.0 1247.0 936.0 
MOISTER: 1828 VDDA: 2.80 Vsol: 2.05 Vbat: 3.73  NTC: 21.7 20.8 20.6 29.4  SOIL: 1678.0 1242.0 940.0 
MOISTER: 1829 VDDA: 2.79 Vsol: 2.05 Vbat: 3.74  NTC: 21.8 20.9 20.7 30.1  SOIL: 1677.0 1245.0 934.0 
MOISTER: 1830 VDDA: 2.80 Vsol: 2.02 Vbat: 3.72  NTC: 21.9 20.9 20.7 29.9  SOIL: 1672.0 1244.0 939.0 
MOISTER: 1831 VDDA: 2.79 Vsol: 2.04 Vbat: 3.73  NTC: 21.9 21.0 20.8 29.7  SOIL: 1675.0 1243.0 935.0 
MOISTER: 1832 VDDA: 2.80 Vsol: 2.04 Vbat: 3.71  NTC: 21.9 21.0 20.9 29.2  SOIL: 1674.0 1247.0 937.0 
MOISTER: 1833 VDDA: 2.80 Vsol: 2.04 Vbat: 3.74  NTC: 22.0 21.1 21.0 29.3  SOIL: 1678.0 1245.0 936.0 
MOISTER: 1834 VDDA: 2.80 Vsol: 2.04 Vbat: 3.73  NTC: 22.0 21.1 21.0 30.1  SOIL: 1675.0 1246.0 939.0 
MOISTER: 1835 VDDA: 2.79 Vsol: 2.03 Vbat: 3.72  NTC: 22.1 21.2 21.1 29.9  SOIL: 1674.0 1244.0 934.0 
MOISTER: 1836 VDDA: 2.80 Vsol: 2.03 Vbat: 3.70  NTC: 22.1 21.2 21.1 30.0  SOIL: 1672.0 1242.0 931.0 
MOISTER: 1837 VDDA: 2.80 Vsol: 2.06 Vbat: 3.74  NTC: 22.2 21.3 21.2 30.0  SOIL: 1675.0 1246.0 933.0 
MOISTER: 1838 VDDA: 2.80 Vsol: 2.05 Vbat: 3.73  NTC: 22.3 21.3 21.3 30.5  SOIL: 1673.0 1248.0 936.0 
MOISTER: 1839 VDDA: 2.81 Vsol: 2.05 Vbat: 3.73  NTC: 22.3 21.4 21.4 30.6  SOIL: 1677.0 1247.0 935.0 
MOISTER: 1840 VDDA: 2.79 Vsol: 2.04 Vbat: 3.72  NTC: 22.4 21.5 21.4 30.3  SOIL: 1676.0 1246.0 936.0 
MOISTER: 1841 VDDA: 2.80 Vsol: 2.06 Vbat: 3.75  NTC: 22.4 21.5 21.5 30.6  SOIL: 1684.0 1245.0 937.0 
MOISTER: 1842 VDDA: 2.80 Vsol: 2.02 Vbat: 3.72  NTC: 22.5 21.6 21.6 31.3  SOIL: 1680.0 1244.0 936.0 
MOISTER: 1843 VDDA: 2.80 Vsol: 2.04 Vbat: 3.73  NTC: 22.6 21.7 21.7 31.7  SOIL: 1673.0 1242.0 932.0 
MOISTER: 1844 VDDA: 2.81 Vsol: 1.86 Vbat: 3.70  NTC: 22.6 21.7 21.7 30.2  SOIL: 1677.0 1242.0 930.0 
MOISTER: 1845 VDDA: 2.81 Vsol: 1.77 Vbat: 3.73  NTC: 22.6 21.7 21.8 27.4  SOIL: 1683.0 1246.0 934.0 
MOISTER: 1846 VDDA: 2.80 Vsol: 1.75 Vbat: 3.70  NTC: 22.6 21.8 21.8 25.4  SOIL: 1687.0 1258.0 939.0 
MOISTER: 1847 VDDA: 2.80 Vsol: 1.75 Vbat: 3.71  NTC: 22.6 21.8 21.9 24.2  SOIL: 1684.0 1257.0 937.0 
MOISTER: 1848 VDDA: 2.80 Vsol: 1.75 Vbat: 3.71  NTC: 22.6 21.9 21.9 23.7  SOIL: 1686.0 1256.0 938.0 
MOISTER: 1849 VDDA: 2.81 Vsol: 1.73 Vbat: 3.71  NTC: 22.5 21.9 22.0 23.1  SOIL: 1681.0 1256.0 944.0 
MOISTER: 1850 VDDA: 2.80 Vsol: 1.72 Vbat: 3.70  NTC: 22.5 21.9 22.1 22.7  SOIL: 1682.0 1256.0 938.0 
MOISTER: 1851 VDDA: 2.80 Vsol: 1.73 Vbat: 3.71  NTC: 22.4 21.9 22.1 22.4  SOIL: 1681.0 1259.0 941.0 
MOISTER: 1852 VDDA: 2.81 Vsol: 1.72 Vbat: 3.70  NTC: 22.4 22.0 22.1 22.3  SOIL: 1683.0 1253.0 938.0 
MOISTER: 1853 VDDA: 2.81 Vsol: 1.72 Vbat: 3.73  NTC: 22.3 22.0 22.1 22.1  SOIL: 1682.0 1253.0 936.0 
MOISTER: 1854 VDDA: 2.80 Vsol: 1.72 Vbat: 3.69  NTC: 22.3 22.0 22.2 22.0  SOIL: 1683.0 1258.0 938.0 
MOISTER: 1855 VDDA: 2.81 Vsol: 1.72 Vbat: 3.69  NTC: 22.3 22.0 22.2 22.1  SOIL: 1683.0 1258.0 936.0 
MOISTER: 1856 VDDA: 2.80 Vsol: 1.72 Vbat: 3.72  NTC: 22.3 22.0 22.2 22.0  SOIL: 1682.0 1256.0 938.0 
MOISTER: 1857 VDDA: 2.80 Vsol: 1.70 Vbat: 3.72  NTC: 22.2 22.0 22.1 22.0  SOIL: 1681.0 1251.0 934.0 
MOISTER: 1858 VDDA: 2.80 Vsol: 1.69 Vbat: 3.72  NTC: 22.1 22.0 22.1 21.8  SOIL: 1688.0 1253.0 938.0 
MOISTER: 1859 VDDA: 2.79 Vsol: 1.67 Vbat: 3.68  NTC: 22.1 22.0 22.1 21.7  SOIL: 1691.0 1252.0 941.0 
MOISTER: 1860 VDDA: 2.80 Vsol: 1.67 Vbat: 3.69  NTC: 22.0 22.0 22.1 21.6  SOIL: 1693.0 1255.0 939.0 
MOISTER: 1861 VDDA: 2.80 Vsol: 1.68 Vbat: 3.69  NTC: 21.9 22.0 22.1 21.5  SOIL: 1692.0 1257.0 941.0 
MOISTER: 1862 VDDA: 2.80 Vsol: 1.65 Vbat: 3.73  NTC: 21.9 22.0 22.0 21.4  SOIL: 1688.0 1253.0 937.0 
MOISTER: 1863 VDDA: 2.81 Vsol: 1.65 Vbat: 3.69  NTC: 21.9 22.0 22.0 21.4  SOIL: 1693.0 1258.0 938.0 
MOISTER: 1864 VDDA: 2.79 Vsol: 1.64 Vbat: 3.72  NTC: 21.9 21.9 22.0 21.2  SOIL: 1690.0 1262.0 939.0 
MOISTER: 1865 VDDA: 2.80 Vsol: 1.63 Vbat: 3.69  NTC: 21.8 21.9 21.9 21.1  SOIL: 1692.0 1254.0 942.0 
MOISTER: 1866 VDDA: 2.80 Vsol: 1.64 Vbat: 3.68  NTC: 21.7 21.9 21.9 21.0  SOIL: 1696.0 1257.0 945.0 
MOISTER: 1867 VDDA: 2.79 Vsol: 1.66 Vbat: 3.73  NTC: 21.7 21.9 21.8 21.0  SOIL: 1685.0 1262.0 944.0 
MOISTER: 1868 VDDA: 2.80 Vsol: 1.69 Vbat: 3.71  NTC: 21.6 21.9 21.8 21.0  SOIL: 1691.0 1253.0 937.0 
MOISTER: 1869 VDDA: 2.80 Vsol: 1.69 Vbat: 3.73  NTC: 21.6 21.8 21.8 21.1  SOIL: 1693.0 1258.0 942.0 
MOISTER: 1870 VDDA: 2.80 Vsol: 1.71 Vbat: 3.70  NTC: 21.5 21.8 21.7 21.2  SOIL: 1694.0 1260.0 935.0 
MOISTER: 1871 VDDA: 2.80 Vsol: 1.72 Vbat: 3.73  NTC: 21.5 21.8 21.7 21.3  SOIL: 1692.0 1258.0 943.0 
MOISTER: 1872 VDDA: 2.80 Vsol: 1.71 Vbat: 3.69  NTC: 21.4 21.7 21.7 21.6  SOIL: 1694.0 1252.0 939.0 
MOISTER: 1873 VDDA: 2.80 Vsol: 1.71 Vbat: 3.72  NTC: 21.4 21.7 21.6 21.5  SOIL: 1691.0 1255.0 939.0 
MOISTER: 1874 VDDA: 2.80 Vsol: 1.68 Vbat: 3.72  NTC: 21.3 21.7 21.6 21.5  SOIL: 1698.0 1254.0 939.0 
MOISTER: 1875 VDDA: 2.80 Vsol: 1.68 Vbat: 3.71  NTC: 21.3 21.6 21.5 21.7  SOIL: 1700.0 1259.0 941.0 
MOISTER: 1876 VDDA: 2.81 Vsol: 1.68 Vbat: 3.72  NTC: 21.2 21.6 21.5 21.7  SOIL: 1702.0 1259.0 938.0 
MOISTER: 1877 VDDA: 2.80 Vsol: 1.68 Vbat: 3.73  NTC: 21.2 21.6 21.4 21.8  SOIL: 1697.0 1256.0 942.0 
MOISTER: 1878 VDDA: 2.79 Vsol: 1.66 Vbat: 3.70  NTC: 21.2 21.5 21.4 21.6  SOIL: 1697.0 1256.0 942.0 
MOISTER: 1879 VDDA: 2.80 Vsol: 1.61 Vbat: 3.73  NTC: 21.1 21.5 21.3 21.2  SOIL: 1700.0 1258.0 941.0 
MOISTER: 1880 VDDA: 2.80 Vsol: 1.69 Vbat: 3.70  NTC: 21.1 21.4 21.3 21.1  SOIL: 1695.0 1263.0 941.0 
MOISTER: 1881 VDDA: 2.80 Vsol: 1.65 Vbat: 3.71  NTC: 21.1 21.4 21.2 21.0  SOIL: 1699.0 1258.0 943.0 
MOISTER: 1882 VDDA: 2.80 Vsol: 1.62 Vbat: 3.70  NTC: 21.0 21.4 21.2 20.9  SOIL: 1702.0 1263.0 942.0 
MOISTER: 1883 VDDA: 2.79 Vsol: 1.58 Vbat: 3.72  NTC: 21.0 21.4 21.2 20.8  SOIL: 1703.0 1263.0 947.0 
MOISTER: 1884 VDDA: 2.80 Vsol: 1.55 Vbat: 3.68  NTC: 20.9 21.3 21.1 20.6  SOIL: 1704.0 1268.0 949.0 
MOISTER: 1885 VDDA: 2.81 Vsol: 1.54 Vbat: 3.72  NTC: 20.9 21.3 21.1 20.5  SOIL: 1702.0 1266.0 944.0 
MOISTER: 1886 VDDA: 2.80 Vsol: 1.52 Vbat: 3.72  NTC: 20.8 21.3 21.0 20.4  SOIL: 1700.0 1264.0 946.0 
MOISTER: 1887 VDDA: 2.80 Vsol: 1.51 Vbat: 3.70  NTC: 20.8 21.3 21.0 20.3  SOIL: 1704.0 1261.0 948.0 
MOISTER: 1888 VDDA: 2.81 Vsol: 1.51 Vbat: 3.71  NTC: 20.7 21.3 21.0 20.3  SOIL: 1708.0 1267.0 949.0 
MOISTER: 1889 VDDA: 2.79 Vsol: 1.52 Vbat: 3.70  NTC: 20.7 21.3 21.0 20.3  SOIL: 1709.0 1264.0 949.0 
MOISTER: 1890 VDDA: 2.81 Vsol: 1.55 Vbat: 3.71  NTC: 20.6 21.2 21.0 20.3  SOIL: 1710.0 1261.0 946.0 
MOISTER: 1891 VDDA: 2.79 Vsol: 1.98 Vbat: 3.68  NTC: 20.6 21.2 20.9 20.3  SOIL: 1708.0 1260.0 949.0 
MOISTER: 1892 VDDA: 2.79 Vsol: 1.55 Vbat: 3.70  NTC: 20.6 21.2 20.9 20.3  SOIL: 1708.0 1263.0 949.0 
MOISTER: 1893 VDDA: 2.81 Vsol: 1.58 Vbat: 3.73  NTC: 20.6 21.2 20.9 20.4  SOIL: 1711.0 1267.0 945.0 
MOISTER: 1894 VDDA: 2.79 Vsol: 1.57 Vbat: 3.68  NTC: 20.6 21.1 20.8 20.5  SOIL: 1706.0 1262.0 944.0 
MOISTER: 1895 VDDA: 2.81 Vsol: 1.56 Vbat: 3.71  NTC: 20.6 21.1 20.8 20.4  SOIL: 1710.0 1262.0 946.0 
MOISTER: 1896 VDDA: 2.80 Vsol: 1.56 Vbat: 3.73  NTC: 20.5 21.1 20.8 20.3  SOIL: 1711.0 1269.0 948.0 
MOISTER: 1897 VDDA: 2.80 Vsol: 1.53 Vbat: 3.73  NTC: 20.5 21.0 20.7 20.3  SOIL: 1712.0 1261.0 943.0 
MOISTER: 1898 VDDA: 2.80 Vsol: 1.52 Vbat: 3.72  NTC: 20.4 21.0 20.7 20.3  SOIL: 1713.0 1266.0 949.0 
MOISTER: 1899 VDDA: 2.80 Vsol: 1.51 Vbat: 3.74  NTC: 20.4 21.0 20.7 20.3  SOIL: 1714.0 1268.0 947.0 
MOISTER: 1900 VDDA: 2.80 Vsol: 1.49 Vbat: 3.69  NTC: 20.4 21.0 20.6 20.2  SOIL: 1716.0 1266.0 944.0 
MOISTER: 1901 VDDA: 2.80 Vsol: 1.48 Vbat: 3.70  NTC: 20.3 21.0 20.6 20.3  SOIL: 1713.0 1268.0 950.0 
MOISTER: 1902 VDDA: 2.80 Vsol: 1.49 Vbat: 3.73  NTC: 20.3 20.9 20.6 20.1  SOIL: 1722.0 1268.0 945.0 
MOISTER: 1903 VDDA: 2.81 Vsol: 1.50 Vbat: 3.70  NTC: 20.3 20.9 20.5 20.0  SOIL: 1718.0 1268.0 950.0 
MOISTER: 1904 VDDA: 2.81 Vsol: 1.84 Vbat: 3.72  NTC: 20.2 20.9 20.5 20.0  SOIL: 1717.0 1267.0 949.0 
MOISTER: 1905 VDDA: 2.79 Vsol: 1.48 Vbat: 3.72  NTC: 20.2 20.9 20.5 19.9  SOIL: 1715.0 1270.0 950.0 
MOISTER: 1906 VDDA: 2.79 Vsol: 1.46 Vbat: 3.71  NTC: 20.2 20.8 20.4 19.8  SOIL: 1715.0 1268.0 952.0 
MOISTER: 1907 VDDA: 2.79 Vsol: 1.45 Vbat: 3.71  NTC: 20.1 20.8 20.4 19.7  SOIL: 1715.0 1265.0 950.0 
MOISTER: 1908 VDDA: 2.80 Vsol: 1.44 Vbat: 3.70  NTC: 20.1 20.8 20.4 19.7  SOIL: 1711.0 1269.0 949.0 
MOISTER: 1909 VDDA: 2.80 Vsol: 1.45 Vbat: 3.73  NTC: 20.0 20.8 20.4 19.7  SOIL: 1722.0 1270.0 954.0 
MOISTER: 1910 VDDA: 2.79 Vsol: 1.43 Vbat: 3.71  NTC: 20.0 20.7 20.4 19.7  SOIL: 1722.0 1268.0 948.0 
MOISTER: 1911 VDDA: 2.79 Vsol: 1.43 Vbat: 3.70  NTC: 20.0 20.7 20.4 19.7  SOIL: 1717.0 1270.0 949.0 
MOISTER: 1912 VDDA: 2.79 Vsol: 1.44 Vbat: 3.68  NTC: 20.0 20.7 20.3 19.7  SOIL: 1719.0 1271.0 954.0 
MOISTER: 1913 VDDA: 2.79 Vsol: 1.44 Vbat: 3.73  NTC: 20.0 20.7 20.3 19.7  SOIL: 1715.0 1265.0 951.0 
MOISTER: 1914 VDDA: 2.79 Vsol: 1.44 Vbat: 3.70  NTC: 19.9 20.7 20.2 19.6  SOIL: 1718.0 1272.0 950.0 
MOISTER: 1915 VDDA: 2.80 Vsol: 1.45 Vbat: 3.69  NTC: 19.9 20.7 20.2 19.6  SOIL: 1721.0 1270.0 949.0 
MOISTER: 1916 VDDA: 2.79 Vsol: 1.43 Vbat: 3.70  NTC: 19.9 20.6 20.2 19.6  SOIL: 1720.0 1267.0 950.0 
MOISTER: 1917 VDDA: 2.80 Vsol: 1.42 Vbat: 3.71  NTC: 19.8 20.6 20.1 19.6  SOIL: 1720.0 1272.0 951.0 
MOISTER: 1918 VDDA: 2.80 Vsol: 1.43 Vbat: 3.73  NTC: 19.8 20.6 20.1 19.6  SOIL: 1721.0 1270.0 949.0 
MOISTER: 1919 VDDA: 2.79 Vsol: 1.44 Vbat: 3.68  NTC: 19.7 20.5 20.1 19.6  SOIL: 1719.0 1270.0 946.0 
MOISTER: 1920 VDDA: 2.79 Vsol: 1.45 Vbat: 3.69  NTC: 19.7 20.5 20.0 19.6  SOIL: 1721.0 1269.0 948.0 
MOISTER: 1921 VDDA: 2.80 Vsol: 1.45 Vbat: 3.70  NTC: 19.7 20.5 20.0 19.6  SOIL: 1724.0 1272.0 953.0 
MOISTER: 1922 VDDA: 2.80 Vsol: 1.44 Vbat: 3.74  NTC: 19.7 20.5 20.0 19.6  SOIL: 1721.0 1273.0 953.0 
MOISTER: 1923 VDDA: 2.79 Vsol: 1.43 Vbat: 3.68  NTC: 19.6 20.4 19.9 19.6  SOIL: 1721.0 1270.0 949.0 
MOISTER: 1924 VDDA: 2.79 Vsol: 1.43 Vbat: 3.72  NTC: 19.6 20.4 19.9 19.6  SOIL: 1719.0 1269.0 956.0 
MOISTER: 1925 VDDA: 2.80 Vsol: 1.43 Vbat: 3.70  NTC: 19.6 20.4 19.9 19.6  SOIL: 1724.0 1274.0 952.0 
MOISTER: 1926 VDDA: 2.80 Vsol: 1.45 Vbat: 3.74  NTC: 19.5 20.4 19.8 19.6  SOIL: 1724.0 1270.0 952.0 
MOISTER: 1927 VDDA: 2.79 Vsol: 1.44 Vbat: 3.68  NTC: 19.5 20.3 19.8 19.6  SOIL: 1726.0 1273.0 956.0 
MOISTER: 1928 VDDA: 2.80 Vsol: 1.44 Vbat: 3.71  NTC: 19.5 20.3 19.8 19.6  SOIL: 1727.0 1272.0 951.0 
MOISTER: 1929 VDDA: 2.81 Vsol: 1.44 Vbat: 3.69  NTC: 19.5 20.3 19.8 19.6  SOIL: 1726.0 1265.0 953.0 
MOISTER: 1930 VDDA: 2.79 Vsol: 1.43 Vbat: 3.70  NTC: 19.5 20.3 19.8 19.7  SOIL: 1729.0 1273.0 951.0 
MOISTER: 1931 VDDA: 2.79 Vsol: 1.44 Vbat: 3.72  NTC: 19.4 20.2 19.7 19.7  SOIL: 1728.0 1271.0 951.0 
MOISTER: 1932 VDDA: 2.80 Vsol: 1.43 Vbat: 3.71  NTC: 19.4 20.2 19.7 19.7  SOIL: 1726.0 1274.0 954.0 
MOISTER: 1933 VDDA: 2.79 Vsol: 1.44 Vbat: 3.68  NTC: 19.4 20.2 19.7 19.7  SOIL: 1722.0 1267.0 951.0 
MOISTER: 1934 VDDA: 2.79 Vsol: 1.44 Vbat: 3.70  NTC: 19.4 20.1 19.6 19.8  SOIL: 1726.0 1271.0 956.0 
MOISTER: 1935 VDDA: 2.80 Vsol: 1.44 Vbat: 3.70  NTC: 19.4 20.1 19.6 19.7  SOIL: 1726.0 1268.0 951.0 
MOISTER: 1936 VDDA: 2.80 Vsol: 1.44 Vbat: 3.70  NTC: 19.4 20.1 19.6 19.7  SOIL: 1722.0 1269.0 951.0 
MOISTER: 1937 VDDA: 2.81 Vsol: 1.46 Vbat: 3.70  NTC: 19.3 20.1 19.5 19.7  SOIL: 1725.0 1272.0 950.0 
MOISTER: 1938 VDDA: 2.79 Vsol: 1.46 Vbat: 3.70  NTC: 19.3 20.1 19.5 19.6  SOIL: 1730.0 1275.0 956.0 
MOISTER: 1939 VDDA: 2.79 Vsol: 1.47 Vbat: 3.72  NTC: 19.3 20.1 19.5 19.6  SOIL: 1724.0 1272.0 956.0 
MOISTER: 1940 VDDA: 2.81 Vsol: 1.48 Vbat: 3.69  NTC: 19.2 20.1 19.5 19.6  SOIL: 1730.0 1271.0 956.0 
MOISTER: 1941 VDDA: 2.79 Vsol: 1.50 Vbat: 3.68  NTC: 19.2 20.0 19.4 19.7  SOIL: 1728.0 1273.0 950.0 
MOISTER: 1942 VDDA: 2.80 Vsol: 1.49 Vbat: 3.70  NTC: 19.2 20.1 19.4 19.7  SOIL: 1724.0 1268.0 955.0 
MOISTER: 1943 VDDA: 2.79 Vsol: 1.47 Vbat: 3.71  NTC: 19.2 20.0 19.4 19.7  SOIL: 1730.0 1271.0 953.0 
MOISTER: 1944 VDDA: 2.80 Vsol: 1.49 Vbat: 3.70  NTC: 19.2 20.0 19.4 19.7  SOIL: 1730.0 1269.0 951.0 
MOISTER: 1945 VDDA: 2.80 Vsol: 1.51 Vbat: 3.70  NTC: 19.2 20.0 19.3 19.7  SOIL: 1724.0 1275.0 953.0 
MOISTER: 1946 VDDA: 2.79 Vsol: 1.50 Vbat: 3.70  NTC: 19.2 20.0 19.3 19.7  SOIL: 1733.0 1271.0 950.0 
MOISTER: 1947 VDDA: 2.80 Vsol: 1.51 Vbat: 3.73  NTC: 19.1 19.9 19.3 19.7  SOIL: 1728.0 1275.0 955.0 
MOISTER: 1948 VDDA: 2.80 Vsol: 1.51 Vbat: 3.70  NTC: 19.1 19.9 19.3 19.7  SOIL: 1733.0 1273.0 957.0 
MOISTER: 1949 VDDA: 2.81 Vsol: 1.53 Vbat: 3.70  NTC: 19.1 19.9 19.3 19.7  SOIL: 1734.0 1277.0 953.0 
MOISTER: 1950 VDDA: 2.80 Vsol: 1.52 Vbat: 3.69  NTC: 19.1 19.8 19.2 19.8  SOIL: 1731.0 1275.0 956.0 
MOISTER: 1951 VDDA: 2.80 Vsol: 1.51 Vbat: 3.70  NTC: 19.1 19.8 19.2 19.7  SOIL: 1730.0 1275.0 959.0 
MOISTER: 1952 VDDA: 2.80 Vsol: 1.52 Vbat: 3.72  NTC: 19.0 19.8 19.2 19.7  SOIL: 1732.0 1274.0 956.0 
MOISTER: 1953 VDDA: 2.80 Vsol: 1.52 Vbat: 3.70  NTC: 19.0 19.8 19.2 19.7  SOIL: 1727.0 1271.0 957.0 
MOISTER: 1954 VDDA: 2.79 Vsol: 1.52 Vbat: 3.73  NTC: 19.0 19.8 19.2 19.7  SOIL: 1730.0 1275.0 956.0 
MOISTER: 1955 VDDA: 2.80 Vsol: 1.52 Vbat: 3.68  NTC: 19.0 19.8 19.2 19.7  SOIL: 1729.0 1277.0 952.0 
MOISTER: 1956 VDDA: 2.79 Vsol: 1.50 Vbat: 3.68  NTC: 19.0 19.7 19.2 19.7  SOIL: 1732.0 1272.0 956.0 
MOISTER: 1957 VDDA: 2.80 Vsol: 1.49 Vbat: 3.69  NTC: 19.0 19.7 19.2 19.8  SOIL: 1734.0 1273.0 962.0 
MOISTER: 1958 VDDA: 2.79 Vsol: 1.50 Vbat: 3.70  NTC: 18.9 19.7 19.1 19.7  SOIL: 1733.0 1276.0 960.0 
MOISTER: 1959 VDDA: 2.80 Vsol: 1.49 Vbat: 3.71  NTC: 18.9 19.7 19.1 19.7  SOIL: 1735.0 1278.0 958.0 
MOISTER: 1960 VDDA: 2.79 Vsol: 1.50 Vbat: 3.71  NTC: 18.9 19.7 19.1 19.7  SOIL: 1728.0 1274.0 953.0 
MOISTER: 1961 VDDA: 2.80 Vsol: 1.52 Vbat: 3.72  NTC: 18.9 19.6 19.1 19.7  SOIL: 1735.0 1278.0 957.0 
MOISTER: 1962 VDDA: 2.80 Vsol: 1.52 Vbat: 3.72  NTC: 18.9 19.6 19.0 19.7  SOIL: 1734.0 1277.0 958.0 
MOISTER: 1964 VDDA: 2.80 Vsol: 1.54 Vbat: 3.69  NTC: 18.9 19.6 19.0 19.8  SOIL: 1734.0 1279.0 959.0 
MOISTER: 1965 VDDA: 2.80 Vsol: 1.53 Vbat: 3.72  NTC: 18.8 19.8 19.0 19.8  SOIL: 1732.0 1280.0 956.0 
MOISTER: 1966 VDDA: 2.79 Vsol: 1.53 Vbat: 3.66  NTC: 18.8 19.6 19.0 19.9  SOIL: 1735.0 1274.0 956.0 
MOISTER: 1967 VDDA: 2.79 Vsol: 1.54 Vbat: 3.67  NTC: 18.8 19.6 19.0 19.9  SOIL: 1730.0 1270.0 959.0 
MOISTER: 1968 VDDA: 2.80 Vsol: 1.54 Vbat: 3.70  NTC: 18.8 19.5 19.0 19.8  SOIL: 1732.0 1277.0 955.0 
MOISTER: 1969 VDDA: 2.80 Vsol: 1.54 Vbat: 3.68  NTC: 18.8 19.5 19.0 19.8  SOIL: 1735.0 1280.0 959.0 
MOISTER: 1970 VDDA: 2.80 Vsol: 1.54 Vbat: 3.68  NTC: 18.8 19.5 18.9 19.8  SOIL: 1737.0 1280.0 959.0 
MOISTER: 1971 VDDA: 2.80 Vsol: 1.54 Vbat: 3.69  NTC: 18.8 19.5 18.9 19.8  SOIL: 1735.0 1275.0 958.0 
MOISTER: 1972 VDDA: 2.81 Vsol: 1.56 Vbat: 3.70  NTC: 18.8 19.5 18.9 19.9  SOIL: 1737.0 1280.0 961.0 
MOISTER: 1973 VDDA: 2.80 Vsol: 1.54 Vbat: 3.69  NTC: 18.8 19.5 18.9 19.9  SOIL: 1734.0 1279.0 958.0 
MOISTER: 1974 VDDA: 2.80 Vsol: 1.55 Vbat: 3.71  NTC: 18.8 19.5 18.9 19.9  SOIL: 1730.0 1274.0 954.0 
MOISTER: 1975 VDDA: 2.80 Vsol: 1.54 Vbat: 3.72  NTC: 18.8 19.5 18.9 20.0  SOIL: 1730.0 1276.0 962.0 
MOISTER: 1976 VDDA: 2.80 Vsol: 1.55 Vbat: 3.72  NTC: 18.8 19.5 18.9 20.1  SOIL: 1733.0 1281.0 955.0 
MOISTER: 1977 VDDA: 2.80 Vsol: 1.54 Vbat: 3.68  NTC: 18.8 19.5 18.8 20.0  SOIL: 1735.0 1277.0 961.0 
MOISTER: 1978 VDDA: 2.80 Vsol: 1.53 Vbat: 3.68  NTC: 18.8 19.5 18.8 19.9  SOIL: 1730.0 1276.0 956.0 
MOISTER: 1979 VDDA: 2.80 Vsol: 1.53 Vbat: 3.70  NTC: 18.7 19.4 18.8 20.0  SOIL: 1728.0 1275.0 957.0 
MOISTER: 1980 VDDA: 2.79 Vsol: 1.52 Vbat: 3.68  NTC: 18.7 19.4 18.8 20.0  SOIL: 1729.0 1280.0 957.0 
MOISTER: 1981 VDDA: 2.80 Vsol: 1.53 Vbat: 3.70  NTC: 18.7 19.4 18.8 20.0  SOIL: 1732.0 1278.0 961.0 
MOISTER: 1982 VDDA: 2.80 Vsol: 1.54 Vbat: 3.70  NTC: 18.7 19.4 18.8 19.8  SOIL: 1729.0 1276.0 959.0 
MOISTER: 1983 VDDA: 2.80 Vsol: 1.55 Vbat: 3.70  NTC: 18.7 19.4 18.8 19.9  SOIL: 1729.0 1278.0 961.0 
MOISTER: 1986 VDDA: 2.80 Vsol: 1.54 Vbat: 3.70  NTC: 18.7 19.3 18.7 19.9  SOIL: 1737.0 1275.0 959.0 
MOISTER: 1987 VDDA: 2.79 Vsol: 1.54 Vbat: 3.71  NTC: 18.7 19.3 18.7 19.9  SOIL: 1736.0 1274.0 957.0 
MOISTER: 1988 VDDA: 2.79 Vsol: 1.54 Vbat: 3.68  NTC: 18.7 19.3 18.7 19.8  SOIL: 1733.0 1280.0 960.0 
MOISTER: 1989 VDDA: 2.80 Vsol: 1.56 Vbat: 3.70  NTC: 18.7 19.3 18.7 19.7  SOIL: 1733.0 1279.0 956.0 
MOISTER: 1991 VDDA: 2.79 Vsol: 1.57 Vbat: 3.67  NTC: 18.6 19.3 18.7 19.8  SOIL: 1736.0 1280.0 960.0 
MOISTER: 1992 VDDA: 2.79 Vsol: 1.56 Vbat: 3.70  NTC: 18.6 19.3 18.7 20.0  SOIL: 1733.0 1278.0 959.0 
MOISTER: 1993 VDDA: 2.80 Vsol: 1.55 Vbat: 3.70  NTC: 18.6 19.3 18.7 20.0  SOIL: 1742.0 1274.0 959.0 
MOISTER: 1994 VDDA: 2.80 Vsol: 1.55 Vbat: 3.70  NTC: 18.6 19.3 18.7 20.0  SOIL: 1736.0 1279.0 957.0 
MOISTER: 1995 VDDA: 2.80 Vsol: 1.56 Vbat: 3.72  NTC: 18.6 19.3 18.7 20.0  SOIL: 1738.0 1280.0 955.0 
MOISTER: 1996 VDDA: 2.80 Vsol: 1.57 Vbat: 3.72  NTC: 18.6 19.2 18.6 20.0  SOIL: 1735.0 1282.0 958.0 
MOISTER: 1997 VDDA: 2.80 Vsol: 1.58 Vbat: 3.72  NTC: 18.6 19.2 18.6 19.9  SOIL: 1733.0 1283.0 957.0 
MOISTER: 1998 VDDA: 2.79 Vsol: 1.58 Vbat: 3.70  NTC: 18.6 19.2 18.6 20.0  SOIL: 1740.0 1279.0 962.0 
MOISTER: 1999 VDDA: 2.80 Vsol: 1.59 Vbat: 3.67  NTC: 18.6 19.2 18.6 20.0  SOIL: 1735.0 1279.0 958.0 
MOISTER: 2000 VDDA: 2.81 Vsol: 1.60 Vbat: 3.72  NTC: 18.5 19.2 18.6 20.0  SOIL: 1733.0 1279.0 957.0 
MOISTER: 2001 VDDA: 2.79 Vsol: 1.60 Vbat: 3.69  NTC: 18.5 19.2 18.6 20.0  SOIL: 1733.0 1274.0 962.0 
MOISTER: 2002 VDDA: 2.80 Vsol: 1.61 Vbat: 3.69  NTC: 18.5 19.1 18.6 20.0  SOIL: 1733.0 1275.0 960.0 
MOISTER: 2003 VDDA: 2.79 Vsol: 1.61 Vbat: 3.68  NTC: 18.7 19.1 18.5 20.0  SOIL: 1738.0 1280.0 961.0 
MOISTER: 2004 VDDA: 2.80 Vsol: 1.62 Vbat: 3.68  NTC: 18.5 19.1 18.6 20.3  SOIL: 1735.0 1276.0 960.0 
MOISTER: 2005 VDDA: 2.80 Vsol: 1.62 Vbat: 3.70  NTC: 18.5 19.1 18.6 20.3  SOIL: 1733.0 1283.0 960.0 
MOISTER: 2006 VDDA: 2.81 Vsol: 1.62 Vbat: 3.69  NTC: 18.5 19.1 18.6 20.3  SOIL: 1735.0 1282.0 967.0 
MOISTER: 2007 VDDA: 2.79 Vsol: 1.62 Vbat: 3.70  NTC: 18.5 19.1 18.6 20.3  SOIL: 1736.0 1283.0 960.0 
MOISTER: 2008 VDDA: 2.81 Vsol: 1.63 Vbat: 3.70  NTC: 18.5 19.1 18.5 20.4  SOIL: 1737.0 1281.0 960.0 
MOISTER: 2009 VDDA: 2.79 Vsol: 1.64 Vbat: 3.69  NTC: 18.5 19.0 18.5 20.5  SOIL: 1735.0 1283.0 962.0 
MOISTER: 2009 VDDA: 2.79 Vsol: 1.64 Vbat: 3.69  NTC: 18.5 19.0 18.5 20.5  SOIL: 1735.0 1283.0 962.0 
MOISTER: 2010 VDDA: 2.80 Vsol: 1.66 Vbat: 3.68  NTC: 18.5 19.0 18.5 20.8  SOIL: 1741.0 1273.0 959.0 
MOISTER: 2011 VDDA: 2.80 Vsol: 1.67 Vbat: 3.69  NTC: 18.5 19.0 18.5 21.1  SOIL: 1739.0 1279.0 960.0 
MOISTER: 2012 VDDA: 2.80 Vsol: 1.68 Vbat: 3.68  NTC: 18.5 19.0 18.5 21.4  SOIL: 1733.0 1278.0 958.0 
MOISTER: 2013 VDDA: 2.81 Vsol: 1.69 Vbat: 3.73  NTC: 18.5 19.0 18.5 21.7  SOIL: 1742.0 1282.0 960.0 
MOISTER: 2014 VDDA: 2.80 Vsol: 1.71 Vbat: 3.71  NTC: 18.6 19.0 18.5 22.1  SOIL: 1738.0 1277.0 963.0 
MOISTER: 2015 VDDA: 2.80 Vsol: 1.75 Vbat: 3.68  NTC: 18.6 19.0 18.5 22.4  SOIL: 1738.0 1279.0 965.0 
MOISTER: 2016 VDDA: 2.77 Vsol: 1.74 Vbat: 3.67  NTC: 18.7 19.0 18.5 22.5  SOIL: 1739.0 1281.0 963.0 
MOISTER: 2017 VDDA: 2.79 Vsol: 1.76 Vbat: 3.71  NTC: 18.7 19.0 18.5 22.4  SOIL: 1736.0 1279.0 961.0 
MOISTER: 2018 VDDA: 2.79 Vsol: 1.74 Vbat: 3.68  NTC: 18.7 19.0 18.5 22.5  SOIL: 1728.0 1280.0 961.0 
MOISTER: 2018 VDDA: 2.79 Vsol: 1.74 Vbat: 3.68  NTC: 18.7 19.0 18.5 22.5  SOIL: 1728.0 1280.0 961.0 
MOISTER: 2018 VDDA: 2.79 Vsol: 1.74 Vbat: 3.68  NTC: 18.7 19.0 18.5 22.5  SOIL: 1728.0 1280.0 961.0 
MOISTER: 2019 VDDA: 2.79 Vsol: 1.77 Vbat: 3.68  NTC: 18.8 19.0 18.6 23.1  SOIL: 1736.0 1278.0 963.0 
MOISTER: 2020 VDDA: 2.79 Vsol: 1.76 Vbat: 3.70  NTC: 18.9 19.0 18.6 23.1  SOIL: 1733.0 1282.0 963.0 
MOISTER: 2022 VDDA: 2.80 Vsol: 1.78 Vbat: 3.72  NTC: 18.9 19.0 18.6 23.0  SOIL: 1730.0 1277.0 959.0 
MOISTER: 2023 VDDA: 2.80 Vsol: 1.78 Vbat: 3.69  NTC: 18.9 19.0 18.6 23.0  SOIL: 1726.0 1277.0 959.0 
MOISTER: 2024 VDDA: 2.79 Vsol: 1.77 Vbat: 3.69  NTC: 18.9 19.0 18.6 23.0  SOIL: 1736.0 1282.0 967.0 
MOISTER: 2025 VDDA: 2.80 Vsol: 1.75 Vbat: 3.70  NTC: 19.0 19.0 18.6 22.9  SOIL: 1734.0 1280.0 961.0 
MOISTER: 2026 VDDA: 2.81 Vsol: 1.77 Vbat: 3.73  NTC: 19.0 19.0 18.6 22.7  SOIL: 1731.0 1278.0 963.0 
MOISTER: 2027 VDDA: 2.79 Vsol: 1.76 Vbat: 3.69  NTC: 19.0 19.0 18.6 22.5  SOIL: 1735.0 1280.0 964.0 
MOISTER: 2029 VDDA: 2.80 Vsol: 1.77 Vbat: 3.71  NTC: 19.0 19.0 18.7 22.5  SOIL: 1735.0 1284.0 960.0 
MOISTER: 2030 VDDA: 2.80 Vsol: 1.79 Vbat: 3.69  NTC: 19.0 19.0 18.7 22.7  SOIL: 1736.0 1284.0 965.0 
MOISTER: 2031 VDDA: 2.80 Vsol: 1.76 Vbat: 3.69  NTC: 19.0 19.0 18.8 22.7  SOIL: 1731.0 1279.0 958.0 
MOISTER: 2032 VDDA: 2.79 Vsol: 1.74 Vbat: 3.69  NTC: 19.1 19.0 18.8 22.8  SOIL: 1731.0 1273.0 965.0 
MOISTER: 2032 VDDA: 2.79 Vsol: 1.74 Vbat: 3.69  NTC: 19.1 19.0 18.8 22.8  SOIL: 1731.0 1273.0 965.0 
MOISTER: 2032 VDDA: 2.79 Vsol: 1.74 Vbat: 3.69  NTC: 19.1 19.0 18.8 22.8  SOIL: 1731.0 1273.0 965.0 
MOISTER: 2041 VDDA: 2.78 Vsol: 1.74 Vbat: 3.68  NTC: 19.1 19.1 18.9 22.1  SOIL: 1740.0 1287.0 963.0 
MOISTER: 2041 VDDA: 2.78 Vsol: 1.74 Vbat: 3.68  NTC: 19.1 19.1 18.9 22.1  SOIL: 1740.0 1287.0 963.0 
MOISTER: 2048 VDDA: 2.80 Vsol: 1.73 Vbat: 3.71  NTC: 19.1 19.1 18.9 22.8  SOIL: 1738.0 1279.0 964.0 
MOISTER: 2048 VDDA: 2.80 Vsol: 1.73 Vbat: 3.71  NTC: 19.1 19.1 18.9 22.8  SOIL: 1738.0 1279.0 964.0 
MOISTER: 2048 VDDA: 2.80 Vsol: 1.73 Vbat: 3.71  NTC: 19.1 19.1 18.9 22.8  SOIL: 1738.0 1279.0 964.0 
MOISTER: 2055 VDDA: 2.79 Vsol: 1.71 Vbat: 3.70  NTC: 19.2 19.1 19.0 22.2  SOIL: 1732.0 1284.0 964.0 
MOISTER: 2057 VDDA: 2.79 Vsol: 1.71 Vbat: 3.68  NTC: 19.2 19.2 19.0 22.2  SOIL: 1732.0 1279.0 966.0 
MOISTER: 2059 VDDA: 2.80 Vsol: 1.69 Vbat: 3.68  NTC: 19.2 19.2 19.1 22.1  SOIL: 1724.0 1283.0 964.0 
MOISTER: 2059 VDDA: 2.80 Vsol: 1.69 Vbat: 3.68  NTC: 19.2 19.2 19.1 22.1  SOIL: 1724.0 1283.0 964.0 
MOISTER: 2059 VDDA: 2.80 Vsol: 1.69 Vbat: 3.68  NTC: 19.2 19.2 19.1 22.1  SOIL: 1724.0 1283.0 964.0 
MOISTER: 2072 VDDA: 2.79 Vsol: 1.70 Vbat: 3.69  NTC: 19.2 19.2 19.2 21.6  SOIL: 1752.0 1286.0 966.0 
MOISTER: 2072 VDDA: 2.79 Vsol: 1.70 Vbat: 3.69  NTC: 19.2 19.2 19.2 21.6  SOIL: 1752.0 1286.0 966.0 
MOISTER: 2078 VDDA: 2.79 Vsol: 1.73 Vbat: 3.72  NTC: 19.2 19.2 19.2 21.5  SOIL: 1747.0 1285.0 961.0 
MOISTER: 2081 VDDA: 2.80 Vsol: 1.74 Vbat: 3.71  NTC: 19.2 19.2 19.2 21.5  SOIL: 1752.0 1287.0 963.0 
MOISTER: 2084 VDDA: 2.80 Vsol: 1.74 Vbat: 3.70  NTC: 19.2 19.2 19.2 21.9  SOIL: 1750.0 1281.0 963.0 
MOISTER: 2085 VDDA: 2.79 Vsol: 1.74 Vbat: 3.68  NTC: 19.2 19.2 19.2 22.1  SOIL: 1750.0 1284.0 963.0 
MOISTER: 2086 VDDA: 2.79 Vsol: 1.73 Vbat: 3.70  NTC: 19.2 19.3 19.2 22.3  SOIL: 1751.0 1280.0 962.0 
MOISTER: 2086 VDDA: 2.79 Vsol: 1.73 Vbat: 3.70  NTC: 19.2 19.3 19.2 22.3  SOIL: 1751.0 1280.0 962.0 
MOISTER: 2088 VDDA: 2.79 Vsol: 1.72 Vbat: 3.68  NTC: 19.3 19.3 19.2 22.7  SOIL: 1744.0 1279.0 958.0 
MOISTER: 2090 VDDA: 2.79 Vsol: 1.72 Vbat: 3.69  NTC: 19.3 19.2 19.2 22.7  SOIL: 1744.0 1284.0 965.0 
MOISTER: 2090 VDDA: 2.79 Vsol: 1.72 Vbat: 3.69  NTC: 19.3 19.2 19.2 22.7  SOIL: 1744.0 1284.0 965.0 
MOISTER: 2090 VDDA: 2.79 Vsol: 1.72 Vbat: 3.69  NTC: 19.3 19.2 19.2 22.7  SOIL: 1744.0 1284.0 965.0 
MOISTER: 2100 VDDA: 2.79 Vsol: 1.73 Vbat: 3.69  NTC: 19.3 19.3 19.2 21.9  SOIL: 1749.0 1286.0 964.0 
MOISTER: 2100 VDDA: 2.79 Vsol: 1.73 Vbat: 3.69  NTC: 19.3 19.3 19.2 21.9  SOIL: 1749.0 1286.0 964.0 
MOISTER: 2100 VDDA: 2.79 Vsol: 1.73 Vbat: 3.69  NTC: 19.3 19.3 19.2 21.9  SOIL: 1749.0 1286.0 964.0 
MOISTER: 2100 VDDA: 2.79 Vsol: 1.73 Vbat: 3.69  NTC: 19.3 19.3 19.2 21.9  SOIL: 1749.0 1286.0 964.0 
MOISTER: 2100 VDDA: 2.79 Vsol: 1.73 Vbat: 3.69  NTC: 19.3 19.3 19.2 21.9  SOIL: 1749.0 1286.0 964.0 
MOISTER: 2100 VDDA: 2.79 Vsol: 1.73 Vbat: 3.69  NTC: 19.3 19.3 19.2 21.9  SOIL: 1749.0 1286.0 964.0 
MOISTER: 2100 VDDA: 2.79 Vsol: 1.73 Vbat: 3.69  NTC: 19.3 19.3 19.2 21.9  SOIL: 1749.0 1286.0 964.0 
MOISTER: 2100 VDDA: 2.79 Vsol: 1.73 Vbat: 3.69  NTC: 19.3 19.3 19.2 21.9  SOIL: 1749.0 1286.0 964.0 
MOISTER: 2100 VDDA: 2.79 Vsol: 1.73 Vbat: 3.69  NTC: 19.3 19.3 19.2 21.9  SOIL: 1749.0 1286.0 964.0 
MOISTER: 2127 VDDA: 2.79 Vsol: 1.57 Vbat: 3.68  NTC: 19.1 19.3 19.3 20.3  SOIL: 1745.0 1293.0 967.0 
MOISTER: 2127 VDDA: 2.79 Vsol: 1.57 Vbat: 3.68  NTC: 19.1 19.3 19.3 20.3  SOIL: 1745.0 1293.0 967.0 
MOISTER: 2127 VDDA: 2.79 Vsol: 1.57 Vbat: 3.68  NTC: 19.1 19.3 19.3 20.3  SOIL: 1745.0 1293.0 967.0 
MOISTER: 2132 VDDA: 2.80 Vsol: 1.54 Vbat: 3.71  NTC: 18.9 19.3 19.3 20.1  SOIL: 1753.0 1297.0 965.0 
MOISTER: 2133 VDDA: 2.80 Vsol: 1.56 Vbat: 3.69  NTC: 18.9 19.3 19.2 20.1  SOIL: 1747.0 1291.0 966.0 
MOISTER: 2134 VDDA: 2.79 Vsol: 1.56 Vbat: 3.67  NTC: 18.9 19.3 19.2 20.0  SOIL: 1754.0 1295.0 964.0 
MOISTER: 2135 VDDA: 2.79 Vsol: 1.58 Vbat: 3.70  NTC: 18.8 19.2 19.2 20.0  SOIL: 1753.0 1299.0 966.0 
MOISTER: 2136 VDDA: 2.80 Vsol: 1.58 Vbat: 3.69  NTC: 18.8 19.2 19.2 20.2  SOIL: 1746.0 1294.0 961.0 
MOISTER: 2137 VDDA: 2.80 Vsol: 1.55 Vbat: 3.67  NTC: 18.8 19.2 19.2 20.2  SOIL: 1752.0 1294.0 965.0 
MOISTER: 2138 VDDA: 2.80 Vsol: 1.57 Vbat: 3.70  NTC: 18.8 19.2 19.2 20.0  SOIL: 1746.0 1294.0 967.0 
MOISTER: 2140 VDDA: 2.80 Vsol: 1.57 Vbat: 3.70  NTC: 18.8 19.2 19.2 20.1  SOIL: 1749.0 1294.0 964.0 
MOISTER: 2140 VDDA: 2.80 Vsol: 1.57 Vbat: 3.70  NTC: 18.8 19.2 19.2 20.1  SOIL: 1749.0 1294.0 964.0 
MOISTER: 2142 VDDA: 2.80 Vsol: 1.57 Vbat: 3.69  NTC: 18.7 19.2 19.1 20.4  SOIL: 1748.0 1291.0 965.0 
MOISTER: 2142 VDDA: 2.80 Vsol: 1.57 Vbat: 3.69  NTC: 18.7 19.2 19.1 20.4  SOIL: 1748.0 1291.0 965.0 
MOISTER: 2142 VDDA: 2.80 Vsol: 1.57 Vbat: 3.69  NTC: 18.7 19.2 19.1 20.4  SOIL: 1748.0 1291.0 965.0 
MOISTER: 2149 VDDA: 2.80 Vsol: 1.62 Vbat: 3.70  NTC: 18.7 19.1 19.0 20.6  SOIL: 1753.0 1294.0 966.0 
MOISTER: 2150 VDDA: 2.79 Vsol: 1.58 Vbat: 3.71  NTC: 18.7 19.1 19.0 20.6  SOIL: 1753.0 1291.0 966.0 
MOISTER: 2151 VDDA: 2.80 Vsol: 1.64 Vbat: 3.71  NTC: 18.7 19.1 19.0 20.5  SOIL: 1750.0 1293.0 966.0 
MOISTER: 2152 VDDA: 2.80 Vsol: 2.08 Vbat: 3.72  NTC: 18.6 19.1 19.0 20.7  SOIL: 1753.0 1291.0 964.0 
MOISTER: 2154 VDDA: 2.79 Vsol: 1.67 Vbat: 3.71  NTC: 18.6 19.0 18.9 20.8  SOIL: 1749.0 1292.0 965.0 
MOISTER: 2154 VDDA: 2.79 Vsol: 1.67 Vbat: 3.71  NTC: 18.6 19.0 18.9 20.8  SOIL: 1749.0 1292.0 965.0 
MOISTER: 2154 VDDA: 2.79 Vsol: 1.67 Vbat: 3.71  NTC: 18.6 19.0 18.9 20.8  SOIL: 1749.0 1292.0 965.0 
MOISTER: 2154 VDDA: 2.79 Vsol: 1.67 Vbat: 3.71  NTC: 18.6 19.0 18.9 20.8  SOIL: 1749.0 1292.0 965.0 
MOISTER: 2163 VDDA: 2.79 Vsol: 1.65 Vbat: 3.68  NTC: 18.7 19.0 18.9 21.5  SOIL: 1744.0 1286.0 964.0 
MOISTER: 2163 VDDA: 2.79 Vsol: 1.65 Vbat: 3.68  NTC: 18.7 19.0 18.9 21.5  SOIL: 1744.0 1286.0 964.0 
MOISTER: 2164 VDDA: 2.80 Vsol: 1.64 Vbat: 3.71  NTC: 18.7 19.0 18.8 21.5  SOIL: 1748.0 1291.0 966.0 
MOISTER: 2165 VDDA: 2.80 Vsol: 1.64 Vbat: 3.69  NTC: 18.7 19.0 18.8 21.2  SOIL: 1743.0 1293.0 964.0 
MOISTER: 2166 VDDA: 2.80 Vsol: 1.65 Vbat: 3.73  NTC: 18.7 19.0 18.8 21.0  SOIL: 1747.0 1293.0 970.0 
MOISTER: 2166 VDDA: 2.80 Vsol: 1.65 Vbat: 3.73  NTC: 18.7 19.0 18.8 21.0  SOIL: 1747.0 1293.0 970.0 
MOISTER: 2166 VDDA: 2.80 Vsol: 1.65 Vbat: 3.73  NTC: 18.7 19.0 18.8 21.0  SOIL: 1747.0 1293.0 970.0 
MOISTER: 2172 VDDA: 2.79 Vsol: 1.63 Vbat: 3.69  NTC: 18.6 18.9 18.8 20.8  SOIL: 1751.0 1299.0 968.0 
MOISTER: 2173 VDDA: 2.78 Vsol: 1.64 Vbat: 3.68  NTC: 18.6 18.9 18.8 20.8  SOIL: 1752.0 1299.0 967.0 
MOISTER: 2177 VDDA: 2.80 Vsol: 1.67 Vbat: 3.72  NTC: 18.6 19.0 18.8 21.2  SOIL: 1745.0 1298.0 971.0 
MOISTER: 2177 VDDA: 2.80 Vsol: 1.67 Vbat: 3.72  NTC: 18.6 19.0 18.8 21.2  SOIL: 1745.0 1298.0 971.0 
MOISTER: 2186 VDDA: 2.79 Vsol: 1.63 Vbat: 3.69  NTC: 18.6 18.9 18.8 21.5  SOIL: 1749.0 1298.0 970.0 
MOISTER: 2188 VDDA: 2.80 Vsol: 1.66 Vbat: 3.72  NTC: 18.6 19.0 18.8 21.4  SOIL: 1744.0 1292.0 969.0 
MOISTER: 2188 VDDA: 2.80 Vsol: 1.66 Vbat: 3.72  NTC: 18.6 19.0 18.8 21.4  SOIL: 1744.0 1292.0 969.0 
MOISTER: 2196 VDDA: 2.79 Vsol: 1.68 Vbat: 3.69  NTC: 18.6 18.9 18.8 21.3  SOIL: 1746.0 1293.0 968.0 
MOISTER: 2201 VDDA: 2.80 Vsol: 1.69 Vbat: 3.70  NTC: 18.6 18.9 18.8 21.4  SOIL: 1751.0 1294.0 969.0 
MOISTER: 2203 VDDA: 2.80 Vsol: 1.68 Vbat: 3.73  NTC: 18.7 18.9 18.8 21.4  SOIL: 1746.0 1295.0 968.0 
MOISTER: 2204 VDDA: 2.79 Vsol: 1.66 Vbat: 3.68  NTC: 18.7 18.9 18.8 21.1  SOIL: 1752.0 1298.0 971.0 
MOISTER: 2205 VDDA: 2.80 Vsol: 1.66 Vbat: 3.71  NTC: 18.7 18.9 18.8 21.0  SOIL: 1750.0 1295.0 972.0 
MOISTER: 2207 VDDA: 2.79 Vsol: 1.65 Vbat: 3.69  NTC: 18.7 18.9 18.8 20.9  SOIL: 1746.0 1297.0 969.0 
MOISTER: 2209 VDDA: 2.79 Vsol: 1.66 Vbat: 3.68  NTC: 18.7 18.9 18.8 20.8  SOIL: 1748.0 1300.0 971.0 
MOISTER: 2211 VDDA: 2.80 Vsol: 1.67 Vbat: 3.69  NTC: 18.7 18.9 18.8 20.7  SOIL: 1745.0 1303.0 969.0 
MOISTER: 2212 VDDA: 2.79 Vsol: 1.68 Vbat: 3.69  NTC: 18.6 18.9 18.9 20.8  SOIL: 1747.0 1298.0 969.0 
MOISTER: 2214 VDDA: 2.81 Vsol: 1.70 Vbat: 3.68  NTC: 18.7 18.9 18.9 21.2  SOIL: 1746.0 1303.0 970.0 
MOISTER: 2215 VDDA: 2.79 Vsol: 1.68 Vbat: 3.68  NTC: 18.6 18.9 18.9 21.3  SOIL: 1752.0 1298.0 969.0 
MOISTER: 2216 VDDA: 2.79 Vsol: 1.67 Vbat: 3.69  NTC: 18.7 18.9 18.9 21.1  SOIL: 1739.0 1301.0 966.0 
MOISTER: 2217 VDDA: 2.80 Vsol: 1.67 Vbat: 3.69  NTC: 18.7 18.9 18.9 20.9  SOIL: 1746.0 1297.0 972.0 
MOISTER: 2217 VDDA: 2.80 Vsol: 1.67 Vbat: 3.69  NTC: 18.7 18.9 18.9 20.9  SOIL: 1746.0 1297.0 972.0 
MOISTER: 2223 VDDA: 2.80 Vsol: 1.71 Vbat: 3.71  NTC: 18.6 18.9 18.9 20.6  SOIL: 1743.0 1303.0 971.0 
MOISTER: 2223 VDDA: 2.80 Vsol: 1.71 Vbat: 3.71  NTC: 18.6 18.9 18.9 20.6  SOIL: 1743.0 1303.0 971.0 
MOISTER: 2228 VDDA: 2.79 Vsol: 1.70 Vbat: 3.68  NTC: 18.6 19.0 18.9 20.9  SOIL: 1747.0 1304.0 967.0 
MOISTER: 2234 VDDA: 2.79 Vsol: 1.69 Vbat: 3.68  NTC: 18.6 19.0 18.9 21.0  SOIL: 1747.0 1304.0 973.0 
MOISTER: 2236 VDDA: 2.80 Vsol: 1.69 Vbat: 3.70  NTC: 18.7 19.0 18.9 20.9  SOIL: 1750.0 1303.0 967.0 
MOISTER: 2238 VDDA: 2.79 Vsol: 1.66 Vbat: 3.69  NTC: 18.7 19.0 19.0 20.9  SOIL: 1742.0 1303.0 971.0 
MOISTER: 2240 VDDA: 2.79 Vsol: 1.66 Vbat: 3.69  NTC: 18.6 19.0 19.0 20.9  SOIL: 1747.0 1305.0 969.0 
MOISTER: 2242 VDDA: 2.79 Vsol: 1.64 Vbat: 3.69  NTC: 18.7 19.0 19.0 20.5  SOIL: 1752.0 1306.0 975.0 
MOISTER: 2242 VDDA: 2.79 Vsol: 1.64 Vbat: 3.69  NTC: 18.7 19.0 19.0 20.5  SOIL: 1752.0 1306.0 975.0 
MOISTER: 2242 VDDA: 2.79 Vsol: 1.64 Vbat: 3.69  NTC: 18.7 19.0 19.0 20.5  SOIL: 1752.0 1306.0 975.0 
MOISTER: 2250 VDDA: 2.80 Vsol: 1.62 Vbat: 3.72  NTC: 18.6 19.0 19.0 20.6  SOIL: 1748.0 1308.0 967.0 
MOISTER: 2251 VDDA: 2.79 Vsol: 1.62 Vbat: 3.68  NTC: 18.6 19.0 19.0 20.5  SOIL: 1751.0 1305.0 971.0 
MOISTER: 2253 VDDA: 2.79 Vsol: 1.62 Vbat: 3.71  NTC: 18.6 19.0 19.0 20.4  SOIL: 1746.0 1303.0 972.0 
MOISTER: 2254 VDDA: 2.81 Vsol: 1.62 Vbat: 3.71  NTC: 18.6 19.0 19.0 20.3  SOIL: 1750.0 1301.0 971.0 
MOISTER: 2257 VDDA: 2.80 Vsol: 1.61 Vbat: 3.68  NTC: 18.6 19.0 19.0 20.1  SOIL: 1756.0 1305.0 971.0 
MOISTER: 2257 VDDA: 2.80 Vsol: 1.61 Vbat: 3.68  NTC: 18.6 19.0 19.0 20.1  SOIL: 1756.0 1305.0 971.0 
MOISTER: 2263 VDDA: 2.80 Vsol: 1.60 Vbat: 3.69  NTC: 18.6 19.0 19.0 20.0  SOIL: 1744.0 1308.0 971.0 
MOISTER: 2264 VDDA: 2.79 Vsol: 1.62 Vbat: 3.68  NTC: 18.5 19.0 19.0 20.0  SOIL: 1749.0 1304.0 977.0 
MOISTER: 2267 VDDA: 2.79 Vsol: 1.63 Vbat: 3.69  NTC: 18.5 19.0 19.0 20.3  SOIL: 1750.0 1308.0 974.0 
MOISTER: 2272 VDDA: 2.80 Vsol: 1.66 Vbat: 3.68  NTC: 18.5 19.0 19.0 20.3  SOIL: 1749.0 1308.0 976.0 
MOISTER: 2273 VDDA: 2.79 Vsol: 1.69 Vbat: 3.68  NTC: 18.5 19.0 19.0 20.4  SOIL: 1747.0 1304.0 976.0 
MOISTER: 2275 VDDA: 2.80 Vsol: 1.68 Vbat: 3.70  NTC: 18.5 19.0 19.0 20.3  SOIL: 1749.0 1308.0 977.0 
MOISTER: 2279 VDDA: 2.79 Vsol: 1.64 Vbat: 3.69  NTC: 18.5 19.0 18.9 20.4  SOIL: 1751.0 1306.0 970.0 
MOISTER: 2280 VDDA: 2.79 Vsol: 1.64 Vbat: 3.69  NTC: 18.5 19.0 18.9 20.3  SOIL: 1745.0 1310.0 972.0 
MOISTER: 2280 VDDA: 2.79 Vsol: 1.64 Vbat: 3.69  NTC: 18.5 19.0 18.9 20.3  SOIL: 1745.0 1310.0 972.0 
MOISTER: 2284 VDDA: 2.79 Vsol: 1.61 Vbat: 3.69  NTC: 18.5 19.0 18.9 20.1  SOIL: 1748.0 1306.0 974.0 
MOISTER: 2286 VDDA: 2.80 Vsol: 1.65 Vbat: 3.72  NTC: 18.5 19.0 18.9 20.1  SOIL: 1750.0 1313.0 973.0 
MOISTER: 2288 VDDA: 2.79 Vsol: 1.63 Vbat: 3.69  NTC: 18.5 19.0 18.9 20.1  SOIL: 1749.0 1310.0 975.0 
MOISTER: 2289 VDDA: 2.79 Vsol: 1.64 Vbat: 3.69  NTC: 18.5 19.0 18.9 20.2  SOIL: 1752.0 1307.0 971.0 
MOISTER: 2289 VDDA: 2.79 Vsol: 1.64 Vbat: 3.69  NTC: 18.5 19.0 18.9 20.2  SOIL: 1752.0 1307.0 971.0 
MOISTER: 2289 VDDA: 2.79 Vsol: 1.64 Vbat: 3.69  NTC: 18.5 19.0 18.9 20.2  SOIL: 1752.0 1307.0 971.0 
MOISTER: 2289 VDDA: 2.79 Vsol: 1.64 Vbat: 3.69  NTC: 18.5 19.0 18.9 20.2  SOIL: 1752.0 1307.0 971.0 
MOISTER: 2289 VDDA: 2.79 Vsol: 1.64 Vbat: 3.69  NTC: 18.5 19.0 18.9 20.2  SOIL: 1752.0 1307.0 971.0 
MOISTER: 2289 VDDA: 2.79 Vsol: 1.64 Vbat: 3.69  NTC: 18.5 19.0 18.9 20.2  SOIL: 1752.0 1307.0 971.0 
MOISTER: 2289 VDDA: 2.79 Vsol: 1.64 Vbat: 3.69  NTC: 18.5 19.0 18.9 20.2  SOIL: 1752.0 1307.0 971.0 
MOISTER: 2316 VDDA: 2.80 Vsol: 1.63 Vbat: 3.69  NTC: 18.5 18.9 18.8 20.1  SOIL: 1750.0 1309.0 973.0 
MOISTER: 2320 VDDA: 2.79 Vsol: 1.62 Vbat: 3.68  NTC: 18.4 18.9 18.8 19.8  SOIL: 1752.0 1310.0 975.0 
MOISTER: 2320 VDDA: 2.79 Vsol: 1.62 Vbat: 3.68  NTC: 18.4 18.9 18.8 19.8  SOIL: 1752.0 1310.0 975.0 
MOISTER: 2320 VDDA: 2.79 Vsol: 1.62 Vbat: 3.68  NTC: 18.4 18.9 18.8 19.8  SOIL: 1752.0 1310.0 975.0 
MOISTER: 2325 VDDA: 2.81 Vsol: 1.66 Vbat: 3.68  NTC: 18.3 18.9 18.8 19.8  SOIL: 1750.0 1308.0 972.0 
MOISTER: 2325 VDDA: 2.81 Vsol: 1.66 Vbat: 3.68  NTC: 18.3 18.9 18.8 19.8  SOIL: 1750.0 1308.0 972.0 
MOISTER: 2325 VDDA: 2.81 Vsol: 1.66 Vbat: 3.68  NTC: 18.3 18.9 18.8 19.8  SOIL: 1750.0 1308.0 972.0 
MOISTER: 2325 VDDA: 2.81 Vsol: 1.66 Vbat: 3.68  NTC: 18.3 18.9 18.8 19.8  SOIL: 1750.0 1308.0 972.0 
MOISTER: 2332 VDDA: 2.80 Vsol: 1.62 Vbat: 3.69  NTC: 18.3 18.9 18.7 19.9  SOIL: 1755.0 1310.0 978.0 
MOISTER: 2332 VDDA: 2.80 Vsol: 1.62 Vbat: 3.69  NTC: 18.3 18.9 18.7 19.9  SOIL: 1755.0 1310.0 978.0 
MOISTER: 2339 VDDA: 2.79 Vsol: 1.64 Vbat: 3.67  NTC: 18.3 18.9 18.7 20.1  SOIL: 1750.0 1305.0 977.0 
MOISTER: 2339 VDDA: 2.79 Vsol: 1.64 Vbat: 3.67  NTC: 18.3 18.9 18.7 20.1  SOIL: 1750.0 1305.0 977.0 
MOISTER: 2344 VDDA: 2.79 Vsol: 1.61 Vbat: 3.68  NTC: 18.3 18.9 18.6 19.8  SOIL: 1757.0 1312.0 979.0 
MOISTER: 2345 VDDA: 2.79 Vsol: 1.59 Vbat: 3.68  NTC: 18.3 18.9 18.6 19.7  SOIL: 1755.0 1313.0 981.0 
MOISTER: 2345 VDDA: 2.79 Vsol: 1.59 Vbat: 3.68  NTC: 18.3 18.9 18.6 19.7  SOIL: 1755.0 1313.0 981.0 
MOISTER: 2351 VDDA: 2.80 Vsol: 1.61 Vbat: 3.68  NTC: 18.3 18.9 18.6 19.8  SOIL: 1756.0 1311.0 978.0 
MOISTER: 2352 VDDA: 2.80 Vsol: 1.58 Vbat: 3.72  NTC: 18.3 18.9 18.6 19.7  SOIL: 1749.0 1306.0 981.0 
MOISTER: 2353 VDDA: 2.80 Vsol: 1.58 Vbat: 3.69  NTC: 18.3 18.8 18.6 19.7  SOIL: 1755.0 1312.0 979.0 
MOISTER: 2354 VDDA: 2.80 Vsol: 1.59 Vbat: 3.68  NTC: 18.2 18.8 18.6 19.6  SOIL: 1750.0 1315.0 978.0 
MOISTER: 2355 VDDA: 2.79 Vsol: 1.60 Vbat: 3.70  NTC: 18.2 18.8 18.6 19.6  SOIL: 1753.0 1315.0 977.0 
MOISTER: 2356 VDDA: 2.80 Vsol: 1.59 Vbat: 3.72  NTC: 18.2 18.8 18.6 19.7  SOIL: 1756.0 1311.0 977.0 
MOISTER: 2357 VDDA: 2.81 Vsol: 1.60 Vbat: 3.71  NTC: 18.2 18.8 18.5 19.9  SOIL: 1754.0 1316.0 981.0 
MOISTER: 2358 VDDA: 2.79 Vsol: 1.61 Vbat: 3.67  NTC: 18.2 18.8 18.5 19.7  SOIL: 1757.0 1315.0 980.0 
MOISTER: 2359 VDDA: 2.80 Vsol: 1.64 Vbat: 3.67  NTC: 18.2 18.8 18.5 19.7  SOIL: 1754.0 1311.0 979.0 
MOISTER: 2360 VDDA: 2.80 Vsol: 1.63 Vbat: 3.68  NTC: 18.2 18.8 18.5 19.7  SOIL: 1751.0 1312.0 975.0 
MOISTER: 2362 VDDA: 2.80 Vsol: 1.68 Vbat: 3.70  NTC: 18.2 18.8 18.5 19.7  SOIL: 1759.0 1309.0 980.0 
MOISTER: 2363 VDDA: 2.80 Vsol: 1.64 Vbat: 3.70  NTC: 18.2 18.8 18.5 19.7  SOIL: 1760.0 1310.0 977.0 
MOISTER: 2365 VDDA: 2.80 Vsol: 1.65 Vbat: 3.71  NTC: 18.2 18.8 18.5 19.9  SOIL: 1757.0 1313.0 979.0 
MOISTER: 2366 VDDA: 2.79 Vsol: 1.64 Vbat: 3.69  NTC: 18.2 18.8 18.5 19.9  SOIL: 1752.0 1306.0 979.0 
MOISTER: 2367 VDDA: 2.81 Vsol: 1.65 Vbat: 3.72  NTC: 18.2 18.8 18.5 20.0  SOIL: 1761.0 1314.0 976.0 
MOISTER: 2368 VDDA: 2.80 Vsol: 1.68 Vbat: 3.68  NTC: 18.2 18.7 18.4 20.1  SOIL: 1747.0 1313.0 975.0 
MOISTER: 2369 VDDA: 2.79 Vsol: 2.12 Vbat: 3.67  NTC: 18.2 18.7 18.4 20.0  SOIL: 1754.0 1315.0 978.0 
MOISTER: 2371 VDDA: 2.79 Vsol: 1.68 Vbat: 3.69  NTC: 18.2 18.7 18.4 20.3  SOIL: 1749.0 1307.0 980.0 
MOISTER: 2373 VDDA: 2.80 Vsol: 1.63 Vbat: 3.70  NTC: 18.2 18.7 18.4 20.1  SOIL: 1758.0 1312.0 978.0 
MOISTER: 2374 VDDA: 2.79 Vsol: 1.63 Vbat: 3.69  NTC: 18.2 18.7 18.4 20.0  SOIL: 1753.0 1309.0 981.0 
MOISTER: 2375 VDDA: 2.80 Vsol: 1.64 Vbat: 3.67  NTC: 18.2 18.7 18.4 19.8  SOIL: 1757.0 1309.0 978.0 
MOISTER: 2376 VDDA: 2.81 Vsol: 1.63 Vbat: 3.70  NTC: 18.1 18.7 18.4 19.8  SOIL: 1752.0 1312.0 982.0 
MOISTER: 2377 VDDA: 2.80 Vsol: 1.66 Vbat: 3.70  NTC: 18.1 18.7 18.4 19.9  SOIL: 1751.0 1316.0 975.0 
MOISTER: 2378 VDDA: 2.80 Vsol: 1.64 Vbat: 3.71  NTC: 18.1 18.7 18.4 20.0  SOIL: 1752.0 1311.0 982.0 
MOISTER: 2379 VDDA: 2.79 Vsol: 1.62 Vbat: 3.69  NTC: 18.1 18.7 18.4 19.9  SOIL: 1748.0 1311.0 981.0 
MOISTER: 2380 VDDA: 2.80 Vsol: 1.64 Vbat: 3.71  NTC: 18.1 18.7 18.4 19.9  SOIL: 1755.0 1311.0 983.0 
MOISTER: 2382 VDDA: 2.80 Vsol: 1.64 Vbat: 3.67  NTC: 18.1 18.6 18.3 20.1  SOIL: 1755.0 1312.0 980.0 
MOISTER: 2383 VDDA: 2.81 Vsol: 1.66 Vbat: 3.72  NTC: 18.1 18.6 18.4 20.3  SOIL: 1755.0 1312.0 977.0 
MOISTER: 2385 VDDA: 2.80 Vsol: 1.61 Vbat: 3.68  NTC: 18.2 18.6 18.3 20.2  SOIL: 1749.0 1314.0 977.0 
MOISTER: 2386 VDDA: 2.79 Vsol: 1.56 Vbat: 3.69  NTC: 18.1 18.6 18.3 19.7  SOIL: 1752.0 1310.0 984.0 
MOISTER: 2387 VDDA: 2.80 Vsol: 1.66 Vbat: 3.72  NTC: 18.1 18.6 18.3 19.5  SOIL: 1759.0 1316.0 985.0 
MOISTER: 2388 VDDA: 2.79 Vsol: 1.65 Vbat: 3.68  NTC: 18.1 18.6 18.3 19.7  SOIL: 1753.0 1316.0 984.0 
MOISTER: 2389 VDDA: 2.80 Vsol: 1.65 Vbat: 3.70  NTC: 18.0 18.6 18.3 19.7  SOIL: 1756.0 1313.0 979.0 
MOISTER: 2390 VDDA: 2.79 Vsol: 1.60 Vbat: 3.71  NTC: 18.0 18.6 18.3 19.8  SOIL: 1756.0 1313.0 981.0 
MOISTER: 2391 VDDA: 2.80 Vsol: 1.65 Vbat: 3.72  NTC: 18.0 18.6 18.3 19.9  SOIL: 1755.0 1317.0 983.0 
MOISTER: 2392 VDDA: 2.80 Vsol: 1.58 Vbat: 3.72  NTC: 18.1 18.6 18.3 19.9  SOIL: 1744.0 1315.0 979.0 
MOISTER: 2393 VDDA: 2.80 Vsol: 1.59 Vbat: 3.70  NTC: 18.0 18.6 18.3 19.8  SOIL: 1749.0 1313.0 980.0 
MOISTER: 2394 VDDA: 2.80 Vsol: 1.63 Vbat: 3.67  NTC: 18.0 18.6 18.3 19.9  SOIL: 1752.0 1319.0 979.0 
MOISTER: 2395 VDDA: 2.80 Vsol: 1.62 Vbat: 3.68  NTC: 18.0 18.6 18.3 20.1  SOIL: 1751.0 1313.0 982.0 
MOISTER: 2396 VDDA: 2.80 Vsol: 1.61 Vbat: 3.68  NTC: 18.0 18.6 18.3 20.1  SOIL: 1750.0 1311.0 984.0 
MOISTER: 2397 VDDA: 2.79 Vsol: 1.60 Vbat: 3.69  NTC: 18.0 18.6 18.3 19.7  SOIL: 1752.0 1314.0 984.0 
MOISTER: 2398 VDDA: 2.80 Vsol: 1.56 Vbat: 3.71  NTC: 18.0 18.6 18.3 19.5  SOIL: 1757.0 1317.0 984.0 
MOISTER: 2399 VDDA: 2.79 Vsol: 1.52 Vbat: 3.67  NTC: 18.0 18.6 18.3 19.4  SOIL: 1762.0 1318.0 983.0 
MOISTER: 2400 VDDA: 2.80 Vsol: 1.55 Vbat: 3.70  NTC: 18.0 18.6 18.3 19.3  SOIL: 1760.0 1317.0 981.0 
MOISTER: 2401 VDDA: 2.80 Vsol: 1.55 Vbat: 3.69  NTC: 17.9 18.6 18.3 19.1  SOIL: 1756.0 1316.0 985.0 
MOISTER: 2402 VDDA: 2.81 Vsol: 1.53 Vbat: 3.69  NTC: 18.0 18.6 18.3 19.1  SOIL: 1757.0 1317.0 983.0 
MOISTER: 2403 VDDA: 2.80 Vsol: 1.58 Vbat: 3.69  NTC: 17.9 18.6 18.3 19.1  SOIL: 1757.0 1324.0 986.0 
MOISTER: 2404 VDDA: 2.80 Vsol: 1.58 Vbat: 3.70  NTC: 17.9 18.6 18.3 19.2  SOIL: 1764.0 1321.0 986.0 
MOISTER: 2405 VDDA: 2.80 Vsol: 1.61 Vbat: 3.68  NTC: 17.9 18.6 18.2 19.1  SOIL: 1762.0 1325.0 984.0 
MOISTER: 2406 VDDA: 2.79 Vsol: 1.56 Vbat: 3.69  NTC: 17.9 18.5 18.2 19.3  SOIL: 1759.0 1319.0 987.0 
MOISTER: 2407 VDDA: 2.79 Vsol: 1.59 Vbat: 3.66  NTC: 17.9 18.5 18.2 19.2  SOIL: 1758.0 1320.0 981.0 
MOISTER: 2408 VDDA: 2.79 Vsol: 1.57 Vbat: 3.68  NTC: 17.9 18.5 18.2 19.3  SOIL: 1761.0 1317.0 982.0 
MOISTER: 2409 VDDA: 2.80 Vsol: 1.62 Vbat: 3.68  NTC: 17.9 18.5 18.2 19.3  SOIL: 1754.0 1317.0 986.0 
MOISTER: 2410 VDDA: 2.80 Vsol: 1.56 Vbat: 3.70  NTC: 17.9 18.5 18.2 19.3  SOIL: 1756.0 1318.0 982.0 
MOISTER: 2411 VDDA: 2.80 Vsol: 1.62 Vbat: 3.68  NTC: 17.9 18.5 18.1 19.3  SOIL: 1762.0 1318.0 982.0 
MOISTER: 2412 VDDA: 2.80 Vsol: 1.60 Vbat: 3.69  NTC: 17.9 18.5 18.1 19.3  SOIL: 1756.0 1319.0 985.0 
MOISTER: 2413 VDDA: 2.80 Vsol: 1.59 Vbat: 3.70  NTC: 17.8 18.5 18.1 19.3  SOIL: 1755.0 1320.0 986.0 
MOISTER: 2415 VDDA: 2.81 Vsol: 1.61 Vbat: 3.71  NTC: 17.8 18.5 18.1 19.4  SOIL: 1759.0 1315.0 984.0 
MOISTER: 2416 VDDA: 2.81 Vsol: 1.60 Vbat: 3.68  NTC: 17.8 18.4 18.1 19.3  SOIL: 1761.0 1317.0 986.0 
MOISTER: 2417 VDDA: 2.79 Vsol: 1.58 Vbat: 3.71  NTC: 17.8 18.4 18.1 19.4  SOIL: 1758.0 1316.0 986.0 
MOISTER: 2418 VDDA: 2.80 Vsol: 1.56 Vbat: 3.70  NTC: 17.8 18.4 18.1 19.4  SOIL: 1756.0 1319.0 986.0 
MOISTER: 2419 VDDA: 2.79 Vsol: 1.57 Vbat: 3.68  NTC: 17.8 18.4 18.1 19.3  SOIL: 1759.0 1323.0 985.0 
MOISTER: 2420 VDDA: 2.80 Vsol: 1.60 Vbat: 3.71  NTC: 17.8 18.4 18.1 19.2  SOIL: 1758.0 1320.0 987.0 
MOISTER: 2421 VDDA: 2.80 Vsol: 1.62 Vbat: 3.70  NTC: 17.8 18.4 18.1 19.2  SOIL: 1761.0 1323.0 986.0 
MOISTER: 2422 VDDA: 2.82 Vsol: 1.63 Vbat: 3.71  NTC: 17.8 18.4 18.1 19.3  SOIL: 1765.0 1316.0 988.0 
MOISTER: 2423 VDDA: 2.80 Vsol: 1.61 Vbat: 3.70  NTC: 17.8 18.4 18.1 19.5  SOIL: 1759.0 1313.0 988.0 
MOISTER: 2424 VDDA: 2.80 Vsol: 1.50 Vbat: 3.69  NTC: 17.8 18.4 18.1 19.2  SOIL: 1760.0 1318.0 984.0 
MOISTER: 2425 VDDA: 2.79 Vsol: 1.59 Vbat: 3.71  NTC: 17.8 18.4 18.1 19.1  SOIL: 1762.0 1319.0 990.0 
MOISTER: 2426 VDDA: 2.79 Vsol: 1.55 Vbat: 3.68  NTC: 17.8 18.4 18.1 19.1  SOIL: 1758.0 1325.0 987.0 
MOISTER: 2427 VDDA: 2.80 Vsol: 1.60 Vbat: 3.67  NTC: 17.8 18.4 18.0 19.0  SOIL: 1762.0 1324.0 983.0 
MOISTER: 2428 VDDA: 2.80 Vsol: 1.59 Vbat: 3.68  NTC: 17.8 18.4 18.0 18.9  SOIL: 1765.0 1320.0 987.0 
MOISTER: 2429 VDDA: 2.80 Vsol: 1.52 Vbat: 3.68  NTC: 17.7 18.4 18.0 18.9  SOIL: 1757.0 1323.0 986.0 
MOISTER: 2430 VDDA: 2.80 Vsol: 1.60 Vbat: 3.68  NTC: 17.7 18.4 18.0 19.0  SOIL: 1762.0 1317.0 983.0 
MOISTER: 2431 VDDA: 2.79 Vsol: 1.59 Vbat: 3.70  NTC: 17.7 18.4 18.0 19.0  SOIL: 1767.0 1317.0 986.0 
MOISTER: 2432 VDDA: 2.79 Vsol: 1.54 Vbat: 3.69  NTC: 17.7 18.4 18.0 18.9  SOIL: 1766.0 1322.0 989.0 
MOISTER: 2433 VDDA: 2.80 Vsol: 1.59 Vbat: 3.70  NTC: 17.7 18.4 18.0 19.1  SOIL: 1762.0 1323.0 984.0 
MOISTER: 2435 VDDA: 2.80 Vsol: 1.60 Vbat: 3.67  NTC: 17.7 18.4 18.0 19.1  SOIL: 1763.0 1322.0 983.0 
MOISTER: 2436 VDDA: 2.81 Vsol: 1.59 Vbat: 3.67  NTC: 17.7 18.4 18.0 19.2  SOIL: 1758.0 1319.0 987.0 
MOISTER: 2437 VDDA: 2.80 Vsol: 1.58 Vbat: 3.67  NTC: 17.7 18.3 18.0 19.2  SOIL: 1769.0 1317.0 986.0 
MOISTER: 2438 VDDA: 2.78 Vsol: 1.57 Vbat: 3.66  NTC: 17.7 18.3 17.9 19.2  SOIL: 1763.0 1318.0 986.0 
MOISTER: 2439 VDDA: 2.79 Vsol: 1.57 Vbat: 3.71  NTC: 17.7 18.3 17.9 19.1  SOIL: 1764.0 1320.0 988.0 
MOISTER: 2441 VDDA: 2.80 Vsol: 1.57 Vbat: 3.69  NTC: 17.7 18.3 17.9 19.1  SOIL: 1766.0 1328.0 986.0 
MOISTER: 2442 VDDA: 2.80 Vsol: 1.55 Vbat: 3.70  NTC: 17.7 18.3 17.9 19.1  SOIL: 1765.0 1323.0 987.0 
MOISTER: 2443 VDDA: 2.79 Vsol: 1.51 Vbat: 3.67  NTC: 17.6 18.3 17.8 19.0  SOIL: 1762.0 1319.0 986.0 
MOISTER: 2444 VDDA: 2.81 Vsol: 1.53 Vbat: 3.72  NTC: 17.6 18.3 17.8 18.9  SOIL: 1764.0 1318.0 987.0 
MOISTER: 2445 VDDA: 2.79 Vsol: 1.57 Vbat: 3.67  NTC: 17.6 18.3 17.8 18.9  SOIL: 1764.0 1317.0 984.0 
MOISTER: 2446 VDDA: 2.79 Vsol: 1.52 Vbat: 3.68  NTC: 17.6 18.3 17.8 18.9  SOIL: 1763.0 1320.0 988.0 
MOISTER: 2447 VDDA: 2.79 Vsol: 1.59 Vbat: 3.67  NTC: 17.6 18.3 17.8 18.9  SOIL: 1764.0 1325.0 988.0 
MOISTER: 2448 VDDA: 2.80 Vsol: 1.55 Vbat: 3.69  NTC: 17.6 18.3 17.8 18.9  SOIL: 1760.0 1319.0 991.0 
MOISTER: 2449 VDDA: 2.79 Vsol: 1.57 Vbat: 3.69  NTC: 17.5 18.3 17.8 18.9  SOIL: 1765.0 1328.0 990.0 
MOISTER: 2450 VDDA: 2.79 Vsol: 1.58 Vbat: 3.67  NTC: 17.6 18.3 17.8 18.9  SOIL: 1764.0 1325.0 986.0 
MOISTER: 2451 VDDA: 2.80 Vsol: 1.57 Vbat: 3.70  NTC: 17.5 18.2 17.8 18.8  SOIL: 1763.0 1322.0 988.0 
MOISTER: 2452 VDDA: 2.79 Vsol: 1.56 Vbat: 3.68  NTC: 17.5 18.2 17.8 18.8  SOIL: 1764.0 1320.0 986.0 
MOISTER: 2453 VDDA: 2.79 Vsol: 1.47 Vbat: 3.65  NTC: 17.5 18.2 17.7 18.7  SOIL: 1767.0 1318.0 990.0 
MOISTER: 2454 VDDA: 2.79 Vsol: 1.51 Vbat: 3.67  NTC: 17.5 18.2 17.7 18.7  SOIL: 1769.0 1320.0 992.0 
MOISTER: 2455 VDDA: 2.80 Vsol: 1.55 Vbat: 3.71  NTC: 17.5 18.2 17.7 18.7  SOIL: 1768.0 1323.0 992.0 
MOISTER: 2456 VDDA: 2.79 Vsol: 1.56 Vbat: 3.70  NTC: 17.5 18.1 17.7 18.7  SOIL: 1764.0 1321.0 991.0 
MOISTER: 2457 VDDA: 2.79 Vsol: 1.55 Vbat: 3.71  NTC: 17.5 18.1 17.7 18.7  SOIL: 1769.0 1325.0 988.0 
MOISTER: 2458 VDDA: 2.79 Vsol: 1.56 Vbat: 3.68  NTC: 17.5 18.1 17.7 18.8  SOIL: 1758.0 1321.0 992.0 
MOISTER: 2459 VDDA: 2.80 Vsol: 1.57 Vbat: 3.71  NTC: 17.5 18.1 17.7 18.7  SOIL: 1768.0 1327.0 992.0 
MOISTER: 2460 VDDA: 2.79 Vsol: 1.55 Vbat: 3.70  NTC: 17.5 18.1 17.6 18.5  SOIL: 1767.0 1324.0 991.0 
MOISTER: 2462 VDDA: 2.80 Vsol: 1.56 Vbat: 3.68  NTC: 17.4 18.1 17.6 18.5  SOIL: 1769.0 1325.0 991.0 
MOISTER: 2463 VDDA: 2.81 Vsol: 1.55 Vbat: 3.70  NTC: 17.4 18.1 17.6 18.6  SOIL: 1767.0 1323.0 993.0 
MOISTER: 2464 VDDA: 2.80 Vsol: 1.55 Vbat: 3.67  NTC: 17.4 18.1 17.6 18.7  SOIL: 1769.0 1330.0 988.0 
MOISTER: 2465 VDDA: 2.80 Vsol: 1.56 Vbat: 3.67  NTC: 17.4 18.1 17.6 18.5  SOIL: 1766.0 1323.0 989.0 
MOISTER: 2466 VDDA: 2.79 Vsol: 1.48 Vbat: 3.69  NTC: 17.4 18.1 17.6 18.5  SOIL: 1768.0 1320.0 992.0 
MOISTER: 2467 VDDA: 2.79 Vsol: 1.52 Vbat: 3.70  NTC: 17.4 18.0 17.6 18.4  SOIL: 1767.0 1321.0 995.0 
MOISTER: 2468 VDDA: 2.80 Vsol: 1.53 Vbat: 3.68  NTC: 17.3 18.0 17.6 18.4  SOIL: 1772.0 1324.0 988.0 
MOISTER: 2469 VDDA: 2.79 Vsol: 1.53 Vbat: 3.65  NTC: 17.3 18.0 17.6 18.4  SOIL: 1766.0 1322.0 994.0 
MOISTER: 2470 VDDA: 2.80 Vsol: 1.51 Vbat: 3.70  NTC: 17.3 18.0 17.6 18.5  SOIL: 1773.0 1320.0 990.0 
MOISTER: 2471 VDDA: 2.79 Vsol: 1.51 Vbat: 3.68  NTC: 17.3 18.0 17.6 18.5  SOIL: 1771.0 1327.0 992.0 
MOISTER: 2472 VDDA: 2.79 Vsol: 1.50 Vbat: 3.67  NTC: 17.3 18.0 17.5 18.4  SOIL: 1764.0 1327.0 994.0 
MOISTER: 2473 VDDA: 2.80 Vsol: 1.50 Vbat: 3.70  NTC: 17.3 18.0 17.5 18.4  SOIL: 1770.0 1324.0 994.0 
MOISTER: 2474 VDDA: 2.79 Vsol: 1.50 Vbat: 3.69  NTC: 17.3 18.0 17.5 18.3  SOIL: 1776.0 1326.0 994.0 
MOISTER: 2475 VDDA: 2.81 Vsol: 1.50 Vbat: 3.69  NTC: 17.2 18.0 17.5 18.3  SOIL: 1776.0 1321.0 991.0 
MOISTER: 2476 VDDA: 2.79 Vsol: 1.50 Vbat: 3.69  NTC: 17.2 17.9 17.5 18.3  SOIL: 1770.0 1325.0 988.0 
MOISTER: 2477 VDDA: 2.79 Vsol: 1.49 Vbat: 3.67  NTC: 17.2 17.9 17.5 18.3  SOIL: 1773.0 1324.0 997.0 
MOISTER: 2479 VDDA: 2.80 Vsol: 1.49 Vbat: 3.69  NTC: 17.2 17.9 17.4 18.3  SOIL: 1775.0 1330.0 997.0 
MOISTER: 2480 VDDA: 2.80 Vsol: 1.50 Vbat: 3.69  NTC: 17.2 17.9 17.4 18.2  SOIL: 1772.0 1328.0 994.0 
MOISTER: 2481 VDDA: 2.79 Vsol: 1.49 Vbat: 3.69  NTC: 17.2 17.9 17.4 18.2  SOIL: 1764.0 1325.0 996.0 
MOISTER: 2482 VDDA: 2.79 Vsol: 1.48 Vbat: 3.70  NTC: 17.2 17.9 17.4 18.2  SOIL: 1772.0 1325.0 996.0 
MOISTER: 2483 VDDA: 2.79 Vsol: 1.46 Vbat: 3.69  NTC: 17.2 17.9 17.3 18.2  SOIL: 1775.0 1324.0 996.0 
MOISTER: 2484 VDDA: 2.79 Vsol: 1.47 Vbat: 3.70  NTC: 17.2 17.9 17.3 18.1  SOIL: 1776.0 1325.0 995.0 
MOISTER: 2485 VDDA: 2.79 Vsol: 1.49 Vbat: 3.67  NTC: 17.2 17.9 17.3 18.1  SOIL: 1772.0 1330.0 994.0 
MOISTER: 2486 VDDA: 2.79 Vsol: 1.47 Vbat: 3.69  NTC: 17.2 17.9 17.3 18.0  SOIL: 1772.0 1328.0 997.0 
MOISTER: 2487 VDDA: 2.79 Vsol: 1.47 Vbat: 3.70  NTC: 17.2 17.9 17.3 18.0  SOIL: 1773.0 1325.0 999.0 
MOISTER: 2488 VDDA: 2.80 Vsol: 1.48 Vbat: 3.66  NTC: 17.1 17.8 17.3 18.1  SOIL: 1780.0 1324.0 993.0 
MOISTER: 2489 VDDA: 2.79 Vsol: 1.48 Vbat: 3.65  NTC: 17.1 17.8 17.3 18.1  SOIL: 1774.0 1328.0 992.0 
MOISTER: 2490 VDDA: 2.80 Vsol: 1.48 Vbat: 3.69  NTC: 17.1 17.8 17.3 18.1  SOIL: 1772.0 1328.0 995.0 
MOISTER: 2491 VDDA: 2.80 Vsol: 1.46 Vbat: 3.69  NTC: 17.1 17.8 17.2 18.1  SOIL: 1773.0 1322.0 995.0 
MOISTER: 2492 VDDA: 2.80 Vsol: 1.46 Vbat: 3.71  NTC: 17.1 17.8 17.2 18.0  SOIL: 1773.0 1327.0 998.0 
MOISTER: 2493 VDDA: 2.79 Vsol: 1.47 Vbat: 3.66  NTC: 17.0 17.8 17.2 18.0  SOIL: 1771.0 1328.0 998.0 
MOISTER: 2494 VDDA: 2.81 Vsol: 1.47 Vbat: 3.71  NTC: 17.0 17.8 17.2 18.0  SOIL: 1777.0 1326.0 1000.0 
MOISTER: 2495 VDDA: 2.80 Vsol: 1.47 Vbat: 3.71  NTC: 17.0 17.8 17.2 18.0  SOIL: 1777.0 1330.0 997.0 
MOISTER: 2496 VDDA: 2.80 Vsol: 1.45 Vbat: 3.70  NTC: 17.0 17.8 17.1 18.0  SOIL: 1773.0 1326.0 997.0 
MOISTER: 2497 VDDA: 2.80 Vsol: 1.46 Vbat: 3.68  NTC: 17.0 17.7 17.1 18.0  SOIL: 1770.0 1326.0 996.0 
MOISTER: 2498 VDDA: 2.81 Vsol: 1.46 Vbat: 3.70  NTC: 17.0 17.7 17.1 17.9  SOIL: 1778.0 1332.0 996.0 
MOISTER: 2499 VDDA: 2.80 Vsol: 1.45 Vbat: 3.71  NTC: 17.0 17.7 17.1 17.9  SOIL: 1778.0 1325.0 997.0 
MOISTER: 2500 VDDA: 2.80 Vsol: 1.45 Vbat: 3.69  NTC: 17.0 17.7 17.1 17.9  SOIL: 1779.0 1330.0 1000.0 
MOISTER: 2501 VDDA: 2.79 Vsol: 1.45 Vbat: 3.67  NTC: 17.0 17.7 17.0 17.9  SOIL: 1773.0 1331.0 995.0 
MOISTER: 2502 VDDA: 2.80 Vsol: 1.45 Vbat: 3.67  NTC: 16.9 17.7 17.0 17.9  SOIL: 1770.0 1329.0 997.0 
MOISTER: 2503 VDDA: 2.79 Vsol: 1.44 Vbat: 3.68  NTC: 16.9 17.6 17.0 17.8  SOIL: 1770.0 1326.0 996.0 
MOISTER: 2504 VDDA: 2.80 Vsol: 1.44 Vbat: 3.69  NTC: 16.9 17.6 17.0 17.8  SOIL: 1782.0 1324.0 997.0 
MOISTER: 2505 VDDA: 2.80 Vsol: 1.44 Vbat: 3.68  NTC: 16.9 17.6 17.0 17.8  SOIL: 1770.0 1323.0 998.0 
MOISTER: 2506 VDDA: 2.81 Vsol: 1.44 Vbat: 3.70  NTC: 16.9 17.6 17.0 17.7  SOIL: 1774.0 1327.0 999.0 
MOISTER: 2507 VDDA: 2.80 Vsol: 1.44 Vbat: 3.68  NTC: 16.9 17.6 17.0 17.8  SOIL: 1780.0 1330.0 997.0 
MOISTER: 2508 VDDA: 2.81 Vsol: 1.44 Vbat: 3.69  NTC: 16.8 17.6 17.0 17.7  SOIL: 1783.0 1332.0 994.0 
MOISTER: 2509 VDDA: 2.80 Vsol: 1.42 Vbat: 3.69  NTC: 16.8 17.6 17.0 17.7  SOIL: 1774.0 1329.0 1002.0 
MOISTER: 2510 VDDA: 2.80 Vsol: 1.43 Vbat: 3.70  NTC: 16.8 17.6 17.0 17.7  SOIL: 1777.0 1333.0 997.0 
MOISTER: 2511 VDDA: 2.79 Vsol: 1.43 Vbat: 3.67  NTC: 16.8 17.6 17.0 17.8  SOIL: 1773.0 1325.0 997.0 
MOISTER: 2512 VDDA: 2.79 Vsol: 1.43 Vbat: 3.66  NTC: 16.8 17.6 16.9 17.9  SOIL: 1773.0 1326.0 994.0 
MOISTER: 2513 VDDA: 2.80 Vsol: 1.42 Vbat: 3.67  NTC: 16.8 17.5 16.9 17.9  SOIL: 1779.0 1327.0 995.0 
MOISTER: 2514 VDDA: 2.80 Vsol: 1.41 Vbat: 3.70  NTC: 16.8 17.5 16.9 17.9  SOIL: 1777.0 1327.0 1001.0 
MOISTER: 2516 VDDA: 2.81 Vsol: 1.42 Vbat: 3.70  NTC: 16.8 17.5 16.8 17.8  SOIL: 1780.0 1327.0 999.0 
MOISTER: 2517 VDDA: 2.81 Vsol: 1.41 Vbat: 3.71  NTC: 16.8 17.5 16.8 17.7  SOIL: 1780.0 1329.0 998.0 
MOISTER: 2518 VDDA: 2.81 Vsol: 1.41 Vbat: 3.69  NTC: 16.8 17.5 16.8 17.7  SOIL: 1779.0 1332.0 996.0 
MOISTER: 2519 VDDA: 2.80 Vsol: 1.41 Vbat: 3.69  NTC: 16.7 17.5 16.8 17.7  SOIL: 1776.0 1329.0 996.0 
MOISTER: 2520 VDDA: 2.79 Vsol: 1.40 Vbat: 3.71  NTC: 16.7 17.4 16.8 17.7  SOIL: 1777.0 1334.0 1000.0 
MOISTER: 2521 VDDA: 2.80 Vsol: 1.39 Vbat: 3.69  NTC: 16.7 17.4 16.8 17.7  SOIL: 1779.0 1329.0 1001.0 
MOISTER: 2522 VDDA: 2.80 Vsol: 1.39 Vbat: 3.67  NTC: 16.7 17.4 16.8 17.7  SOIL: 1785.0 1335.0 1000.0 
MOISTER: 2523 VDDA: 2.79 Vsol: 1.38 Vbat: 3.70  NTC: 16.7 17.4 16.8 17.7  SOIL: 1781.0 1334.0 1003.0 
MOISTER: 2524 VDDA: 2.79 Vsol: 1.71 Vbat: 3.70  NTC: 16.7 17.4 16.7 17.6  SOIL: 1776.0 1332.0 1002.0 
MOISTER: 2525 VDDA: 2.81 Vsol: 1.39 Vbat: 3.69  NTC: 16.7 17.4 16.7 17.6  SOIL: 1779.0 1330.0 1003.0 
MOISTER: 2526 VDDA: 2.81 Vsol: 1.39 Vbat: 3.68  NTC: 16.7 17.4 16.7 17.6  SOIL: 1780.0 1330.0 997.0 
MOISTER: 2527 VDDA: 2.81 Vsol: 1.38 Vbat: 3.70  NTC: 16.7 17.3 16.7 17.5  SOIL: 1781.0 1324.0 998.0 
MOISTER: 2528 VDDA: 2.81 Vsol: 1.37 Vbat: 3.71  NTC: 16.7 17.3 16.7 17.6  SOIL: 1779.0 1331.0 1002.0 
MOISTER: 2529 VDDA: 2.80 Vsol: 1.37 Vbat: 3.71  NTC: 16.7 17.3 16.7 17.5  SOIL: 1778.0 1327.0 1002.0 
MOISTER: 2530 VDDA: 2.81 Vsol: 1.37 Vbat: 3.68  NTC: 16.7 17.3 16.7 17.6  SOIL: 1783.0 1332.0 999.0 
MOISTER: 2531 VDDA: 2.79 Vsol: 1.36 Vbat: 3.70  NTC: 16.7 17.3 16.6 17.5  SOIL: 1781.0 1327.0 993.0 
MOISTER: 2532 VDDA: 2.79 Vsol: 1.36 Vbat: 3.67  NTC: 16.7 17.3 16.6 17.5  SOIL: 1782.0 1332.0 1005.0 
MOISTER: 2533 VDDA: 2.80 Vsol: 1.35 Vbat: 3.71  NTC: 16.7 17.3 16.6 17.5  SOIL: 1783.0 1332.0 1000.0 
MOISTER: 2534 VDDA: 2.79 Vsol: 1.34 Vbat: 3.68  NTC: 16.6 17.3 16.6 17.5  SOIL: 1781.0 1326.0 1000.0 
MOISTER: 2535 VDDA: 2.80 Vsol: 1.34 Vbat: 3.69  NTC: 16.6 17.3 16.6 17.5  SOIL: 1776.0 1328.0 1002.0 
MOISTER: 2536 VDDA: 2.80 Vsol: 1.33 Vbat: 3.69  NTC: 16.6 17.3 16.6 17.5  SOIL: 1783.0 1331.0 1001.0 
MOISTER: 2537 VDDA: 2.80 Vsol: 1.33 Vbat: 3.69  NTC: 16.6 17.3 16.6 17.5  SOIL: 1782.0 1331.0 1003.0 
MOISTER: 2538 VDDA: 2.79 Vsol: 1.33 Vbat: 3.65  NTC: 16.6 17.3 16.6 17.5  SOIL: 1782.0 1332.0 1003.0 
MOISTER: 2539 VDDA: 2.80 Vsol: 1.32 Vbat: 3.71  NTC: 16.6 17.3 16.6 17.5  SOIL: 1787.0 1328.0 1000.0 
MOISTER: 2540 VDDA: 2.79 Vsol: 1.32 Vbat: 3.66  NTC: 16.6 17.3 16.5 17.4  SOIL: 1780.0 1332.0 1004.0 
MOISTER: 2541 VDDA: 2.81 Vsol: 1.32 Vbat: 3.67  NTC: 16.5 17.3 16.5 17.4  SOIL: 1785.0 1331.0 1005.0 
MOISTER: 2543 VDDA: 2.81 Vsol: 1.31 Vbat: 3.68  NTC: 16.5 17.2 16.5 17.4  SOIL: 1785.0 1337.0 1007.0 
MOISTER: 2544 VDDA: 2.80 Vsol: 1.30 Vbat: 3.69  NTC: 16.5 17.2 16.5 17.4  SOIL: 1779.0 1331.0 1002.0 
MOISTER: 2545 VDDA: 2.81 Vsol: 1.30 Vbat: 3.68  NTC: 16.5 17.2 16.5 17.4  SOIL: 1790.0 1334.0 1001.0 
MOISTER: 2546 VDDA: 2.80 Vsol: 1.29 Vbat: 3.69  NTC: 16.5 17.2 16.5 17.4  SOIL: 1786.0 1332.0 1002.0 
MOISTER: 2547 VDDA: 2.79 Vsol: 1.28 Vbat: 3.68  NTC: 16.5 17.2 16.5 17.3  SOIL: 1784.0 1335.0 1005.0 
MOISTER: 2548 VDDA: 2.79 Vsol: 1.27 Vbat: 3.70  NTC: 16.5 17.1 16.5 17.4  SOIL: 1783.0 1331.0 1001.0 
MOISTER: 2549 VDDA: 2.80 Vsol: 1.27 Vbat: 3.69  NTC: 16.5 17.1 16.5 17.3  SOIL: 1786.0 1336.0 999.0 
MOISTER: 2550 VDDA: 2.81 Vsol: 1.26 Vbat: 3.69  NTC: 16.5 17.1 16.5 17.3  SOIL: 1786.0 1330.0 1000.0 
MOISTER: 2551 VDDA: 2.79 Vsol: 1.25 Vbat: 3.68  NTC: 16.5 17.1 16.5 17.3  SOIL: 1788.0 1335.0 1004.0 
MOISTER: 2552 VDDA: 2.81 Vsol: 1.25 Vbat: 3.70  NTC: 16.5 17.1 16.4 17.3  SOIL: 1784.0 1330.0 1002.0 
MOISTER: 2553 VDDA: 2.81 Vsol: 1.24 Vbat: 3.68  NTC: 16.4 17.1 16.4 17.2  SOIL: 1786.0 1336.0 1003.0 
MOISTER: 2554 VDDA: 2.81 Vsol: 1.23 Vbat: 3.70  NTC: 16.4 17.1 16.4 17.2  SOIL: 1779.0 1335.0 1005.0 
MOISTER: 2555 VDDA: 2.81 Vsol: 1.23 Vbat: 3.68  NTC: 16.4 17.1 16.4 17.2  SOIL: 1778.0 1337.0 1006.0 
MOISTER: 2556 VDDA: 2.79 Vsol: 1.20 Vbat: 3.68  NTC: 16.4 17.1 16.4 17.2  SOIL: 1789.0 1334.0 1002.0 
MOISTER: 2557 VDDA: 2.79 Vsol: 1.20 Vbat: 3.66  NTC: 16.4 17.1 16.4 17.2  SOIL: 1786.0 1332.0 1004.0 
MOISTER: 2558 VDDA: 2.81 Vsol: 1.20 Vbat: 3.68  NTC: 16.4 17.1 16.3 17.2  SOIL: 1783.0 1333.0 1004.0 
MOISTER: 2559 VDDA: 2.81 Vsol: 1.19 Vbat: 3.69  NTC: 16.4 17.0 16.3 17.1  SOIL: 1784.0 1334.0 1004.0 
MOISTER: 2560 VDDA: 2.80 Vsol: 1.18 Vbat: 3.67  NTC: 16.3 17.0 16.3 17.1  SOIL: 1782.0 1336.0 1000.0 
MOISTER: 2561 VDDA: 2.79 Vsol: 1.16 Vbat: 3.70  NTC: 16.3 17.0 16.3 17.1  SOIL: 1781.0 1334.0 1005.0 
MOISTER: 2562 VDDA: 2.79 Vsol: 1.14 Vbat: 3.70  NTC: 16.3 17.0 16.3 17.0  SOIL: 1788.0 1333.0 1005.0 
MOISTER: 2563 VDDA: 2.80 Vsol: 1.14 Vbat: 3.69  NTC: 16.3 17.0 16.3 17.0  SOIL: 1786.0 1332.0 1005.0 
MOISTER: 2564 VDDA: 2.80 Vsol: 1.12 Vbat: 3.66  NTC: 16.3 17.0 16.3 17.0  SOIL: 1790.0 1333.0 999.0 
MOISTER: 2565 VDDA: 2.80 Vsol: 1.11 Vbat: 3.67  NTC: 16.3 17.0 16.3 17.0  SOIL: 1785.0 1338.0 1006.0 
MOISTER: 2566 VDDA: 2.81 Vsol: 1.10 Vbat: 3.68  NTC: 16.3 16.9 16.3 16.9  SOIL: 1789.0 1336.0 1004.0 
MOISTER: 2567 VDDA: 2.81 Vsol: 1.09 Vbat: 3.69  NTC: 16.3 16.9 16.2 16.9  SOIL: 1788.0 1335.0 1002.0 
MOISTER: 2568 VDDA: 2.80 Vsol: 1.07 Vbat: 3.70  NTC: 16.3 16.9 16.2 16.9  SOIL: 1786.0 1330.0 1005.0 
MOISTER: 2569 VDDA: 2.81 Vsol: 1.06 Vbat: 3.70  NTC: 16.3 16.9 16.2 16.9  SOIL: 1785.0 1333.0 1003.0 
MOISTER: 2570 VDDA: 2.80 Vsol: 1.05 Vbat: 3.69  NTC: 16.3 16.9 16.2 16.8  SOIL: 1791.0 1330.0 1001.0 
MOISTER: 2571 VDDA: 2.79 Vsol: 1.03 Vbat: 3.67  NTC: 16.3 16.9 16.2 16.8  SOIL: 1790.0 1331.0 1008.0 
MOISTER: 2572 VDDA: 2.80 Vsol: 1.02 Vbat: 3.70  NTC: 16.2 16.9 16.2 16.8  SOIL: 1792.0 1332.0 1005.0 
MOISTER: 2573 VDDA: 2.80 Vsol: 1.00 Vbat: 3.67  NTC: 16.2 16.9 16.1 16.9  SOIL: 1784.0 1334.0 1005.0 
MOISTER: 2575 VDDA: 2.80 Vsol: 0.98 Vbat: 3.66  NTC: 16.2 16.8 16.1 16.9  SOIL: 1788.0 1330.0 1008.0 
MOISTER: 2577 VDDA: 2.80 Vsol: 0.96 Vbat: 3.68  NTC: 16.1 16.8 16.1 16.9  SOIL: 1788.0 1336.0 1007.0 
MOISTER: 2578 VDDA: 2.80 Vsol: 0.94 Vbat: 3.69  NTC: 16.1 16.8 16.1 16.9  SOIL: 1787.0 1324.0 1010.0 
MOISTER: 2579 VDDA: 2.79 Vsol: 0.93 Vbat: 3.67  NTC: 16.1 16.8 16.1 16.9  SOIL: 1792.0 1339.0 1005.0 
MOISTER: 2579 VDDA: 2.79 Vsol: 0.93 Vbat: 3.67  NTC: 16.1 16.8 16.1 16.9  SOIL: 1792.0 1339.0 1005.0 
MOISTER: 2582 VDDA: 2.79 Vsol: 0.88 Vbat: 3.67  NTC: 16.1 16.8 16.1 16.8  SOIL: 1783.0 1337.0 1008.0 
MOISTER: 2583 VDDA: 2.81 Vsol: 0.86 Vbat: 3.69  NTC: 16.1 16.8 16.1 16.8  SOIL: 1788.0 1338.0 1003.0 
MOISTER: 2586 VDDA: 2.80 Vsol: 0.83 Vbat: 3.65  NTC: 16.1 16.8 16.0 16.9  SOIL: 1797.0 1333.0 1011.0 
MOISTER: 2587 VDDA: 2.79 Vsol: 0.81 Vbat: 3.67  NTC: 16.1 16.8 16.0 16.9  SOIL: 1791.0 1334.0 1007.0 
MOISTER: 2589 VDDA: 2.80 Vsol: 0.78 Vbat: 3.68  NTC: 16.1 16.8 16.0 16.8  SOIL: 1790.0 1344.0 1010.0 
MOISTER: 2590 VDDA: 2.81 Vsol: 0.74 Vbat: 3.71  NTC: 16.1 16.7 16.0 16.7  SOIL: 1791.0 1337.0 1006.0 
MOISTER: 2591 VDDA: 2.82 Vsol: 0.71 Vbat: 3.69  NTC: 16.0 16.7 15.9 16.7  SOIL: 1791.0 1331.0 1008.0 
MOISTER: 2593 VDDA: 2.79 Vsol: 0.67 Vbat: 3.68  NTC: 16.0 16.7 15.9 16.6  SOIL: 1787.0 1334.0 1011.0 
MOISTER: 2593 VDDA: 2.79 Vsol: 0.67 Vbat: 3.68  NTC: 16.0 16.7 15.9 16.6  SOIL: 1787.0 1334.0 1011.0 
MOISTER: 2597 VDDA: 2.81 Vsol: 0.58 Vbat: 3.70  NTC: 16.0 16.7 15.9 16.6  SOIL: 1791.0 1336.0 1009.0 
MOISTER: 2598 VDDA: 2.78 Vsol: 0.54 Vbat: 3.67  NTC: 16.0 16.6 15.9 16.6  SOIL: 1797.0 1340.0 1012.0 
MOISTER: 2599 VDDA: 2.80 Vsol: 0.49 Vbat: 3.71  NTC: 16.0 16.6 15.9 16.6  SOIL: 1787.0 1333.0 1007.0 
MOISTER: 2600 VDDA: 2.79 Vsol: 0.47 Vbat: 3.68  NTC: 16.0 16.6 15.9 16.6  SOIL: 1797.0 1337.0 1012.0 
MOISTER: 2601 VDDA: 2.79 Vsol: 0.42 Vbat: 3.66  NTC: 16.0 16.6 15.8 16.6  SOIL: 1791.0 1337.0 1008.0 
MOISTER: 2602 VDDA: 2.80 Vsol: 0.40 Vbat: 3.67  NTC: 16.0 16.6 15.8 16.6  SOIL: 1793.0 1332.0 1011.0 
MOISTER: 2603 VDDA: 2.81 Vsol: 0.37 Vbat: 3.71  NTC: 15.9 16.6 15.8 16.5  SOIL: 1792.0 1336.0 1006.0 
MOISTER: 2604 VDDA: 2.80 Vsol: 0.33 Vbat: 3.67  NTC: 15.9 16.6 15.8 16.5  SOIL: 1793.0 1339.0 1007.0 
MOISTER: 2605 VDDA: 2.80 Vsol: 0.26 Vbat: 3.66  NTC: 15.9 16.6 15.8 16.5  SOIL: 1788.0 1338.0 1013.0 
MOISTER: 2607 VDDA: 2.80 Vsol: 0.23 Vbat: 3.68  NTC: 15.9 16.6 15.8 16.5  SOIL: 1791.0 1345.0 1007.0 
MOISTER: 2608 VDDA: 2.80 Vsol: 0.28 Vbat: 3.68  NTC: 15.9 16.6 15.8 16.5  SOIL: 1789.0 1336.0 1010.0 
MOISTER: 2610 VDDA: 2.81 Vsol: 0.23 Vbat: 3.69  NTC: 15.9 16.5 15.8 16.5  SOIL: 1794.0 1341.0 1008.0 
MOISTER: 2611 VDDA: 2.80 Vsol: 0.25 Vbat: 3.68  NTC: 15.9 16.5 15.7 16.5  SOIL: 1799.0 1334.0 1013.0 
MOISTER: 2612 VDDA: 2.79 Vsol: 0.28 Vbat: 3.68  NTC: 15.8 16.5 15.7 16.5  SOIL: 1796.0 1339.0 1013.0 
MOISTER: 2613 VDDA: 2.79 Vsol: 0.24 Vbat: 3.69  NTC: 15.8 16.5 15.7 16.5  SOIL: 1793.0 1337.0 1011.0 
MOISTER: 2614 VDDA: 2.79 Vsol: 0.18 Vbat: 3.67  NTC: 15.8 16.5 15.7 16.4  SOIL: 1800.0 1342.0 1009.0 
MOISTER: 2616 VDDA: 2.79 Vsol: 0.22 Vbat: 3.68  NTC: 15.8 16.5 15.7 16.4  SOIL: 1792.0 1334.0 1011.0 
MOISTER: 2617 VDDA: 2.80 Vsol: 0.24 Vbat: 3.67  NTC: 15.8 16.5 15.7 16.4  SOIL: 1799.0 1341.0 1015.0 
MOISTER: 2619 VDDA: 2.81 Vsol: 0.24 Vbat: 3.67  NTC: 15.8 16.4 15.6 16.4  SOIL: 1790.0 1338.0 1011.0 
MOISTER: 2620 VDDA: 2.80 Vsol: 0.23 Vbat: 3.66  NTC: 15.8 16.4 15.6 16.4  SOIL: 1794.0 1339.0 1010.0 
MOISTER: 2621 VDDA: 2.79 Vsol: 0.24 Vbat: 3.68  NTC: 15.8 16.4 15.6 16.4  SOIL: 1798.0 1336.0 1011.0 
MOISTER: 2622 VDDA: 2.79 Vsol: 0.23 Vbat: 3.70  NTC: 15.8 16.4 15.6 16.4  SOIL: 1796.0 1336.0 1013.0 
MOISTER: 2624 VDDA: 2.80 Vsol: 0.21 Vbat: 3.66  NTC: 15.8 16.4 15.6 16.4  SOIL: 1791.0 1336.0 1010.0 
MOISTER: 2625 VDDA: 2.81 Vsol: 0.23 Vbat: 3.71  NTC: 15.8 16.4 15.6 16.4  SOIL: 1787.0 1335.0 1013.0 
MOISTER: 2626 VDDA: 2.80 Vsol: 0.23 Vbat: 3.69  NTC: 15.8 16.4 15.6 16.4  SOIL: 1790.0 1332.0 1015.0 
MOISTER: 2627 VDDA: 2.80 Vsol: 0.21 Vbat: 3.70  NTC: 15.8 16.4 15.6 16.4  SOIL: 1799.0 1334.0 1016.0 
MOISTER: 2627 VDDA: 2.80 Vsol: 0.21 Vbat: 3.70  NTC: 15.8 16.4 15.6 16.4  SOIL: 1799.0 1334.0 1016.0 
MOISTER: 2631 VDDA: 2.80 Vsol: 0.23 Vbat: 3.69  NTC: 15.7 16.4 15.6 16.3  SOIL: 1794.0 1338.0 1015.0 
MOISTER: 2632 VDDA: 2.82 Vsol: 0.21 Vbat: 3.72  NTC: 15.7 16.4 15.6 16.3  SOIL: 1798.0 1337.0 1011.0 
MOISTER: 2633 VDDA: 2.82 Vsol: 0.22 Vbat: 3.69  NTC: 15.7 16.4 15.5 16.3  SOIL: 1796.0 1334.0 1011.0 
MOISTER: 2634 VDDA: 2.79 Vsol: 0.23 Vbat: 3.68  NTC: 15.7 16.3 15.5 16.3  SOIL: 1795.0 1337.0 1013.0 
MOISTER: 2637 VDDA: 2.79 Vsol: 0.24 Vbat: 3.66  NTC: 15.7 16.3 15.5 16.4  SOIL: 1800.0 1336.0 1012.0 
MOISTER: 2639 VDDA: 2.80 Vsol: 0.19 Vbat: 3.67  NTC: 15.7 16.3 15.5 16.3  SOIL: 1797.0 1337.0 1014.0 
MOISTER: 2639 VDDA: 2.80 Vsol: 0.19 Vbat: 3.67  NTC: 15.7 16.3 15.5 16.3  SOIL: 1797.0 1337.0 1014.0 
MOISTER: 2642 VDDA: 2.81 Vsol: 0.24 Vbat: 3.67  NTC: 15.7 16.2 15.5 16.4  SOIL: 1794.0 1342.0 1012.0 
MOISTER: 2643 VDDA: 2.79 Vsol: 0.23 Vbat: 3.66  NTC: 15.7 16.2 15.5 16.4  SOIL: 1798.0 1333.0 1011.0 
MOISTER: 2644 VDDA: 2.80 Vsol: 0.21 Vbat: 3.69  NTC: 15.7 16.2 15.5 16.3  SOIL: 1800.0 1340.0 1010.0 
MOISTER: 2645 VDDA: 2.80 Vsol: 0.24 Vbat: 3.68  NTC: 15.7 16.2 15.4 16.3  SOIL: 1793.0 1337.0 1013.0 
MOISTER: 2646 VDDA: 2.81 Vsol: 0.23 Vbat: 3.67  NTC: 15.7 16.2 15.4 16.2  SOIL: 1796.0 1336.0 1014.0 
MOISTER: 2647 VDDA: 2.79 Vsol: 0.24 Vbat: 3.67  NTC: 15.6 16.2 15.4 16.2  SOIL: 1796.0 1340.0 1013.0 
MOISTER: 2648 VDDA: 2.80 Vsol: 0.21 Vbat: 3.68  NTC: 15.6 16.2 15.4 16.2  SOIL: 1801.0 1340.0 1010.0 
MOISTER: 2649 VDDA: 2.80 Vsol: 0.18 Vbat: 3.67  NTC: 15.6 16.2 15.4 16.2  SOIL: 1793.0 1338.0 1011.0 
MOISTER: 2650 VDDA: 2.80 Vsol: 0.23 Vbat: 3.65  NTC: 15.6 16.2 15.4 16.3  SOIL: 1795.0 1336.0 1008.0 
MOISTER: 2651 VDDA: 2.79 Vsol: 0.20 Vbat: 3.65  NTC: 15.6 16.2 15.4 16.2  SOIL: 1799.0 1341.0 1011.0 
MOISTER: 2653 VDDA: 2.79 Vsol: 0.24 Vbat: 3.66  NTC: 15.6 16.1 15.3 16.2  SOIL: 1797.0 1334.0 1014.0 
MOISTER: 2653 VDDA: 2.79 Vsol: 0.24 Vbat: 3.66  NTC: 15.6 16.1 15.3 16.2  SOIL: 1797.0 1334.0 1014.0 
MOISTER: 2657 VDDA: 2.81 Vsol: 0.23 Vbat: 3.68  NTC: 15.5 16.1 15.3 16.0  SOIL: 1793.0 1340.0 1012.0 
MOISTER: 2659 VDDA: 2.81 Vsol: 0.23 Vbat: 3.71  NTC: 15.5 16.1 15.3 16.0  SOIL: 1797.0 1331.0 1017.0 
MOISTER: 2660 VDDA: 2.80 Vsol: 0.21 Vbat: 3.67  NTC: 15.5 16.1 15.3 16.0  SOIL: 1802.0 1336.0 1015.0 
MOISTER: 2660 VDDA: 2.80 Vsol: 0.21 Vbat: 3.67  NTC: 15.5 16.1 15.3 16.0  SOIL: 1802.0 1336.0 1015.0 
MOISTER: 2661 VDDA: 2.82 Vsol: 0.22 Vbat: 3.68  NTC: 15.5 16.1 15.3 16.0  SOIL: 1795.0 1333.0 1019.0 
MOISTER: 2662 VDDA: 2.81 Vsol: 0.22 Vbat: 3.69  NTC: 15.5 16.1 15.3 16.0  SOIL: 1802.0 1337.0 1014.0 
MOISTER: 2663 VDDA: 2.81 Vsol: 0.23 Vbat: 3.68  NTC: 15.5 16.1 15.3 16.0  SOIL: 1799.0 1334.0 1011.0 
MOISTER: 2664 VDDA: 2.80 Vsol: 0.19 Vbat: 3.68  NTC: 15.5 16.1 15.3 16.0  SOIL: 1801.0 1333.0 1010.0 
MOISTER: 2665 VDDA: 2.80 Vsol: 0.24 Vbat: 3.68  NTC: 15.5 16.1 15.2 16.0  SOIL: 1801.0 1335.0 1015.0 
MOISTER: 2666 VDDA: 2.81 Vsol: 0.23 Vbat: 3.71  NTC: 15.5 16.1 15.2 16.0  SOIL: 1793.0 1340.0 1014.0 
MOISTER: 2668 VDDA: 2.80 Vsol: 0.23 Vbat: 3.66  NTC: 15.5 16.0 15.2 15.9  SOIL: 1799.0 1333.0 1013.0 
MOISTER: 2669 VDDA: 2.79 Vsol: 0.23 Vbat: 3.67  NTC: 15.5 16.0 15.2 15.9  SOIL: 1801.0 1339.0 1015.0 
MOISTER: 2670 VDDA: 2.79 Vsol: 0.23 Vbat: 3.68  NTC: 15.5 16.0 15.2 16.0  SOIL: 1798.0 1335.0 1014.0 
MOISTER: 2671 VDDA: 2.79 Vsol: 0.19 Vbat: 3.65  NTC: 15.5 16.0 15.2 16.0  SOIL: 1800.0 1341.0 1016.0 
MOISTER: 2672 VDDA: 2.80 Vsol: 0.24 Vbat: 3.69  NTC: 15.4 16.0 15.2 15.9  SOIL: 1794.0 1335.0 1018.0 
MOISTER: 2673 VDDA: 2.79 Vsol: 0.20 Vbat: 3.69  NTC: 15.4 16.0 15.1 16.0  SOIL: 1798.0 1344.0 1018.0 
MOISTER: 2673 VDDA: 2.79 Vsol: 0.20 Vbat: 3.69  NTC: 15.4 16.0 15.1 16.0  SOIL: 1798.0 1344.0 1018.0 
MOISTER: 2674 VDDA: 2.79 Vsol: 0.20 Vbat: 3.68  NTC: 15.4 16.0 15.1 15.8  SOIL: 1799.0 1340.0 1013.0 
MOISTER: 2675 VDDA: 2.80 Vsol: 0.23 Vbat: 3.70  NTC: 15.4 16.0 15.1 15.8  SOIL: 1801.0 1340.0 1014.0 
MOISTER: 2676 VDDA: 2.79 Vsol: 0.23 Vbat: 3.66  NTC: 15.4 15.9 15.1 15.8  SOIL: 1796.0 1337.0 1011.0 
MOISTER: 2677 VDDA: 2.80 Vsol: 0.23 Vbat: 3.69  NTC: 15.4 15.9 15.1 15.8  SOIL: 1807.0 1339.0 1017.0 
MOISTER: 2678 VDDA: 2.80 Vsol: 0.23 Vbat: 3.67  NTC: 15.4 15.9 15.1 15.9  SOIL: 1795.0 1341.0 1012.0 
MOISTER: 2679 VDDA: 2.79 Vsol: 0.23 Vbat: 3.68  NTC: 15.3 15.9 15.1 15.9  SOIL: 1798.0 1342.0 1016.0 
MOISTER: 2680 VDDA: 2.79 Vsol: 0.23 Vbat: 3.68  NTC: 15.3 15.9 15.1 15.8  SOIL: 1797.0 1340.0 1017.0 
MOISTER: 2681 VDDA: 2.80 Vsol: 0.22 Vbat: 3.68  NTC: 15.3 15.9 15.1 15.8  SOIL: 1806.0 1343.0 1012.0 
MOISTER: 2682 VDDA: 2.79 Vsol: 0.23 Vbat: 3.66  NTC: 15.3 15.9 15.1 15.7  SOIL: 1799.0 1337.0 1014.0 
MOISTER: 2683 VDDA: 2.80 Vsol: 0.23 Vbat: 3.67  NTC: 15.3 15.9 15.1 15.8  SOIL: 1802.0 1341.0 1015.0 
MOISTER: 2684 VDDA: 2.81 Vsol: 0.23 Vbat: 3.69  NTC: 15.3 15.9 15.1 15.8  SOIL: 1805.0 1338.0 1017.0 
MOISTER: 2685 VDDA: 2.81 Vsol: 0.22 Vbat: 3.67  NTC: 15.3 15.9 15.1 15.8  SOIL: 1802.0 1337.0 1019.0 
MOISTER: 2686 VDDA: 2.81 Vsol: 0.24 Vbat: 3.67  NTC: 15.3 15.9 15.1 15.7  SOIL: 1803.0 1341.0 1016.0 
MOISTER: 2687 VDDA: 2.79 Vsol: 0.20 Vbat: 3.65  NTC: 15.3 15.9 15.0 15.7  SOIL: 1805.0 1339.0 1016.0 
MOISTER: 2688 VDDA: 2.79 Vsol: 0.24 Vbat: 3.69  NTC: 15.3 15.9 15.0 15.7  SOIL: 1799.0 1338.0 1020.0 
MOISTER: 2689 VDDA: 2.80 Vsol: 0.23 Vbat: 3.67  NTC: 15.3 15.9 15.0 15.7  SOIL: 1800.0 1342.0 1019.0 
MOISTER: 2690 VDDA: 2.81 Vsol: 0.21 Vbat: 3.70  NTC: 15.3 15.9 15.0 15.7  SOIL: 1799.0 1343.0 1016.0 
MOISTER: 2691 VDDA: 2.79 Vsol: 0.23 Vbat: 3.66  NTC: 15.3 15.8 15.0 15.6  SOIL: 1803.0 1344.0 1017.0 
MOISTER: 2692 VDDA: 2.79 Vsol: 0.23 Vbat: 3.67  NTC: 15.3 15.9 15.0 15.6  SOIL: 1799.0 1345.0 1021.0 
MOISTER: 2693 VDDA: 2.80 Vsol: 0.24 Vbat: 3.69  NTC: 15.3 15.8 15.0 15.6  SOIL: 1804.0 1342.0 1019.0 
MOISTER: 2694 VDDA: 2.79 Vsol: 0.23 Vbat: 3.66  NTC: 15.3 15.8 15.0 15.5  SOIL: 1807.0 1342.0 1017.0 
MOISTER: 2695 VDDA: 2.80 Vsol: 0.23 Vbat: 3.68  NTC: 15.3 15.8 15.0 15.5  SOIL: 1801.0 1340.0 1016.0 
MOISTER: 2696 VDDA: 2.81 Vsol: 0.22 Vbat: 3.70  NTC: 15.2 15.8 15.0 15.4  SOIL: 1805.0 1342.0 1023.0 
MOISTER: 2697 VDDA: 2.80 Vsol: 0.20 Vbat: 3.67  NTC: 15.2 15.8 15.0 15.4  SOIL: 1806.0 1342.0 1022.0 
MOISTER: 2698 VDDA: 2.80 Vsol: 0.23 Vbat: 3.67  NTC: 15.2 15.8 15.0 15.4  SOIL: 1806.0 1342.0 1014.0 
MOISTER: 2699 VDDA: 2.79 Vsol: 0.20 Vbat: 3.67  NTC: 15.2 15.8 14.9 15.4  SOIL: 1798.0 1340.0 1016.0 
MOISTER: 2700 VDDA: 2.81 Vsol: 0.23 Vbat: 3.69  NTC: 15.2 15.8 14.9 15.2  SOIL: 1809.0 1345.0 1013.0 
MOISTER: 2701 VDDA: 2.79 Vsol: 0.20 Vbat: 3.66  NTC: 15.2 15.8 14.9 15.3  SOIL: 1805.0 1346.0 1013.0 
MOISTER: 2702 VDDA: 2.81 Vsol: 0.24 Vbat: 3.70  NTC: 15.2 15.8 14.9 15.3  SOIL: 1804.0 1345.0 1021.0 
MOISTER: 2703 VDDA: 2.80 Vsol: 0.23 Vbat: 3.68  NTC: 15.2 15.7 14.9 15.4  SOIL: 1802.0 1344.0 1018.0 
MOISTER: 2704 VDDA: 2.80 Vsol: 0.23 Vbat: 3.68  NTC: 15.2 15.7 14.9 15.5  SOIL: 1803.0 1346.0 1019.0 
MOISTER: 2705 VDDA: 2.79 Vsol: 0.20 Vbat: 3.66  NTC: 15.2 15.7 14.9 15.5  SOIL: 1799.0 1341.0 1020.0 
MOISTER: 2706 VDDA: 2.79 Vsol: 0.23 Vbat: 3.67  NTC: 15.2 15.7 14.9 15.4  SOIL: 1801.0 1347.0 1017.0 
MOISTER: 2707 VDDA: 2.81 Vsol: 0.21 Vbat: 3.68  NTC: 15.1 15.7 14.9 15.3  SOIL: 1798.0 1346.0 1019.0 
MOISTER: 2708 VDDA: 2.79 Vsol: 0.22 Vbat: 3.66  NTC: 15.1 15.7 14.8 15.2  SOIL: 1809.0 1346.0 1014.0 
MOISTER: 2709 VDDA: 2.79 Vsol: 0.22 Vbat: 3.68  NTC: 15.1 15.7 14.8 15.2  SOIL: 1807.0 1349.0 1016.0 
MOISTER: 2710 VDDA: 2.80 Vsol: 0.22 Vbat: 3.67  NTC: 15.1 15.7 14.8 15.1  SOIL: 1808.0 1340.0 1022.0 
MOISTER: 2711 VDDA: 2.79 Vsol: 0.21 Vbat: 3.65  NTC: 15.1 15.6 14.8 15.1  SOIL: 1804.0 1345.0 1021.0 
MOISTER: 2711 VDDA: 2.79 Vsol: 0.21 Vbat: 3.65  NTC: 15.1 15.6 14.8 15.1  SOIL: 1804.0 1345.0 1021.0 
MOISTER: 2712 VDDA: 2.81 Vsol: 0.19 Vbat: 3.67  NTC: 15.1 15.6 14.8 15.0  SOIL: 1806.0 1348.0 1019.0 
MOISTER: 2713 VDDA: 2.80 Vsol: 0.22 Vbat: 3.66  NTC: 15.1 15.6 14.8 15.0  SOIL: 1816.0 1345.0 1018.0 
MOISTER: 2714 VDDA: 2.80 Vsol: 0.23 Vbat: 3.67  NTC: 15.0 15.6 14.8 15.0  SOIL: 1808.0 1346.0 1022.0 
MOISTER: 2715 VDDA: 2.81 Vsol: 0.21 Vbat: 3.67  NTC: 15.0 15.6 14.8 15.0  SOIL: 1803.0 1345.0 1023.0 
MOISTER: 2716 VDDA: 2.80 Vsol: 0.22 Vbat: 3.66  NTC: 15.0 15.6 14.7 15.0  SOIL: 1808.0 1346.0 1020.0 
MOISTER: 2717 VDDA: 2.80 Vsol: 0.20 Vbat: 3.67  NTC: 15.0 15.6 14.7 15.0  SOIL: 1803.0 1345.0 1023.0 
MOISTER: 2718 VDDA: 2.79 Vsol: 0.20 Vbat: 3.65  NTC: 15.0 15.6 14.7 15.0  SOIL: 1807.0 1346.0 1022.0 
MOISTER: 2719 VDDA: 2.79 Vsol: 0.23 Vbat: 3.65  NTC: 15.0 15.6 14.7 15.0  SOIL: 1811.0 1345.0 1022.0 
MOISTER: 2720 VDDA: 2.80 Vsol: 0.21 Vbat: 3.69  NTC: 15.0 15.6 14.7 15.0  SOIL: 1803.0 1350.0 1017.0 
MOISTER: 2721 VDDA: 2.81 Vsol: 0.22 Vbat: 3.67  NTC: 15.0 15.6 14.7 15.0  SOIL: 1809.0 1349.0 1022.0 
MOISTER: 2722 VDDA: 2.81 Vsol: 0.19 Vbat: 3.69  NTC: 15.0 15.5 14.7 15.0  SOIL: 1805.0 1352.0 1025.0 
MOISTER: 2723 VDDA: 2.81 Vsol: 0.19 Vbat: 3.68  NTC: 15.0 15.5 14.7 15.0  SOIL: 1811.0 1350.0 1024.0 
MOISTER: 2724 VDDA: 2.81 Vsol: 0.23 Vbat: 3.70  NTC: 14.9 15.5 14.7 14.9  SOIL: 1815.0 1352.0 1026.0 
MOISTER: 2725 VDDA: 2.80 Vsol: 0.23 Vbat: 3.68  NTC: 14.9 15.5 14.6 14.9  SOIL: 1805.0 1347.0 1023.0 
MOISTER: 2726 VDDA: 2.79 Vsol: 0.19 Vbat: 3.65  NTC: 14.9 15.5 14.6 14.9  SOIL: 1811.0 1353.0 1020.0 
MOISTER: 2726 VDDA: 2.79 Vsol: 0.19 Vbat: 3.65  NTC: 14.9 15.5 14.6 14.9  SOIL: 1811.0 1353.0 1020.0 
MOISTER: 2727 VDDA: 2.81 Vsol: 0.23 Vbat: 3.69  NTC: 14.9 15.5 14.6 14.9  SOIL: 1815.0 1343.0 1020.0 
MOISTER: 2728 VDDA: 2.80 Vsol: 0.23 Vbat: 3.67  NTC: 14.9 15.5 14.6 15.0  SOIL: 1805.0 1340.0 1019.0 
MOISTER: 2729 VDDA: 2.79 Vsol: 0.23 Vbat: 3.65  NTC: 14.9 15.5 14.6 15.0  SOIL: 1806.0 1342.0 1016.0 
MOISTER: 2730 VDDA: 2.82 Vsol: 0.23 Vbat: 3.70  NTC: 14.9 15.5 14.6 14.9  SOIL: 1808.0 1344.0 1020.0 
MOISTER: 2731 VDDA: 2.80 Vsol: 0.23 Vbat: 3.69  NTC: 14.8 15.4 14.6 14.9  SOIL: 1803.0 1349.0 1021.0 
MOISTER: 2732 VDDA: 2.78 Vsol: 0.23 Vbat: 3.65  NTC: 14.8 15.4 14.6 14.9  SOIL: 1804.0 1342.0 1019.0 
MOISTER: 2733 VDDA: 2.80 Vsol: 0.19 Vbat: 3.68  NTC: 14.8 15.4 14.6 14.9  SOIL: 1811.0 1340.0 1024.0 
MOISTER: 2734 VDDA: 2.79 Vsol: 0.22 Vbat: 3.67  NTC: 14.8 15.4 14.6 15.0  SOIL: 1804.0 1350.0 1025.0 
MOISTER: 2735 VDDA: 2.81 Vsol: 0.19 Vbat: 3.69  NTC: 14.8 15.4 14.6 15.0  SOIL: 1813.0 1344.0 1027.0 
MOISTER: 2736 VDDA: 2.79 Vsol: 0.22 Vbat: 3.66  NTC: 14.8 15.4 14.6 15.0  SOIL: 1810.0 1351.0 1018.0 
MOISTER: 2737 VDDA: 2.82 Vsol: 0.23 Vbat: 3.70  NTC: 14.8 15.4 14.6 14.9  SOIL: 1803.0 1349.0 1023.0 
MOISTER: 2738 VDDA: 2.80 Vsol: 0.18 Vbat: 3.68  NTC: 14.8 15.4 14.5 14.9  SOIL: 1814.0 1346.0 1018.0 
MOISTER: 2739 VDDA: 2.81 Vsol: 0.23 Vbat: 3.68  NTC: 14.8 15.4 14.5 14.9  SOIL: 1805.0 1352.0 1020.0 
MOISTER: 2740 VDDA: 2.80 Vsol: 0.22 Vbat: 3.66  NTC: 14.8 15.4 14.5 14.9  SOIL: 1809.0 1350.0 1017.0 
MOISTER: 2741 VDDA: 2.81 Vsol: 0.23 Vbat: 3.68  NTC: 14.8 15.4 14.5 14.9  SOIL: 1808.0 1349.0 1024.0 
MOISTER: 2742 VDDA: 2.81 Vsol: 0.18 Vbat: 3.68  NTC: 14.8 15.4 14.5 14.9  SOIL: 1810.0 1349.0 1020.0 
MOISTER: 2743 VDDA: 2.80 Vsol: 0.23 Vbat: 3.67  NTC: 14.8 15.4 14.5 14.9  SOIL: 1808.0 1342.0 1022.0 
MOISTER: 2744 VDDA: 2.80 Vsol: 0.22 Vbat: 3.68  NTC: 14.8 15.4 14.5 14.8  SOIL: 1807.0 1345.0 1022.0 
MOISTER: 2745 VDDA: 2.78 Vsol: 0.18 Vbat: 3.66  NTC: 14.8 15.4 14.5 14.9  SOIL: 1807.0 1348.0 1023.0 
MOISTER: 2745 VDDA: 2.78 Vsol: 0.18 Vbat: 3.66  NTC: 14.8 15.4 14.5 14.9  SOIL: 1807.0 1348.0 1023.0 
MOISTER: 2747 VDDA: 2.79 Vsol: 0.21 Vbat: 3.66  NTC: 14.8 15.4 14.4 15.0  SOIL: 1813.0 1347.0 1020.0 
MOISTER: 2748 VDDA: 2.81 Vsol: 0.23 Vbat: 3.69  NTC: 14.8 15.3 14.4 14.9  SOIL: 1803.0 1350.0 1020.0 
MOISTER: 2749 VDDA: 2.79 Vsol: 0.21 Vbat: 3.65  NTC: 14.8 15.3 14.4 14.9  SOIL: 1818.0 1342.0 1019.0 
MOISTER: 2750 VDDA: 2.80 Vsol: 0.19 Vbat: 3.67  NTC: 14.8 15.3 14.4 14.9  SOIL: 1815.0 1347.0 1021.0 
MOISTER: 2751 VDDA: 2.81 Vsol: 0.20 Vbat: 3.70  NTC: 14.8 15.3 14.4 15.0  SOIL: 1811.0 1347.0 1020.0 
MOISTER: 2752 VDDA: 2.80 Vsol: 0.22 Vbat: 3.69  NTC: 14.7 15.3 14.4 15.0  SOIL: 1811.0 1351.0 1026.0 
MOISTER: 2753 VDDA: 2.79 Vsol: 0.19 Vbat: 3.67  NTC: 14.7 15.3 14.4 15.0  SOIL: 1811.0 1348.0 1021.0 
MOISTER: 2754 VDDA: 2.79 Vsol: 0.21 Vbat: 3.69  NTC: 14.7 15.3 14.4 15.0  SOIL: 1807.0 1348.0 1019.0 
MOISTER: 2754 VDDA: 2.79 Vsol: 0.21 Vbat: 3.69  NTC: 14.7 15.3 14.4 15.0  SOIL: 1807.0 1348.0 1019.0 
MOISTER: 2755 VDDA: 2.79 Vsol: 0.24 Vbat: 3.66  NTC: 14.7 15.3 14.4 15.0  SOIL: 1814.0 1352.0 1020.0 
MOISTER: 2755 VDDA: 2.79 Vsol: 0.24 Vbat: 3.66  NTC: 14.7 15.3 14.4 15.0  SOIL: 1814.0 1352.0 1020.0 
MOISTER: 2755 VDDA: 2.79 Vsol: 0.24 Vbat: 3.66  NTC: 14.7 15.3 14.4 15.0  SOIL: 1814.0 1352.0 1020.0 
MOISTER: 2756 VDDA: 2.80 Vsol: 0.23 Vbat: 3.65  NTC: 14.7 15.2 14.3 14.9  SOIL: 1810.0 1350.0 1015.0 
MOISTER: 2757 VDDA: 2.79 Vsol: 0.19 Vbat: 3.65  NTC: 14.7 15.2 14.3 14.9  SOIL: 1809.0 1348.0 1023.0 
MOISTER: 2757 VDDA: 2.79 Vsol: 0.19 Vbat: 3.65  NTC: 14.7 15.2 14.3 14.9  SOIL: 1809.0 1348.0 1023.0 
MOISTER: 2758 VDDA: 2.80 Vsol: 0.23 Vbat: 3.67  NTC: 14.7 15.2 14.3 14.9  SOIL: 1810.0 1347.0 1023.0 
MOISTER: 2759 VDDA: 2.80 Vsol: 0.23 Vbat: 3.68  NTC: 14.7 15.2 14.3 14.9  SOIL: 1807.0 1344.0 1019.0 
MOISTER: 2760 VDDA: 2.81 Vsol: 0.23 Vbat: 3.69  NTC: 14.7 15.2 14.3 14.9  SOIL: 1811.0 1345.0 1026.0 
MOISTER: 2760 VDDA: 2.81 Vsol: 0.23 Vbat: 3.69  NTC: 14.7 15.2 14.3 14.9  SOIL: 1811.0 1345.0 1026.0 
MOISTER: 2761 VDDA: 2.79 Vsol: 0.18 Vbat: 3.67  NTC: 14.7 15.2 14.2 14.8  SOIL: 1813.0 1347.0 1026.0 
MOISTER: 2762 VDDA: 2.81 Vsol: 0.23 Vbat: 3.66  NTC: 14.6 15.2 14.2 14.9  SOIL: 1811.0 1344.0 1020.0 
MOISTER: 2764 VDDA: 2.79 Vsol: 0.21 Vbat: 3.66  NTC: 14.7 15.2 14.2 14.9  SOIL: 1809.0 1346.0 1019.0 
MOISTER: 2765 VDDA: 2.79 Vsol: 0.23 Vbat: 3.67  NTC: 14.6 15.2 14.2 14.9  SOIL: 1812.0 1344.0 1024.0 
MOISTER: 2766 VDDA: 2.81 Vsol: 0.23 Vbat: 3.69  NTC: 14.6 15.1 14.2 14.9  SOIL: 1806.0 1345.0 1023.0 
MOISTER: 2767 VDDA: 2.80 Vsol: 0.20 Vbat: 3.68  NTC: 14.6 15.1 14.2 14.9  SOIL: 1812.0 1342.0 1025.0 
MOISTER: 2768 VDDA: 2.82 Vsol: 0.23 Vbat: 3.68  NTC: 14.6 15.1 14.2 15.0  SOIL: 1808.0 1344.0 1022.0 
MOISTER: 2769 VDDA: 2.81 Vsol: 0.19 Vbat: 3.70  NTC: 14.6 15.1 14.2 14.9  SOIL: 1813.0 1349.0 1022.0 
MOISTER: 2770 VDDA: 2.82 Vsol: 0.23 Vbat: 3.69  NTC: 14.6 15.1 14.2 14.9  SOIL: 1809.0 1347.0 1024.0 
MOISTER: 2773 VDDA: 2.80 Vsol: 0.20 Vbat: 3.67  NTC: 14.6 15.1 14.2 14.9  SOIL: 1810.0 1346.0 1022.0 
MOISTER: 2775 VDDA: 2.79 Vsol: 0.23 Vbat: 3.64  NTC: 14.6 15.1 14.2 14.9  SOIL: 1817.0 1346.0 1027.0 
MOISTER: 2776 VDDA: 2.79 Vsol: 0.24 Vbat: 3.65  NTC: 14.6 15.1 14.2 14.9  SOIL: 1809.0 1350.0 1024.0 
MOISTER: 2777 VDDA: 2.82 Vsol: 0.23 Vbat: 3.68  NTC: 14.6 15.1 14.2 14.9  SOIL: 1809.0 1343.0 1020.0 
MOISTER: 2778 VDDA: 2.79 Vsol: 0.22 Vbat: 3.65  NTC: 14.6 15.1 14.2 14.9  SOIL: 1810.0 1351.0 1022.0 
MOISTER: 2779 VDDA: 2.82 Vsol: 0.19 Vbat: 3.68  NTC: 14.6 15.1 14.2 14.8  SOIL: 1812.0 1350.0 1026.0 
MOISTER: 2780 VDDA: 2.81 Vsol: 0.23 Vbat: 3.66  NTC: 14.6 15.1 14.2 14.8  SOIL: 1817.0 1353.0 1023.0 
MOISTER: 2781 VDDA: 2.80 Vsol: 0.23 Vbat: 3.66  NTC: 14.6 15.1 14.2 14.8  SOIL: 1820.0 1348.0 1025.0 
MOISTER: 2781 VDDA: 2.80 Vsol: 0.23 Vbat: 3.66  NTC: 14.6 15.1 14.2 14.8  SOIL: 1820.0 1348.0 1025.0 
MOISTER: 2790 VDDA: 2.78 Vsol: 0.19 Vbat: 3.63  NTC: 14.6 15.0 14.2 14.8  SOIL: 1811.0 1349.0 1022.0 
MOISTER: 2791 VDDA: 2.83 Vsol: 0.18 Vbat: 3.69  NTC: 14.6 15.0 14.2 14.7  SOIL: 1812.0 1354.0 1019.0 
MOISTER: 2792 VDDA: 2.79 Vsol: 0.23 Vbat: 3.66  NTC: 14.5 15.0 14.2 14.8  SOIL: 1808.0 1354.0 1023.0 
MOISTER: 2793 VDDA: 2.82 Vsol: 0.23 Vbat: 3.69  NTC: 14.5 15.0 14.1 14.7  SOIL: 1816.0 1352.0 1025.0 
MOISTER: 2794 VDDA: 2.81 Vsol: 0.23 Vbat: 3.67  NTC: 14.5 15.0 14.1 14.9  SOIL: 1810.0 1346.0 1023.0 
MOISTER: 2795 VDDA: 2.79 Vsol: 0.23 Vbat: 3.66  NTC: 14.5 15.0 14.1 15.0  SOIL: 1810.0 1349.0 1028.0 
MOISTER: 2797 VDDA: 2.80 Vsol: 0.23 Vbat: 3.66  NTC: 14.5 15.0 14.1 15.0  SOIL: 1818.0 1346.0 1021.0 
MOISTER: 2800 VDDA: 2.79 Vsol: 0.23 Vbat: 3.65  NTC: 14.5 15.0 14.1 15.0  SOIL: 1811.0 1350.0 1020.0 
MOISTER: 2801 VDDA: 2.81 Vsol: 0.20 Vbat: 3.69  NTC: 14.5 15.0 14.1 15.0  SOIL: 1808.0 1352.0 1019.0 
MOISTER: 2802 VDDA: 2.79 Vsol: 0.23 Vbat: 3.65  NTC: 14.5 15.0 14.1 15.1  SOIL: 1811.0 1343.0 1022.0 
MOISTER: 2803 VDDA: 2.79 Vsol: 0.24 Vbat: 3.66  NTC: 14.5 15.0 14.1 15.0  SOIL: 1816.0 1349.0 1024.0 
MOISTER: 2804 VDDA: 2.82 Vsol: 0.22 Vbat: 3.68  NTC: 14.5 15.0 14.1 15.0  SOIL: 1816.0 1343.0 1029.0 
MOISTER: 2805 VDDA: 2.80 Vsol: 0.23 Vbat: 3.66  NTC: 14.5 15.0 14.1 14.9  SOIL: 1812.0 1346.0 1022.0 
MOISTER: 2806 VDDA: 2.80 Vsol: 0.23 Vbat: 3.67  NTC: 14.5 14.9 14.1 14.9  SOIL: 1817.0 1351.0 1027.0 
MOISTER: 2807 VDDA: 2.78 Vsol: 0.24 Vbat: 3.66  NTC: 14.5 14.9 14.1 14.9  SOIL: 1813.0 1342.0 1024.0 
MOISTER: 2808 VDDA: 2.80 Vsol: 0.20 Vbat: 3.68  NTC: 14.5 14.9 14.0 14.8  SOIL: 1809.0 1343.0 1021.0 
MOISTER: 2809 VDDA: 2.81 Vsol: 0.23 Vbat: 3.70  NTC: 14.5 14.9 14.0 14.8  SOIL: 1814.0 1345.0 1025.0 
MOISTER: 2810 VDDA: 2.79 Vsol: 0.22 Vbat: 3.67  NTC: 14.5 14.9 14.0 14.8  SOIL: 1815.0 1349.0 1024.0 
MOISTER: 2811 VDDA: 2.79 Vsol: 0.23 Vbat: 3.64  NTC: 14.5 14.9 14.0 14.8  SOIL: 1820.0 1346.0 1020.0 
MOISTER: 2812 VDDA: 2.82 Vsol: 0.22 Vbat: 3.68  NTC: 14.5 14.9 14.0 14.8  SOIL: 1817.0 1345.0 1026.0 
MOISTER: 2813 VDDA: 2.79 Vsol: 0.20 Vbat: 3.66  NTC: 14.5 14.9 14.0 14.9  SOIL: 1816.0 1349.0 1027.0 
MOISTER: 2814 VDDA: 2.81 Vsol: 0.23 Vbat: 3.68  NTC: 14.5 14.9 14.0 14.9  SOIL: 1814.0 1349.0 1026.0 
MOISTER: 2815 VDDA: 2.81 Vsol: 0.24 Vbat: 3.68  NTC: 14.5 14.9 14.0 14.9  SOIL: 1810.0 1344.0 1020.0 
MOISTER: 2817 VDDA: 2.82 Vsol: 0.23 Vbat: 3.67  NTC: 14.5 14.9 14.0 14.9  SOIL: 1815.0 1341.0 1024.0 
MOISTER: 2818 VDDA: 2.79 Vsol: 0.23 Vbat: 3.65  NTC: 14.5 14.9 14.0 14.9  SOIL: 1814.0 1342.0 1026.0 
MOISTER: 2819 VDDA: 2.80 Vsol: 0.20 Vbat: 3.68  NTC: 14.5 14.9 14.0 14.9  SOIL: 1811.0 1345.0 1026.0 
MOISTER: 2820 VDDA: 2.80 Vsol: 0.23 Vbat: 3.68  NTC: 14.5 14.9 14.0 14.8  SOIL: 1813.0 1345.0 1023.0 
MOISTER: 2821 VDDA: 2.79 Vsol: 0.20 Vbat: 3.66  NTC: 14.5 14.9 14.0 14.8  SOIL: 1815.0 1347.0 1025.0 
MOISTER: 2822 VDDA: 2.80 Vsol: 0.23 Vbat: 3.68  NTC: 14.5 14.9 14.0 15.0  SOIL: 1810.0 1343.0 1023.0 
MOISTER: 2823 VDDA: 2.81 Vsol: 0.23 Vbat: 3.68  NTC: 14.5 14.9 14.0 15.1  SOIL: 1816.0 1347.0 1020.0 
MOISTER: 2824 VDDA: 2.80 Vsol: 0.20 Vbat: 3.66  NTC: 14.5 14.9 14.0 15.1  SOIL: 1810.0 1348.0 1027.0 
MOISTER: 2825 VDDA: 2.82 Vsol: 0.23 Vbat: 3.67  NTC: 14.5 14.9 14.0 15.0  SOIL: 1817.0 1348.0 1025.0 
MOISTER: 2826 VDDA: 2.81 Vsol: 0.23 Vbat: 3.66  NTC: 14.4 14.9 14.0 15.0  SOIL: 1820.0 1347.0 1022.0 
MOISTER: 2827 VDDA: 2.79 Vsol: 0.22 Vbat: 3.66  NTC: 14.5 14.9 14.0 15.0  SOIL: 1813.0 1347.0 1028.0 
MOISTER: 2828 VDDA: 2.81 Vsol: 0.18 Vbat: 3.68  NTC: 14.5 14.9 14.0 15.0  SOIL: 1814.0 1345.0 1025.0 
MOISTER: 2829 VDDA: 2.80 Vsol: 0.22 Vbat: 3.65  NTC: 14.5 14.9 14.0 15.0  SOIL: 1816.0 1357.0 1027.0 
MOISTER: 2830 VDDA: 2.79 Vsol: 0.22 Vbat: 3.64  NTC: 14.4 14.9 14.0 14.9  SOIL: 1818.0 1347.0 1024.0 
MOISTER: 2831 VDDA: 2.81 Vsol: 0.19 Vbat: 3.67  NTC: 14.4 14.9 14.0 14.9  SOIL: 1809.0 1347.0 1023.0 
MOISTER: 2832 VDDA: 2.80 Vsol: 0.23 Vbat: 3.68  NTC: 14.4 14.9 14.0 14.9  SOIL: 1819.0 1344.0 1026.0 
MOISTER: 2833 VDDA: 2.78 Vsol: 0.18 Vbat: 3.64  NTC: 14.4 14.9 14.0 14.8  SOIL: 1812.0 1342.0 1026.0 
MOISTER: 2834 VDDA: 2.80 Vsol: 0.22 Vbat: 3.65  NTC: 14.4 14.9 14.0 14.8  SOIL: 1813.0 1350.0 1024.0 
MOISTER: 2835 VDDA: 2.81 Vsol: 0.23 Vbat: 3.67  NTC: 14.4 14.9 13.9 14.8  SOIL: 1815.0 1351.0 1022.0 
MOISTER: 2836 VDDA: 2.80 Vsol: 0.23 Vbat: 3.67  NTC: 14.4 14.9 13.9 14.8  SOIL: 1817.0 1350.0 1024.0 
MOISTER: 2837 VDDA: 2.82 Vsol: 0.24 Vbat: 3.67  NTC: 14.4 14.9 13.9 14.7  SOIL: 1811.0 1351.0 1029.0 
MOISTER: 2838 VDDA: 2.81 Vsol: 0.19 Vbat: 3.67  NTC: 14.4 14.9 13.9 14.7  SOIL: 1815.0 1347.0 1023.0 
MOISTER: 2839 VDDA: 2.78 Vsol: 0.23 Vbat: 3.65  NTC: 14.4 14.9 13.9 14.7  SOIL: 1816.0 1345.0 1027.0 
MOISTER: 2840 VDDA: 2.78 Vsol: 0.22 Vbat: 3.65  NTC: 14.4 14.8 13.9 14.7  SOIL: 1819.0 1344.0 1026.0 
MOISTER: 2841 VDDA: 2.82 Vsol: 0.23 Vbat: 3.68  NTC: 14.4 14.8 13.9 14.7  SOIL: 1822.0 1347.0 1029.0 
MOISTER: 2842 VDDA: 2.80 Vsol: 0.23 Vbat: 3.68  NTC: 14.4 14.8 13.9 14.6  SOIL: 1821.0 1346.0 1030.0 
MOISTER: 2843 VDDA: 2.82 Vsol: 0.24 Vbat: 3.69  NTC: 14.4 14.8 13.9 14.5  SOIL: 1814.0 1350.0 1022.0 
MOISTER: 2844 VDDA: 2.81 Vsol: 0.24 Vbat: 3.67  NTC: 14.4 14.8 13.9 14.5  SOIL: 1813.0 1351.0 1025.0 
MOISTER: 2845 VDDA: 2.80 Vsol: 0.23 Vbat: 3.66  NTC: 14.4 14.8 13.9 14.5  SOIL: 1821.0 1351.0 1022.0 
MOISTER: 2846 VDDA: 2.82 Vsol: 0.23 Vbat: 3.69  NTC: 14.4 14.8 13.9 14.5  SOIL: 1819.0 1352.0 1026.0 
MOISTER: 2847 VDDA: 2.79 Vsol: 0.23 Vbat: 3.63  NTC: 14.4 14.8 13.9 14.4  SOIL: 1809.0 1351.0 1030.0 
MOISTER: 2848 VDDA: 2.82 Vsol: 0.20 Vbat: 3.68  NTC: 14.4 14.8 13.9 14.4  SOIL: 1815.0 1349.0 1028.0 
MOISTER: 2849 VDDA: 2.81 Vsol: 0.20 Vbat: 3.66  NTC: 14.4 14.8 13.9 14.4  SOIL: 1809.0 1343.0 1027.0 
MOISTER: 2850 VDDA: 2.80 Vsol: 0.23 Vbat: 3.67  NTC: 14.4 14.8 13.9 14.4  SOIL: 1816.0 1343.0 1029.0 
MOISTER: 2851 VDDA: 2.79 Vsol: 0.23 Vbat: 3.64  NTC: 14.4 14.8 13.9 14.4  SOIL: 1818.0 1346.0 1024.0 
MOISTER: 2852 VDDA: 2.81 Vsol: 0.22 Vbat: 3.67  NTC: 14.4 14.8 13.9 14.4  SOIL: 1817.0 1346.0 1025.0 
MOISTER: 2853 VDDA: 2.80 Vsol: 0.23 Vbat: 3.66  NTC: 14.4 14.8 13.8 14.5  SOIL: 1820.0 1345.0 1028.0 
MOISTER: 2854 VDDA: 2.79 Vsol: 0.21 Vbat: 3.64  NTC: 14.4 14.8 13.8 14.5  SOIL: 1821.0 1345.0 1026.0 
MOISTER: 2856 VDDA: 2.82 Vsol: 0.24 Vbat: 3.69  NTC: 14.4 14.8 13.8 14.5  SOIL: 1821.0 1349.0 1023.0 
MOISTER: 2857 VDDA: 2.80 Vsol: 0.24 Vbat: 3.65  NTC: 14.4 14.8 13.8 14.5  SOIL: 1821.0 1351.0 1021.0 
MOISTER: 2858 VDDA: 2.80 Vsol: 0.23 Vbat: 3.67  NTC: 14.4 14.8 13.8 14.5  SOIL: 1823.0 1346.0 1032.0 
MOISTER: 2859 VDDA: 2.79 Vsol: 0.19 Vbat: 3.65  NTC: 14.4 14.8 13.8 14.5  SOIL: 1820.0 1350.0 1031.0 
MOISTER: 2860 VDDA: 2.80 Vsol: 0.23 Vbat: 3.66  NTC: 14.4 14.8 13.8 14.5  SOIL: 1819.0 1356.0 1026.0 
MOISTER: 2861 VDDA: 2.80 Vsol: 0.21 Vbat: 3.66  NTC: 14.4 14.7 13.8 14.5  SOIL: 1821.0 1347.0 1029.0 
MOISTER: 2862 VDDA: 2.79 Vsol: 0.24 Vbat: 3.65  NTC: 14.3 14.9 13.8 14.7  SOIL: 1819.0 1350.0 1030.0 
MOISTER: 2863 VDDA: 2.79 Vsol: 0.22 Vbat: 3.65  NTC: 14.4 14.7 13.8 14.5  SOIL: 1817.0 1351.0 1030.0 
MOISTER: 2864 VDDA: 2.82 Vsol: 0.23 Vbat: 3.68  NTC: 14.4 14.7 13.8 14.5  SOIL: 1809.0 1348.0 1022.0 
MOISTER: 2865 VDDA: 2.79 Vsol: 0.23 Vbat: 3.64  NTC: 14.4 14.7 13.8 14.5  SOIL: 1815.0 1349.0 1025.0 
MOISTER: 2867 VDDA: 2.82 Vsol: 0.23 Vbat: 3.68  NTC: 14.3 14.7 13.8 14.5  SOIL: 1817.0 1348.0 1026.0 
MOISTER: 2868 VDDA: 2.81 Vsol: 0.22 Vbat: 3.66  NTC: 14.3 14.7 13.8 14.5  SOIL: 1818.0 1345.0 1026.0 
MOISTER: 2869 VDDA: 2.81 Vsol: 0.23 Vbat: 3.67  NTC: 14.3 14.7 13.8 14.5  SOIL: 1812.0 1354.0 1024.0 
MOISTER: 2871 VDDA: 2.80 Vsol: 0.20 Vbat: 3.66  NTC: 14.3 14.7 13.8 14.5  SOIL: 1818.0 1352.0 1032.0 
MOISTER: 2872 VDDA: 2.80 Vsol: 0.23 Vbat: 3.67  NTC: 14.3 14.7 13.7 14.4  SOIL: 1815.0 1354.0 1026.0 
MOISTER: 2873 VDDA: 2.80 Vsol: 0.19 Vbat: 3.66  NTC: 14.3 14.7 13.7 14.4  SOIL: 1814.0 1350.0 1029.0 
MOISTER: 2874 VDDA: 2.80 Vsol: 0.23 Vbat: 3.66  NTC: 14.3 14.7 13.7 14.4  SOIL: 1816.0 1350.0 1029.0 
MOISTER: 2875 VDDA: 2.80 Vsol: 0.23 Vbat: 3.66  NTC: 14.3 14.7 13.7 14.3  SOIL: 1815.0 1354.0 1025.0 
MOISTER: 2878 VDDA: 2.78 Vsol: 0.23 Vbat: 3.63  NTC: 14.3 14.7 13.7 14.4  SOIL: 1821.0 1348.0 1026.0 
MOISTER: 2879 VDDA: 2.81 Vsol: 0.23 Vbat: 3.65  NTC: 14.3 14.7 13.7 14.3  SOIL: 1824.0 1348.0 1029.0 
MOISTER: 2880 VDDA: 2.83 Vsol: 0.24 Vbat: 3.68  NTC: 14.3 14.7 13.7 14.3  SOIL: 1819.0 1349.0 1028.0 
MOISTER: 2882 VDDA: 2.78 Vsol: 0.23 Vbat: 3.64  NTC: 14.3 14.7 13.7 14.3  SOIL: 1815.0 1350.0 1025.0 
MOISTER: 2884 VDDA: 2.80 Vsol: 0.23 Vbat: 3.66  NTC: 14.2 14.7 13.7 14.3  SOIL: 1825.0 1355.0 1029.0 
MOISTER: 2885 VDDA: 2.81 Vsol: 0.22 Vbat: 3.67  NTC: 14.2 14.7 13.7 14.3  SOIL: 1819.0 1347.0 1027.0 
MOISTER: 2886 VDDA: 2.80 Vsol: 0.23 Vbat: 3.66  NTC: 14.2 14.6 13.7 14.3  SOIL: 1820.0 1351.0 1024.0 
MOISTER: 2887 VDDA: 2.80 Vsol: 0.23 Vbat: 3.65  NTC: 14.2 14.6 13.7 14.3  SOIL: 1824.0 1356.0 1027.0 
MOISTER: 2888 VDDA: 2.80 Vsol: 0.22 Vbat: 3.65  NTC: 14.2 14.6 13.7 14.3  SOIL: 1818.0 1356.0 1035.0 
MOISTER: 2889 VDDA: 2.79 Vsol: 0.23 Vbat: 3.66  NTC: 14.2 14.6 13.7 14.2  SOIL: 1824.0 1349.0 1032.0 
MOISTER: 2890 VDDA: 2.83 Vsol: 0.23 Vbat: 3.69  NTC: 14.2 14.6 13.7 14.2  SOIL: 1828.0 1359.0 1023.0 
MOISTER: 2891 VDDA: 2.80 Vsol: 0.24 Vbat: 3.66  NTC: 14.2 14.6 13.7 14.2  SOIL: 1824.0 1351.0 1029.0 
MOISTER: 2893 VDDA: 2.80 Vsol: 0.22 Vbat: 3.66  NTC: 14.2 14.6 13.7 14.2  SOIL: 1827.0 1354.0 1030.0 
MOISTER: 2894 VDDA: 2.80 Vsol: 0.20 Vbat: 3.67  NTC: 14.2 14.6 13.7 14.3  SOIL: 1813.0 1349.0 1029.0 
MOISTER: 2895 VDDA: 2.80 Vsol: 0.22 Vbat: 3.65  NTC: 14.2 14.6 13.7 14.2  SOIL: 1824.0 1350.0 1031.0 
MOISTER: 2896 VDDA: 2.80 Vsol: 0.22 Vbat: 3.66  NTC: 14.2 14.6 13.7 14.2  SOIL: 1815.0 1348.0 1026.0 
MOISTER: 2897 VDDA: 2.80 Vsol: 0.23 Vbat: 3.66  NTC: 14.2 14.6 13.7 14.2  SOIL: 1823.0 1352.0 1029.0 
MOISTER: 2898 VDDA: 2.82 Vsol: 0.22 Vbat: 3.68  NTC: 14.2 14.6 13.7 14.2  SOIL: 1817.0 1351.0 1025.0 
MOISTER: 2899 VDDA: 2.78 Vsol: 0.23 Vbat: 3.63  NTC: 14.2 14.6 13.7 14.2  SOIL: 1825.0 1346.0 1034.0 
MOISTER: 2900 VDDA: 2.80 Vsol: 0.19 Vbat: 3.67  NTC: 14.2 14.6 13.7 14.2  SOIL: 1824.0 1349.0 1029.0 
MOISTER: 2901 VDDA: 2.81 Vsol: 0.23 Vbat: 3.68  NTC: 14.2 14.6 13.7 14.2  SOIL: 1820.0 1348.0 1030.0 
MOISTER: 2902 VDDA: 2.79 Vsol: 0.22 Vbat: 3.63  NTC: 14.2 14.6 13.7 14.2  SOIL: 1828.0 1351.0 1029.0 
MOISTER: 2904 VDDA: 2.78 Vsol: 0.23 Vbat: 3.62  NTC: 14.2 14.5 13.7 14.3  SOIL: 1820.0 1350.0 1027.0 
MOISTER: 2905 VDDA: 2.79 Vsol: 0.18 Vbat: 3.64  NTC: 14.2 14.5 13.7 14.3  SOIL: 1819.0 1355.0 1030.0 
MOISTER: 2906 VDDA: 2.79 Vsol: 0.23 Vbat: 3.65  NTC: 14.2 14.5 13.7 14.3  SOIL: 1815.0 1347.0 1024.0 
MOISTER: 2907 VDDA: 2.81 Vsol: 0.23 Vbat: 3.68  NTC: 14.2 14.5 13.7 14.3  SOIL: 1818.0 1354.0 1033.0 
MOISTER: 2908 VDDA: 2.78 Vsol: 0.22 Vbat: 3.65  NTC: 14.2 14.5 13.7 14.1  SOIL: 1828.0 1352.0 1031.0 
MOISTER: 2909 VDDA: 2.80 Vsol: 0.23 Vbat: 3.66  NTC: 14.1 14.5 13.7 14.1  SOIL: 1823.0 1350.0 1030.0 
MOISTER: 2910 VDDA: 2.78 Vsol: 0.23 Vbat: 3.63  NTC: 14.1 14.5 13.7 14.1  SOIL: 1829.0 1353.0 1032.0 
MOISTER: 2911 VDDA: 2.79 Vsol: 0.22 Vbat: 3.66  NTC: 14.1 14.5 13.6 14.1  SOIL: 1819.0 1358.0 1030.0 
MOISTER: 2912 VDDA: 2.81 Vsol: 0.22 Vbat: 3.67  NTC: 14.1 14.5 13.6 14.1  SOIL: 1817.0 1346.0 1028.0 
MOISTER: 2913 VDDA: 2.82 Vsol: 0.19 Vbat: 3.67  NTC: 14.1 14.5 13.6 14.1  SOIL: 1823.0 1346.0 1029.0 
MOISTER: 2914 VDDA: 2.79 Vsol: 0.24 Vbat: 3.66  NTC: 14.1 14.5 13.6 14.1  SOIL: 1815.0 1351.0 1026.0 
MOISTER: 2915 VDDA: 2.81 Vsol: 0.21 Vbat: 3.66  NTC: 14.1 14.5 13.6 14.1  SOIL: 1823.0 1349.0 1029.0 
MOISTER: 2916 VDDA: 2.82 Vsol: 0.21 Vbat: 3.67  NTC: 14.1 14.5 13.6 14.1  SOIL: 1817.0 1349.0 1032.0 
MOISTER: 2917 VDDA: 2.81 Vsol: 0.23 Vbat: 3.67  NTC: 14.1 14.5 13.6 14.2  SOIL: 1819.0 1354.0 1027.0 
MOISTER: 2918 VDDA: 2.79 Vsol: 0.23 Vbat: 3.64  NTC: 14.1 14.5 13.6 14.2  SOIL: 1818.0 1354.0 1029.0 
MOISTER: 2919 VDDA: 2.80 Vsol: 0.19 Vbat: 3.66  NTC: 14.1 14.5 13.6 14.3  SOIL: 1822.0 1356.0 1028.0 
MOISTER: 2920 VDDA: 2.81 Vsol: 0.23 Vbat: 3.69  NTC: 14.1 14.5 13.5 14.2  SOIL: 1828.0 1347.0 1028.0 
MOISTER: 2921 VDDA: 2.81 Vsol: 0.20 Vbat: 3.66  NTC: 14.1 14.5 13.5 14.2  SOIL: 1831.0 1353.0 1033.0 
MOISTER: 2922 VDDA: 2.79 Vsol: 0.20 Vbat: 3.66  NTC: 14.1 14.5 13.5 14.1  SOIL: 1823.0 1345.0 1026.0 
MOISTER: 2923 VDDA: 2.81 Vsol: 0.20 Vbat: 3.65  NTC: 14.1 14.5 13.5 14.1  SOIL: 1824.0 1347.0 1030.0 
MOISTER: 2925 VDDA: 2.82 Vsol: 0.24 Vbat: 3.68  NTC: 14.1 14.5 13.5 14.1  SOIL: 1825.0 1351.0 1029.0 
MOISTER: 2926 VDDA: 2.79 Vsol: 0.20 Vbat: 3.63  NTC: 14.1 14.5 13.5 14.1  SOIL: 1822.0 1354.0 1028.0 
MOISTER: 2927 VDDA: 2.80 Vsol: 0.21 Vbat: 3.65  NTC: 14.0 14.5 13.5 14.1  SOIL: 1819.0 1355.0 1027.0 
MOISTER: 2928 VDDA: 2.82 Vsol: 0.24 Vbat: 3.68  NTC: 14.0 14.5 13.5 14.1  SOIL: 1824.0 1354.0 1026.0 
MOISTER: 2929 VDDA: 2.81 Vsol: 0.21 Vbat: 3.67  NTC: 14.0 14.5 13.5 14.1  SOIL: 1820.0 1354.0 1027.0 
MOISTER: 2930 VDDA: 2.81 Vsol: 0.23 Vbat: 3.66  NTC: 14.0 14.5 13.5 14.2  SOIL: 1823.0 1352.0 1027.0 
MOISTER: 2931 VDDA: 2.80 Vsol: 0.24 Vbat: 3.67  NTC: 14.0 14.5 13.5 14.1  SOIL: 1817.0 1351.0 1032.0 
MOISTER: 2932 VDDA: 2.81 Vsol: 0.23 Vbat: 3.66  NTC: 14.0 14.5 13.5 14.1  SOIL: 1826.0 1352.0 1031.0 
MOISTER: 2933 VDDA: 2.79 Vsol: 0.23 Vbat: 3.64  NTC: 14.0 14.5 13.5 14.1  SOIL: 1821.0 1348.0 1026.0 
MOISTER: 2934 VDDA: 2.79 Vsol: 0.24 Vbat: 3.63  NTC: 14.0 14.5 13.5 14.1  SOIL: 1823.0 1350.0 1031.0 
MOISTER: 2935 VDDA: 2.81 Vsol: 0.19 Vbat: 3.67  NTC: 14.0 14.5 13.5 14.1  SOIL: 1829.0 1349.0 1028.0 
MOISTER: 2936 VDDA: 2.82 Vsol: 0.23 Vbat: 3.67  NTC: 14.0 14.5 13.5 14.1  SOIL: 1825.0 1355.0 1029.0 
MOISTER: 2937 VDDA: 2.78 Vsol: 0.23 Vbat: 3.63  NTC: 14.0 14.5 13.5 14.1  SOIL: 1820.0 1349.0 1030.0 
MOISTER: 2938 VDDA: 2.79 Vsol: 0.23 Vbat: 3.64  NTC: 14.0 14.5 13.5 14.0  SOIL: 1823.0 1356.0 1032.0 
MOISTER: 2939 VDDA: 2.79 Vsol: 0.24 Vbat: 3.65  NTC: 14.0 14.5 13.5 14.1  SOIL: 1824.0 1354.0 1031.0 
MOISTER: 2941 VDDA: 2.82 Vsol: 0.21 Vbat: 3.67  NTC: 14.0 14.4 13.5 14.1  SOIL: 1826.0 1349.0 1030.0 
MOISTER: 2943 VDDA: 2.82 Vsol: 0.22 Vbat: 3.68  NTC: 14.0 14.4 13.5 14.1  SOIL: 1822.0 1352.0 1028.0 
MOISTER: 2944 VDDA: 2.79 Vsol: 0.21 Vbat: 3.64  NTC: 14.0 14.4 13.5 14.1  SOIL: 1822.0 1351.0 1029.0 
MOISTER: 2945 VDDA: 2.80 Vsol: 0.22 Vbat: 3.65  NTC: 14.0 14.4 13.5 14.1  SOIL: 1818.0 1348.0 1026.0 
MOISTER: 2946 VDDA: 2.79 Vsol: 0.18 Vbat: 3.63  NTC: 14.0 14.4 13.5 14.1  SOIL: 1830.0 1346.0 1026.0 
MOISTER: 2947 VDDA: 2.81 Vsol: 0.19 Vbat: 3.67  NTC: 14.0 14.4 13.5 14.1  SOIL: 1827.0 1349.0 1034.0 
MOISTER: 2948 VDDA: 2.79 Vsol: 0.19 Vbat: 3.64  NTC: 13.9 14.4 13.5 14.1  SOIL: 1824.0 1351.0 1027.0 
MOISTER: 2949 VDDA: 2.81 Vsol: 0.22 Vbat: 3.67  NTC: 14.0 14.4 13.4 14.1  SOIL: 1824.0 1356.0 1035.0 
MOISTER: 2950 VDDA: 2.79 Vsol: 0.21 Vbat: 3.64  NTC: 13.9 14.4 13.4 14.1  SOIL: 1829.0 1355.0 1028.0 
MOISTER: 2951 VDDA: 2.80 Vsol: 0.19 Vbat: 3.65  NTC: 13.9 14.4 13.4 14.0  SOIL: 1819.0 1347.0 1034.0 
MOISTER: 2952 VDDA: 2.79 Vsol: 0.22 Vbat: 3.65  NTC: 13.9 14.4 13.4 14.1  SOIL: 1824.0 1345.0 1032.0 
MOISTER: 2953 VDDA: 2.78 Vsol: 0.20 Vbat: 3.64  NTC: 13.9 14.4 13.4 14.1  SOIL: 1824.0 1356.0 1034.0 
MOISTER: 2954 VDDA: 2.80 Vsol: 0.22 Vbat: 3.65  NTC: 13.9 14.4 13.4 14.1  SOIL: 1829.0 1354.0 1033.0 
MOISTER: 2955 VDDA: 2.82 Vsol: 0.23 Vbat: 3.68  NTC: 13.9 14.4 13.4 14.1  SOIL: 1829.0 1353.0 1032.0 
MOISTER: 2956 VDDA: 2.80 Vsol: 0.24 Vbat: 3.66  NTC: 13.9 14.4 13.4 14.1  SOIL: 1828.0 1345.0 1033.0 
MOISTER: 2957 VDDA: 2.79 Vsol: 0.19 Vbat: 3.65  NTC: 13.9 14.4 13.4 14.2  SOIL: 1826.0 1354.0 1028.0 
MOISTER: 2958 VDDA: 2.83 Vsol: 0.22 Vbat: 3.69  NTC: 13.9 14.3 13.4 14.1  SOIL: 1831.0 1353.0 1028.0 
MOISTER: 2960 VDDA: 2.80 Vsol: 0.21 Vbat: 3.64  NTC: 13.9 14.3 13.4 14.2  SOIL: 1824.0 1353.0 1032.0 
MOISTER: 2961 VDDA: 2.79 Vsol: 0.23 Vbat: 3.63  NTC: 13.9 14.3 13.4 14.2  SOIL: 1825.0 1353.0 1030.0 
MOISTER: 2962 VDDA: 2.79 Vsol: 0.22 Vbat: 3.63  NTC: 13.9 14.3 13.4 14.2  SOIL: 1826.0 1346.0 1028.0 
MOISTER: 2963 VDDA: 2.80 Vsol: 0.19 Vbat: 3.66  NTC: 13.9 14.3 13.4 14.3  SOIL: 1829.0 1354.0 1029.0 
MOISTER: 2965 VDDA: 2.79 Vsol: 0.18 Vbat: 3.65  NTC: 13.9 14.3 13.4 14.2  SOIL: 1813.0 1351.0 1031.0 
MOISTER: 2966 VDDA: 2.78 Vsol: 0.24 Vbat: 3.63  NTC: 13.9 14.3 13.4 14.1  SOIL: 1823.0 1348.0 1032.0 
MOISTER: 2967 VDDA: 2.81 Vsol: 0.24 Vbat: 3.65  NTC: 13.9 14.3 13.3 14.1  SOIL: 1826.0 1346.0 1030.0 
MOISTER: 2968 VDDA: 2.78 Vsol: 0.24 Vbat: 3.64  NTC: 13.9 14.3 13.3 14.1  SOIL: 1821.0 1354.0 1029.0 
MOISTER: 2969 VDDA: 2.79 Vsol: 0.22 Vbat: 3.63  NTC: 13.9 14.3 13.3 14.1  SOIL: 1825.0 1346.0 1031.0 
MOISTER: 2970 VDDA: 2.79 Vsol: 0.23 Vbat: 3.65  NTC: 13.9 14.3 13.3 14.1  SOIL: 1820.0 1349.0 1028.0 
MOISTER: 2972 VDDA: 2.82 Vsol: 0.24 Vbat: 3.67  NTC: 13.9 14.3 13.3 14.1  SOIL: 1826.0 1351.0 1036.0 
MOISTER: 2973 VDDA: 2.79 Vsol: 0.20 Vbat: 3.64  NTC: 13.9 14.3 13.3 14.1  SOIL: 1827.0 1350.0 1031.0 
MOISTER: 2974 VDDA: 2.80 Vsol: 0.22 Vbat: 3.65  NTC: 13.9 14.3 13.3 14.1  SOIL: 1820.0 1353.0 1033.0 
MOISTER: 2975 VDDA: 2.82 Vsol: 0.19 Vbat: 3.68  NTC: 13.9 14.3 13.3 14.1  SOIL: 1822.0 1352.0 1031.0 
MOISTER: 2976 VDDA: 2.82 Vsol: 0.24 Vbat: 3.67  NTC: 13.9 14.3 13.3 14.1  SOIL: 1824.0 1349.0 1029.0 
MOISTER: 2977 VDDA: 2.80 Vsol: 0.21 Vbat: 3.65  NTC: 13.9 14.3 13.3 14.1  SOIL: 1822.0 1355.0 1030.0 
MOISTER: 2978 VDDA: 2.80 Vsol: 0.19 Vbat: 3.64  NTC: 13.9 14.3 13.3 14.1  SOIL: 1829.0 1349.0 1032.0 
MOISTER: 2979 VDDA: 2.81 Vsol: 0.22 Vbat: 3.66  NTC: 13.9 14.3 13.3 14.1  SOIL: 1828.0 1351.0 1031.0 
MOISTER: 2980 VDDA: 2.79 Vsol: 0.26 Vbat: 3.65  NTC: 13.9 14.3 13.3 14.1  SOIL: 1826.0 1351.0 1032.0 
MOISTER: 2981 VDDA: 2.80 Vsol: 0.22 Vbat: 3.64  NTC: 13.9 14.3 13.3 14.1  SOIL: 1830.0 1355.0 1032.0 
MOISTER: 2982 VDDA: 2.81 Vsol: 0.19 Vbat: 3.66  NTC: 13.9 14.3 13.3 14.1  SOIL: 1823.0 1351.0 1028.0 
MOISTER: 2983 VDDA: 2.81 Vsol: 0.26 Vbat: 3.66  NTC: 13.9 14.3 13.3 14.1  SOIL: 1820.0 1353.0 1027.0 
MOISTER: 2984 VDDA: 2.78 Vsol: 0.20 Vbat: 3.64  NTC: 13.9 14.3 13.3 14.1  SOIL: 1826.0 1351.0 1032.0 
MOISTER: 2986 VDDA: 2.82 Vsol: 0.30 Vbat: 3.67  NTC: 13.9 14.3 13.3 14.1  SOIL: 1825.0 1355.0 1028.0 
MOISTER: 2987 VDDA: 2.83 Vsol: 0.23 Vbat: 3.69  NTC: 13.9 14.3 13.3 14.0  SOIL: 1825.0 1353.0 1034.0 
MOISTER: 2988 VDDA: 2.81 Vsol: 0.32 Vbat: 3.65  NTC: 13.9 14.3 13.3 13.9  SOIL: 1828.0 1355.0 1030.0 
MOISTER: 2989 VDDA: 2.79 Vsol: 0.32 Vbat: 3.64  NTC: 13.9 14.3 13.3 13.9  SOIL: 1822.0 1356.0 1031.0 
MOISTER: 2990 VDDA: 2.81 Vsol: 0.40 Vbat: 3.66  NTC: 13.9 14.3 13.3 13.9  SOIL: 1833.0 1354.0 1033.0 
MOISTER: 2991 VDDA: 2.79 Vsol: 0.45 Vbat: 3.64  NTC: 13.9 14.2 13.3 13.8  SOIL: 1820.0 1352.0 1026.0 
MOISTER: 2993 VDDA: 2.79 Vsol: 0.48 Vbat: 3.63  NTC: 13.9 14.3 13.3 13.9  SOIL: 1823.0 1348.0 1032.0 
MOISTER: 2994 VDDA: 2.80 Vsol: 0.52 Vbat: 3.65  NTC: 13.9 14.3 13.3 13.9  SOIL: 1825.0 1349.0 1031.0 
MOISTER: 2995 VDDA: 2.80 Vsol: 0.54 Vbat: 3.64  NTC: 13.9 14.2 13.3 14.1  SOIL: 1830.0 1351.0 1029.0 
MOISTER: 2996 VDDA: 2.79 Vsol: 0.58 Vbat: 3.63  NTC: 13.9 14.2 13.3 14.1  SOIL: 1822.0 1353.0 1029.0 
MOISTER: 2997 VDDA: 2.80 Vsol: 0.61 Vbat: 3.66  NTC: 13.9 14.2 13.3 14.2  SOIL: 1822.0 1350.0 1029.0 
MOISTER: 2999 VDDA: 2.78 Vsol: 0.65 Vbat: 3.63  NTC: 13.9 14.2 13.3 14.5  SOIL: 1818.0 1348.0 1031.0 
MOISTER: 3000 VDDA: 2.82 Vsol: 0.68 Vbat: 3.68  NTC: 13.9 14.2 13.3 14.5  SOIL: 1832.0 1348.0 1033.0 
MOISTER: 3001 VDDA: 2.81 Vsol: 0.73 Vbat: 3.65  NTC: 13.9 14.2 13.3 14.5  SOIL: 1827.0 1357.0 1032.0 
MOISTER: 3003 VDDA: 2.78 Vsol: 0.75 Vbat: 3.63  NTC: 13.9 14.2 13.3 14.4  SOIL: 1822.0 1354.0 1032.0 
MOISTER: 3004 VDDA: 2.81 Vsol: 0.78 Vbat: 3.66  NTC: 13.9 14.2 13.3 14.3  SOIL: 1833.0 1350.0 1033.0 
MOISTER: 3005 VDDA: 2.78 Vsol: 0.80 Vbat: 3.62  NTC: 13.9 14.2 13.3 14.3  SOIL: 1823.0 1357.0 1029.0 
MOISTER: 3006 VDDA: 2.81 Vsol: 0.83 Vbat: 3.67  NTC: 13.9 14.2 13.2 14.2  SOIL: 1822.0 1352.0 1029.0 
MOISTER: 3007 VDDA: 2.81 Vsol: 0.86 Vbat: 3.67  NTC: 13.9 14.2 13.3 14.2  SOIL: 1831.0 1356.0 1034.0 
MOISTER: 3008 VDDA: 2.82 Vsol: 0.89 Vbat: 3.68  NTC: 13.9 14.2 13.2 14.2  SOIL: 1830.0 1352.0 1029.0 
MOISTER: 3009 VDDA: 2.79 Vsol: 0.90 Vbat: 3.64  NTC: 13.9 14.2 13.2 14.2  SOIL: 1834.0 1353.0 1029.0 
MOISTER: 3011 VDDA: 2.79 Vsol: 0.92 Vbat: 3.65  NTC: 13.9 14.2 13.2 14.2  SOIL: 1833.0 1355.0 1028.0 
MOISTER: 3013 VDDA: 2.78 Vsol: 0.94 Vbat: 3.62  NTC: 13.9 14.2 13.2 14.2  SOIL: 1829.0 1351.0 1030.0 
MOISTER: 3014 VDDA: 2.82 Vsol: 0.97 Vbat: 3.68  NTC: 13.9 14.2 13.2 14.2  SOIL: 1833.0 1349.0 1029.0 
MOISTER: 3015 VDDA: 2.78 Vsol: 0.98 Vbat: 3.63  NTC: 13.9 14.2 13.2 14.1  SOIL: 1823.0 1350.0 1035.0 
MOISTER: 3016 VDDA: 2.82 Vsol: 1.00 Vbat: 3.67  NTC: 13.9 14.2 13.2 14.1  SOIL: 1833.0 1355.0 1029.0 
MOISTER: 3017 VDDA: 2.80 Vsol: 1.02 Vbat: 3.65  NTC: 13.9 14.2 13.2 14.1  SOIL: 1826.0 1349.0 1030.0 
MOISTER: 3018 VDDA: 2.80 Vsol: 1.04 Vbat: 3.65  NTC: 13.9 14.2 13.2 14.1  SOIL: 1824.0 1352.0 1030.0 
MOISTER: 3019 VDDA: 2.80 Vsol: 1.06 Vbat: 3.64  NTC: 13.9 14.1 13.2 14.1  SOIL: 1825.0 1347.0 1032.0 
MOISTER: 3020 VDDA: 2.78 Vsol: 1.06 Vbat: 3.62  NTC: 13.8 14.1 13.2 14.1  SOIL: 1828.0 1349.0 1031.0 
MOISTER: 3021 VDDA: 2.79 Vsol: 1.07 Vbat: 3.63  NTC: 13.9 14.2 13.2 14.1  SOIL: 1823.0 1356.0 1034.0 
MOISTER: 3022 VDDA: 2.81 Vsol: 1.36 Vbat: 3.66  NTC: 13.9 14.1 13.2 14.1  SOIL: 1832.0 1349.0 1029.0 
MOISTER: 3023 VDDA: 2.79 Vsol: 1.11 Vbat: 3.64  NTC: 13.8 14.1 13.2 14.1  SOIL: 1827.0 1354.0 1029.0 
MOISTER: 3024 VDDA: 2.78 Vsol: 1.12 Vbat: 3.63  NTC: 13.8 14.1 13.2 14.1  SOIL: 1824.0 1345.0 1031.0 
MOISTER: 3025 VDDA: 2.80 Vsol: 1.15 Vbat: 3.65  NTC: 13.8 14.1 13.2 14.1  SOIL: 1825.0 1352.0 1030.0 
MOISTER: 3026 VDDA: 2.80 Vsol: 1.17 Vbat: 3.64  NTC: 13.8 14.1 13.2 14.1  SOIL: 1824.0 1357.0 1032.0 
MOISTER: 3027 VDDA: 2.80 Vsol: 1.19 Vbat: 3.65  NTC: 13.8 14.1 13.2 14.1  SOIL: 1828.0 1352.0 1031.0 
MOISTER: 3028 VDDA: 2.80 Vsol: 1.22 Vbat: 3.66  NTC: 13.8 14.1 13.2 14.1  SOIL: 1831.0 1347.0 1035.0 
MOISTER: 3029 VDDA: 2.81 Vsol: 1.23 Vbat: 3.65  NTC: 13.8 14.1 13.2 14.1  SOIL: 1827.0 1351.0 1030.0 
MOISTER: 3030 VDDA: 2.82 Vsol: 1.26 Vbat: 3.67  NTC: 13.8 14.1 13.2 14.1  SOIL: 1822.0 1355.0 1029.0 
MOISTER: 3031 VDDA: 2.83 Vsol: 1.27 Vbat: 3.68  NTC: 13.8 14.1 13.2 14.1  SOIL: 1833.0 1348.0 1029.0 
MOISTER: 3032 VDDA: 2.79 Vsol: 1.28 Vbat: 3.64  NTC: 13.8 14.1 13.2 14.1  SOIL: 1831.0 1351.0 1030.0 
MOISTER: 3033 VDDA: 2.79 Vsol: 1.30 Vbat: 3.65  NTC: 13.8 14.1 13.2 14.1  SOIL: 1834.0 1353.0 1031.0 
MOISTER: 3034 VDDA: 2.80 Vsol: 1.33 Vbat: 3.64  NTC: 13.8 14.1 13.2 14.1  SOIL: 1821.0 1355.0 1033.0 
MOISTER: 3035 VDDA: 2.79 Vsol: 1.36 Vbat: 3.64  NTC: 13.8 14.1 13.2 14.1  SOIL: 1827.0 1349.0 1028.0 
MOISTER: 3036 VDDA: 2.80 Vsol: 1.36 Vbat: 3.64  NTC: 13.8 14.1 13.2 14.1  SOIL: 1827.0 1354.0 1027.0 
MOISTER: 3037 VDDA: 2.79 Vsol: 1.38 Vbat: 3.64  NTC: 13.8 14.1 13.2 14.2  SOIL: 1829.0 1353.0 1032.0 
MOISTER: 3038 VDDA: 2.79 Vsol: 1.40 Vbat: 3.64  NTC: 13.8 14.1 13.2 14.2  SOIL: 1828.0 1351.0 1034.0 
MOISTER: 3039 VDDA: 2.79 Vsol: 1.43 Vbat: 3.63  NTC: 13.8 14.1 13.2 14.3  SOIL: 1823.0 1350.0 1036.0 
MOISTER: 3040 VDDA: 2.79 Vsol: 1.51 Vbat: 3.64  NTC: 13.8 14.1 13.2 14.4  SOIL: 1820.0 1350.0 1030.0 
MOISTER: 3041 VDDA: 2.78 Vsol: 1.61 Vbat: 3.63  NTC: 13.8 14.1 13.2 14.5  SOIL: 1827.0 1347.0 1030.0 
MOISTER: 3043 VDDA: 2.83 Vsol: 1.66 Vbat: 3.69  NTC: 13.8 14.1 13.2 14.7  SOIL: 1828.0 1345.0 1026.0 
MOISTER: 3044 VDDA: 2.80 Vsol: 1.54 Vbat: 3.65  NTC: 13.8 14.1 13.2 14.7  SOIL: 1826.0 1349.0 1032.0 
MOISTER: 3045 VDDA: 2.80 Vsol: 1.49 Vbat: 3.64  NTC: 13.8 14.1 13.2 14.6  SOIL: 1831.0 1347.0 1035.0 
MOISTER: 3046 VDDA: 2.79 Vsol: 1.53 Vbat: 3.63  NTC: 13.8 14.1 13.2 14.6  SOIL: 1826.0 1353.0 1031.0 
MOISTER: 3047 VDDA: 2.79 Vsol: 1.55 Vbat: 3.64  NTC: 13.9 14.1 13.2 14.7  SOIL: 1831.0 1352.0 1032.0 
MOISTER: 3049 VDDA: 2.82 Vsol: 1.68 Vbat: 3.66  NTC: 13.9 14.1 13.2 15.0  SOIL: 1820.0 1348.0 1031.0 
MOISTER: 3050 VDDA: 2.79 Vsol: 1.75 Vbat: 3.64  NTC: 13.9 14.1 13.2 15.4  SOIL: 1819.0 1355.0 1032.0 
MOISTER: 3051 VDDA: 2.80 Vsol: 1.80 Vbat: 3.66  NTC: 13.9 14.1 13.2 15.7  SOIL: 1825.0 1351.0 1029.0 
MOISTER: 3052 VDDA: 2.79 Vsol: 1.80 Vbat: 3.64  NTC: 13.9 14.1 13.2 16.1  SOIL: 1829.0 1353.0 1035.0 
MOISTER: 3053 VDDA: 2.80 Vsol: 1.82 Vbat: 3.65  NTC: 13.9 14.1 13.2 16.6  SOIL: 1829.0 1351.0 1030.0 
MOISTER: 3054 VDDA: 2.80 Vsol: 1.83 Vbat: 3.66  NTC: 13.9 14.1 13.2 17.0  SOIL: 1829.0 1347.0 1030.0 
MOISTER: 3055 VDDA: 2.81 Vsol: 1.84 Vbat: 3.68  NTC: 13.9 14.1 13.2 17.3  SOIL: 1829.0 1344.0 1037.0 
MOISTER: 3056 VDDA: 2.80 Vsol: 2.36 Vbat: 3.65  NTC: 14.0 14.1 13.2 17.5  SOIL: 1821.0 1347.0 1034.0 
MOISTER: 3057 VDDA: 2.79 Vsol: 1.84 Vbat: 3.63  NTC: 14.0 14.1 13.2 17.8  SOIL: 1819.0 1349.0 1029.0 
MOISTER: 3058 VDDA: 2.79 Vsol: 1.85 Vbat: 3.64  NTC: 14.0 14.1 13.2 18.0  SOIL: 1825.0 1348.0 1036.0 
MOISTER: 3059 VDDA: 2.79 Vsol: 1.84 Vbat: 3.64  NTC: 14.1 14.1 13.2 18.1  SOIL: 1828.0 1352.0 1027.0 
MOISTER: 3060 VDDA: 2.81 Vsol: 1.85 Vbat: 3.68  NTC: 14.1 14.1 13.2 18.2  SOIL: 1817.0 1354.0 1031.0 
MOISTER: 3061 VDDA: 2.78 Vsol: 1.84 Vbat: 3.64  NTC: 14.2 14.1 13.2 18.4  SOIL: 1821.0 1351.0 1034.0 
MOISTER: 3063 VDDA: 2.80 Vsol: 1.86 Vbat: 3.66  NTC: 14.2 14.1 13.2 18.5  SOIL: 1829.0 1353.0 1029.0 
MOISTER: 3065 VDDA: 2.80 Vsol: 1.85 Vbat: 3.66  NTC: 14.2 14.2 13.2 18.6  SOIL: 1819.0 1357.0 1037.0 
MOISTER: 3066 VDDA: 2.81 Vsol: 1.85 Vbat: 3.67  NTC: 14.3 14.2 13.3 18.7  SOIL: 1825.0 1354.0 1032.0 
MOISTER: 3067 VDDA: 2.82 Vsol: 1.86 Vbat: 3.69  NTC: 14.3 14.2 13.3 18.8  SOIL: 1819.0 1355.0 1032.0 
MOISTER: 3068 VDDA: 2.81 Vsol: 1.87 Vbat: 3.67  NTC: 14.4 14.2 13.3 19.0  SOIL: 1823.0 1355.0 1030.0 
MOISTER: 3070 VDDA: 2.79 Vsol: 1.85 Vbat: 3.65  NTC: 14.4 14.2 13.3 19.1  SOIL: 1826.0 1349.0 1033.0 
MOISTER: 3071 VDDA: 2.80 Vsol: 1.87 Vbat: 3.68  NTC: 14.4 14.3 13.3 19.3  SOIL: 1822.0 1350.0 1031.0 
MOISTER: 3072 VDDA: 2.80 Vsol: 1.88 Vbat: 3.69  NTC: 14.5 14.3 13.3 19.4  SOIL: 1822.0 1351.0 1033.0 
MOISTER: 3073 VDDA: 2.78 Vsol: 1.89 Vbat: 3.65  NTC: 14.6 14.3 13.4 19.7  SOIL: 1817.0 1347.0 1033.0 
MOISTER: 3074 VDDA: 2.83 Vsol: 1.89 Vbat: 3.70  NTC: 14.6 14.3 13.4 20.0  SOIL: 1820.0 1351.0 1032.0 
MOISTER: 3075 VDDA: 2.80 Vsol: 1.88 Vbat: 3.65  NTC: 14.7 14.3 13.4 20.2  SOIL: 1814.0 1348.0 1036.0 
MOISTER: 3076 VDDA: 2.79 Vsol: 1.87 Vbat: 3.65  NTC: 14.7 14.4 13.5 20.3  SOIL: 1815.0 1352.0 1035.0 
MOISTER: 3077 VDDA: 2.80 Vsol: 1.88 Vbat: 3.67  NTC: 14.8 14.4 13.5 20.5  SOIL: 1809.0 1346.0 1027.0 
MOISTER: 3078 VDDA: 2.81 Vsol: 1.90 Vbat: 3.69  NTC: 14.8 14.5 13.5 20.6  SOIL: 1811.0 1353.0 1032.0 
MOISTER: 3079 VDDA: 2.80 Vsol: 1.89 Vbat: 3.67  NTC: 14.9 14.5 13.5 20.9  SOIL: 1815.0 1344.0 1030.0 
MOISTER: 3080 VDDA: 2.79 Vsol: 1.89 Vbat: 3.66  NTC: 14.9 14.5 13.6 20.8  SOIL: 1820.0 1347.0 1037.0 
MOISTER: 3081 VDDA: 2.81 Vsol: 1.90 Vbat: 3.68  NTC: 15.0 14.5 13.7 20.9  SOIL: 1810.0 1348.0 1032.0 
MOISTER: 3082 VDDA: 2.79 Vsol: 1.89 Vbat: 3.66  NTC: 15.1 14.5 13.7 21.1  SOIL: 1816.0 1351.0 1032.0 
MOISTER: 3083 VDDA: 2.82 Vsol: 1.91 Vbat: 3.69  NTC: 15.2 14.6 13.7 21.5  SOIL: 1809.0 1350.0 1037.0 
MOISTER: 3084 VDDA: 2.81 Vsol: 1.91 Vbat: 3.68  NTC: 15.2 14.6 13.7 21.7  SOIL: 1805.0 1344.0 1034.0 
MOISTER: 3085 VDDA: 2.80 Vsol: 1.90 Vbat: 3.68  NTC: 15.3 14.7 13.7 22.0  SOIL: 1809.0 1351.0 1033.0 
MOISTER: 3086 VDDA: 2.79 Vsol: 1.90 Vbat: 3.67  NTC: 15.3 14.7 13.8 22.3  SOIL: 1801.0 1346.0 1034.0 
MOISTER: 3087 VDDA: 2.80 Vsol: 1.90 Vbat: 3.67  NTC: 15.4 14.8 13.8 22.3  SOIL: 1806.0 1348.0 1027.0 
MOISTER: 3088 VDDA: 2.80 Vsol: 1.92 Vbat: 3.66  NTC: 15.5 14.8 13.9 22.3  SOIL: 1812.0 1344.0 1033.0 
MOISTER: 3089 VDDA: 2.81 Vsol: 1.91 Vbat: 3.68  NTC: 15.6 14.8 14.0 22.3  SOIL: 1809.0 1343.0 1027.0 
MOISTER: 3090 VDDA: 2.81 Vsol: 1.93 Vbat: 3.70  NTC: 15.7 14.9 14.0 22.4  SOIL: 1807.0 1341.0 1035.0 
MOISTER: 3091 VDDA: 2.80 Vsol: 1.91 Vbat: 3.68  NTC: 15.7 14.9 14.0 22.5  SOIL: 1810.0 1347.0 1031.0 
MOISTER: 3092 VDDA: 2.79 Vsol: 1.91 Vbat: 3.66  NTC: 15.8 14.9 14.1 22.5  SOIL: 1809.0 1348.0 1027.0 
MOISTER: 3093 VDDA: 2.79 Vsol: 1.90 Vbat: 3.68  NTC: 15.8 15.0 14.2 22.9  SOIL: 1807.0 1344.0 1031.0 
MOISTER: 3094 VDDA: 2.80 Vsol: 1.92 Vbat: 3.69  NTC: 15.9 15.1 14.2 23.5  SOIL: 1799.0 1339.0 1030.0 
MOISTER: 3095 VDDA: 2.79 Vsol: 1.89 Vbat: 3.68  NTC: 16.0 15.1 14.2 23.7  SOIL: 1797.0 1347.0 1031.0 
MOISTER: 3096 VDDA: 2.78 Vsol: 1.88 Vbat: 3.65  NTC: 16.1 15.2 14.3 23.6  SOIL: 1794.0 1345.0 1030.0 
MOISTER: 3097 VDDA: 2.82 Vsol: 1.83 Vbat: 3.69  NTC: 16.2 15.2 14.4 23.0  SOIL: 1803.0 1345.0 1027.0 
MOISTER: 3098 VDDA: 2.79 Vsol: 1.84 Vbat: 3.65  NTC: 16.3 15.3 14.4 22.3  SOIL: 1794.0 1341.0 1027.0 
MOISTER: 3099 VDDA: 2.80 Vsol: 1.89 Vbat: 3.69  NTC: 16.3 15.3 14.5 22.3  SOIL: 1801.0 1338.0 1025.0 
MOISTER: 3100 VDDA: 2.79 Vsol: 1.88 Vbat: 3.67  NTC: 16.4 15.4 14.6 22.4  SOIL: 1795.0 1339.0 1028.0 
MOISTER: 3101 VDDA: 2.81 Vsol: 1.93 Vbat: 3.69  NTC: 16.4 15.4 14.6 22.9  SOIL: 1796.0 1338.0 1030.0 
MOISTER: 3102 VDDA: 2.81 Vsol: 1.92 Vbat: 3.70  NTC: 16.5 15.5 14.7 23.3  SOIL: 1789.0 1337.0 1027.0 
MOISTER: 3103 VDDA: 2.80 Vsol: 1.92 Vbat: 3.68  NTC: 16.6 15.5 14.8 23.6  SOIL: 1793.0 1333.0 1025.0 
MOISTER: 3104 VDDA: 2.80 Vsol: 1.91 Vbat: 3.67  NTC: 16.7 15.6 14.9 24.0  SOIL: 1791.0 1339.0 1026.0 
MOISTER: 3105 VDDA: 2.82 Vsol: 1.93 Vbat: 3.69  NTC: 16.7 15.6 14.9 24.2  SOIL: 1801.0 1340.0 1028.0 
MOISTER: 3106 VDDA: 2.81 Vsol: 1.93 Vbat: 3.70  NTC: 16.8 15.7 15.0 24.4  SOIL: 1790.0 1340.0 1030.0 
MOISTER: 3107 VDDA: 2.80 Vsol: 1.92 Vbat: 3.68  NTC: 16.9 15.8 15.0 24.5  SOIL: 1797.0 1335.0 1032.0 
MOISTER: 3108 VDDA: 2.79 Vsol: 1.92 Vbat: 3.66  NTC: 17.0 15.8 15.1 24.9  SOIL: 1797.0 1334.0 1027.0 
MOISTER: 3109 VDDA: 2.79 Vsol: 1.89 Vbat: 3.67  NTC: 17.1 15.9 15.1 25.0  SOIL: 1791.0 1340.0 1025.0 
MOISTER: 3110 VDDA: 2.80 Vsol: 1.92 Vbat: 3.69  NTC: 17.2 15.9 15.2 24.9  SOIL: 1792.0 1333.0 1017.0 
MOISTER: 3111 VDDA: 2.80 Vsol: 1.92 Vbat: 3.71  NTC: 17.2 16.0 15.3 25.4  SOIL: 1787.0 1340.0 1029.0 
MOISTER: 3112 VDDA: 2.79 Vsol: 1.92 Vbat: 3.66  NTC: 17.3 16.0 15.4 25.8  SOIL: 1793.0 1337.0 1029.0 
MOISTER: 3113 VDDA: 2.80 Vsol: 1.92 Vbat: 3.70  NTC: 17.4 16.1 15.4 25.9  SOIL: 1788.0 1340.0 1021.0 
MOISTER: 3114 VDDA: 2.80 Vsol: 1.91 Vbat: 3.71  NTC: 17.5 16.2 15.5 26.2  SOIL: 1791.0 1338.0 1023.0 
MOISTER: 3115 VDDA: 2.79 Vsol: 1.90 Vbat: 3.68  NTC: 17.6 16.2 15.6 26.4  SOIL: 1786.0 1337.0 1024.0 
MOISTER: 3116 VDDA: 2.80 Vsol: 1.92 Vbat: 3.68  NTC: 17.7 16.3 15.6 26.5  SOIL: 1784.0 1338.0 1025.0 
MOISTER: 3117 VDDA: 2.80 Vsol: 1.92 Vbat: 3.70  NTC: 17.8 16.4 15.7 26.7  SOIL: 1780.0 1338.0 1025.0 
MOISTER: 3118 VDDA: 2.79 Vsol: 1.91 Vbat: 3.68  NTC: 17.8 16.4 15.8 27.0  SOIL: 1778.0 1336.0 1024.0 
MOISTER: 3119 VDDA: 2.82 Vsol: 1.93 Vbat: 3.71  NTC: 17.9 16.5 15.9 26.8  SOIL: 1789.0 1338.0 1019.0 
MOISTER: 3120 VDDA: 2.83 Vsol: 1.94 Vbat: 3.73  NTC: 18.0 16.6 15.9 26.7  SOIL: 1789.0 1337.0 1016.0 
MOISTER: 3121 VDDA: 2.80 Vsol: 1.93 Vbat: 3.67  NTC: 18.1 16.6 16.1 26.4  SOIL: 1782.0 1330.0 1017.0 
MOISTER: 3122 VDDA: 2.81 Vsol: 1.93 Vbat: 3.71  NTC: 18.2 16.7 16.1 26.5  SOIL: 1786.0 1325.0 1021.0 
MOISTER: 3123 VDDA: 2.80 Vsol: 1.93 Vbat: 3.68  NTC: 18.3 16.8 16.3 27.0  SOIL: 1780.0 1332.0 1022.0 
MOISTER: 3124 VDDA: 2.80 Vsol: 1.92 Vbat: 3.71  NTC: 18.3 16.8 16.3 27.2  SOIL: 1783.0 1328.0 1020.0 
MOISTER: 3125 VDDA: 2.79 Vsol: 2.14 Vbat: 3.68  NTC: 18.5 16.9 16.4 27.4  SOIL: 1779.0 1327.0 1024.0 
MOISTER: 3126 VDDA: 2.79 Vsol: 1.92 Vbat: 3.68  NTC: 18.5 17.0 16.5 27.8  SOIL: 1779.0 1330.0 1026.0 
MOISTER: 3127 VDDA: 2.79 Vsol: 1.93 Vbat: 3.67  NTC: 18.7 17.1 16.6 27.8  SOIL: 1783.0 1333.0 1019.0 
MOISTER: 3128 VDDA: 2.79 Vsol: 1.90 Vbat: 3.69  NTC: 18.8 17.1 16.6 27.9  SOIL: 1774.0 1332.0 1023.0 
MOISTER: 3129 VDDA: 2.79 Vsol: 1.90 Vbat: 3.68  NTC: 18.8 17.2 16.8 27.7  SOIL: 1771.0 1332.0 1019.0 
MOISTER: 3130 VDDA: 2.81 Vsol: 1.93 Vbat: 3.69  NTC: 18.9 17.3 16.8 28.2  SOIL: 1777.0 1330.0 1023.0 
MOISTER: 3131 VDDA: 2.82 Vsol: 1.92 Vbat: 3.71  NTC: 19.0 17.3 17.0 28.4  SOIL: 1789.0 1332.0 1015.0 
MOISTER: 3132 VDDA: 2.80 Vsol: 1.90 Vbat: 3.70  NTC: 19.1 17.4 17.0 28.3  SOIL: 1773.0 1331.0 1020.0 
MOISTER: 3133 VDDA: 2.80 Vsol: 1.93 Vbat: 3.69  NTC: 19.2 17.5 17.1 28.1  SOIL: 1776.0 1329.0 1011.0 
MOISTER: 3134 VDDA: 2.78 Vsol: 1.91 Vbat: 3.69  NTC: 19.3 17.6 17.2 27.8  SOIL: 1769.0 1330.0 1016.0 
MOISTER: 3135 VDDA: 2.81 Vsol: 1.95 Vbat: 3.72  NTC: 19.4 17.6 17.3 27.9  SOIL: 1772.0 1330.0 1011.0 
MOISTER: 3136 VDDA: 2.80 Vsol: 1.94 Vbat: 3.68  NTC: 19.4 17.7 17.3 28.1  SOIL: 1770.0 1327.0 1015.0 
MOISTER: 3137 VDDA: 2.80 Vsol: 1.93 Vbat: 3.69  NTC: 19.5 17.8 17.4 28.1  SOIL: 1761.0 1325.0 1008.0 
MOISTER: 3138 VDDA: 2.80 Vsol: 1.91 Vbat: 3.70  NTC: 19.5 17.9 17.5 27.9  SOIL: 1758.0 1322.0 1011.0 
MOISTER: 3139 VDDA: 2.80 Vsol: 1.93 Vbat: 3.70  NTC: 19.7 17.9 17.6 27.9  SOIL: 1768.0 1320.0 1013.0 
MOISTER: 3140 VDDA: 2.78 Vsol: 1.99 Vbat: 3.69  NTC: 19.7 18.0 17.7 27.6  SOIL: 1768.0 1322.0 1013.0 
MOISTER: 3141 VDDA: 2.80 Vsol: 2.00 Vbat: 3.71  NTC: 19.8 18.1 17.8 27.7  SOIL: 1766.0 1320.0 1013.0 
MOISTER: 3142 VDDA: 2.80 Vsol: 2.02 Vbat: 3.68  NTC: 19.9 18.2 17.9 27.7  SOIL: 1764.0 1323.0 1008.0 
MOISTER: 3144 VDDA: 2.79 Vsol: 2.01 Vbat: 3.73  NTC: 19.9 18.3 18.0 27.4  SOIL: 1767.0 1321.0 1010.0 
MOISTER: 3145 VDDA: 2.79 Vsol: 1.97 Vbat: 3.70  NTC: 20.0 18.3 18.1 27.2  SOIL: 1762.0 1319.0 1013.0 
MOISTER: 3146 VDDA: 2.80 Vsol: 2.01 Vbat: 3.71  NTC: 20.0 18.4 18.1 27.8  SOIL: 1768.0 1320.0 1015.0 
MOISTER: 3147 VDDA: 2.81 Vsol: 2.02 Vbat: 3.69  NTC: 20.1 18.5 18.2 27.6  SOIL: 1768.0 1323.0 1013.0 
MOISTER: 3148 VDDA: 2.80 Vsol: 2.01 Vbat: 3.69  NTC: 20.2 18.5 18.3 27.8  SOIL: 1764.0 1320.0 1006.0 
MOISTER: 3149 VDDA: 2.80 Vsol: 2.04 Vbat: 3.71  NTC: 20.3 18.6 18.4 28.2  SOIL: 1765.0 1321.0 1009.0 
MOISTER: 3150 VDDA: 2.80 Vsol: 2.04 Vbat: 3.72  NTC: 20.3 18.7 18.5 28.8  SOIL: 1768.0 1325.0 1010.0 
MOISTER: 3151 VDDA: 2.80 Vsol: 2.01 Vbat: 3.71  NTC: 20.4 18.8 18.6 29.2  SOIL: 1766.0 1323.0 1010.0 
MOISTER: 3152 VDDA: 2.80 Vsol: 2.03 Vbat: 3.71  NTC: 20.5 18.8 18.6 29.1  SOIL: 1765.0 1324.0 1012.0 
MOISTER: 3153 VDDA: 2.79 Vsol: 2.02 Vbat: 3.70  NTC: 20.6 18.9 18.7 29.5  SOIL: 1768.0 1324.0 1012.0 
MOISTER: 3154 VDDA: 2.79 Vsol: 2.00 Vbat: 3.69  NTC: 20.6 19.0 18.8 29.7  SOIL: 1766.0 1326.0 1008.0 
MOISTER: 3155 VDDA: 2.79 Vsol: 2.03 Vbat: 3.73  NTC: 20.7 19.1 18.9 29.6  SOIL: 1767.0 1317.0 1006.0 
MOISTER: 3156 VDDA: 2.80 Vsol: 2.02 Vbat: 3.73  NTC: 20.8 19.1 19.0 28.9  SOIL: 1761.0 1315.0 1009.0 
MOISTER: 3157 VDDA: 2.79 Vsol: 2.03 Vbat: 3.73  NTC: 20.9 19.2 19.1 28.4  SOIL: 1760.0 1316.0 1005.0 
MOISTER: 3158 VDDA: 2.80 Vsol: 2.04 Vbat: 3.72  NTC: 20.9 19.3 19.2 28.8  SOIL: 1763.0 1319.0 1003.0 
MOISTER: 3159 VDDA: 2.79 Vsol: 2.03 Vbat: 3.71  NTC: 21.0 19.3 19.2 28.9  SOIL: 1760.0 1321.0 1009.0 
MOISTER: 3160 VDDA: 2.79 Vsol: 2.06 Vbat: 3.74  NTC: 21.1 19.4 19.3 29.1  SOIL: 1765.0 1315.0 1007.0 
MOISTER: 3161 VDDA: 2.79 Vsol: 2.06 Vbat: 3.75  NTC: 21.1 19.5 19.4 28.8  SOIL: 1759.0 1316.0 1007.0 
MOISTER: 3162 VDDA: 2.79 Vsol: 2.03 Vbat: 3.70  NTC: 21.2 19.6 19.5 29.3  SOIL: 1755.0 1315.0 1007.0 
MOISTER: 3163 VDDA: 2.80 Vsol: 2.05 Vbat: 3.73  NTC: 21.2 19.6 19.6 29.7  SOIL: 1758.0 1317.0 1006.0 
MOISTER: 3164 VDDA: 2.81 Vsol: 2.01 Vbat: 3.70  NTC: 21.3 19.7 19.7 29.3  SOIL: 1762.0 1318.0 1004.0 
MOISTER: 3165 VDDA: 2.79 Vsol: 2.03 Vbat: 3.74  NTC: 21.3 19.8 19.7 29.4  SOIL: 1752.0 1320.0 1004.0 
MOISTER: 3166 VDDA: 2.79 Vsol: 2.03 Vbat: 3.71  NTC: 21.4 19.8 19.8 28.9  SOIL: 1765.0 1317.0 1003.0 
MOISTER: 3167 VDDA: 2.79 Vsol: 2.06 Vbat: 3.74  NTC: 21.4 19.9 19.8 28.5  SOIL: 1758.0 1312.0 1006.0 
MOISTER: 3168 VDDA: 2.79 Vsol: 2.06 Vbat: 3.75  NTC: 21.5 20.0 19.9 29.0  SOIL: 1758.0 1313.0 995.0 
MOISTER: 3169 VDDA: 2.80 Vsol: 2.05 Vbat: 3.74  NTC: 21.6 20.1 20.0 28.7  SOIL: 1761.0 1316.0 999.0 
MOISTER: 3170 VDDA: 2.81 Vsol: 2.05 Vbat: 3.74  NTC: 21.6 20.1 20.1 29.9  SOIL: 1763.0 1312.0 1004.0 
MOISTER: 3171 VDDA: 2.80 Vsol: 2.04 Vbat: 3.74  NTC: 21.7 20.1 20.2 30.1  SOIL: 1770.0 1319.0 1003.0 
MOISTER: 3172 VDDA: 2.80 Vsol: 2.04 Vbat: 3.72  NTC: 21.7 20.2 20.2 29.9  SOIL: 1760.0 1312.0 1000.0 
MOISTER: 3173 VDDA: 2.81 Vsol: 2.06 Vbat: 3.76  NTC: 21.8 20.3 20.3 29.2  SOIL: 1761.0 1314.0 997.0 
MOISTER: 3174 VDDA: 2.79 Vsol: 2.02 Vbat: 3.71  NTC: 21.8 20.3 20.4 29.5  SOIL: 1757.0 1313.0 997.0 
MOISTER: 3175 VDDA: 2.79 Vsol: 2.05 Vbat: 3.74  NTC: 21.9 20.4 20.4 29.9  SOIL: 1763.0 1310.0 1000.0 
MOISTER: 3176 VDDA: 2.81 Vsol: 2.03 Vbat: 3.72  NTC: 21.9 20.5 20.5 30.3  SOIL: 1762.0 1312.0 1001.0 
MOISTER: 3177 VDDA: 2.80 Vsol: 2.04 Vbat: 3.75  NTC: 22.0 20.5 20.6 30.9  SOIL: 1763.0 1318.0 1001.0 
MOISTER: 3178 VDDA: 2.79 Vsol: 2.05 Vbat: 3.76  NTC: 22.1 20.6 20.6 30.8  SOIL: 1763.0 1312.0 999.0 
MOISTER: 3179 VDDA: 2.80 Vsol: 2.04 Vbat: 3.76  NTC: 22.1 20.7 20.7 30.2  SOIL: 1765.0 1313.0 1000.0 
MOISTER: 3180 VDDA: 2.80 Vsol: 2.04 Vbat: 3.71  NTC: 22.2 20.7 20.8 30.1  SOIL: 1760.0 1315.0 1001.0 
MOISTER: 3181 VDDA: 2.80 Vsol: 2.06 Vbat: 3.75  NTC: 22.2 20.8 20.9 29.7  SOIL: 1762.0 1313.0 999.0 
MOISTER: 3182 VDDA: 2.81 Vsol: 2.05 Vbat: 3.73  NTC: 22.3 20.8 20.9 30.1  SOIL: 1761.0 1312.0 997.0 
MOISTER: 3183 VDDA: 2.80 Vsol: 2.06 Vbat: 3.76  NTC: 22.3 20.9 21.0 29.8  SOIL: 1763.0 1311.0 996.0 
MOISTER: 3184 VDDA: 2.79 Vsol: 2.02 Vbat: 3.75  NTC: 22.3 21.0 21.0 30.3  SOIL: 1760.0 1308.0 998.0 
MOISTER: 3185 VDDA: 2.80 Vsol: 2.02 Vbat: 3.72  NTC: 22.4 21.0 21.2 30.8  SOIL: 1765.0 1309.0 995.0 
MOISTER: 3186 VDDA: 2.79 Vsol: 2.02 Vbat: 3.76  NTC: 22.5 21.0 21.2 31.1  SOIL: 1764.0 1312.0 1000.0 
MOISTER: 3187 VDDA: 2.79 Vsol: 2.01 Vbat: 3.72  NTC: 22.6 21.1 21.3 31.6  SOIL: 1757.0 1312.0 996.0 
MOISTER: 3188 VDDA: 2.80 Vsol: 2.03 Vbat: 3.75  NTC: 22.6 21.2 21.4 32.2  SOIL: 1763.0 1306.0 997.0 
MOISTER: 3189 VDDA: 2.79 Vsol: 2.02 Vbat: 3.72  NTC: 22.7 21.2 21.5 32.0  SOIL: 1759.0 1308.0 998.0 
MOISTER: 3190 VDDA: 2.80 Vsol: 2.01 Vbat: 3.77  NTC: 22.8 21.3 21.6 31.8  SOIL: 1756.0 1306.0 994.0 
MOISTER: 3191 VDDA: 2.80 Vsol: 2.03 Vbat: 3.75  NTC: 22.8 21.3 21.6 32.1  SOIL: 1762.0 1308.0 992.0 
MOISTER: 3192 VDDA: 2.79 Vsol: 2.01 Vbat: 3.74  NTC: 22.9 21.4 21.7 31.6  SOIL: 1754.0 1304.0 993.0 
MOISTER: 3193 VDDA: 2.79 Vsol: 2.02 Vbat: 3.74  NTC: 23.0 21.5 21.8 31.5  SOIL: 1760.0 1304.0 993.0 
MOISTER: 3194 VDDA: 2.80 Vsol: 2.06 Vbat: 3.76  NTC: 23.0 21.5 21.8 32.0  SOIL: 1754.0 1303.0 995.0 
MOISTER: 3195 VDDA: 2.79 Vsol: 2.05 Vbat: 3.74  NTC: 23.1 21.6 21.9 32.4  SOIL: 1757.0 1299.0 996.0 
MOISTER: 3196 VDDA: 2.79 Vsol: 2.05 Vbat: 3.75  NTC: 23.2 21.7 22.0 32.3  SOIL: 1759.0 1304.0 999.0 
MOISTER: 3197 VDDA: 2.80 Vsol: 2.04 Vbat: 3.77  NTC: 23.3 21.8 22.1 32.5  SOIL: 1757.0 1306.0 995.0 
MOISTER: 3198 VDDA: 2.79 Vsol: 2.04 Vbat: 3.77  NTC: 23.4 21.8 22.2 32.6  SOIL: 1756.0 1299.0 994.0 
MOISTER: 3199 VDDA: 2.80 Vsol: 1.69 Vbat: 3.74  NTC: 23.4 21.9 22.3 29.2  SOIL: 1764.0 1308.0 996.0 
MOISTER: 3200 VDDA: 2.79 Vsol: 2.11 Vbat: 3.74  NTC: 23.4 22.0 22.4 28.0  SOIL: 1763.0 1312.0 995.0 
MOISTER: 3201 VDDA: 2.80 Vsol: 2.09 Vbat: 3.74  NTC: 23.4 22.0 22.4 30.7  SOIL: 1760.0 1309.0 992.0 
MOISTER: 3202 VDDA: 2.80 Vsol: 2.06 Vbat: 3.73  NTC: 23.5 22.1 22.6 33.4  SOIL: 1760.0 1305.0 992.0 
MOISTER: 3203 VDDA: 2.81 Vsol: 2.07 Vbat: 3.75  NTC: 23.6 22.2 22.6 33.8  SOIL: 1759.0 1305.0 992.0 
MOISTER: 3204 VDDA: 2.80 Vsol: 2.04 Vbat: 3.77  NTC: 23.7 22.2 22.7 34.9  SOIL: 1762.0 1305.0 994.0 
MOISTER: 3205 VDDA: 2.80 Vsol: 2.04 Vbat: 3.74  NTC: 23.8 22.3 22.8 35.7  SOIL: 1761.0 1308.0 995.0 
MOISTER: 3206 VDDA: 2.80 Vsol: 2.01 Vbat: 3.73  NTC: 24.0 22.4 22.8 37.6  SOIL: 1754.0 1303.0 991.0 
MOISTER: 3207 VDDA: 2.79 Vsol: 2.02 Vbat: 3.75  NTC: 24.1 22.4 22.9 38.0  SOIL: 1754.0 1298.0 993.0 
MOISTER: 3208 VDDA: 2.80 Vsol: 2.00 Vbat: 3.73  NTC: 24.3 22.5 23.0 37.8  SOIL: 1755.0 1301.0 994.0 
MOISTER: 3209 VDDA: 2.80 Vsol: 2.01 Vbat: 3.75  NTC: 24.3 22.6 23.0 38.0  SOIL: 1746.0 1296.0 990.0 
MOISTER: 3210 VDDA: 2.80 Vsol: 1.99 Vbat: 3.72  NTC: 24.4 22.6 23.2 37.5  SOIL: 1747.0 1296.0 988.0 
MOISTER: 3211 VDDA: 2.80 Vsol: 2.03 Vbat: 3.76  NTC: 24.6 22.7 23.2 36.1  SOIL: 1754.0 1300.0 991.0 
MOISTER: 3212 VDDA: 2.79 Vsol: 2.08 Vbat: 3.75  NTC: 24.6 22.8 23.3 34.4  SOIL: 1756.0 1307.0 994.0 
MOISTER: 3213 VDDA: 2.80 Vsol: 1.92 Vbat: 3.76  NTC: 24.7 22.9 23.5 34.7  SOIL: 1754.0 1300.0 986.0 
MOISTER: 3215 VDDA: 2.79 Vsol: 1.70 Vbat: 3.71  NTC: 24.7 23.0 23.6 30.5  SOIL: 1759.0 1315.0 999.0 
MOISTER: 3216 VDDA: 2.79 Vsol: 2.04 Vbat: 3.74  NTC: 24.7 23.1 23.7 28.9  SOIL: 1762.0 1314.0 999.0 
MOISTER: 3217 VDDA: 2.79 Vsol: 1.87 Vbat: 3.72  NTC: 24.7 23.2 23.7 30.4  SOIL: 1756.0 1309.0 990.0 
MOISTER: 3218 VDDA: 2.80 Vsol: 2.03 Vbat: 3.76  NTC: 24.7 23.3 23.9 30.1  SOIL: 1756.0 1309.0 994.0 
MOISTER: 3219 VDDA: 2.79 Vsol: 2.04 Vbat: 3.75  NTC: 24.8 23.3 23.9 31.7  SOIL: 1760.0 1310.0 991.0 
MOISTER: 3220 VDDA: 2.79 Vsol: 2.02 Vbat: 3.77  NTC: 24.8 23.4 24.0 33.5  SOIL: 1753.0 1305.0 991.0 
MOISTER: 3221 VDDA: 2.79 Vsol: 2.01 Vbat: 3.73  NTC: 24.9 23.5 24.1 34.5  SOIL: 1752.0 1291.0 984.0 
MOISTER: 3222 VDDA: 2.80 Vsol: 1.99 Vbat: 3.75  NTC: 25.0 23.5 24.1 32.9  SOIL: 1768.0 1303.0 990.0 
MOISTER: 3223 VDDA: 2.79 Vsol: 2.03 Vbat: 3.76  NTC: 25.0 23.5 24.2 32.7  SOIL: 1758.0 1303.0 990.0 
MOISTER: 3224 VDDA: 2.79 Vsol: 2.01 Vbat: 3.77  NTC: 25.0 23.6 24.2 32.0  SOIL: 1750.0 1304.0 989.0 
MOISTER: 3225 VDDA: 2.79 Vsol: 2.03 Vbat: 3.74  NTC: 25.1 23.6 24.3 32.7  SOIL: 1753.0 1299.0 986.0 
MOISTER: 3226 VDDA: 2.79 Vsol: 1.94 Vbat: 3.75  NTC: 25.2 23.7 24.4 31.6  SOIL: 1758.0 1304.0 985.0 
MOISTER: 3227 VDDA: 2.80 Vsol: 2.04 Vbat: 3.75  NTC: 25.1 23.8 24.4 30.1  SOIL: 1768.0 1309.0 991.0 
MOISTER: 3228 VDDA: 2.79 Vsol: 2.02 Vbat: 3.76  NTC: 25.0 23.8 24.5 31.6  SOIL: 1759.0 1306.0 987.0 
MOISTER: 3229 VDDA: 2.79 Vsol: 2.00 Vbat: 3.77  NTC: 25.2 23.9 24.6 32.9  SOIL: 1756.0 1304.0 985.0 
MOISTER: 3230 VDDA: 2.79 Vsol: 1.94 Vbat: 3.72  NTC: 25.2 23.9 24.6 32.0  SOIL: 1759.0 1307.0 985.0 
MOISTER: 3231 VDDA: 2.80 Vsol: 2.54 Vbat: 3.75  NTC: 25.2 24.0 24.7 31.9  SOIL: 1756.0 1304.0 987.0 
MOISTER: 3232 VDDA: 2.81 Vsol: 2.02 Vbat: 3.75  NTC: 25.2 24.0 24.7 32.4  SOIL: 1756.0 1304.0 986.0 
MOISTER: 3233 VDDA: 2.79 Vsol: 2.04 Vbat: 3.75  NTC: 25.3 24.1 24.8 33.2  SOIL: 1756.0 1302.0 986.0 
MOISTER: 3234 VDDA: 2.79 Vsol: 2.00 Vbat: 3.75  NTC: 25.3 24.1 24.8 33.7  SOIL: 1755.0 1300.0 987.0 
MOISTER: 3235 VDDA: 2.80 Vsol: 2.00 Vbat: 3.78  NTC: 25.4 24.2 24.9 33.6  SOIL: 1759.0 1305.0 985.0 
MOISTER: 3236 VDDA: 2.80 Vsol: 2.02 Vbat: 3.76  NTC: 25.4 24.2 25.0 33.2  SOIL: 1757.0 1299.0 985.0 
MOISTER: 3237 VDDA: 2.79 Vsol: 2.02 Vbat: 3.78  NTC: 25.4 24.2 25.0 32.7  SOIL: 1758.0 1301.0 986.0 
MOISTER: 3238 VDDA: 2.79 Vsol: 1.88 Vbat: 3.76  NTC: 25.4 24.3 25.0 32.5  SOIL: 1759.0 1297.0 985.0 
MOISTER: 3239 VDDA: 2.80 Vsol: 2.02 Vbat: 3.77  NTC: 25.4 24.4 25.1 30.8  SOIL: 1760.0 1299.0 987.0 
MOISTER: 3240 VDDA: 2.80 Vsol: 1.98 Vbat: 3.76  NTC: 25.4 24.4 25.2 30.3  SOIL: 1761.0 1300.0 983.0 
MOISTER: 3241 VDDA: 2.80 Vsol: 2.04 Vbat: 3.76  NTC: 25.4 24.4 25.2 30.5  SOIL: 1765.0 1302.0 988.0 
MOISTER: 3242 VDDA: 2.80 Vsol: 2.02 Vbat: 3.73  NTC: 25.4 24.4 25.2 31.1  SOIL: 1759.0 1290.0 986.0 
MOISTER: 3243 VDDA: 2.80 Vsol: 2.03 Vbat: 3.74  NTC: 25.5 24.5 25.3 31.5  SOIL: 1761.0 1293.0 982.0 
MOISTER: 3244 VDDA: 2.80 Vsol: 2.04 Vbat: 3.76  NTC: 25.5 24.6 25.4 31.5  SOIL: 1759.0 1295.0 985.0 
MOISTER: 3245 VDDA: 2.79 Vsol: 2.02 Vbat: 3.74  NTC: 25.5 24.6 25.4 32.1  SOIL: 1758.0 1293.0 982.0 
MOISTER: 3246 VDDA: 2.79 Vsol: 2.01 Vbat: 3.75  NTC: 25.6 24.6 25.4 32.6  SOIL: 1758.0 1290.0 986.0 
MOISTER: 3247 VDDA: 2.79 Vsol: 2.01 Vbat: 3.77  NTC: 25.6 24.6 25.5 31.5  SOIL: 1765.0 1294.0 986.0 
MOISTER: 3248 VDDA: 2.79 Vsol: 1.99 Vbat: 3.75  NTC: 25.6 24.7 25.5 31.7  SOIL: 1756.0 1296.0 982.0 
MOISTER: 3249 VDDA: 2.79 Vsol: 2.01 Vbat: 3.74  NTC: 25.6 24.7 25.6 31.8  SOIL: 1761.0 1292.0 981.0 
MOISTER: 3250 VDDA: 2.80 Vsol: 1.63 Vbat: 3.71  NTC: 25.6 24.7 25.6 29.2  SOIL: 1772.0 1294.0 987.0 
MOISTER: 3251 VDDA: 2.79 Vsol: 1.64 Vbat: 3.76  NTC: 25.5 24.7 25.7 26.5  SOIL: 1780.0 1317.0 996.0 
MOISTER: 3252 VDDA: 2.81 Vsol: 1.67 Vbat: 3.73  NTC: 25.4 24.8 25.7 25.1  SOIL: 1775.0 1312.0 990.0 
MOISTER: 3253 VDDA: 2.80 Vsol: 2.06 Vbat: 3.75  NTC: 25.4 24.8 25.7 27.4  SOIL: 1769.0 1314.0 989.0 
MOISTER: 3254 VDDA: 2.79 Vsol: 2.05 Vbat: 3.75  NTC: 25.4 24.8 25.8 29.0  SOIL: 1770.0 1309.0 988.0 
MOISTER: 3255 VDDA: 2.80 Vsol: 1.68 Vbat: 3.75  NTC: 25.4 24.8 25.8 26.9  SOIL: 1775.0 1313.0 987.0 
MOISTER: 3256 VDDA: 2.80 Vsol: 2.07 Vbat: 3.73  NTC: 25.4 24.9 25.8 27.0  SOIL: 1768.0 1311.0 990.0 
MOISTER: 3257 VDDA: 2.79 Vsol: 1.66 Vbat: 3.75  NTC: 25.3 24.9 25.8 25.8  SOIL: 1775.0 1317.0 992.0 
MOISTER: 3258 VDDA: 2.79 Vsol: 1.66 Vbat: 3.75  NTC: 25.2 24.9 25.8 24.4  SOIL: 1778.0 1320.0 992.0 
MOISTER: 3259 VDDA: 2.79 Vsol: 1.90 Vbat: 3.72  NTC: 25.2 24.9 25.8 23.9  SOIL: 1780.0 1317.0 991.0 
MOISTER: 3260 VDDA: 2.80 Vsol: 2.04 Vbat: 3.76  NTC: 25.0 24.9 25.8 24.6  SOIL: 1774.0 1312.0 986.0 
MOISTER: 3261 VDDA: 2.79 Vsol: 1.79 Vbat: 3.71  NTC: 25.0 24.8 25.8 24.7  SOIL: 1767.0 1311.0 988.0 
MOISTER: 3262 VDDA: 2.79 Vsol: 1.71 Vbat: 3.71  NTC: 24.9 24.9 25.7 23.9  SOIL: 1781.0 1311.0 993.0 
MOISTER: 3263 VDDA: 2.79 Vsol: 1.76 Vbat: 3.76  NTC: 24.8 24.8 25.7 22.8  SOIL: 1784.0 1314.0 995.0 
MOISTER: 3264 VDDA: 2.80 Vsol: 1.77 Vbat: 3.75  NTC: 24.7 24.8 25.7 23.6  SOIL: 1781.0 1313.0 993.0 
MOISTER: 3265 VDDA: 2.79 Vsol: 2.09 Vbat: 3.76  NTC: 24.6 24.7 25.6 25.0  SOIL: 1787.0 1319.0 987.0 
MOISTER: 3266 VDDA: 2.81 Vsol: 1.74 Vbat: 3.74  NTC: 24.6 24.7 25.6 27.0  SOIL: 1776.0 1310.0 984.0 
MOISTER: 3267 VDDA: 2.79 Vsol: 1.69 Vbat: 3.75  NTC: 24.6 24.7 25.5 25.6  SOIL: 1777.0 1312.0 993.0 
MOISTER: 3268 VDDA: 2.80 Vsol: 2.06 Vbat: 3.77  NTC: 24.5 24.7 25.4 27.3  SOIL: 1785.0 1313.0 988.0 
MOISTER: 3269 VDDA: 2.80 Vsol: 2.05 Vbat: 3.78  NTC: 24.6 24.6 25.4 28.9  SOIL: 1782.0 1306.0 986.0 
MOISTER: 3270 VDDA: 2.79 Vsol: 1.87 Vbat: 3.75  NTC: 24.6 24.6 25.3 28.1  SOIL: 1781.0 1310.0 994.0 
MOISTER: 3271 VDDA: 2.79 Vsol: 2.03 Vbat: 3.76  NTC: 24.5 24.5 25.3 25.5  SOIL: 1787.0 1313.0 990.0 
MOISTER: 3272 VDDA: 2.80 Vsol: 2.07 Vbat: 3.78  NTC: 24.4 24.5 25.2 26.5  SOIL: 1783.0 1308.0 992.0 
MOISTER: 3273 VDDA: 2.80 Vsol: 2.04 Vbat: 3.75  NTC: 24.4 24.5 25.2 28.5  SOIL: 1786.0 1307.0 992.0 
MOISTER: 3274 VDDA: 2.80 Vsol: 2.07 Vbat: 3.75  NTC: 24.4 24.5 25.2 28.6  SOIL: 1778.0 1304.0 990.0 
MOISTER: 3275 VDDA: 2.79 Vsol: 2.05 Vbat: 3.75  NTC: 24.5 24.5 25.2 30.7  SOIL: 1787.0 1304.0 989.0 
MOISTER: 3276 VDDA: 2.81 Vsol: 2.05 Vbat: 3.76  NTC: 24.6 24.4 25.2 31.1  SOIL: 1779.0 1304.0 989.0 
MOISTER: 3277 VDDA: 2.79 Vsol: 1.92 Vbat: 3.78  NTC: 24.6 24.4 25.2 30.9  SOIL: 1775.0 1306.0 989.0 
MOISTER: 3278 VDDA: 2.78 Vsol: 1.59 Vbat: 3.76  NTC: 24.6 24.4 25.2 28.4  SOIL: 1787.0 1315.0 993.0 
MOISTER: 3279 VDDA: 2.79 Vsol: 1.65 Vbat: 3.74  NTC: 24.5 24.4 25.1 25.6  SOIL: 1790.0 1316.0 996.0 
MOISTER: 3280 VDDA: 2.79 Vsol: 2.08 Vbat: 3.75  NTC: 24.4 24.4 25.2 26.7  SOIL: 1786.0 1312.0 995.0 
MOISTER: 3281 VDDA: 2.79 Vsol: 2.05 Vbat: 3.76  NTC: 24.5 24.4 25.2 29.6  SOIL: 1784.0 1308.0 995.0 
MOISTER: 3282 VDDA: 2.80 Vsol: 2.03 Vbat: 3.76  NTC: 24.6 24.5 25.2 30.9  SOIL: 1782.0 1307.0 988.0 
MOISTER: 3283 VDDA: 2.78 Vsol: 1.60 Vbat: 3.74  NTC: 24.6 24.4 25.2 27.7  SOIL: 1791.0 1312.0 996.0 
MOISTER: 3284 VDDA: 2.81 Vsol: 1.57 Vbat: 3.73  NTC: 24.6 24.4 25.2 25.4  SOIL: 1792.0 1315.0 992.0 
MOISTER: 3285 VDDA: 2.80 Vsol: 1.60 Vbat: 3.76  NTC: 24.5 24.4 25.2 24.0  SOIL: 1791.0 1316.0 996.0 
MOISTER: 3286 VDDA: 2.79 Vsol: 1.80 Vbat: 3.75  NTC: 24.4 24.5 25.2 23.6  SOIL: 1790.0 1316.0 996.0 
MOISTER: 3287 VDDA: 2.79 Vsol: 2.06 Vbat: 3.77  NTC: 24.3 24.5 25.2 27.3  SOIL: 1784.0 1308.0 993.0 
MOISTER: 3288 VDDA: 2.80 Vsol: 2.05 Vbat: 3.77  NTC: 24.4 24.5 25.2 28.9  SOIL: 1792.0 1304.0 994.0 
MOISTER: 3289 VDDA: 2.80 Vsol: 2.05 Vbat: 3.78  NTC: 24.5 24.5 25.2 30.5  SOIL: 1787.0 1305.0 991.0 
MOISTER: 3290 VDDA: 2.79 Vsol: 2.05 Vbat: 3.75  NTC: 24.5 24.5 25.2 30.9  SOIL: 1779.0 1305.0 986.0 
MOISTER: 3291 VDDA: 2.80 Vsol: 2.03 Vbat: 3.75  NTC: 24.6 24.5 25.1 31.4  SOIL: 1787.0 1306.0 992.0 
MOISTER: 3292 VDDA: 2.80 Vsol: 2.02 Vbat: 3.77  NTC: 24.6 24.4 25.1 31.2  SOIL: 1787.0 1304.0 990.0 
MOISTER: 3293 VDDA: 2.79 Vsol: 2.05 Vbat: 3.75  NTC: 24.6 24.5 25.1 30.4  SOIL: 1786.0 1304.0 989.0 
MOISTER: 3294 VDDA: 2.80 Vsol: 2.04 Vbat: 3.77  NTC: 24.7 24.5 25.1 30.3  SOIL: 1788.0 1305.0 987.0 
MOISTER: 3295 VDDA: 2.80 Vsol: 2.02 Vbat: 3.78  NTC: 24.7 24.5 25.1 30.0  SOIL: 1791.0 1300.0 990.0 
MOISTER: 3297 VDDA: 2.79 Vsol: 2.03 Vbat: 3.75  NTC: 24.7 24.5 25.1 30.5  SOIL: 1780.0 1304.0 990.0 
MOISTER: 3298 VDDA: 2.79 Vsol: 2.02 Vbat: 3.78  NTC: 24.8 24.5 25.1 30.7  SOIL: 1782.0 1302.0 991.0 
MOISTER: 3299 VDDA: 2.79 Vsol: 2.03 Vbat: 3.76  NTC: 24.8 24.5 25.1 30.5  SOIL: 1788.0 1306.0 990.0 
MOISTER: 3300 VDDA: 2.80 Vsol: 2.03 Vbat: 3.76  NTC: 24.8 24.5 25.1 31.5  SOIL: 1779.0 1300.0 991.0 
MOISTER: 3301 VDDA: 2.80 Vsol: 2.03 Vbat: 3.75  NTC: 24.9 24.5 25.2 31.1  SOIL: 1781.0 1303.0 991.0 
MOISTER: 3302 VDDA: 2.79 Vsol: 2.01 Vbat: 3.74  NTC: 24.9 24.6 25.1 29.7  SOIL: 1784.0 1305.0 993.0 
MOISTER: 3303 VDDA: 2.79 Vsol: 1.92 Vbat: 3.75  NTC: 24.8 24.6 25.1 28.9  SOIL: 1788.0 1309.0 994.0 
MOISTER: 3304 VDDA: 2.81 Vsol: 1.87 Vbat: 3.76  NTC: 24.8 24.6 25.1 28.3  SOIL: 1795.0 1311.0 994.0 
MOISTER: 3305 VDDA: 2.79 Vsol: 1.62 Vbat: 3.73  NTC: 24.8 24.6 25.1 26.2  SOIL: 1793.0 1320.0 999.0 
MOISTER: 3306 VDDA: 2.79 Vsol: 1.69 Vbat: 3.76  NTC: 24.7 24.6 25.1 24.5  SOIL: 1799.0 1320.0 1002.0 
MOISTER: 3307 VDDA: 2.79 Vsol: 1.69 Vbat: 3.73  NTC: 24.6 24.6 25.0 24.2  SOIL: 1786.0 1319.0 998.0 
MOISTER: 3308 VDDA: 2.80 Vsol: 1.67 Vbat: 3.78  NTC: 24.5 24.5 25.0 23.7  SOIL: 1794.0 1318.0 1000.0 
MOISTER: 3309 VDDA: 2.79 Vsol: 1.68 Vbat: 3.74  NTC: 24.3 24.5 25.0 23.4  SOIL: 1795.0 1320.0 998.0 
MOISTER: 3310 VDDA: 2.80 Vsol: 1.68 Vbat: 3.77  NTC: 24.3 24.5 25.0 22.9  SOIL: 1803.0 1323.0 1000.0 
MOISTER: 3311 VDDA: 2.80 Vsol: 1.67 Vbat: 3.74  NTC: 24.2 24.4 24.9 22.5  SOIL: 1797.0 1325.0 1001.0 
MOISTER: 3312 VDDA: 2.80 Vsol: 1.64 Vbat: 3.74  NTC: 24.1 24.4 24.8 22.4  SOIL: 1793.0 1318.0 997.0 
MOISTER: 3313 VDDA: 2.80 Vsol: 1.63 Vbat: 3.75  NTC: 24.0 24.4 24.8 22.1  SOIL: 1802.0 1317.0 1001.0 
MOISTER: 3314 VDDA: 2.79 Vsol: 1.64 Vbat: 3.74  NTC: 23.9 24.4 24.7 22.2  SOIL: 1801.0 1316.0 997.0 
MOISTER: 3315 VDDA: 2.80 Vsol: 1.65 Vbat: 3.74  NTC: 23.8 24.3 24.6 21.7  SOIL: 1800.0 1323.0 998.0 
MOISTER: 3316 VDDA: 2.79 Vsol: 1.65 Vbat: 3.76  NTC: 23.7 24.3 24.6 22.1  SOIL: 1798.0 1322.0 1002.0 
MOISTER: 3317 VDDA: 2.81 Vsol: 1.64 Vbat: 3.72  NTC: 23.6 24.2 24.5 22.0  SOIL: 1796.0 1316.0 996.0 
MOISTER: 3318 VDDA: 2.81 Vsol: 1.65 Vbat: 3.78  NTC: 23.5 24.2 24.5 22.0  SOIL: 1798.0 1318.0 1001.0 
MOISTER: 3319 VDDA: 2.79 Vsol: 1.65 Vbat: 3.73  NTC: 23.4 24.1 24.4 22.3  SOIL: 1796.0 1318.0 999.0 
MOISTER: 3320 VDDA: 2.80 Vsol: 1.67 Vbat: 3.75  NTC: 23.4 24.0 24.3 22.5  SOIL: 1799.0 1313.0 1000.0 
MOISTER: 3321 VDDA: 2.79 Vsol: 1.65 Vbat: 3.76  NTC: 23.4 24.0 24.2 22.3  SOIL: 1795.0 1318.0 1002.0 
MOISTER: 3322 VDDA: 2.79 Vsol: 1.67 Vbat: 3.73  NTC: 23.3 24.0 24.1 22.3  SOIL: 1802.0 1319.0 1005.0 
MOISTER: 3323 VDDA: 2.79 Vsol: 1.69 Vbat: 3.75  NTC: 23.2 23.9 24.1 21.9  SOIL: 1800.0 1324.0 1003.0 
MOISTER: 3324 VDDA: 2.80 Vsol: 1.68 Vbat: 3.77  NTC: 23.1 23.8 24.1 22.0  SOIL: 1795.0 1313.0 1000.0 
MOISTER: 3325 VDDA: 2.81 Vsol: 1.67 Vbat: 3.78  NTC: 23.0 23.8 24.0 22.1  SOIL: 1801.0 1321.0 1001.0 
MOISTER: 3326 VDDA: 2.80 Vsol: 1.68 Vbat: 3.75  NTC: 23.0 23.7 23.9 21.9  SOIL: 1804.0 1322.0 1002.0 
MOISTER: 3327 VDDA: 2.79 Vsol: 1.67 Vbat: 3.74  NTC: 22.9 23.7 23.9 21.8  SOIL: 1804.0 1319.0 1005.0 
MOISTER: 3328 VDDA: 2.79 Vsol: 1.65 Vbat: 3.72  NTC: 22.8 23.6 23.8 22.1  SOIL: 1805.0 1317.0 998.0 
MOISTER: 3329 VDDA: 2.80 Vsol: 1.62 Vbat: 3.77  NTC: 22.7 23.6 23.7 22.0  SOIL: 1802.0 1314.0 1002.0 
MOISTER: 3330 VDDA: 2.79 Vsol: 1.65 Vbat: 3.75  NTC: 22.6 23.5 23.7 21.9  SOIL: 1798.0 1315.0 1003.0 
MOISTER: 3331 VDDA: 2.80 Vsol: 1.63 Vbat: 3.78  NTC: 22.6 23.5 23.6 21.5  SOIL: 1805.0 1319.0 1005.0 
MOISTER: 3332 VDDA: 2.80 Vsol: 1.63 Vbat: 3.74  NTC: 22.5 23.5 23.5 21.3  SOIL: 1809.0 1317.0 1006.0 
MOISTER: 3333 VDDA: 2.79 Vsol: 1.62 Vbat: 3.72  NTC: 22.4 23.4 23.5 21.3  SOIL: 1808.0 1319.0 1003.0 
MOISTER: 3334 VDDA: 2.80 Vsol: 1.62 Vbat: 3.77  NTC: 22.3 23.4 23.4 21.2  SOIL: 1805.0 1320.0 1007.0 
MOISTER: 3335 VDDA: 2.79 Vsol: 1.63 Vbat: 3.76  NTC: 22.3 23.3 23.3 21.5  SOIL: 1803.0 1314.0 1001.0 
MOISTER: 3336 VDDA: 2.80 Vsol: 1.64 Vbat: 3.77  NTC: 22.3 23.3 23.3 21.6  SOIL: 1808.0 1317.0 1006.0 
MOISTER: 3337 VDDA: 2.80 Vsol: 1.67 Vbat: 3.72  NTC: 22.2 23.2 23.2 21.5  SOIL: 1804.0 1317.0 1005.0 
MOISTER: 3338 VDDA: 2.80 Vsol: 1.67 Vbat: 3.73  NTC: 22.2 23.2 23.2 21.6  SOIL: 1804.0 1319.0 1003.0 
MOISTER: 3339 VDDA: 2.80 Vsol: 1.66 Vbat: 3.72  NTC: 22.1 23.1 23.2 21.7  SOIL: 1808.0 1321.0 1003.0 
MOISTER: 3340 VDDA: 2.80 Vsol: 1.69 Vbat: 3.76  NTC: 22.1 23.1 23.1 21.7  SOIL: 1804.0 1315.0 1003.0 
MOISTER: 3341 VDDA: 2.80 Vsol: 1.68 Vbat: 3.74  NTC: 22.0 23.1 23.1 21.6  SOIL: 1808.0 1319.0 1004.0 
MOISTER: 3342 VDDA: 2.79 Vsol: 1.67 Vbat: 3.76  NTC: 21.9 23.0 23.0 21.7  SOIL: 1805.0 1318.0 1006.0 
MOISTER: 3343 VDDA: 2.80 Vsol: 1.65 Vbat: 3.74  NTC: 21.9 23.0 23.0 21.7  SOIL: 1807.0 1325.0 1003.0 
MOISTER: 3344 VDDA: 2.80 Vsol: 1.64 Vbat: 3.75  NTC: 21.9 22.9 22.9 21.7  SOIL: 1815.0 1316.0 1005.0 
MOISTER: 3345 VDDA: 2.80 Vsol: 1.65 Vbat: 3.73  NTC: 21.9 22.9 22.8 21.5  SOIL: 1809.0 1318.0 1008.0 
MOISTER: 3346 VDDA: 2.79 Vsol: 1.65 Vbat: 3.75  NTC: 21.8 22.8 22.8 21.6  SOIL: 1801.0 1322.0 1006.0 
MOISTER: 3347 VDDA: 2.80 Vsol: 1.69 Vbat: 3.77  NTC: 21.8 22.8 22.8 21.5  SOIL: 1806.0 1318.0 1010.0 
MOISTER: 3348 VDDA: 2.80 Vsol: 1.67 Vbat: 3.73  NTC: 21.7 22.7 22.7 21.4  SOIL: 1810.0 1319.0 1012.0 
MOISTER: 3349 VDDA: 2.79 Vsol: 1.67 Vbat: 3.76  NTC: 21.7 22.7 22.7 21.5  SOIL: 1811.0 1319.0 1008.0 
MOISTER: 3350 VDDA: 2.79 Vsol: 1.65 Vbat: 3.72  NTC: 21.6 22.7 22.6 21.4  SOIL: 1810.0 1317.0 1008.0 
MOISTER: 3351 VDDA: 2.80 Vsol: 1.66 Vbat: 3.77  NTC: 21.6 22.7 22.6 21.5  SOIL: 1817.0 1323.0 1010.0 
MOISTER: 3352 VDDA: 2.79 Vsol: 1.67 Vbat: 3.76  NTC: 21.6 22.6 22.5 21.5  SOIL: 1810.0 1319.0 1010.0 
MOISTER: 3353 VDDA: 2.80 Vsol: 1.67 Vbat: 3.78  NTC: 21.5 22.6 22.5 21.5  SOIL: 1807.0 1320.0 1005.0 
MOISTER: 3354 VDDA: 2.81 Vsol: 1.66 Vbat: 3.74  NTC: 21.5 22.6 22.4 21.6  SOIL: 1811.0 1320.0 1009.0 
MOISTER: 3355 VDDA: 2.80 Vsol: 1.65 Vbat: 3.76  NTC: 21.4 22.5 22.4 21.5  SOIL: 1811.0 1319.0 1009.0 
MOISTER: 3356 VDDA: 2.81 Vsol: 1.67 Vbat: 3.78  NTC: 21.4 22.5 22.4 21.3  SOIL: 1815.0 1321.0 1006.0 
MOISTER: 3357 VDDA: 2.81 Vsol: 1.64 Vbat: 3.73  NTC: 21.3 22.4 22.3 21.1  SOIL: 1816.0 1318.0 1011.0 
MOISTER: 3358 VDDA: 2.80 Vsol: 1.64 Vbat: 3.75  NTC: 21.3 22.4 22.3 20.9  SOIL: 1820.0 1325.0 1014.0 
MOISTER: 3359 VDDA: 2.79 Vsol: 1.67 Vbat: 3.75  NTC: 21.2 22.4 22.3 20.9  SOIL: 1821.0 1322.0 1012.0 
MOISTER: 3360 VDDA: 2.80 Vsol: 1.66 Vbat: 3.73  NTC: 21.2 22.3 22.2 21.1  SOIL: 1811.0 1324.0 1008.0 
MOISTER: 3361 VDDA: 2.81 Vsol: 1.66 Vbat: 3.76  NTC: 21.2 22.3 22.2 21.0  SOIL: 1818.0 1321.0 1009.0 
MOISTER: 3362 VDDA: 2.80 Vsol: 1.66 Vbat: 3.73  NTC: 21.1 22.3 22.1 20.9  SOIL: 1816.0 1322.0 1011.0 
MOISTER: 3363 VDDA: 2.79 Vsol: 1.67 Vbat: 3.77  NTC: 21.1 22.2 22.1 21.0  SOIL: 1815.0 1320.0 1013.0 
MOISTER: 3364 VDDA: 2.79 Vsol: 1.66 Vbat: 3.73  NTC: 21.0 22.2 22.1 20.9  SOIL: 1820.0 1327.0 1019.0 
MOISTER: 3365 VDDA: 2.80 Vsol: 1.66 Vbat: 3.77  NTC: 21.0 22.2 22.0 21.1  SOIL: 1815.0 1323.0 1015.0 
MOISTER: 3366 VDDA: 2.79 Vsol: 1.66 Vbat: 3.77  NTC: 21.0 22.1 22.0 21.2  SOIL: 1817.0 1321.0 1016.0 
MOISTER: 3367 VDDA: 2.79 Vsol: 1.65 Vbat: 3.72  NTC: 20.9 22.1 21.9 21.3  SOIL: 1816.0 1325.0 1010.0 
MOISTER: 3368 VDDA: 2.80 Vsol: 1.65 Vbat: 3.71  NTC: 20.9 22.0 21.9 21.3  SOIL: 1811.0 1322.0 1011.0 
MOISTER: 3369 VDDA: 2.80 Vsol: 1.63 Vbat: 3.72  NTC: 20.9 22.0 21.8 21.4  SOIL: 1815.0 1319.0 1014.0 
MOISTER: 3370 VDDA: 2.80 Vsol: 1.62 Vbat: 3.74  NTC: 20.9 22.0 21.8 21.3  SOIL: 1816.0 1321.0 1013.0 
MOISTER: 3371 VDDA: 2.80 Vsol: 1.59 Vbat: 3.72  NTC: 20.8 22.0 21.7 21.2  SOIL: 1813.0 1321.0 1015.0 
MOISTER: 3372 VDDA: 2.80 Vsol: 1.59 Vbat: 3.76  NTC: 20.8 22.0 21.7 20.9  SOIL: 1817.0 1330.0 1017.0 
MOISTER: 3373 VDDA: 2.80 Vsol: 1.62 Vbat: 3.76  NTC: 20.8 21.9 21.7 20.9  SOIL: 1820.0 1324.0 1012.0 
MOISTER: 3374 VDDA: 2.80 Vsol: 1.60 Vbat: 3.72  NTC: 20.7 21.9 21.7 20.9  SOIL: 1817.0 1328.0 1012.0 
MOISTER: 3375 VDDA: 2.79 Vsol: 1.61 Vbat: 3.72  NTC: 20.7 21.9 21.6 20.9  SOIL: 1818.0 1322.0 1018.0 
MOISTER: 3376 VDDA: 2.81 Vsol: 1.62 Vbat: 3.74  NTC: 20.6 21.9 21.6 21.1  SOIL: 1819.0 1322.0 1014.0 
MOISTER: 3377 VDDA: 2.80 Vsol: 1.61 Vbat: 3.73  NTC: 20.6 21.8 21.6 21.1  SOIL: 1818.0 1326.0 1015.0 
MOISTER: 3378 VDDA: 2.79 Vsol: 1.60 Vbat: 3.76  NTC: 20.6 21.8 21.5 20.9  SOIL: 1822.0 1323.0 1021.0 
MOISTER: 3379 VDDA: 2.79 Vsol: 1.62 Vbat: 3.77  NTC: 20.6 21.7 21.5 20.9  SOIL: 1822.0 1320.0 1015.0 
MOISTER: 3380 VDDA: 2.79 Vsol: 1.63 Vbat: 3.71  NTC: 20.6 21.7 21.4 20.9  SOIL: 1823.0 1325.0 1014.0 
MOISTER: 3381 VDDA: 2.79 Vsol: 1.62 Vbat: 3.77  NTC: 20.5 21.7 21.4 21.2  SOIL: 1825.0 1323.0 1016.0 
MOISTER: 3382 VDDA: 2.80 Vsol: 1.62 Vbat: 3.73  NTC: 20.5 21.6 21.3 21.1  SOIL: 1822.0 1329.0 1016.0 
MOISTER: 3383 VDDA: 2.79 Vsol: 1.64 Vbat: 3.76  NTC: 20.4 21.6 21.3 21.1  SOIL: 1826.0 1327.0 1017.0 
MOISTER: 3384 VDDA: 2.80 Vsol: 1.63 Vbat: 3.72  NTC: 20.4 21.6 21.2 21.2  SOIL: 1824.0 1325.0 1017.0 
MOISTER: 3385 VDDA: 2.80 Vsol: 1.65 Vbat: 3.77  NTC: 20.4 21.5 21.2 21.2  SOIL: 1817.0 1327.0 1013.0 
MOISTER: 3386 VDDA: 2.79 Vsol: 1.63 Vbat: 3.74  NTC: 20.3 21.5 21.1 21.2  SOIL: 1826.0 1325.0 1023.0 
MOISTER: 3387 VDDA: 2.79 Vsol: 1.63 Vbat: 3.74  NTC: 20.3 21.5 21.1 21.1  SOIL: 1823.0 1324.0 1020.0 
MOISTER: 3388 VDDA: 2.80 Vsol: 1.59 Vbat: 3.72  NTC: 20.3 21.4 21.0 20.8  SOIL: 1830.0 1332.0 1020.0 
MOISTER: 3389 VDDA: 2.80 Vsol: 1.60 Vbat: 3.72  NTC: 20.3 21.4 21.0 20.7  SOIL: 1825.0 1328.0 1019.0 
MOISTER: 3390 VDDA: 2.80 Vsol: 1.59 Vbat: 3.72  NTC: 20.2 21.3 21.0 20.6  SOIL: 1829.0 1332.0 1017.0 
MOISTER: 3391 VDDA: 2.80 Vsol: 1.58 Vbat: 3.75  NTC: 20.2 21.3 21.0 20.7  SOIL: 1839.0 1325.0 1020.0 
MOISTER: 3392 VDDA: 2.80 Vsol: 1.57 Vbat: 3.73  NTC: 20.2 21.3 21.0 20.6  SOIL: 1827.0 1331.0 1021.0 
MOISTER: 3393 VDDA: 2.81 Vsol: 1.62 Vbat: 3.77  NTC: 20.1 21.3 20.9 20.7  SOIL: 1831.0 1326.0 1017.0 
MOISTER: 3394 VDDA: 2.79 Vsol: 1.56 Vbat: 3.72  NTC: 20.1 21.3 20.9 20.7  SOIL: 1829.0 1328.0 1022.0 
MOISTER: 3395 VDDA: 2.80 Vsol: 1.95 Vbat: 3.76  NTC: 20.1 21.3 20.9 20.7  SOIL: 1827.0 1328.0 1023.0 
MOISTER: 3396 VDDA: 2.80 Vsol: 1.57 Vbat: 3.76  NTC: 20.1 21.2 20.8 20.7  SOIL: 1833.0 1330.0 1021.0 
MOISTER: 3397 VDDA: 2.80 Vsol: 1.58 Vbat: 3.77  NTC: 20.0 21.2 20.8 20.7  SOIL: 1831.0 1329.0 1022.0 
MOISTER: 3398 VDDA: 2.79 Vsol: 1.61 Vbat: 3.76  NTC: 20.0 21.2 20.7 20.7  SOIL: 1826.0 1326.0 1022.0 
MOISTER: 3399 VDDA: 2.79 Vsol: 1.61 Vbat: 3.76  NTC: 20.0 21.1 20.7 20.8  SOIL: 1830.0 1329.0 1018.0 
MOISTER: 3401 VDDA: 2.80 Vsol: 1.63 Vbat: 3.74  NTC: 20.0 21.1 20.7 20.8  SOIL: 1825.0 1329.0 1022.0 
MOISTER: 3402 VDDA: 2.80 Vsol: 1.64 Vbat: 3.77  NTC: 20.0 21.1 20.6 20.8  SOIL: 1831.0 1328.0 1020.0 
MOISTER: 3405 VDDA: 2.80 Vsol: 1.62 Vbat: 3.72  NTC: 19.9 21.0 20.6 21.0  SOIL: 1830.0 1332.0 1024.0 
MOISTER: 3406 VDDA: 2.81 Vsol: 1.62 Vbat: 3.72  NTC: 19.9 21.0 20.5 20.9  SOIL: 1830.0 1337.0 1022.0 
MOISTER: 3407 VDDA: 2.80 Vsol: 1.60 Vbat: 3.72  NTC: 19.9 21.0 20.5 20.8  SOIL: 1829.0 1329.0 1022.0 
MOISTER: 3408 VDDA: 2.80 Vsol: 1.64 Vbat: 3.77  NTC: 19.9 21.0 20.5 20.9  SOIL: 1829.0 1330.0 1021.0 
MOISTER: 3409 VDDA: 2.80 Vsol: 1.62 Vbat: 3.72  NTC: 19.9 20.9 20.4 21.0  SOIL: 1824.0 1328.0 1021.0 
MOISTER: 3410 VDDA: 2.79 Vsol: 1.64 Vbat: 3.75  NTC: 19.8 20.9 20.4 21.3  SOIL: 1826.0 1328.0 1026.0 
MOISTER: 3411 VDDA: 2.80 Vsol: 1.61 Vbat: 3.73  NTC: 19.8 20.9 20.4 21.6  SOIL: 1828.0 1329.0 1020.0 
MOISTER: 3412 VDDA: 2.80 Vsol: 2.07 Vbat: 3.75  NTC: 19.8 20.8 20.4 21.5  SOIL: 1827.0 1330.0 1021.0 
MOISTER: 3413 VDDA: 2.80 Vsol: 1.63 Vbat: 3.73  NTC: 19.8 20.8 20.4 21.4  SOIL: 1826.0 1327.0 1020.0 
MOISTER: 3414 VDDA: 2.80 Vsol: 1.61 Vbat: 3.73  NTC: 19.8 20.8 20.4 21.2  SOIL: 1837.0 1327.0 1022.0 
MOISTER: 3415 VDDA: 2.79 Vsol: 1.60 Vbat: 3.73  NTC: 19.8 20.8 20.3 21.2  SOIL: 1835.0 1332.0 1024.0 
MOISTER: 3416 VDDA: 2.80 Vsol: 1.61 Vbat: 3.77  NTC: 19.7 20.7 20.3 21.2  SOIL: 1831.0 1327.0 1024.0 
MOISTER: 3417 VDDA: 2.80 Vsol: 1.61 Vbat: 3.77  NTC: 19.7 20.7 20.2 21.2  SOIL: 1825.0 1327.0 1022.0 
MOISTER: 3418 VDDA: 2.80 Vsol: 1.61 Vbat: 3.75  NTC: 19.7 20.7 20.2 21.0  SOIL: 1831.0 1327.0 1025.0 
MOISTER: 3419 VDDA: 2.80 Vsol: 1.58 Vbat: 3.72  NTC: 19.7 20.7 20.2 21.0  SOIL: 1835.0 1333.0 1025.0 
MOISTER: 3420 VDDA: 2.80 Vsol: 1.57 Vbat: 3.72  NTC: 19.7 20.7 20.2 20.9  SOIL: 1837.0 1328.0 1028.0 
MOISTER: 3421 VDDA: 2.80 Vsol: 1.58 Vbat: 3.77  NTC: 19.6 20.7 20.2 20.9  SOIL: 1835.0 1332.0 1024.0 
MOISTER: 3422 VDDA: 2.79 Vsol: 1.55 Vbat: 3.72  NTC: 19.6 20.7 20.1 20.9  SOIL: 1830.0 1331.0 1025.0 
MOISTER: 3423 VDDA: 2.80 Vsol: 1.55 Vbat: 3.71  NTC: 19.6 20.7 20.1 20.8  SOIL: 1833.0 1334.0 1020.0 
MOISTER: 3424 VDDA: 2.79 Vsol: 1.55 Vbat: 3.73  NTC: 19.6 20.6 20.1 20.9  SOIL: 1835.0 1332.0 1029.0 
MOISTER: 3425 VDDA: 2.79 Vsol: 1.54 Vbat: 3.77  NTC: 19.5 20.6 20.0 20.9  SOIL: 1833.0 1332.0 1025.0 
MOISTER: 3426 VDDA: 2.79 Vsol: 1.56 Vbat: 3.74  NTC: 19.5 20.6 20.0 21.0  SOIL: 1836.0 1327.0 1023.0 
MOISTER: 3427 VDDA: 2.80 Vsol: 1.57 Vbat: 3.74  NTC: 19.5 20.5 20.0 21.0  SOIL: 1839.0 1336.0 1023.0 
MOISTER: 3428 VDDA: 2.79 Vsol: 1.57 Vbat: 3.75  NTC: 19.5 20.5 20.0 21.0  SOIL: 1836.0 1327.0 1024.0 
MOISTER: 3429 VDDA: 2.79 Vsol: 1.57 Vbat: 3.75  NTC: 19.5 20.5 20.0 21.0  SOIL: 1838.0 1330.0 1022.0 
MOISTER: 3430 VDDA: 2.80 Vsol: 1.56 Vbat: 3.74  NTC: 19.4 20.5 19.9 20.9  SOIL: 1838.0 1335.0 1028.0 
MOISTER: 3431 VDDA: 2.80 Vsol: 1.57 Vbat: 3.76  NTC: 19.4 20.5 19.9 20.9  SOIL: 1839.0 1332.0 1026.0 
MOISTER: 3433 VDDA: 2.80 Vsol: 1.55 Vbat: 3.73  NTC: 19.4 20.4 19.9 20.9  SOIL: 1837.0 1330.0 1029.0 
MOISTER: 3434 VDDA: 2.80 Vsol: 1.56 Vbat: 3.77  NTC: 19.4 20.4 19.8 20.8  SOIL: 1841.0 1333.0 1029.0 
MOISTER: 3435 VDDA: 2.79 Vsol: 1.55 Vbat: 3.74  NTC: 19.4 20.4 19.8 20.9  SOIL: 1837.0 1331.0 1028.0 
MOISTER: 3436 VDDA: 2.80 Vsol: 1.55 Vbat: 3.73  NTC: 19.4 20.4 19.8 20.9  SOIL: 1838.0 1330.0 1029.0 
MOISTER: 3437 VDDA: 2.79 Vsol: 1.54 Vbat: 3.71  NTC: 19.4 20.3 19.8 20.9  SOIL: 1836.0 1331.0 1028.0 
MOISTER: 3438 VDDA: 2.80 Vsol: 1.54 Vbat: 3.74  NTC: 19.4 20.3 19.8 20.9  SOIL: 1837.0 1333.0 1028.0 
MOISTER: 3439 VDDA: 2.80 Vsol: 1.54 Vbat: 3.72  NTC: 19.3 20.3 19.7 20.9  SOIL: 1837.0 1334.0 1025.0 
MOISTER: 3441 VDDA: 2.79 Vsol: 1.53 Vbat: 3.72  NTC: 19.3 20.3 19.7 20.9  SOIL: 1840.0 1335.0 1029.0 
MOISTER: 3442 VDDA: 2.80 Vsol: 1.53 Vbat: 3.71  NTC: 19.3 20.2 19.7 20.8  SOIL: 1839.0 1332.0 1023.0 
MOISTER: 3443 VDDA: 2.80 Vsol: 1.93 Vbat: 3.73  NTC: 19.2 20.2 19.6 20.7  SOIL: 1842.0 1342.0 1028.0 
MOISTER: 3444 VDDA: 2.80 Vsol: 1.53 Vbat: 3.72  NTC: 19.2 20.2 19.6 20.7  SOIL: 1836.0 1332.0 1027.0 
MOISTER: 3445 VDDA: 2.80 Vsol: 1.54 Vbat: 3.76  NTC: 19.2 20.1 19.6 20.6  SOIL: 1839.0 1336.0 1028.0 
MOISTER: 3446 VDDA: 2.81 Vsol: 1.53 Vbat: 3.73  NTC: 19.2 20.1 19.5 20.6  SOIL: 1838.0 1329.0 1029.0 
MOISTER: 3447 VDDA: 2.80 Vsol: 1.52 Vbat: 3.72  NTC: 19.2 20.1 19.5 20.5  SOIL: 1838.0 1333.0 1030.0 
MOISTER: 3448 VDDA: 2.80 Vsol: 1.53 Vbat: 3.73  NTC: 19.2 20.1 19.5 20.6  SOIL: 1846.0 1333.0 1028.0 
MOISTER: 3449 VDDA: 2.81 Vsol: 1.53 Vbat: 3.74  NTC: 19.1 20.1 19.5 20.6  SOIL: 1836.0 1333.0 1029.0 
MOISTER: 3450 VDDA: 2.80 Vsol: 1.52 Vbat: 3.71  NTC: 19.1 20.1 19.4 20.8  SOIL: 1838.0 1331.0 1026.0 
MOISTER: 3451 VDDA: 2.80 Vsol: 1.53 Vbat: 3.75  NTC: 19.1 20.0 19.4 20.9  SOIL: 1838.0 1332.0 1026.0 
MOISTER: 3452 VDDA: 2.80 Vsol: 1.53 Vbat: 3.74  NTC: 19.1 20.0 19.4 20.8  SOIL: 1837.0 1333.0 1031.0 
MOISTER: 3453 VDDA: 2.80 Vsol: 1.53 Vbat: 3.73  NTC: 19.1 20.0 19.4 20.7  SOIL: 1842.0 1335.0 1028.0 
MOISTER: 3454 VDDA: 2.80 Vsol: 1.53 Vbat: 3.75  NTC: 19.0 20.0 19.3 20.7  SOIL: 1841.0 1333.0 1030.0 
MOISTER: 3455 VDDA: 2.80 Vsol: 1.53 Vbat: 3.73  NTC: 19.0 20.0 19.3 20.6  SOIL: 1837.0 1329.0 1028.0 
MOISTER: 3456 VDDA: 2.79 Vsol: 1.52 Vbat: 3.74  NTC: 19.0 19.9 19.3 20.7  SOIL: 1838.0 1338.0 1029.0 
MOISTER: 3457 VDDA: 2.79 Vsol: 1.51 Vbat: 3.71  NTC: 19.0 19.9 19.3 20.6  SOIL: 1837.0 1334.0 1034.0 
MOISTER: 3458 VDDA: 2.79 Vsol: 1.52 Vbat: 3.72  NTC: 19.0 19.9 19.3 20.6  SOIL: 1845.0 1336.0 1028.0 
MOISTER: 3459 VDDA: 2.80 Vsol: 1.54 Vbat: 3.77  NTC: 18.9 19.8 19.2 20.6  SOIL: 1839.0 1332.0 1031.0 
MOISTER: 3460 VDDA: 2.79 Vsol: 1.52 Vbat: 3.74  NTC: 18.9 19.8 19.2 20.6  SOIL: 1849.0 1333.0 1032.0 
MOISTER: 3461 VDDA: 2.81 Vsol: 1.52 Vbat: 3.75  NTC: 18.9 19.8 19.2 20.7  SOIL: 1843.0 1332.0 1030.0 
MOISTER: 3462 VDDA: 2.80 Vsol: 1.53 Vbat: 3.76  NTC: 18.9 19.8 19.2 20.4  SOIL: 1847.0 1335.0 1033.0 
MOISTER: 3463 VDDA: 2.79 Vsol: 1.52 Vbat: 3.74  NTC: 18.9 19.8 19.2 20.3  SOIL: 1844.0 1336.0 1033.0 
MOISTER: 3464 VDDA: 2.80 Vsol: 1.54 Vbat: 3.77  NTC: 18.8 19.7 19.2 20.3  SOIL: 1853.0 1334.0 1028.0 
MOISTER: 3465 VDDA: 2.80 Vsol: 1.53 Vbat: 3.71  NTC: 18.8 19.7 19.1 20.4  SOIL: 1836.0 1339.0 1032.0 
MOISTER: 3466 VDDA: 2.80 Vsol: 1.52 Vbat: 3.72  NTC: 18.8 19.7 19.1 20.4  SOIL: 1841.0 1335.0 1032.0 
MOISTER: 3467 VDDA: 2.79 Vsol: 1.53 Vbat: 3.73  NTC: 18.8 19.7 19.1 20.5  SOIL: 1849.0 1335.0 1032.0 
MOISTER: 3468 VDDA: 2.80 Vsol: 1.54 Vbat: 3.73  NTC: 18.8 19.7 19.0 20.7  SOIL: 1843.0 1331.0 1033.0 
MOISTER: 3469 VDDA: 2.80 Vsol: 1.50 Vbat: 3.73  NTC: 18.8 19.6 19.0 20.8  SOIL: 1840.0 1333.0 1033.0 
MOISTER: 3470 VDDA: 2.80 Vsol: 1.51 Vbat: 3.70  NTC: 18.8 19.6 19.0 20.9  SOIL: 1839.0 1335.0 1031.0 
MOISTER: 3471 VDDA: 2.80 Vsol: 1.54 Vbat: 3.77  NTC: 18.8 19.6 19.0 20.9  SOIL: 1841.0 1331.0 1034.0 
MOISTER: 3472 VDDA: 2.79 Vsol: 1.52 Vbat: 3.71  NTC: 18.8 19.6 19.0 20.9  SOIL: 1845.0 1336.0 1032.0 
MOISTER: 3473 VDDA: 2.79 Vsol: 1.51 Vbat: 3.71  NTC: 18.8 19.6 18.9 20.9  SOIL: 1843.0 1336.0 1035.0 
MOISTER: 3474 VDDA: 2.79 Vsol: 1.52 Vbat: 3.74  NTC: 18.8 19.5 18.9 20.9  SOIL: 1846.0 1339.0 1032.0 
MOISTER: 3475 VDDA: 2.80 Vsol: 1.53 Vbat: 3.75  NTC: 18.7 19.5 18.9 20.9  SOIL: 1845.0 1335.0 1033.0 
MOISTER: 3476 VDDA: 2.79 Vsol: 1.49 Vbat: 3.72  NTC: 18.7 19.5 18.9 20.9  SOIL: 1843.0 1335.0 1032.0 
MOISTER: 3477 VDDA: 2.79 Vsol: 1.51 Vbat: 3.71  NTC: 18.7 19.5 18.9 20.7  SOIL: 1843.0 1337.0 1033.0 
MOISTER: 3478 VDDA: 2.79 Vsol: 1.52 Vbat: 3.71  NTC: 18.7 19.5 18.8 20.9  SOIL: 1845.0 1341.0 1037.0 
MOISTER: 3479 VDDA: 2.79 Vsol: 1.52 Vbat: 3.72  NTC: 18.7 19.5 18.8 20.9  SOIL: 1844.0 1339.0 1038.0 
MOISTER: 3480 VDDA: 2.81 Vsol: 1.53 Vbat: 3.75  NTC: 18.7 19.5 18.8 20.8  SOIL: 1846.0 1333.0 1033.0 
MOISTER: 3481 VDDA: 2.79 Vsol: 1.54 Vbat: 3.73  NTC: 18.7 19.5 18.8 20.6  SOIL: 1846.0 1338.0 1033.0 
MOISTER: 3482 VDDA: 2.80 Vsol: 1.55 Vbat: 3.76  NTC: 18.7 19.5 18.8 20.6  SOIL: 1848.0 1337.0 1033.0 
MOISTER: 3483 VDDA: 2.80 Vsol: 1.53 Vbat: 3.72  NTC: 18.6 19.4 18.7 20.6  SOIL: 1846.0 1331.0 1033.0 
MOISTER: 3484 VDDA: 2.80 Vsol: 1.55 Vbat: 3.76  NTC: 18.6 19.4 18.7 20.6  SOIL: 1848.0 1339.0 1036.0 
MOISTER: 3485 VDDA: 2.81 Vsol: 1.54 Vbat: 3.74  NTC: 18.6 19.4 18.7 20.6  SOIL: 1850.0 1337.0 1035.0 
MOISTER: 3486 VDDA: 2.80 Vsol: 1.54 Vbat: 3.74  NTC: 18.6 19.4 18.7 20.7  SOIL: 1845.0 1333.0 1036.0 
MOISTER: 3487 VDDA: 2.79 Vsol: 1.54 Vbat: 3.73  NTC: 18.6 19.4 18.7 20.8  SOIL: 1846.0 1337.0 1035.0 
MOISTER: 3488 VDDA: 2.80 Vsol: 1.53 Vbat: 3.74  NTC: 18.6 19.3 18.7 20.7  SOIL: 1840.0 1337.0 1037.0 
MOISTER: 3488 VDDA: 2.80 Vsol: 1.53 Vbat: 3.74  NTC: 18.6 19.3 18.7 20.7  SOIL: 1840.0 1337.0 1037.0 
MOISTER: 3489 VDDA: 2.79 Vsol: 1.51 Vbat: 3.73  NTC: 18.5 19.3 18.6 20.6  SOIL: 1841.0 1331.0 1027.0 
MOISTER: 3489 VDDA: 2.79 Vsol: 1.51 Vbat: 3.73  NTC: 18.5 19.3 18.6 20.6  SOIL: 1841.0 1331.0 1027.0 
MOISTER: 3490 VDDA: 2.79 Vsol: 1.54 Vbat: 3.75  NTC: 18.5 19.3 18.6 20.6  SOIL: 1851.0 1336.0 1033.0 
MOISTER: 3491 VDDA: 2.80 Vsol: 1.54 Vbat: 3.75  NTC: 18.5 19.3 18.6 20.6  SOIL: 1843.0 1335.0 1035.0 
MOISTER: 3492 VDDA: 2.80 Vsol: 1.53 Vbat: 3.71  NTC: 18.5 19.2 18.6 20.6  SOIL: 1847.0 1339.0 1034.0 
MOISTER: 3493 VDDA: 2.79 Vsol: 1.54 Vbat: 3.75  NTC: 18.5 19.2 18.6 20.7  SOIL: 1839.0 1339.0 1037.0 
MOISTER: 3493 VDDA: 2.79 Vsol: 1.54 Vbat: 3.75  NTC: 18.5 19.2 18.6 20.7  SOIL: 1839.0 1339.0 1037.0 
MOISTER: 3495 VDDA: 2.79 Vsol: 1.52 Vbat: 3.73  NTC: 18.5 19.2 18.5 20.9  SOIL: 1838.0 1336.0 1038.0 
MOISTER: 3496 VDDA: 2.80 Vsol: 1.54 Vbat: 3.76  NTC: 18.5 19.2 18.5 20.9  SOIL: 1850.0 1337.0 1033.0 
MOISTER: 3497 VDDA: 2.80 Vsol: 1.52 Vbat: 3.73  NTC: 18.5 19.1 18.5 20.9  SOIL: 1845.0 1335.0 1032.0 
MOISTER: 3498 VDDA: 2.80 Vsol: 1.51 Vbat: 3.71  NTC: 18.5 19.1 18.5 21.0  SOIL: 1842.0 1335.0 1031.0 
MOISTER: 3499 VDDA: 2.80 Vsol: 1.53 Vbat: 3.73  NTC: 18.5 19.1 18.5 21.0  SOIL: 1846.0 1339.0 1033.0 
MOISTER: 3500 VDDA: 2.80 Vsol: 1.54 Vbat: 3.73  NTC: 18.4 19.1 18.4 20.9  SOIL: 1846.0 1341.0 1032.0 
MOISTER: 3501 VDDA: 2.80 Vsol: 1.52 Vbat: 3.70  NTC: 18.4 19.1 18.4 21.0  SOIL: 1846.0 1339.0 1034.0 
MOISTER: 3502 VDDA: 2.80 Vsol: 1.53 Vbat: 3.71  NTC: 18.4 19.1 18.4 20.9  SOIL: 1845.0 1339.0 1039.0 
MOISTER: 3503 VDDA: 2.80 Vsol: 1.53 Vbat: 3.75  NTC: 18.4 19.0 18.4 20.9  SOIL: 1840.0 1335.0 1034.0 
MOISTER: 3505 VDDA: 2.80 Vsol: 1.53 Vbat: 3.73  NTC: 18.4 19.0 18.4 20.9  SOIL: 1851.0 1338.0 1035.0 
MOISTER: 3506 VDDA: 2.80 Vsol: 1.54 Vbat: 3.76  NTC: 18.4 19.0 18.4 20.9  SOIL: 1844.0 1340.0 1034.0 
MOISTER: 3507 VDDA: 2.79 Vsol: 1.54 Vbat: 3.74  NTC: 18.4 19.0 18.3 20.8  SOIL: 1844.0 1336.0 1039.0 
MOISTER: 3507 VDDA: 2.79 Vsol: 1.54 Vbat: 3.74  NTC: 18.4 19.0 18.3 20.8  SOIL: 1844.0 1336.0 1039.0 
MOISTER: 3507 VDDA: 2.79 Vsol: 1.54 Vbat: 3.74  NTC: 18.4 19.0 18.3 20.8  SOIL: 1844.0 1336.0 1039.0 
MOISTER: 3510 VDDA: 2.79 Vsol: 1.55 Vbat: 3.72  NTC: 18.4 18.9 18.3 20.9  SOIL: 1850.0 1338.0 1041.0 
MOISTER: 3511 VDDA: 2.79 Vsol: 1.56 Vbat: 3.77  NTC: 18.4 18.9 18.3 20.9  SOIL: 1841.0 1337.0 1038.0 
MOISTER: 3512 VDDA: 2.79 Vsol: 1.55 Vbat: 3.72  NTC: 18.3 18.9 18.3 20.7  SOIL: 1844.0 1338.0 1037.0 
MOISTER: 3513 VDDA: 2.80 Vsol: 1.55 Vbat: 3.73  NTC: 18.3 18.9 18.3 20.8  SOIL: 1843.0 1344.0 1036.0 
MOISTER: 3514 VDDA: 2.79 Vsol: 1.55 Vbat: 3.73  NTC: 18.3 18.9 18.3 20.9  SOIL: 1848.0 1336.0 1038.0 
MOISTER: 3515 VDDA: 2.79 Vsol: 1.55 Vbat: 3.71  NTC: 18.3 18.9 18.3 20.9  SOIL: 1841.0 1340.0 1033.0 
MOISTER: 3516 VDDA: 2.80 Vsol: 1.55 Vbat: 3.70  NTC: 18.3 18.9 18.2 21.0  SOIL: 1841.0 1341.0 1036.0 
MOISTER: 3516 VDDA: 2.80 Vsol: 1.55 Vbat: 3.70  NTC: 18.3 18.9 18.2 21.0  SOIL: 1841.0 1341.0 1036.0 
MOISTER: 3518 VDDA: 2.80 Vsol: 1.57 Vbat: 3.76  NTC: 18.3 18.9 18.2 20.8  SOIL: 1843.0 1339.0 1037.0 
MOISTER: 3519 VDDA: 2.81 Vsol: 1.55 Vbat: 3.74  NTC: 18.3 18.9 18.2 20.7  SOIL: 1846.0 1340.0 1040.0 
MOISTER: 3520 VDDA: 2.79 Vsol: 1.55 Vbat: 3.72  NTC: 18.3 18.9 18.2 20.6  SOIL: 1845.0 1338.0 1034.0 
MOISTER: 3521 VDDA: 2.80 Vsol: 1.56 Vbat: 3.76  NTC: 18.3 18.9 18.2 20.6  SOIL: 1845.0 1340.0 1037.0 
MOISTER: 3521 VDDA: 2.80 Vsol: 1.56 Vbat: 3.76  NTC: 18.3 18.9 18.2 20.6  SOIL: 1845.0 1340.0 1037.0 
MOISTER: 3522 VDDA: 2.80 Vsol: 1.54 Vbat: 3.74  NTC: 18.3 18.8 18.2 20.8  SOIL: 1841.0 1340.0 1036.0 
MOISTER: 3523 VDDA: 2.80 Vsol: 1.55 Vbat: 3.75  NTC: 18.3 18.8 18.1 20.9  SOIL: 1842.0 1340.0 1042.0 
MOISTER: 3524 VDDA: 2.81 Vsol: 1.56 Vbat: 3.72  NTC: 18.3 18.8 18.1 20.7  SOIL: 1847.0 1340.0 1037.0 
MOISTER: 3525 VDDA: 2.79 Vsol: 1.55 Vbat: 3.73  NTC: 18.3 18.8 18.1 20.8  SOIL: 1846.0 1345.0 1040.0 
MOISTER: 3526 VDDA: 2.81 Vsol: 1.54 Vbat: 3.72  NTC: 18.3 18.8 18.1 20.8  SOIL: 1842.0 1342.0 1042.0 
MOISTER: 3527 VDDA: 2.79 Vsol: 1.55 Vbat: 3.75  NTC: 18.3 18.8 18.1 20.8  SOIL: 1842.0 1342.0 1035.0 
MOISTER: 3528 VDDA: 2.79 Vsol: 1.53 Vbat: 3.73  NTC: 18.3 18.8 18.1 20.8  SOIL: 1839.0 1341.0 1036.0 
MOISTER: 3529 VDDA: 2.80 Vsol: 1.55 Vbat: 3.76  NTC: 18.3 18.8 18.1 20.7  SOIL: 1844.0 1344.0 1037.0 
MOISTER: 3530 VDDA: 2.80 Vsol: 1.54 Vbat: 3.77  NTC: 18.3 18.8 18.1 20.6  SOIL: 1840.0 1343.0 1043.0 
MOISTER: 3531 VDDA: 2.80 Vsol: 1.54 Vbat: 3.76  NTC: 18.3 18.7 18.1 20.6  SOIL: 1848.0 1338.0 1039.0 
MOISTER: 3532 VDDA: 2.79 Vsol: 1.52 Vbat: 3.71  NTC: 18.2 18.7 18.1 20.6  SOIL: 1843.0 1344.0 1044.0 
MOISTER: 3534 VDDA: 2.80 Vsol: 1.55 Vbat: 3.77  NTC: 18.2 18.7 18.1 20.5  SOIL: 1852.0 1345.0 1044.0 
MOISTER: 3535 VDDA: 2.79 Vsol: 1.52 Vbat: 3.72  NTC: 18.2 18.7 18.1 20.4  SOIL: 1843.0 1347.0 1041.0 
MOISTER: 3536 VDDA: 2.80 Vsol: 1.52 Vbat: 3.72  NTC: 18.2 18.7 18.1 20.3  SOIL: 1848.0 1344.0 1044.0 
MOISTER: 3537 VDDA: 2.80 Vsol: 1.51 Vbat: 3.73  NTC: 18.2 18.7 18.1 20.3  SOIL: 1846.0 1344.0 1043.0 
MOISTER: 3539 VDDA: 2.80 Vsol: 1.52 Vbat: 3.74  NTC: 18.2 18.7 18.1 20.3  SOIL: 1850.0 1347.0 1044.0 
MOISTER: 3540 VDDA: 2.80 Vsol: 1.53 Vbat: 3.74  NTC: 18.2 18.6 18.1 20.4  SOIL: 1854.0 1341.0 1040.0 
MOISTER: 3541 VDDA: 2.79 Vsol: 1.53 Vbat: 3.75  NTC: 18.2 18.6 18.1 20.5  SOIL: 1846.0 1341.0 1043.0 
MOISTER: 3542 VDDA: 2.79 Vsol: 1.52 Vbat: 3.72  NTC: 18.2 18.6 18.1 20.3  SOIL: 1853.0 1344.0 1040.0 
MOISTER: 3543 VDDA: 2.80 Vsol: 1.54 Vbat: 3.76  NTC: 18.2 18.6 18.0 20.4  SOIL: 1843.0 1345.0 1042.0 
MOISTER: 3544 VDDA: 2.79 Vsol: 1.52 Vbat: 3.76  NTC: 18.2 18.6 18.0 20.6  SOIL: 1840.0 1345.0 1039.0 
MOISTER: 3545 VDDA: 2.80 Vsol: 1.52 Vbat: 3.72  NTC: 18.2 18.6 18.0 20.7  SOIL: 1841.0 1344.0 1039.0 
MOISTER: 3546 VDDA: 2.79 Vsol: 1.52 Vbat: 3.74  NTC: 18.2 18.6 18.0 20.7  SOIL: 1847.0 1343.0 1036.0 
MOISTER: 3547 VDDA: 2.80 Vsol: 1.53 Vbat: 3.75  NTC: 18.2 18.6 18.0 20.8  SOIL: 1844.0 1344.0 1042.0 
MOISTER: 3548 VDDA: 2.80 Vsol: 1.53 Vbat: 3.75  NTC: 18.2 18.6 18.0 20.8  SOIL: 1848.0 1343.0 1038.0 
MOISTER: 3549 VDDA: 2.79 Vsol: 1.54 Vbat: 3.77  NTC: 18.2 18.6 18.0 20.5  SOIL: 1852.0 1348.0 1041.0 
MOISTER: 3550 VDDA: 2.79 Vsol: 1.53 Vbat: 3.75  NTC: 18.1 18.6 18.0 20.5  SOIL: 1850.0 1342.0 1040.0 
MOISTER: 3551 VDDA: 2.81 Vsol: 1.53 Vbat: 3.76  NTC: 18.1 18.6 18.0 20.6  SOIL: 1848.0 1345.0 1038.0 
MOISTER: 3552 VDDA: 2.80 Vsol: 1.53 Vbat: 3.74  NTC: 18.1 18.5 18.0 20.6  SOIL: 1848.0 1347.0 1039.0 
MOISTER: 3553 VDDA: 2.80 Vsol: 1.53 Vbat: 3.76  NTC: 18.1 18.5 18.0 20.7  SOIL: 1851.0 1346.0 1039.0 
MOISTER: 3554 VDDA: 2.80 Vsol: 1.52 Vbat: 3.73  NTC: 18.1 18.5 18.0 20.7  SOIL: 1842.0 1345.0 1041.0 
MOISTER: 3555 VDDA: 2.80 Vsol: 1.53 Vbat: 3.72  NTC: 18.1 18.5 17.9 20.6  SOIL: 1840.0 1347.0 1039.0 
MOISTER: 3556 VDDA: 2.79 Vsol: 1.51 Vbat: 3.72  NTC: 18.1 18.5 17.9 20.6  SOIL: 1842.0 1341.0 1041.0 
MOISTER: 3557 VDDA: 2.79 Vsol: 1.51 Vbat: 3.71  NTC: 18.1 18.5 17.9 20.6  SOIL: 1841.0 1345.0 1039.0 
MOISTER: 3558 VDDA: 2.81 Vsol: 1.52 Vbat: 3.71  NTC: 18.1 18.5 17.9 20.5  SOIL: 1847.0 1347.0 1044.0 
MOISTER: 3559 VDDA: 2.80 Vsol: 1.53 Vbat: 3.72  NTC: 18.1 18.5 17.9 20.6  SOIL: 1852.0 1350.0 1043.0 
MOISTER: 3560 VDDA: 2.80 Vsol: 1.53 Vbat: 3.75  NTC: 18.1 18.5 17.9 20.7  SOIL: 1844.0 1345.0 1042.0 
MOISTER: 3561 VDDA: 2.79 Vsol: 1.52 Vbat: 3.72  NTC: 18.1 18.4 17.9 20.6  SOIL: 1849.0 1346.0 1042.0 
MOISTER: 3562 VDDA: 2.81 Vsol: 1.53 Vbat: 3.75  NTC: 18.1 18.4 17.8 20.6  SOIL: 1849.0 1345.0 1041.0 
MOISTER: 3563 VDDA: 2.79 Vsol: 1.53 Vbat: 3.76  NTC: 18.0 18.4 17.8 20.6  SOIL: 1851.0 1343.0 1045.0 
MOISTER: 3564 VDDA: 2.80 Vsol: 1.53 Vbat: 3.76  NTC: 18.0 18.4 17.8 20.6  SOIL: 1845.0 1344.0 1043.0 
MOISTER: 3565 VDDA: 2.80 Vsol: 1.53 Vbat: 3.77  NTC: 18.0 18.4 17.8 20.6  SOIL: 1842.0 1347.0 1042.0 
MOISTER: 3565 VDDA: 2.80 Vsol: 1.53 Vbat: 3.77  NTC: 18.0 18.4 17.8 20.6  SOIL: 1842.0 1347.0 1042.0 
MOISTER: 3566 VDDA: 2.81 Vsol: 1.54 Vbat: 3.76  NTC: 18.0 18.4 17.8 20.3  SOIL: 1854.0 1346.0 1039.0 
MOISTER: 3567 VDDA: 2.79 Vsol: 1.53 Vbat: 3.74  NTC: 18.0 18.4 17.8 20.3  SOIL: 1850.0 1348.0 1040.0 
MOISTER: 3568 VDDA: 2.79 Vsol: 1.53 Vbat: 3.75  NTC: 18.0 18.4 17.8 20.4  SOIL: 1843.0 1345.0 1043.0 
MOISTER: 3569 VDDA: 2.80 Vsol: 1.53 Vbat: 3.75  NTC: 18.0 18.4 17.8 20.4  SOIL: 1849.0 1342.0 1044.0 
MOISTER: 3570 VDDA: 2.79 Vsol: 1.52 Vbat: 3.72  NTC: 18.0 18.4 17.8 20.4  SOIL: 1849.0 1349.0 1045.0 
MOISTER: 3571 VDDA: 2.80 Vsol: 1.50 Vbat: 3.70  NTC: 18.0 18.4 17.8 20.3  SOIL: 1852.0 1352.0 1045.0 
MOISTER: 3572 VDDA: 2.80 Vsol: 1.52 Vbat: 3.76  NTC: 18.0 18.4 17.8 20.4  SOIL: 1846.0 1343.0 1041.0 
MOISTER: 3573 VDDA: 2.79 Vsol: 1.53 Vbat: 3.76  NTC: 18.0 18.4 17.8 20.5  SOIL: 1844.0 1346.0 1038.0 
MOISTER: 3574 VDDA: 2.79 Vsol: 1.53 Vbat: 3.77  NTC: 18.0 18.4 17.8 20.4  SOIL: 1852.0 1346.0 1047.0 
MOISTER: 3575 VDDA: 2.79 Vsol: 1.52 Vbat: 3.73  NTC: 18.0 18.4 17.7 20.3  SOIL: 1851.0 1345.0 1046.0 
MOISTER: 3576 VDDA: 2.80 Vsol: 1.52 Vbat: 3.73  NTC: 18.0 18.4 17.7 20.3  SOIL: 1853.0 1346.0 1046.0 
MOISTER: 3577 VDDA: 2.80 Vsol: 1.52 Vbat: 3.71  NTC: 18.0 18.4 17.7 20.4  SOIL: 1851.0 1343.0 1044.0 
MOISTER: 3578 VDDA: 2.79 Vsol: 1.53 Vbat: 3.74  NTC: 18.0 18.4 17.7 20.4  SOIL: 1852.0 1349.0 1047.0 
MOISTER: 3579 VDDA: 2.80 Vsol: 1.52 Vbat: 3.73  NTC: 17.9 18.3 17.7 20.5  SOIL: 1851.0 1345.0 1046.0 
MOISTER: 3580 VDDA: 2.81 Vsol: 1.51 Vbat: 3.72  NTC: 17.9 18.3 17.7 20.5  SOIL: 1847.0 1344.0 1045.0 
MOISTER: 3581 VDDA: 2.80 Vsol: 1.53 Vbat: 3.76  NTC: 17.9 18.3 17.7 20.5  SOIL: 1845.0 1338.0 1044.0 
MOISTER: 3582 VDDA: 2.80 Vsol: 1.53 Vbat: 3.77  NTC: 17.9 18.3 17.7 20.5  SOIL: 1858.0 1350.0 1044.0 
MOISTER: 3583 VDDA: 2.79 Vsol: 1.53 Vbat: 3.76  NTC: 17.9 18.3 17.7 20.3  SOIL: 1849.0 1349.0 1044.0 
MOISTER: 3585 VDDA: 2.80 Vsol: 1.53 Vbat: 3.76  NTC: 17.9 18.3 17.7 20.3  SOIL: 1846.0 1346.0 1045.0 
MOISTER: 3585 VDDA: 2.80 Vsol: 1.53 Vbat: 3.76  NTC: 17.9 18.3 17.7 20.3  SOIL: 1846.0 1346.0 1045.0 
MOISTER: 3586 VDDA: 2.80 Vsol: 1.52 Vbat: 3.74  NTC: 17.9 18.3 17.7 20.3  SOIL: 1850.0 1350.0 1044.0 
MOISTER: 3587 VDDA: 2.79 Vsol: 1.52 Vbat: 3.74  NTC: 17.9 18.3 17.6 20.4  SOIL: 1849.0 1346.0 1043.0 
MOISTER: 3588 VDDA: 2.81 Vsol: 1.52 Vbat: 3.77  NTC: 17.9 18.3 17.6 20.4  SOIL: 1852.0 1347.0 1042.0 
MOISTER: 3589 VDDA: 2.80 Vsol: 1.51 Vbat: 3.72  NTC: 17.9 18.3 17.6 20.4  SOIL: 1843.0 1349.0 1045.0 
MOISTER: 3590 VDDA: 2.79 Vsol: 1.51 Vbat: 3.73  NTC: 17.9 18.3 17.6 20.5  SOIL: 1846.0 1344.0 1046.0 
MOISTER: 3591 VDDA: 2.80 Vsol: 1.53 Vbat: 3.72  NTC: 17.9 18.3 17.6 20.4  SOIL: 1851.0 1348.0 1044.0 
MOISTER: 3592 VDDA: 2.80 Vsol: 1.52 Vbat: 3.74  NTC: 17.9 18.3 17.6 20.4  SOIL: 1851.0 1351.0 1045.0 
MOISTER: 3593 VDDA: 2.79 Vsol: 1.51 Vbat: 3.70  NTC: 17.9 18.2 17.6 20.3  SOIL: 1850.0 1345.0 1045.0 
MOISTER: 3594 VDDA: 2.80 Vsol: 1.53 Vbat: 3.75  NTC: 17.9 18.2 17.6 20.3  SOIL: 1851.0 1348.0 1048.0 
MOISTER: 3595 VDDA: 2.79 Vsol: 1.53 Vbat: 3.76  NTC: 17.8 18.2 17.6 20.2  SOIL: 1854.0 1350.0 1050.0 
MOISTER: 3596 VDDA: 2.79 Vsol: 1.51 Vbat: 3.73  NTC: 17.8 18.2 17.6 20.2  SOIL: 1856.0 1352.0 1044.0 
MOISTER: 3597 VDDA: 2.79 Vsol: 1.51 Vbat: 3.71  NTC: 17.8 18.2 17.6 20.3  SOIL: 1853.0 1345.0 1049.0 
MOISTER: 3598 VDDA: 2.80 Vsol: 1.53 Vbat: 3.76  NTC: 17.8 18.2 17.6 20.1  SOIL: 1851.0 1344.0 1043.0 
MOISTER: 3599 VDDA: 2.79 Vsol: 1.52 Vbat: 3.73  NTC: 17.8 18.1 17.6 20.0  SOIL: 1851.0 1348.0 1049.0 
MOISTER: 3600 VDDA: 2.79 Vsol: 1.51 Vbat: 3.70  NTC: 17.8 18.1 17.6 19.9  SOIL: 1859.0 1353.0 1046.0 
MOISTER: 3601 VDDA: 2.81 Vsol: 1.53 Vbat: 3.75  NTC: 17.8 18.1 17.6 19.9  SOIL: 1859.0 1353.0 1049.0 
MOISTER: 3602 VDDA: 2.79 Vsol: 1.89 Vbat: 3.71  NTC: 17.8 18.1 17.6 19.9  SOIL: 1856.0 1351.0 1050.0 
MOISTER: 3603 VDDA: 2.79 Vsol: 1.53 Vbat: 3.76  NTC: 17.8 18.1 17.6 19.9  SOIL: 1857.0 1347.0 1044.0 
MOISTER: 3604 VDDA: 2.81 Vsol: 1.53 Vbat: 3.76  NTC: 17.8 18.1 17.6 20.0  SOIL: 1855.0 1346.0 1049.0 
MOISTER: 3605 VDDA: 2.79 Vsol: 1.52 Vbat: 3.75  NTC: 17.8 18.1 17.5 20.1  SOIL: 1860.0 1353.0 1050.0 
MOISTER: 3606 VDDA: 2.80 Vsol: 1.49 Vbat: 3.70  NTC: 17.8 18.1 17.6 20.0  SOIL: 1854.0 1350.0 1045.0 
MOISTER: 3607 VDDA: 2.80 Vsol: 1.51 Vbat: 3.74  NTC: 17.8 18.1 17.5 20.0  SOIL: 1865.0 1350.0 1051.0 
MOISTER: 3608 VDDA: 2.80 Vsol: 1.51 Vbat: 3.72  NTC: 17.8 18.1 17.5 20.0  SOIL: 1857.0 1352.0 1045.0 
MOISTER: 3609 VDDA: 2.80 Vsol: 1.52 Vbat: 3.75  NTC: 17.8 18.1 17.5 20.0  SOIL: 1850.0 1351.0 1047.0 
MOISTER: 3610 VDDA: 2.80 Vsol: 1.51 Vbat: 3.74  NTC: 17.8 18.1 17.5 19.9  SOIL: 1856.0 1351.0 1050.0 
MOISTER: 3611 VDDA: 2.80 Vsol: 1.51 Vbat: 3.73  NTC: 17.8 18.1 17.5 19.8  SOIL: 1856.0 1352.0 1049.0 
MOISTER: 3612 VDDA: 2.80 Vsol: 1.50 Vbat: 3.71  NTC: 17.8 18.1 17.5 19.9  SOIL: 1855.0 1352.0 1049.0 
MOISTER: 3613 VDDA: 2.80 Vsol: 1.51 Vbat: 3.75  NTC: 17.7 18.1 17.5 20.0  SOIL: 1864.0 1350.0 1049.0 
MOISTER: 3614 VDDA: 2.79 Vsol: 1.51 Vbat: 3.74  NTC: 17.7 18.1 17.5 20.0  SOIL: 1857.0 1350.0 1048.0 
MOISTER: 3615 VDDA: 2.80 Vsol: 1.50 Vbat: 3.72  NTC: 17.7 18.1 17.5 20.0  SOIL: 1857.0 1349.0 1048.0 
MOISTER: 3616 VDDA: 2.80 Vsol: 1.50 Vbat: 3.77  NTC: 17.7 18.1 17.5 20.1  SOIL: 1857.0 1351.0 1049.0 
MOISTER: 3617 VDDA: 2.79 Vsol: 1.49 Vbat: 3.72  NTC: 17.7 18.0 17.5 20.0  SOIL: 1856.0 1351.0 1051.0 
MOISTER: 3618 VDDA: 2.80 Vsol: 1.50 Vbat: 3.73  NTC: 17.7 18.0 17.5 19.9  SOIL: 1861.0 1353.0 1050.0 
MOISTER: 3619 VDDA: 2.80 Vsol: 1.50 Vbat: 3.75  NTC: 17.7 18.0 17.5 19.8  SOIL: 1857.0 1351.0 1045.0 
MOISTER: 3620 VDDA: 2.80 Vsol: 1.51 Vbat: 3.76  NTC: 17.7 18.0 17.5 19.9  SOIL: 1859.0 1351.0 1048.0 
MOISTER: 3621 VDDA: 2.79 Vsol: 1.49 Vbat: 3.72  NTC: 17.7 18.0 17.5 20.0  SOIL: 1856.0 1357.0 1051.0 
MOISTER: 3622 VDDA: 2.79 Vsol: 1.50 Vbat: 3.72  NTC: 17.7 18.0 17.5 20.0  SOIL: 1857.0 1351.0 1048.0 
MOISTER: 3623 VDDA: 2.79 Vsol: 1.51 Vbat: 3.74  NTC: 17.7 18.0 17.4 20.0  SOIL: 1853.0 1353.0 1053.0 
MOISTER: 3624 VDDA: 2.80 Vsol: 1.51 Vbat: 3.76  NTC: 17.7 18.0 17.4 20.0  SOIL: 1858.0 1352.0 1048.0 
MOISTER: 3625 VDDA: 2.80 Vsol: 1.49 Vbat: 3.71  NTC: 17.7 18.0 17.4 19.9  SOIL: 1854.0 1356.0 1049.0 
MOISTER: 3626 VDDA: 2.80 Vsol: 1.51 Vbat: 3.72  NTC: 17.7 18.0 17.4 19.8  SOIL: 1868.0 1356.0 1049.0 
MOISTER: 3627 VDDA: 2.79 Vsol: 1.51 Vbat: 3.71  NTC: 17.7 18.0 17.4 19.8  SOIL: 1863.0 1352.0 1052.0 
MOISTER: 3628 VDDA: 2.79 Vsol: 1.50 Vbat: 3.73  NTC: 17.7 18.0 17.4 19.8  SOIL: 1855.0 1350.0 1047.0 
MOISTER: 3629 VDDA: 2.80 Vsol: 1.49 Vbat: 3.70  NTC: 17.7 18.0 17.4 19.8  SOIL: 1858.0 1355.0 1047.0 
MOISTER: 3630 VDDA: 2.80 Vsol: 1.50 Vbat: 3.72  NTC: 17.7 18.0 17.4 19.8  SOIL: 1862.0 1356.0 1052.0 
MOISTER: 3631 VDDA: 2.81 Vsol: 1.49 Vbat: 3.72  NTC: 17.7 17.9 17.4 19.8  SOIL: 1870.0 1354.0 1050.0 
MOISTER: 3632 VDDA: 2.79 Vsol: 1.48 Vbat: 3.71  NTC: 17.7 17.9 17.4 19.8  SOIL: 1855.0 1355.0 1054.0 
MOISTER: 3633 VDDA: 2.81 Vsol: 1.49 Vbat: 3.72  NTC: 17.7 17.9 17.4 19.8  SOIL: 1857.0 1355.0 1052.0 
MOISTER: 3634 VDDA: 2.79 Vsol: 1.49 Vbat: 3.71  NTC: 17.7 17.9 17.4 19.9  SOIL: 1863.0 1354.0 1053.0 
MOISTER: 3635 VDDA: 2.80 Vsol: 1.51 Vbat: 3.71  NTC: 17.7 17.9 17.4 19.9  SOIL: 1863.0 1355.0 1051.0 
MOISTER: 3636 VDDA: 2.80 Vsol: 1.51 Vbat: 3.74  NTC: 17.7 17.9 17.3 19.9  SOIL: 1853.0 1354.0 1053.0 
MOISTER: 3637 VDDA: 2.80 Vsol: 1.50 Vbat: 3.70  NTC: 17.6 17.9 17.3 19.9  SOIL: 1859.0 1352.0 1050.0 
MOISTER: 3638 VDDA: 2.80 Vsol: 1.50 Vbat: 3.74  NTC: 17.6 17.9 17.3 19.9  SOIL: 1866.0 1351.0 1047.0 
MOISTER: 3639 VDDA: 2.80 Vsol: 1.50 Vbat: 3.74  NTC: 17.7 17.9 17.3 19.9  SOIL: 1853.0 1354.0 1052.0 
MOISTER: 3640 VDDA: 2.80 Vsol: 1.51 Vbat: 3.76  NTC: 17.7 17.9 17.3 19.9  SOIL: 1859.0 1349.0 1052.0 
MOISTER: 3641 VDDA: 2.79 Vsol: 1.50 Vbat: 3.76  NTC: 17.6 17.9 17.3 19.9  SOIL: 1859.0 1352.0 1050.0 
MOISTER: 3642 VDDA: 2.79 Vsol: 1.50 Vbat: 3.71  NTC: 17.6 17.9 17.3 19.7  SOIL: 1857.0 1353.0 1046.0 
MOISTER: 3643 VDDA: 2.80 Vsol: 1.51 Vbat: 3.74  NTC: 17.6 17.9 17.3 19.8  SOIL: 1855.0 1348.0 1053.0 
MOISTER: 3644 VDDA: 2.80 Vsol: 1.52 Vbat: 3.76  NTC: 17.6 17.9 17.3 19.8  SOIL: 1862.0 1350.0 1049.0 
MOISTER: 3645 VDDA: 2.80 Vsol: 1.50 Vbat: 3.74  NTC: 17.6 17.9 17.3 19.8  SOIL: 1857.0 1352.0 1053.0 
MOISTER: 3646 VDDA: 2.80 Vsol: 1.50 Vbat: 3.76  NTC: 17.6 17.9 17.3 19.8  SOIL: 1859.0 1350.0 1054.0 
MOISTER: 3647 VDDA: 2.80 Vsol: 1.48 Vbat: 3.70  NTC: 17.6 17.9 17.3 19.8  SOIL: 1861.0 1355.0 1055.0 
MOISTER: 3648 VDDA: 2.79 Vsol: 1.48 Vbat: 3.69  NTC: 17.6 17.9 17.3 19.8  SOIL: 1850.0 1354.0 1054.0 
MOISTER: 3649 VDDA: 2.80 Vsol: 1.49 Vbat: 3.70  NTC: 17.6 17.9 17.3 19.8  SOIL: 1858.0 1353.0 1049.0 
MOISTER: 3650 VDDA: 2.79 Vsol: 1.51 Vbat: 3.75  NTC: 17.6 17.9 17.3 19.8  SOIL: 1853.0 1353.0 1046.0 
MOISTER: 3651 VDDA: 2.80 Vsol: 1.49 Vbat: 3.72  NTC: 17.6 17.9 17.3 19.7  SOIL: 1855.0 1354.0 1048.0 
MOISTER: 3652 VDDA: 2.80 Vsol: 1.85 Vbat: 3.72  NTC: 17.6 17.9 17.3 19.7  SOIL: 1864.0 1356.0 1054.0 
MOISTER: 3653 VDDA: 2.80 Vsol: 1.50 Vbat: 3.75  NTC: 17.6 17.9 17.3 19.7  SOIL: 1859.0 1354.0 1054.0 
MOISTER: 3654 VDDA: 2.80 Vsol: 1.49 Vbat: 3.72  NTC: 17.6 17.9 17.3 19.7  SOIL: 1860.0 1353.0 1049.0 
MOISTER: 3655 VDDA: 2.81 Vsol: 1.49 Vbat: 3.71  NTC: 17.6 17.9 17.3 19.7  SOIL: 1857.0 1356.0 1052.0 
MOISTER: 3656 VDDA: 2.81 Vsol: 1.50 Vbat: 3.75  NTC: 17.6 17.9 17.3 19.7  SOIL: 1855.0 1354.0 1053.0 
MOISTER: 3657 VDDA: 2.80 Vsol: 1.49 Vbat: 3.74  NTC: 17.6 17.9 17.3 19.7  SOIL: 1856.0 1355.0 1050.0 
MOISTER: 3658 VDDA: 2.80 Vsol: 1.49 Vbat: 3.73  NTC: 17.6 17.9 17.3 19.7  SOIL: 1865.0 1353.0 1053.0 
MOISTER: 3659 VDDA: 2.80 Vsol: 1.50 Vbat: 3.74  NTC: 17.5 17.8 17.3 19.7  SOIL: 1859.0 1351.0 1052.0 
MOISTER: 3660 VDDA: 2.80 Vsol: 1.48 Vbat: 3.71  NTC: 17.5 17.8 17.3 19.7  SOIL: 1863.0 1354.0 1054.0 
MOISTER: 3661 VDDA: 2.81 Vsol: 1.48 Vbat: 3.72  NTC: 17.5 17.8 17.3 19.6  SOIL: 1857.0 1354.0 1051.0 
MOISTER: 3662 VDDA: 2.81 Vsol: 1.50 Vbat: 3.72  NTC: 17.5 17.8 17.3 19.6  SOIL: 1864.0 1356.0 1054.0 
MOISTER: 3663 VDDA: 2.81 Vsol: 1.48 Vbat: 3.71  NTC: 17.5 17.8 17.3 19.6  SOIL: 1862.0 1354.0 1059.0 
MOISTER: 3664 VDDA: 2.79 Vsol: 1.49 Vbat: 3.76  NTC: 17.5 17.8 17.3 19.7  SOIL: 1863.0 1356.0 1056.0 
MOISTER: 3665 VDDA: 2.80 Vsol: 1.49 Vbat: 3.75  NTC: 17.5 17.8 17.3 19.7  SOIL: 1863.0 1359.0 1050.0 
MOISTER: 3666 VDDA: 2.80 Vsol: 1.48 Vbat: 3.72  NTC: 17.5 17.8 17.3 19.6  SOIL: 1864.0 1354.0 1052.0 
MOISTER: 3667 VDDA: 2.80 Vsol: 1.50 Vbat: 3.75  NTC: 17.5 17.8 17.3 19.6  SOIL: 1855.0 1352.0 1051.0 
MOISTER: 3668 VDDA: 2.79 Vsol: 1.48 Vbat: 3.71  NTC: 17.5 17.8 17.2 19.6  SOIL: 1855.0 1357.0 1051.0 
MOISTER: 3669 VDDA: 2.80 Vsol: 1.49 Vbat: 3.72  NTC: 17.5 17.8 17.3 19.6  SOIL: 1861.0 1358.0 1052.0 
MOISTER: 3670 VDDA: 2.80 Vsol: 1.49 Vbat: 3.74  NTC: 17.5 17.8 17.2 19.6  SOIL: 1859.0 1358.0 1056.0 
MOISTER: 3671 VDDA: 2.80 Vsol: 1.48 Vbat: 3.71  NTC: 17.5 17.8 17.2 19.6  SOIL: 1872.0 1354.0 1051.0 
MOISTER: 3672 VDDA: 2.79 Vsol: 1.48 Vbat: 3.74  NTC: 17.5 17.8 17.2 19.5  SOIL: 1864.0 1354.0 1056.0 
MOISTER: 3673 VDDA: 2.80 Vsol: 1.48 Vbat: 3.74  NTC: 17.5 17.8 17.2 19.4  SOIL: 1857.0 1351.0 1053.0 
MOISTER: 3674 VDDA: 2.80 Vsol: 1.48 Vbat: 3.75  NTC: 17.5 17.8 17.2 19.4  SOIL: 1860.0 1360.0 1053.0 
MOISTER: 3675 VDDA: 2.80 Vsol: 1.47 Vbat: 3.71  NTC: 17.5 17.8 17.2 19.4  SOIL: 1862.0 1360.0 1053.0 
MOISTER: 3676 VDDA: 2.80 Vsol: 1.48 Vbat: 3.74  NTC: 17.5 17.8 17.2 19.4  SOIL: 1863.0 1359.0 1053.0 
MOISTER: 3677 VDDA: 2.80 Vsol: 1.48 Vbat: 3.76  NTC: 17.5 17.8 17.2 19.4  SOIL: 1865.0 1353.0 1056.0 
MOISTER: 3678 VDDA: 2.79 Vsol: 1.47 Vbat: 3.70  NTC: 17.5 17.8 17.2 19.4  SOIL: 1862.0 1357.0 1059.0 
MOISTER: 3679 VDDA: 2.80 Vsol: 1.48 Vbat: 3.75  NTC: 17.5 17.8 17.2 19.5  SOIL: 1862.0 1355.0 1055.0 
MOISTER: 3680 VDDA: 2.80 Vsol: 1.46 Vbat: 3.70  NTC: 17.5 17.8 17.2 19.4  SOIL: 1876.0 1357.0 1054.0 
MOISTER: 3681 VDDA: 2.79 Vsol: 1.47 Vbat: 3.75  NTC: 17.5 17.8 17.2 19.4  SOIL: 1869.0 1354.0 1052.0 
MOISTER: 3682 VDDA: 2.80 Vsol: 1.46 Vbat: 3.77  NTC: 17.5 17.8 17.2 19.4  SOIL: 1862.0 1357.0 1058.0 
MOISTER: 3683 VDDA: 2.79 Vsol: 1.45 Vbat: 3.74  NTC: 17.5 17.8 17.2 19.4  SOIL: 1865.0 1361.0 1058.0 
MOISTER: 3684 VDDA: 2.79 Vsol: 1.44 Vbat: 3.72  NTC: 17.5 17.7 17.2 19.3  SOIL: 1863.0 1359.0 1055.0 
MOISTER: 3685 VDDA: 2.81 Vsol: 1.43 Vbat: 3.72  NTC: 17.5 17.7 17.2 19.3  SOIL: 1868.0 1354.0 1051.0 
MOISTER: 3686 VDDA: 2.80 Vsol: 1.77 Vbat: 3.70  NTC: 17.5 17.7 17.1 19.3  SOIL: 1862.0 1358.0 1058.0 
MOISTER: 3687 VDDA: 2.80 Vsol: 1.42 Vbat: 3.72  NTC: 17.5 17.7 17.1 19.3  SOIL: 1867.0 1359.0 1054.0 
MOISTER: 3688 VDDA: 2.79 Vsol: 1.41 Vbat: 3.70  NTC: 17.5 17.7 17.1 19.2  SOIL: 1865.0 1361.0 1059.0 
MOISTER: 3689 VDDA: 2.80 Vsol: 1.42 Vbat: 3.75  NTC: 17.5 17.7 17.1 19.3  SOIL: 1867.0 1359.0 1054.0 
MOISTER: 3690 VDDA: 2.79 Vsol: 1.40 Vbat: 3.73  NTC: 17.4 17.7 17.1 19.2  SOIL: 1871.0 1359.0 1058.0 
MOISTER: 3691 VDDA: 2.79 Vsol: 1.41 Vbat: 3.73  NTC: 17.4 17.7 17.1 19.2  SOIL: 1863.0 1359.0 1054.0 
MOISTER: 3692 VDDA: 2.79 Vsol: 1.41 Vbat: 3.74  NTC: 17.4 17.7 17.1 19.2  SOIL: 1870.0 1360.0 1058.0 
MOISTER: 3693 VDDA: 2.80 Vsol: 1.41 Vbat: 3.73  NTC: 17.4 17.7 17.1 19.1  SOIL: 1867.0 1360.0 1057.0 
MOISTER: 3694 VDDA: 2.79 Vsol: 1.39 Vbat: 3.71  NTC: 17.4 17.7 17.1 19.1  SOIL: 1869.0 1362.0 1061.0 
MOISTER: 3695 VDDA: 2.80 Vsol: 1.41 Vbat: 3.72  NTC: 17.4 17.7 17.1 19.1  SOIL: 1873.0 1361.0 1057.0 
MOISTER: 3696 VDDA: 2.79 Vsol: 1.40 Vbat: 3.75  NTC: 17.4 17.7 17.1 19.1  SOIL: 1865.0 1359.0 1056.0 
MOISTER: 3697 VDDA: 2.80 Vsol: 1.38 Vbat: 3.72  NTC: 17.4 17.7 17.1 19.1  SOIL: 1864.0 1358.0 1058.0 
MOISTER: 3698 VDDA: 2.80 Vsol: 1.39 Vbat: 3.72  NTC: 17.4 17.7 17.1 19.1  SOIL: 1860.0 1355.0 1060.0 
MOISTER: 3700 VDDA: 2.80 Vsol: 1.39 Vbat: 3.75  NTC: 17.4 17.7 17.1 19.1  SOIL: 1870.0 1356.0 1058.0 
MOISTER: 3701 VDDA: 2.79 Vsol: 1.40 Vbat: 3.70  NTC: 17.4 17.7 17.1 19.0  SOIL: 1870.0 1357.0 1057.0 
MOISTER: 3702 VDDA: 2.80 Vsol: 1.41 Vbat: 3.75  NTC: 17.4 17.6 17.1 19.0  SOIL: 1872.0 1363.0 1057.0 
MOISTER: 3703 VDDA: 2.80 Vsol: 1.41 Vbat: 3.75  NTC: 17.3 17.6 17.1 19.1  SOIL: 1872.0 1364.0 1060.0 
MOISTER: 3704 VDDA: 2.80 Vsol: 1.41 Vbat: 3.71  NTC: 17.3 17.6 17.1 19.1  SOIL: 1865.0 1356.0 1055.0 
MOISTER: 3705 VDDA: 2.80 Vsol: 1.39 Vbat: 3.70  NTC: 17.3 17.6 17.1 19.1  SOIL: 1868.0 1369.0 1056.0 
MOISTER: 3706 VDDA: 2.80 Vsol: 1.38 Vbat: 3.75  NTC: 17.3 17.6 17.0 19.0  SOIL: 1873.0 1359.0 1053.0 
MOISTER: 3707 VDDA: 2.79 Vsol: 1.38 Vbat: 3.70  NTC: 17.3 17.6 17.0 19.0  SOIL: 1868.0 1358.0 1056.0 
MOISTER: 3708 VDDA: 2.79 Vsol: 1.36 Vbat: 3.73  NTC: 17.3 17.6 17.0 19.0  SOIL: 1864.0 1361.0 1054.0 
MOISTER: 3709 VDDA: 2.80 Vsol: 1.35 Vbat: 3.74  NTC: 17.3 17.6 17.0 19.0  SOIL: 1866.0 1362.0 1057.0 
MOISTER: 3710 VDDA: 2.79 Vsol: 1.36 Vbat: 3.75  NTC: 17.3 17.6 17.0 18.9  SOIL: 1867.0 1361.0 1055.0 
MOISTER: 3711 VDDA: 2.79 Vsol: 1.37 Vbat: 3.70  NTC: 17.3 17.6 17.0 18.9  SOIL: 1870.0 1362.0 1058.0 
MOISTER: 3712 VDDA: 2.80 Vsol: 1.38 Vbat: 3.76  NTC: 17.3 17.6 17.0 18.9  SOIL: 1873.0 1364.0 1057.0 
MOISTER: 3713 VDDA: 2.80 Vsol: 1.38 Vbat: 3.75  NTC: 17.3 17.6 17.0 18.9  SOIL: 1865.0 1359.0 1058.0 
MOISTER: 3714 VDDA: 2.80 Vsol: 1.37 Vbat: 3.75  NTC: 17.3 17.6 17.0 18.8  SOIL: 1872.0 1359.0 1062.0 
MOISTER: 3715 VDDA: 2.79 Vsol: 1.36 Vbat: 3.68  NTC: 17.3 17.6 17.0 18.8  SOIL: 1872.0 1363.0 1056.0 
MOISTER: 3716 VDDA: 2.80 Vsol: 1.36 Vbat: 3.71  NTC: 17.3 17.6 17.0 18.8  SOIL: 1868.0 1361.0 1059.0 
MOISTER: 3717 VDDA: 2.80 Vsol: 1.35 Vbat: 3.75  NTC: 17.3 17.6 17.0 18.8  SOIL: 1876.0 1361.0 1064.0 
MOISTER: 3718 VDDA: 2.79 Vsol: 1.65 Vbat: 3.69  NTC: 17.2 17.6 17.0 18.8  SOIL: 1867.0 1363.0 1060.0 
MOISTER: 3720 VDDA: 2.80 Vsol: 1.34 Vbat: 3.71  NTC: 17.2 17.6 17.0 18.8  SOIL: 1872.0 1361.0 1057.0 
MOISTER: 3721 VDDA: 2.79 Vsol: 1.32 Vbat: 3.74  NTC: 17.2 17.6 17.0 18.7  SOIL: 1873.0 1364.0 1062.0 
MOISTER: 3722 VDDA: 2.80 Vsol: 1.31 Vbat: 3.70  NTC: 17.2 17.6 17.0 18.7  SOIL: 1868.0 1362.0 1059.0 
MOISTER: 3723 VDDA: 2.80 Vsol: 1.32 Vbat: 3.75  NTC: 17.2 17.6 17.0 18.6  SOIL: 1875.0 1367.0 1062.0 
MOISTER: 3724 VDDA: 2.81 Vsol: 1.31 Vbat: 3.72  NTC: 17.2 17.6 17.0 18.6  SOIL: 1879.0 1361.0 1060.0 
MOISTER: 3725 VDDA: 2.80 Vsol: 1.31 Vbat: 3.69  NTC: 17.2 17.6 17.0 18.6  SOIL: 1867.0 1361.0 1053.0 
MOISTER: 3726 VDDA: 2.80 Vsol: 1.30 Vbat: 3.71  NTC: 17.2 17.6 17.0 18.6  SOIL: 1870.0 1365.0 1057.0 
MOISTER: 3727 VDDA: 2.79 Vsol: 1.30 Vbat: 3.73  NTC: 17.2 17.6 17.0 18.6  SOIL: 1866.0 1361.0 1058.0 
MOISTER: 3728 VDDA: 2.80 Vsol: 1.30 Vbat: 3.76  NTC: 17.2 17.6 17.0 18.5  SOIL: 1869.0 1369.0 1056.0 
MOISTER: 3729 VDDA: 2.79 Vsol: 1.29 Vbat: 3.70  NTC: 17.2 17.6 17.0 18.5  SOIL: 1869.0 1360.0 1061.0 
MOISTER: 3730 VDDA: 2.80 Vsol: 1.29 Vbat: 3.70  NTC: 17.2 17.5 17.0 18.5  SOIL: 1875.0 1362.0 1062.0 
MOISTER: 3731 VDDA: 2.79 Vsol: 1.61 Vbat: 3.76  NTC: 17.2 17.5 17.0 18.5  SOIL: 1875.0 1367.0 1057.0 
MOISTER: 3732 VDDA: 2.80 Vsol: 1.30 Vbat: 3.73  NTC: 17.2 17.5 17.0 18.5  SOIL: 1868.0 1359.0 1056.0 
MOISTER: 3733 VDDA: 2.80 Vsol: 1.29 Vbat: 3.72  NTC: 17.2 17.5 17.0 18.5  SOIL: 1873.0 1362.0 1058.0 
MOISTER: 3734 VDDA: 2.80 Vsol: 1.29 Vbat: 3.74  NTC: 17.2 17.5 17.0 18.5  SOIL: 1873.0 1361.0 1061.0 
MOISTER: 3735 VDDA: 2.80 Vsol: 1.27 Vbat: 3.76  NTC: 17.2 17.5 17.0 18.5  SOIL: 1868.0 1359.0 1063.0 
MOISTER: 3736 VDDA: 2.80 Vsol: 1.27 Vbat: 3.75  NTC: 17.2 17.5 17.0 18.5  SOIL: 1874.0 1361.0 1058.0 
MOISTER: 3737 VDDA: 2.80 Vsol: 1.26 Vbat: 3.74  NTC: 17.2 17.5 17.0 18.4  SOIL: 1870.0 1360.0 1057.0 
MOISTER: 3738 VDDA: 2.79 Vsol: 1.25 Vbat: 3.68  NTC: 17.2 17.5 16.9 18.4  SOIL: 1876.0 1359.0 1065.0 
MOISTER: 3739 VDDA: 2.79 Vsol: 1.26 Vbat: 3.75  NTC: 17.2 17.5 16.9 18.4  SOIL: 1874.0 1364.0 1058.0 
MOISTER: 3740 VDDA: 2.80 Vsol: 1.25 Vbat: 3.73  NTC: 17.2 17.5 16.9 18.4  SOIL: 1876.0 1360.0 1057.0 
MOISTER: 3741 VDDA: 2.79 Vsol: 1.25 Vbat: 3.73  NTC: 17.2 17.5 16.9 18.4  SOIL: 1869.0 1363.0 1059.0 
MOISTER: 3742 VDDA: 2.80 Vsol: 1.24 Vbat: 3.71  NTC: 17.2 17.5 16.9 18.3  SOIL: 1872.0 1363.0 1061.0 
MOISTER: 3743 VDDA: 2.79 Vsol: 1.25 Vbat: 3.76  NTC: 17.2 17.4 16.9 18.3  SOIL: 1866.0 1364.0 1059.0 
MOISTER: 3744 VDDA: 2.79 Vsol: 1.23 Vbat: 3.71  NTC: 17.2 17.4 16.9 18.3  SOIL: 1866.0 1364.0 1060.0 
MOISTER: 3745 VDDA: 2.80 Vsol: 1.22 Vbat: 3.77  NTC: 17.2 17.4 16.9 18.3  SOIL: 1874.0 1365.0 1060.0 
MOISTER: 3746 VDDA: 2.79 Vsol: 1.21 Vbat: 3.75  NTC: 17.1 17.4 16.8 18.2  SOIL: 1865.0 1363.0 1059.0 
MOISTER: 3747 VDDA: 2.79 Vsol: 1.19 Vbat: 3.73  NTC: 17.1 17.4 16.8 18.2  SOIL: 1873.0 1365.0 1060.0 
MOISTER: 3748 VDDA: 2.80 Vsol: 1.18 Vbat: 3.71  NTC: 17.1 17.4 16.8 18.2  SOIL: 1871.0 1366.0 1061.0 
MOISTER: 3749 VDDA: 2.80 Vsol: 1.16 Vbat: 3.70  NTC: 17.1 17.4 16.8 18.2  SOIL: 1869.0 1363.0 1061.0 
MOISTER: 3750 VDDA: 2.79 Vsol: 1.15 Vbat: 3.71  NTC: 17.1 17.4 16.8 18.1  SOIL: 1875.0 1364.0 1059.0 
MOISTER: 3751 VDDA: 2.79 Vsol: 1.12 Vbat: 3.72  NTC: 17.1 17.4 16.8 18.1  SOIL: 1872.0 1365.0 1066.0 
MOISTER: 3752 VDDA: 2.80 Vsol: 1.12 Vbat: 3.72  NTC: 17.1 17.4 16.8 18.1  SOIL: 1875.0 1359.0 1058.0 
MOISTER: 3753 VDDA: 2.80 Vsol: 1.09 Vbat: 3.75  NTC: 17.0 17.4 16.8 18.1  SOIL: 1872.0 1362.0 1061.0 
MOISTER: 3754 VDDA: 2.80 Vsol: 1.06 Vbat: 3.72  NTC: 17.0 17.4 16.8 18.1  SOIL: 1881.0 1363.0 1058.0 
MOISTER: 3755 VDDA: 2.80 Vsol: 1.04 Vbat: 3.72  NTC: 17.0 17.4 16.8 18.1  SOIL: 1875.0 1363.0 1058.0 
MOISTER: 3756 VDDA: 2.79 Vsol: 1.03 Vbat: 3.74  NTC: 17.0 17.4 16.8 18.0  SOIL: 1873.0 1367.0 1060.0 
MOISTER: 3757 VDDA: 2.80 Vsol: 1.03 Vbat: 3.72  NTC: 17.0 17.3 16.8 18.0  SOIL: 1871.0 1361.0 1063.0 
MOISTER: 3758 VDDA: 2.79 Vsol: 1.00 Vbat: 3.75  NTC: 17.0 17.3 16.8 18.0  SOIL: 1870.0 1367.0 1060.0 
MOISTER: 3759 VDDA: 2.80 Vsol: 0.99 Vbat: 3.72  NTC: 17.0 17.3 16.8 18.0  SOIL: 1873.0 1363.0 1060.0 
MOISTER: 3760 VDDA: 2.80 Vsol: 0.97 Vbat: 3.73  NTC: 17.0 17.3 16.8 18.0  SOIL: 1870.0 1361.0 1062.0 
MOISTER: 3761 VDDA: 2.79 Vsol: 0.94 Vbat: 3.74  NTC: 17.0 17.3 16.7 17.9  SOIL: 1876.0 1361.0 1065.0 
MOISTER: 3761 VDDA: 2.79 Vsol: 0.94 Vbat: 3.74  NTC: 17.0 17.3 16.7 17.9  SOIL: 1876.0 1361.0 1065.0 
MOISTER: 3762 VDDA: 2.80 Vsol: 0.92 Vbat: 3.74  NTC: 17.0 17.3 16.7 17.9  SOIL: 1873.0 1364.0 1059.0 
MOISTER: 3763 VDDA: 2.80 Vsol: 0.89 Vbat: 3.70  NTC: 17.0 17.3 16.7 17.9  SOIL: 1872.0 1365.0 1063.0 
MOISTER: 3764 VDDA: 2.79 Vsol: 0.87 Vbat: 3.73  NTC: 16.9 17.3 16.7 17.9  SOIL: 1869.0 1364.0 1061.0 
MOISTER: 3765 VDDA: 2.80 Vsol: 0.84 Vbat: 3.73  NTC: 16.9 17.3 16.7 17.9  SOIL: 1871.0 1365.0 1059.0 
MOISTER: 3766 VDDA: 2.80 Vsol: 0.83 Vbat: 3.74  NTC: 16.9 17.3 16.7 17.8  SOIL: 1875.0 1365.0 1065.0 
MOISTER: 3767 VDDA: 2.80 Vsol: 0.80 Vbat: 3.73  NTC: 16.9 17.3 16.7 17.8  SOIL: 1879.0 1366.0 1063.0 
MOISTER: 3768 VDDA: 2.80 Vsol: 0.79 Vbat: 3.73  NTC: 16.9 17.3 16.7 17.8  SOIL: 1877.0 1362.0 1063.0 
MOISTER: 3769 VDDA: 2.79 Vsol: 0.76 Vbat: 3.71  NTC: 16.9 17.3 16.6 17.7  SOIL: 1874.0 1368.0 1065.0 
MOISTER: 3770 VDDA: 2.81 Vsol: 0.77 Vbat: 3.75  NTC: 16.9 17.3 16.6 17.7  SOIL: 1879.0 1361.0 1063.0 
MOISTER: 3771 VDDA: 2.80 Vsol: 0.76 Vbat: 3.75  NTC: 16.9 17.3 16.6 17.7  SOIL: 1880.0 1365.0 1062.0 
MOISTER: 3772 VDDA: 2.80 Vsol: 0.74 Vbat: 3.72  NTC: 16.9 17.3 16.6 17.7  SOIL: 1877.0 1365.0 1068.0 
MOISTER: 3773 VDDA: 2.80 Vsol: 0.71 Vbat: 3.73  NTC: 16.8 17.3 16.6 17.7  SOIL: 1882.0 1366.0 1063.0 
MOISTER: 3774 VDDA: 2.79 Vsol: 0.66 Vbat: 3.74  NTC: 16.8 17.3 16.6 17.7  SOIL: 1881.0 1364.0 1066.0 
MOISTER: 3775 VDDA: 2.80 Vsol: 0.60 Vbat: 3.70  NTC: 16.8 17.3 16.6 17.6  SOIL: 1880.0 1367.0 1066.0 
MOISTER: 3776 VDDA: 2.80 Vsol: 0.55 Vbat: 3.74  NTC: 16.8 17.3 16.6 17.7  SOIL: 1881.0 1367.0 1063.0 
MOISTER: 3777 VDDA: 2.79 Vsol: 0.48 Vbat: 3.73  NTC: 16.8 17.3 16.6 17.6  SOIL: 1876.0 1362.0 1064.0 
MOISTER: 3778 VDDA: 2.80 Vsol: 0.45 Vbat: 3.75  NTC: 16.8 17.3 16.6 17.6  SOIL: 1878.0 1364.0 1064.0 
MOISTER: 3779 VDDA: 2.80 Vsol: 0.39 Vbat: 3.74  NTC: 16.8 17.3 16.6 17.6  SOIL: 1881.0 1363.0 1060.0 
MOISTER: 3780 VDDA: 2.81 Vsol: 0.36 Vbat: 3.72  NTC: 16.8 17.2 16.6 17.6  SOIL: 1875.0 1364.0 1057.0 
MOISTER: 3781 VDDA: 2.80 Vsol: 0.34 Vbat: 3.72  NTC: 16.8 17.2 16.5 17.5  SOIL: 1881.0 1368.0 1065.0 
MOISTER: 3782 VDDA: 2.80 Vsol: 0.26 Vbat: 3.70  NTC: 16.8 17.2 16.5 17.5  SOIL: 1883.0 1370.0 1063.0 
MOISTER: 3783 VDDA: 2.79 Vsol: 0.25 Vbat: 3.70  NTC: 16.8 17.2 16.5 17.5  SOIL: 1879.0 1365.0 1064.0 
MOISTER: 3784 VDDA: 2.80 Vsol: 0.20 Vbat: 3.74  NTC: 16.8 17.2 16.5 17.5  SOIL: 1879.0 1365.0 1063.0 
MOISTER: 3785 VDDA: 2.80 Vsol: 0.28 Vbat: 3.71  NTC: 16.7 17.2 16.5 17.5  SOIL: 1878.0 1362.0 1064.0 
MOISTER: 3786 VDDA: 2.80 Vsol: 0.25 Vbat: 3.73  NTC: 16.7 17.2 16.5 17.5  SOIL: 1877.0 1365.0 1064.0 
MOISTER: 3787 VDDA: 2.80 Vsol: 0.25 Vbat: 3.73  NTC: 16.7 17.2 16.5 17.5  SOIL: 1880.0 1368.0 1062.0 
MOISTER: 3788 VDDA: 2.80 Vsol: 0.21 Vbat: 3.72  NTC: 16.7 17.1 16.5 17.5  SOIL: 1877.0 1371.0 1067.0 
MOISTER: 3789 VDDA: 2.80 Vsol: 0.21 Vbat: 3.70  NTC: 16.7 17.1 16.5 17.5  SOIL: 1874.0 1365.0 1059.0 
MOISTER: 3790 VDDA: 2.80 Vsol: 0.20 Vbat: 3.70  NTC: 16.7 17.1 16.5 17.5  SOIL: 1880.0 1370.0 1063.0 
MOISTER: 3791 VDDA: 2.79 Vsol: 0.22 Vbat: 3.70  NTC: 16.7 17.1 16.5 17.5  SOIL: 1881.0 1367.0 1061.0 
MOISTER: 3792 VDDA: 2.79 Vsol: 0.20 Vbat: 3.72  NTC: 16.7 17.1 16.5 17.5  SOIL: 1883.0 1371.0 1067.0 
MOISTER: 3793 VDDA: 2.79 Vsol: 0.22 Vbat: 3.69  NTC: 16.7 17.1 16.5 17.5  SOIL: 1879.0 1369.0 1068.0 
MOISTER: 3794 VDDA: 2.80 Vsol: 0.20 Vbat: 3.74  NTC: 16.7 17.1 16.5 17.5  SOIL: 1883.0 1368.0 1068.0 
MOISTER: 3795 VDDA: 2.81 Vsol: 0.20 Vbat: 3.74  NTC: 16.7 17.1 16.5 17.5  SOIL: 1874.0 1370.0 1061.0 
MOISTER: 3796 VDDA: 2.80 Vsol: 0.21 Vbat: 3.70  NTC: 16.7 17.1 16.4 17.5  SOIL: 1880.0 1373.0 1064.0 
MOISTER: 3797 VDDA: 2.81 Vsol: 0.23 Vbat: 3.75  NTC: 16.7 17.1 16.4 17.4  SOIL: 1879.0 1364.0 1065.0 
MOISTER: 3798 VDDA: 2.80 Vsol: 0.21 Vbat: 3.72  NTC: 16.7 17.1 16.4 17.4  SOIL: 1873.0 1367.0 1064.0 
MOISTER: 3799 VDDA: 2.79 Vsol: 0.23 Vbat: 3.73  NTC: 16.7 17.1 16.4 17.4  SOIL: 1882.0 1372.0 1066.0 
MOISTER: 3800 VDDA: 2.80 Vsol: 0.23 Vbat: 3.73  NTC: 16.7 17.1 16.4 17.4  SOIL: 1878.0 1369.0 1069.0 
MOISTER: 3801 VDDA: 2.80 Vsol: 0.20 Vbat: 3.73  NTC: 16.6 17.0 16.4 17.4  SOIL: 1881.0 1366.0 1064.0 
MOISTER: 3802 VDDA: 2.80 Vsol: 0.21 Vbat: 3.70  NTC: 16.6 17.0 16.3 17.4  SOIL: 1873.0 1370.0 1068.0 
MOISTER: 3803 VDDA: 2.80 Vsol: 0.24 Vbat: 3.71  NTC: 16.6 17.0 16.3 17.3  SOIL: 1885.0 1366.0 1065.0 
MOISTER: 3804 VDDA: 2.79 Vsol: 0.19 Vbat: 3.68  NTC: 16.6 17.0 16.3 17.3  SOIL: 1878.0 1370.0 1066.0 
MOISTER: 3805 VDDA: 2.80 Vsol: 0.20 Vbat: 3.75  NTC: 16.6 17.0 16.3 17.3  SOIL: 1881.0 1373.0 1064.0 
MOISTER: 3807 VDDA: 2.79 Vsol: 0.23 Vbat: 3.72  NTC: 16.6 17.0 16.3 17.3  SOIL: 1880.0 1368.0 1070.0 
MOISTER: 3808 VDDA: 2.80 Vsol: 0.19 Vbat: 3.75  NTC: 16.6 17.0 16.3 17.2  SOIL: 1879.0 1369.0 1062.0 
MOISTER: 3809 VDDA: 2.79 Vsol: 0.21 Vbat: 3.71  NTC: 16.5 17.0 16.3 17.2  SOIL: 1881.0 1372.0 1068.0 
MOISTER: 3810 VDDA: 2.80 Vsol: 0.23 Vbat: 3.71  NTC: 16.5 17.0 16.3 17.2  SOIL: 1878.0 1371.0 1068.0 
MOISTER: 3811 VDDA: 2.80 Vsol: 0.21 Vbat: 3.74  NTC: 16.5 17.0 16.3 17.2  SOIL: 1886.0 1368.0 1068.0 
MOISTER: 3812 VDDA: 2.81 Vsol: 0.22 Vbat: 3.71  NTC: 16.5 16.9 16.3 17.2  SOIL: 1878.0 1368.0 1068.0 
MOISTER: 3813 VDDA: 2.80 Vsol: 0.23 Vbat: 3.71  NTC: 16.5 16.9 16.3 17.2  SOIL: 1888.0 1367.0 1066.0 
MOISTER: 3814 VDDA: 2.80 Vsol: 0.19 Vbat: 3.69  NTC: 16.5 16.9 16.2 17.2  SOIL: 1881.0 1368.0 1067.0 
MOISTER: 3815 VDDA: 2.79 Vsol: 0.23 Vbat: 3.72  NTC: 16.5 16.9 16.2 17.2  SOIL: 1883.0 1374.0 1065.0 
MOISTER: 3816 VDDA: 2.79 Vsol: 0.21 Vbat: 3.73  NTC: 16.5 16.9 16.2 17.2  SOIL: 1883.0 1368.0 1065.0 
MOISTER: 3818 VDDA: 2.80 Vsol: 0.22 Vbat: 3.74  NTC: 16.5 16.9 16.2 17.2  SOIL: 1880.0 1370.0 1069.0 
MOISTER: 3819 VDDA: 2.79 Vsol: 0.23 Vbat: 3.74  NTC: 16.5 16.9 16.2 17.2  SOIL: 1884.0 1370.0 1069.0 
MOISTER: 3820 VDDA: 2.80 Vsol: 0.23 Vbat: 3.72  NTC: 16.5 16.9 16.2 17.2  SOIL: 1879.0 1366.0 1069.0 
MOISTER: 3821 VDDA: 2.80 Vsol: 0.23 Vbat: 3.74  NTC: 16.5 16.9 16.2 17.2  SOIL: 1879.0 1365.0 1064.0 
MOISTER: 3822 VDDA: 2.79 Vsol: 0.23 Vbat: 3.74  NTC: 16.5 16.9 16.1 17.2  SOIL: 1879.0 1362.0 1067.0 
MOISTER: 3823 VDDA: 2.81 Vsol: 0.21 Vbat: 3.73  NTC: 16.4 16.9 16.1 17.2  SOIL: 1885.0 1370.0 1067.0 
MOISTER: 3824 VDDA: 2.80 Vsol: 0.20 Vbat: 3.74  NTC: 16.4 16.9 16.1 17.0  SOIL: 1881.0 1367.0 1065.0 
MOISTER: 3825 VDDA: 2.79 Vsol: 0.21 Vbat: 3.70  NTC: 16.4 16.9 16.1 17.0  SOIL: 1885.0 1370.0 1066.0 
MOISTER: 3826 VDDA: 2.80 Vsol: 0.23 Vbat: 3.72  NTC: 16.4 16.8 16.1 17.0  SOIL: 1880.0 1370.0 1066.0 
MOISTER: 3827 VDDA: 2.80 Vsol: 0.24 Vbat: 3.69  NTC: 16.4 16.8 16.1 17.0  SOIL: 1882.0 1370.0 1068.0 
MOISTER: 3828 VDDA: 2.79 Vsol: 0.23 Vbat: 3.72  NTC: 16.4 16.8 16.1 17.0  SOIL: 1882.0 1369.0 1069.0 
MOISTER: 3829 VDDA: 2.80 Vsol: 0.20 Vbat: 3.75  NTC: 16.4 16.8 16.1 17.0  SOIL: 1882.0 1371.0 1067.0 
MOISTER: 3830 VDDA: 2.79 Vsol: 0.23 Vbat: 3.71  NTC: 16.4 16.8 16.1 17.2  SOIL: 1882.0 1373.0 1066.0 
MOISTER: 3831 VDDA: 2.79 Vsol: 0.22 Vbat: 3.73  NTC: 16.4 16.8 16.1 17.0  SOIL: 1886.0 1369.0 1067.0 
MOISTER: 3832 VDDA: 2.80 Vsol: 0.24 Vbat: 3.72  NTC: 16.4 16.8 16.1 17.0  SOIL: 1885.0 1371.0 1067.0 
MOISTER: 3833 VDDA: 2.81 Vsol: 0.21 Vbat: 3.75  NTC: 16.3 16.8 16.1 17.0  SOIL: 1888.0 1373.0 1071.0 
MOISTER: 3834 VDDA: 2.79 Vsol: 0.23 Vbat: 3.73  NTC: 16.3 16.8 16.1 17.0  SOIL: 1879.0 1373.0 1068.0 
MOISTER: 3835 VDDA: 2.80 Vsol: 0.24 Vbat: 3.73  NTC: 16.3 16.8 16.1 17.0  SOIL: 1883.0 1368.0 1068.0 
MOISTER: 3836 VDDA: 2.80 Vsol: 0.20 Vbat: 3.72  NTC: 16.3 16.8 16.1 17.0  SOIL: 1884.0 1366.0 1071.0 
MOISTER: 3837 VDDA: 2.79 Vsol: 0.23 Vbat: 3.70  NTC: 16.3 16.8 16.1 17.0  SOIL: 1881.0 1367.0 1073.0 
MOISTER: 3838 VDDA: 2.80 Vsol: 0.21 Vbat: 3.72  NTC: 16.3 16.8 16.0 17.1  SOIL: 1886.0 1370.0 1072.0 
MOISTER: 3839 VDDA: 2.80 Vsol: 0.23 Vbat: 3.74  NTC: 16.3 16.8 16.0 17.1  SOIL: 1883.0 1366.0 1068.0 
MOISTER: 3840 VDDA: 2.80 Vsol: 0.23 Vbat: 3.72  NTC: 16.3 16.8 16.0 17.0  SOIL: 1877.0 1367.0 1066.0 
MOISTER: 3841 VDDA: 2.80 Vsol: 0.20 Vbat: 3.72  NTC: 16.3 16.8 16.0 16.9  SOIL: 1884.0 1370.0 1068.0 
MOISTER: 3842 VDDA: 2.79 Vsol: 0.20 Vbat: 3.74  NTC: 16.3 16.8 16.0 16.9  SOIL: 1882.0 1367.0 1071.0 
MOISTER: 3843 VDDA: 2.80 Vsol: 0.23 Vbat: 3.71  NTC: 16.3 16.8 15.9 16.9  SOIL: 1888.0 1372.0 1074.0 
MOISTER: 3844 VDDA: 2.80 Vsol: 0.23 Vbat: 3.72  NTC: 16.3 16.7 15.9 16.9  SOIL: 1886.0 1371.0 1074.0 
MOISTER: 3845 VDDA: 2.79 Vsol: 0.22 Vbat: 3.72  NTC: 16.3 16.7 15.9 16.8  SOIL: 1885.0 1367.0 1071.0 
MOISTER: 3846 VDDA: 2.79 Vsol: 0.19 Vbat: 3.70  NTC: 16.3 16.7 15.9 16.8  SOIL: 1878.0 1371.0 1071.0 
MOISTER: 3847 VDDA: 2.79 Vsol: 0.24 Vbat: 3.75  NTC: 16.3 16.7 15.9 16.8  SOIL: 1885.0 1371.0 1071.0 
MOISTER: 3848 VDDA: 2.80 Vsol: 0.23 Vbat: 3.72  NTC: 16.3 16.7 15.9 16.8  SOIL: 1889.0 1374.0 1070.0 
MOISTER: 3849 VDDA: 2.80 Vsol: 0.19 Vbat: 3.72  NTC: 16.3 16.7 15.9 16.9  SOIL: 1883.0 1374.0 1070.0 
MOISTER: 3850 VDDA: 2.79 Vsol: 0.24 Vbat: 3.69  NTC: 16.2 16.7 15.9 16.9  SOIL: 1884.0 1371.0 1070.0 
MOISTER: 3851 VDDA: 2.80 Vsol: 0.23 Vbat: 3.75  NTC: 16.2 16.7 15.9 16.9  SOIL: 1888.0 1368.0 1072.0 
MOISTER: 3852 VDDA: 2.80 Vsol: 0.24 Vbat: 3.70  NTC: 16.2 16.6 15.9 16.9  SOIL: 1893.0 1372.0 1071.0 
MOISTER: 3853 VDDA: 2.79 Vsol: 0.23 Vbat: 3.69  NTC: 16.2 16.6 15.9 16.8  SOIL: 1888.0 1370.0 1067.0 
MOISTER: 3854 VDDA: 2.80 Vsol: 0.22 Vbat: 3.70  NTC: 16.2 16.6 15.8 16.7  SOIL: 1879.0 1366.0 1071.0 
MOISTER: 3855 VDDA: 2.79 Vsol: 0.23 Vbat: 3.71  NTC: 16.2 16.6 15.8 16.8  SOIL: 1889.0 1367.0 1075.0 
MOISTER: 3856 VDDA: 2.79 Vsol: 0.20 Vbat: 3.72  NTC: 16.2 16.6 15.8 16.7  SOIL: 1887.0 1373.0 1067.0 
MOISTER: 3857 VDDA: 2.80 Vsol: 0.21 Vbat: 3.71  NTC: 16.1 16.6 15.8 16.7  SOIL: 1884.0 1376.0 1072.0 
MOISTER: 3858 VDDA: 2.79 Vsol: 0.23 Vbat: 3.75  NTC: 16.1 16.6 15.8 16.7  SOIL: 1887.0 1369.0 1069.0 
MOISTER: 3859 VDDA: 2.81 Vsol: 0.24 Vbat: 3.72  NTC: 16.1 16.6 15.8 16.6  SOIL: 1896.0 1369.0 1070.0 
MOISTER: 3860 VDDA: 2.80 Vsol: 0.24 Vbat: 3.74  NTC: 16.1 16.6 15.8 16.6  SOIL: 1888.0 1370.0 1073.0 
MOISTER: 3861 VDDA: 2.80 Vsol: 0.23 Vbat: 3.70  NTC: 16.1 16.6 15.8 16.6  SOIL: 1885.0 1373.0 1068.0 
MOISTER: 3862 VDDA: 2.80 Vsol: 0.20 Vbat: 3.72  NTC: 16.1 16.6 15.8 16.6  SOIL: 1889.0 1370.0 1074.0 
MOISTER: 3863 VDDA: 2.79 Vsol: 0.23 Vbat: 3.72  NTC: 16.1 16.6 15.8 16.6  SOIL: 1886.0 1362.0 1072.0 
MOISTER: 3864 VDDA: 2.80 Vsol: 0.24 Vbat: 3.71  NTC: 16.1 16.6 15.8 16.6  SOIL: 1883.0 1369.0 1072.0 
MOISTER: 3865 VDDA: 2.79 Vsol: 0.22 Vbat: 3.72  NTC: 16.1 16.6 15.8 16.7  SOIL: 1884.0 1371.0 1071.0 
MOISTER: 3866 VDDA: 2.80 Vsol: 0.24 Vbat: 3.70  NTC: 16.1 16.6 15.8 16.6  SOIL: 1891.0 1371.0 1072.0 
MOISTER: 3867 VDDA: 2.79 Vsol: 0.23 Vbat: 3.75  NTC: 16.1 16.6 15.7 16.6  SOIL: 1890.0 1367.0 1074.0 
MOISTER: 3868 VDDA: 2.80 Vsol: 0.22 Vbat: 3.74  NTC: 16.1 16.6 15.7 16.6  SOIL: 1890.0 1372.0 1070.0 
MOISTER: 3869 VDDA: 2.80 Vsol: 0.22 Vbat: 3.75  NTC: 16.1 16.5 15.7 16.7  SOIL: 1884.0 1368.0 1072.0 
MOISTER: 3870 VDDA: 2.80 Vsol: 0.18 Vbat: 3.72  NTC: 16.0 16.5 15.7 16.7  SOIL: 1880.0 1368.0 1075.0 
MOISTER: 3871 VDDA: 2.80 Vsol: 0.23 Vbat: 3.72  NTC: 16.0 16.5 15.7 16.7  SOIL: 1890.0 1373.0 1073.0 
MOISTER: 3872 VDDA: 2.79 Vsol: 0.23 Vbat: 3.71  NTC: 16.0 16.5 15.7 16.7  SOIL: 1882.0 1376.0 1072.0 
MOISTER: 3873 VDDA: 2.80 Vsol: 0.23 Vbat: 3.73  NTC: 16.0 16.5 15.7 16.7  SOIL: 1885.0 1375.0 1074.0 
MOISTER: 3874 VDDA: 2.80 Vsol: 0.24 Vbat: 3.72  NTC: 16.0 16.5 15.7 16.6  SOIL: 1884.0 1367.0 1073.0 
MOISTER: 3875 VDDA: 2.80 Vsol: 0.24 Vbat: 3.76  NTC: 16.0 16.5 15.7 16.6  SOIL: 1890.0 1373.0 1067.0 
MOISTER: 3876 VDDA: 2.79 Vsol: 0.21 Vbat: 3.73  NTC: 16.0 16.5 15.6 16.5  SOIL: 1888.0 1369.0 1075.0 
MOISTER: 3877 VDDA: 2.80 Vsol: 0.23 Vbat: 3.72  NTC: 16.0 16.5 15.6 16.5  SOIL: 1889.0 1372.0 1071.0 
MOISTER: 3878 VDDA: 2.80 Vsol: 0.23 Vbat: 3.71  NTC: 16.0 16.5 15.6 16.5  SOIL: 1888.0 1369.0 1071.0 
MOISTER: 3879 VDDA: 2.80 Vsol: 0.22 Vbat: 3.75  NTC: 16.0 16.4 15.6 16.5  SOIL: 1887.0 1372.0 1076.0 
MOISTER: 3880 VDDA: 2.81 Vsol: 0.19 Vbat: 3.73  NTC: 16.0 16.5 15.6 16.5  SOIL: 1893.0 1373.0 1070.0 
MOISTER: 3881 VDDA: 2.80 Vsol: 0.20 Vbat: 3.74  NTC: 16.0 16.4 15.6 16.4  SOIL: 1896.0 1369.0 1071.0 
MOISTER: 3882 VDDA: 2.80 Vsol: 0.20 Vbat: 3.69  NTC: 16.0 16.4 15.6 16.4  SOIL: 1888.0 1375.0 1077.0 
MOISTER: 3883 VDDA: 2.79 Vsol: 0.23 Vbat: 3.74  NTC: 16.0 16.4 15.6 16.4  SOIL: 1895.0 1376.0 1074.0 
MOISTER: 3884 VDDA: 2.79 Vsol: 0.23 Vbat: 3.73  NTC: 16.0 16.4 15.6 16.4  SOIL: 1897.0 1374.0 1072.0 
MOISTER: 3885 VDDA: 2.79 Vsol: 0.23 Vbat: 3.72  NTC: 16.0 16.4 15.6 16.4  SOIL: 1890.0 1368.0 1072.0 
MOISTER: 3886 VDDA: 2.80 Vsol: 0.21 Vbat: 3.75  NTC: 15.9 16.4 15.6 16.3  SOIL: 1888.0 1370.0 1068.0 
MOISTER: 3887 VDDA: 2.79 Vsol: 0.18 Vbat: 3.72  NTC: 15.9 16.4 15.6 16.3  SOIL: 1891.0 1371.0 1079.0 
MOISTER: 3888 VDDA: 2.79 Vsol: 0.18 Vbat: 3.69  NTC: 15.9 16.4 15.6 16.3  SOIL: 1883.0 1371.0 1079.0 
MOISTER: 3889 VDDA: 2.80 Vsol: 0.24 Vbat: 3.70  NTC: 15.9 16.4 15.6 16.3  SOIL: 1890.0 1373.0 1070.0 
MOISTER: 3890 VDDA: 2.80 Vsol: 0.23 Vbat: 3.74  NTC: 15.9 16.4 15.6 16.3  SOIL: 1888.0 1370.0 1070.0 
MOISTER: 3891 VDDA: 2.79 Vsol: 0.20 Vbat: 3.71  NTC: 15.9 16.4 15.6 16.2  SOIL: 1887.0 1371.0 1074.0 
MOISTER: 3892 VDDA: 2.79 Vsol: 0.22 Vbat: 3.75  NTC: 15.9 16.4 15.5 16.2  SOIL: 1890.0 1376.0 1072.0 
MOISTER: 3893 VDDA: 2.79 Vsol: 0.24 Vbat: 3.69  NTC: 15.9 16.4 15.5 16.2  SOIL: 1896.0 1375.0 1076.0 
MOISTER: 3894 VDDA: 2.81 Vsol: 0.23 Vbat: 3.72  NTC: 15.9 16.4 15.5 16.2  SOIL: 1894.0 1373.0 1076.0 
MOISTER: 3895 VDDA: 2.79 Vsol: 0.23 Vbat: 3.71  NTC: 15.8 16.4 15.5 16.3  SOIL: 1889.0 1372.0 1074.0 
MOISTER: 3896 VDDA: 2.80 Vsol: 0.20 Vbat: 3.70  NTC: 15.8 16.4 15.5 16.2  SOIL: 1889.0 1375.0 1072.0 
MOISTER: 3897 VDDA: 2.80 Vsol: 0.24 Vbat: 3.72  NTC: 15.8 16.4 15.5 16.2  SOIL: 1890.0 1369.0 1073.0 
MOISTER: 3898 VDDA: 2.80 Vsol: 0.22 Vbat: 3.75  NTC: 15.8 16.4 15.5 16.2  SOIL: 1891.0 1374.0 1073.0 
MOISTER: 3899 VDDA: 2.79 Vsol: 0.18 Vbat: 3.73  NTC: 15.8 16.4 15.5 16.2  SOIL: 1891.0 1371.0 1073.0 
MOISTER: 3900 VDDA: 2.80 Vsol: 0.20 Vbat: 3.72  NTC: 15.8 16.4 15.5 16.2  SOIL: 1885.0 1375.0 1077.0 
MOISTER: 3901 VDDA: 2.80 Vsol: 0.23 Vbat: 3.71  NTC: 15.8 16.3 15.5 16.3  SOIL: 1890.0 1372.0 1077.0 
MOISTER: 3902 VDDA: 2.81 Vsol: 0.20 Vbat: 3.71  NTC: 15.8 16.3 15.5 16.2  SOIL: 1887.0 1372.0 1070.0 
MOISTER: 3903 VDDA: 2.79 Vsol: 0.23 Vbat: 3.73  NTC: 15.8 16.3 15.5 16.2  SOIL: 1892.0 1370.0 1067.0 
MOISTER: 3904 VDDA: 2.80 Vsol: 0.23 Vbat: 3.71  NTC: 15.8 16.3 15.4 16.2  SOIL: 1892.0 1376.0 1078.0 
MOISTER: 3905 VDDA: 2.80 Vsol: 0.22 Vbat: 3.73  NTC: 15.8 16.3 15.4 16.1  SOIL: 1895.0 1377.0 1074.0 
MOISTER: 3906 VDDA: 2.80 Vsol: 0.23 Vbat: 3.72  NTC: 15.8 16.2 15.4 16.1  SOIL: 1888.0 1372.0 1073.0 
MOISTER: 3907 VDDA: 2.80 Vsol: 0.23 Vbat: 3.72  NTC: 15.8 16.2 15.4 16.1  SOIL: 1891.0 1375.0 1070.0 
MOISTER: 3908 VDDA: 2.81 Vsol: 0.22 Vbat: 3.72  NTC: 15.8 16.2 15.4 16.1  SOIL: 1893.0 1373.0 1073.0 
MOISTER: 3909 VDDA: 2.81 Vsol: 0.22 Vbat: 3.70  NTC: 15.8 16.2 15.4 16.0  SOIL: 1896.0 1371.0 1076.0 
MOISTER: 3910 VDDA: 2.80 Vsol: 0.24 Vbat: 3.71  NTC: 15.8 16.2 15.4 16.1  SOIL: 1890.0 1371.0 1075.0 
MOISTER: 3911 VDDA: 2.80 Vsol: 0.24 Vbat: 3.71  NTC: 15.8 16.2 15.4 16.1  SOIL: 1895.0 1368.0 1078.0 
MOISTER: 3912 VDDA: 2.79 Vsol: 0.20 Vbat: 3.72  NTC: 15.8 16.2 15.4 16.1  SOIL: 1888.0 1370.0 1075.0 
MOISTER: 3913 VDDA: 2.80 Vsol: 0.22 Vbat: 3.76  NTC: 15.8 16.2 15.3 16.0  SOIL: 1894.0 1373.0 1078.0 
MOISTER: 3914 VDDA: 2.80 Vsol: 0.24 Vbat: 3.75  NTC: 15.8 16.2 15.3 16.0  SOIL: 1895.0 1370.0 1073.0 
MOISTER: 3915 VDDA: 2.79 Vsol: 0.20 Vbat: 3.71  NTC: 15.8 16.2 15.3 16.0  SOIL: 1895.0 1372.0 1078.0 
MOISTER: 3916 VDDA: 2.80 Vsol: 0.20 Vbat: 3.73  NTC: 15.7 16.2 15.3 15.8  SOIL: 1893.0 1374.0 1080.0 
MOISTER: 3917 VDDA: 2.80 Vsol: 0.19 Vbat: 3.69  NTC: 15.7 16.2 15.3 15.9  SOIL: 1895.0 1375.0 1075.0 
MOISTER: 3918 VDDA: 2.79 Vsol: 0.21 Vbat: 3.74  NTC: 15.7 16.2 15.3 15.9  SOIL: 1894.0 1375.0 1083.0 
MOISTER: 3919 VDDA: 2.79 Vsol: 0.23 Vbat: 3.68  NTC: 15.7 16.2 15.3 16.0  SOIL: 1895.0 1371.0 1076.0 
MOISTER: 3920 VDDA: 2.80 Vsol: 0.24 Vbat: 3.72  NTC: 15.7 16.2 15.3 16.0  SOIL: 1893.0 1374.0 1074.0 
MOISTER: 3921 VDDA: 2.80 Vsol: 0.23 Vbat: 3.71  NTC: 15.7 16.2 15.3 16.0  SOIL: 1892.0 1372.0 1075.0 
MOISTER: 3922 VDDA: 2.79 Vsol: 0.23 Vbat: 3.69  NTC: 15.7 16.1 15.3 16.0  SOIL: 1888.0 1371.0 1079.0 
MOISTER: 3923 VDDA: 2.80 Vsol: 0.23 Vbat: 3.70  NTC: 15.7 16.1 15.3 16.0  SOIL: 1894.0 1371.0 1077.0 
MOISTER: 3924 VDDA: 2.80 Vsol: 0.24 Vbat: 3.72  NTC: 15.7 16.1 15.3 16.0  SOIL: 1886.0 1374.0 1074.0 
MOISTER: 3925 VDDA: 2.79 Vsol: 0.23 Vbat: 3.70  NTC: 15.7 16.1 15.3 15.9  SOIL: 1894.0 1373.0 1076.0 
MOISTER: 3926 VDDA: 2.80 Vsol: 0.23 Vbat: 3.70  NTC: 15.7 16.1 15.3 15.8  SOIL: 1898.0 1374.0 1072.0 
MOISTER: 3927 VDDA: 2.79 Vsol: 0.24 Vbat: 3.74  NTC: 15.7 16.1 15.3 15.8  SOIL: 1894.0 1377.0 1077.0 
MOISTER: 3928 VDDA: 2.79 Vsol: 0.22 Vbat: 3.74  NTC: 15.7 16.1 15.2 15.8  SOIL: 1895.0 1372.0 1082.0 
MOISTER: 3929 VDDA: 2.80 Vsol: 0.22 Vbat: 3.72  NTC: 15.7 16.1 15.2 15.8  SOIL: 1895.0 1376.0 1079.0 
MOISTER: 3930 VDDA: 2.80 Vsol: 0.23 Vbat: 3.70  NTC: 15.6 16.1 15.2 15.8  SOIL: 1895.0 1373.0 1078.0 
MOISTER: 3931 VDDA: 2.80 Vsol: 0.21 Vbat: 3.75  NTC: 15.6 16.1 15.2 15.8  SOIL: 1892.0 1379.0 1077.0 
MOISTER: 3932 VDDA: 2.80 Vsol: 0.18 Vbat: 3.73  NTC: 15.6 16.1 15.2 15.8  SOIL: 1893.0 1376.0 1079.0 
MOISTER: 3933 VDDA: 2.79 Vsol: 0.24 Vbat: 3.72  NTC: 15.6 16.1 15.2 15.8  SOIL: 1892.0 1376.0 1076.0 
MOISTER: 3934 VDDA: 2.80 Vsol: 0.20 Vbat: 3.73  NTC: 15.6 16.1 15.2 15.8  SOIL: 1893.0 1376.0 1077.0 
MOISTER: 3935 VDDA: 2.80 Vsol: 0.23 Vbat: 3.74  NTC: 15.6 16.1 15.2 15.8  SOIL: 1895.0 1374.0 1071.0 
MOISTER: 3936 VDDA: 2.80 Vsol: 0.20 Vbat: 3.73  NTC: 15.6 16.1 15.2 15.7  SOIL: 1895.0 1375.0 1075.0 
MOISTER: 3937 VDDA: 2.80 Vsol: 0.20 Vbat: 3.76  NTC: 15.6 16.1 15.2 15.7  SOIL: 1887.0 1381.0 1079.0 
MOISTER: 3938 VDDA: 2.80 Vsol: 0.23 Vbat: 3.75  NTC: 15.6 16.1 15.1 15.7  SOIL: 1897.0 1375.0 1076.0 
MOISTER: 3939 VDDA: 2.79 Vsol: 0.23 Vbat: 3.73  NTC: 15.6 16.0 15.1 15.7  SOIL: 1898.0 1371.0 1079.0 
MOISTER: 3940 VDDA: 2.79 Vsol: 0.19 Vbat: 3.69  NTC: 15.6 16.0 15.1 15.7  SOIL: 1889.0 1379.0 1081.0 
MOISTER: 3941 VDDA: 2.80 Vsol: 0.23 Vbat: 3.71  NTC: 15.6 16.0 15.1 15.7  SOIL: 1896.0 1378.0 1077.0 
MOISTER: 3942 VDDA: 2.79 Vsol: 0.22 Vbat: 3.73  NTC: 15.5 16.0 15.1 15.7  SOIL: 1894.0 1375.0 1076.0 
MOISTER: 3943 VDDA: 2.79 Vsol: 0.23 Vbat: 3.75  NTC: 15.5 16.0 15.1 15.7  SOIL: 1895.0 1377.0 1077.0 
MOISTER: 3944 VDDA: 2.80 Vsol: 0.21 Vbat: 3.75  NTC: 15.5 16.0 15.1 15.7  SOIL: 1899.0 1378.0 1079.0 
MOISTER: 3945 VDDA: 2.79 Vsol: 0.22 Vbat: 3.70  NTC: 15.5 16.0 15.1 15.7  SOIL: 1895.0 1377.0 1080.0 
MOISTER: 3946 VDDA: 2.80 Vsol: 0.24 Vbat: 3.71  NTC: 15.5 16.0 15.1 15.6  SOIL: 1892.0 1373.0 1076.0 
MOISTER: 3947 VDDA: 2.79 Vsol: 0.23 Vbat: 3.72  NTC: 15.5 16.0 15.1 15.7  SOIL: 1884.0 1377.0 1077.0 
MOISTER: 3948 VDDA: 2.80 Vsol: 0.24 Vbat: 3.70  NTC: 15.5 16.0 15.1 15.7  SOIL: 1893.0 1374.0 1078.0 
MOISTER: 3949 VDDA: 2.80 Vsol: 0.23 Vbat: 3.71  NTC: 15.5 16.0 15.1 15.7  SOIL: 1899.0 1377.0 1079.0 
MOISTER: 3950 VDDA: 2.79 Vsol: 0.19 Vbat: 3.69  NTC: 15.5 16.0 15.1 15.7  SOIL: 1893.0 1373.0 1080.0 
MOISTER: 3951 VDDA: 2.80 Vsol: 0.23 Vbat: 3.71  NTC: 15.5 16.0 15.1 15.7  SOIL: 1895.0 1375.0 1079.0 
MOISTER: 3952 VDDA: 2.79 Vsol: 0.21 Vbat: 3.70  NTC: 15.5 15.9 15.1 15.7  SOIL: 1893.0 1383.0 1080.0 
MOISTER: 3953 VDDA: 2.80 Vsol: 0.22 Vbat: 3.71  NTC: 15.5 15.9 15.1 15.7  SOIL: 1897.0 1381.0 1080.0 
MOISTER: 3954 VDDA: 2.79 Vsol: 0.23 Vbat: 3.68  NTC: 15.5 15.9 15.1 15.7  SOIL: 1894.0 1375.0 1077.0 
MOISTER: 3955 VDDA: 2.80 Vsol: 0.23 Vbat: 3.71  NTC: 15.5 15.9 15.1 15.7  SOIL: 1898.0 1377.0 1075.0 
MOISTER: 3956 VDDA: 2.80 Vsol: 0.20 Vbat: 3.74  NTC: 15.5 15.9 15.0 15.7  SOIL: 1896.0 1379.0 1074.0 
MOISTER: 3957 VDDA: 2.79 Vsol: 0.22 Vbat: 3.69  NTC: 15.5 15.9 15.0 15.6  SOIL: 1898.0 1377.0 1077.0 
MOISTER: 3958 VDDA: 2.79 Vsol: 0.23 Vbat: 3.72  NTC: 15.5 15.9 15.0 15.6  SOIL: 1897.0 1379.0 1081.0 
MOISTER: 3959 VDDA: 2.80 Vsol: 0.22 Vbat: 3.72  NTC: 15.5 15.9 15.0 15.5  SOIL: 1901.0 1382.0 1082.0 
MOISTER: 3960 VDDA: 2.80 Vsol: 0.22 Vbat: 3.69  NTC: 15.5 15.9 15.0 15.5  SOIL: 1901.0 1376.0 1076.0 
MOISTER: 3961 VDDA: 2.80 Vsol: 0.23 Vbat: 3.73  NTC: 15.4 15.9 15.0 15.6  SOIL: 1894.0 1380.0 1075.0 
MOISTER: 3962 VDDA: 2.79 Vsol: 0.22 Vbat: 3.72  NTC: 15.4 15.9 15.0 15.6  SOIL: 1896.0 1378.0 1075.0 
MOISTER: 3963 VDDA: 2.79 Vsol: 0.23 Vbat: 3.71  NTC: 15.4 15.9 15.0 15.6  SOIL: 1901.0 1378.0 1080.0 
MOISTER: 3964 VDDA: 2.80 Vsol: 0.21 Vbat: 3.75  NTC: 15.4 15.9 15.0 15.6  SOIL: 1902.0 1380.0 1076.0 
MOISTER: 3965 VDDA: 2.79 Vsol: 0.24 Vbat: 3.69  NTC: 15.4 15.9 15.0 15.6  SOIL: 1893.0 1374.0 1077.0 
MOISTER: 3966 VDDA: 2.80 Vsol: 0.23 Vbat: 3.72  NTC: 15.4 15.9 15.0 15.6  SOIL: 1897.0 1378.0 1077.0 
MOISTER: 3967 VDDA: 2.79 Vsol: 0.23 Vbat: 3.71  NTC: 15.4 15.9 15.0 15.6  SOIL: 1898.0 1379.0 1081.0 
MOISTER: 3968 VDDA: 2.80 Vsol: 0.23 Vbat: 3.72  NTC: 15.4 15.9 15.0 15.6  SOIL: 1893.0 1379.0 1077.0 
MOISTER: 3969 VDDA: 2.80 Vsol: 0.23 Vbat: 3.70  NTC: 15.4 15.9 15.0 15.6  SOIL: 1895.0 1379.0 1079.0 
MOISTER: 3970 VDDA: 2.81 Vsol: 0.24 Vbat: 3.71  NTC: 15.4 15.9 14.9 15.6  SOIL: 1890.0 1378.0 1078.0 
MOISTER: 3971 VDDA: 2.80 Vsol: 0.23 Vbat: 3.70  NTC: 15.4 15.9 14.9 15.6  SOIL: 1896.0 1383.0 1080.0 
MOISTER: 3972 VDDA: 2.79 Vsol: 0.21 Vbat: 3.75  NTC: 15.4 15.9 14.9 15.6  SOIL: 1898.0 1375.0 1084.0 
MOISTER: 3973 VDDA: 2.79 Vsol: 0.20 Vbat: 3.70  NTC: 15.4 15.8 14.9 15.6  SOIL: 1898.0 1381.0 1084.0 
MOISTER: 3974 VDDA: 2.79 Vsol: 0.23 Vbat: 3.70  NTC: 15.3 15.8 14.9 15.5  SOIL: 1895.0 1383.0 1079.0 
MOISTER: 3975 VDDA: 2.80 Vsol: 0.23 Vbat: 3.73  NTC: 15.3 15.8 14.9 15.5  SOIL: 1898.0 1380.0 1079.0 
MOISTER: 3976 VDDA: 2.80 Vsol: 0.20 Vbat: 3.74  NTC: 15.3 15.8 14.9 15.5  SOIL: 1895.0 1374.0 1075.0 
MOISTER: 3977 VDDA: 2.80 Vsol: 0.19 Vbat: 3.70  NTC: 15.3 15.8 14.9 15.5  SOIL: 1893.0 1379.0 1082.0 
MOISTER: 3978 VDDA: 2.80 Vsol: 0.23 Vbat: 3.73  NTC: 15.3 15.8 14.9 15.4  SOIL: 1901.0 1380.0 1081.0 
MOISTER: 3979 VDDA: 2.80 Vsol: 0.19 Vbat: 3.69  NTC: 15.3 15.8 14.9 15.4  SOIL: 1898.0 1379.0 1077.0 
MOISTER: 3980 VDDA: 2.80 Vsol: 0.23 Vbat: 3.69  NTC: 15.3 15.8 14.9 15.4  SOIL: 1898.0 1377.0 1080.0 
MOISTER: 3981 VDDA: 2.79 Vsol: 0.21 Vbat: 3.72  NTC: 15.3 15.8 14.9 15.4  SOIL: 1899.0 1379.0 1075.0 
MOISTER: 3982 VDDA: 2.79 Vsol: 0.24 Vbat: 3.70  NTC: 15.3 15.8 14.9 15.4  SOIL: 1897.0 1379.0 1085.0 
MOISTER: 3983 VDDA: 2.80 Vsol: 0.23 Vbat: 3.74  NTC: 15.3 15.8 14.8 15.5  SOIL: 1897.0 1379.0 1081.0 
MOISTER: 3984 VDDA: 2.80 Vsol: 0.21 Vbat: 3.75  NTC: 15.3 15.8 14.8 15.4  SOIL: 1900.0 1381.0 1080.0 
MOISTER: 3985 VDDA: 2.79 Vsol: 0.23 Vbat: 3.73  NTC: 15.3 15.8 14.8 15.4  SOIL: 1892.0 1378.0 1080.0 
MOISTER: 3986 VDDA: 2.80 Vsol: 0.22 Vbat: 3.74  NTC: 15.3 15.8 14.8 15.5  SOIL: 1897.0 1377.0 1078.0 
MOISTER: 3987 VDDA: 2.79 Vsol: 0.24 Vbat: 3.69  NTC: 15.3 15.8 14.8 15.5  SOIL: 1897.0 1377.0 1080.0 
MOISTER: 3988 VDDA: 2.80 Vsol: 0.23 Vbat: 3.71  NTC: 15.3 15.8 14.8 15.5  SOIL: 1892.0 1379.0 1081.0 
MOISTER: 3989 VDDA: 2.80 Vsol: 0.23 Vbat: 3.75  NTC: 15.3 15.8 14.8 15.4  SOIL: 1895.0 1381.0 1081.0 
MOISTER: 3990 VDDA: 2.79 Vsol: 0.22 Vbat: 3.70  NTC: 15.3 15.7 14.8 15.3  SOIL: 1898.0 1379.0 1082.0 
MOISTER: 3991 VDDA: 2.79 Vsol: 0.23 Vbat: 3.75  NTC: 15.3 15.7 14.8 15.4  SOIL: 1894.0 1379.0 1084.0 
MOISTER: 3992 VDDA: 2.79 Vsol: 0.19 Vbat: 3.72  NTC: 15.3 15.7 14.8 15.3  SOIL: 1895.0 1380.0 1081.0 
MOISTER: 3993 VDDA: 2.81 Vsol: 0.21 Vbat: 3.72  NTC: 15.3 15.7 14.8 15.3  SOIL: 1906.0 1379.0 1083.0 
MOISTER: 3994 VDDA: 2.80 Vsol: 0.23 Vbat: 3.72  NTC: 15.3 15.7 14.8 15.3  SOIL: 1901.0 1381.0 1080.0 
MOISTER: 3995 VDDA: 2.79 Vsol: 0.21 Vbat: 3.69  NTC: 15.3 15.7 14.8 15.3  SOIL: 1898.0 1382.0 1078.0 
MOISTER: 3996 VDDA: 2.79 Vsol: 0.24 Vbat: 3.75  NTC: 15.3 15.7 14.7 15.4  SOIL: 1900.0 1381.0 1081.0 
MOISTER: 3997 VDDA: 2.80 Vsol: 0.24 Vbat: 3.72  NTC: 15.3 15.7 14.7 15.4  SOIL: 1891.0 1377.0 1080.0 
MOISTER: 3998 VDDA: 2.80 Vsol: 0.20 Vbat: 3.70  NTC: 15.3 15.7 14.7 15.5  SOIL: 1898.0 1380.0 1083.0 
MOISTER: 3999 VDDA: 2.79 Vsol: 0.23 Vbat: 3.69  NTC: 15.3 15.7 14.7 15.5  SOIL: 1898.0 1383.0 1077.0 
MOISTER: 4000 VDDA: 2.79 Vsol: 0.22 Vbat: 3.74  NTC: 15.3 15.7 14.7 15.5  SOIL: 1904.0 1380.0 1081.0 
MOISTER: 4001 VDDA: 2.79 Vsol: 0.23 Vbat: 3.73  NTC: 15.2 15.7 14.7 15.4  SOIL: 1895.0 1383.0 1078.0 
MOISTER: 4002 VDDA: 2.80 Vsol: 0.23 Vbat: 3.71  NTC: 15.2 15.6 14.7 15.3  SOIL: 1904.0 1382.0 1083.0 
MOISTER: 4003 VDDA: 2.80 Vsol: 0.23 Vbat: 3.69  NTC: 15.2 15.6 14.7 15.3  SOIL: 1898.0 1383.0 1078.0 
MOISTER: 4004 VDDA: 2.79 Vsol: 0.21 Vbat: 3.70  NTC: 15.2 15.6 14.7 15.3  SOIL: 1898.0 1378.0 1082.0 
MOISTER: 4005 VDDA: 2.79 Vsol: 0.22 Vbat: 3.69  NTC: 15.2 15.6 14.7 15.2  SOIL: 1904.0 1378.0 1079.0 
MOISTER: 4006 VDDA: 2.79 Vsol: 0.23 Vbat: 3.71  NTC: 15.2 15.6 14.7 15.1  SOIL: 1893.0 1381.0 1078.0 
MOISTER: 4007 VDDA: 2.80 Vsol: 0.21 Vbat: 3.71  NTC: 15.2 15.6 14.7 15.1  SOIL: 1894.0 1381.0 1083.0 
MOISTER: 4008 VDDA: 2.80 Vsol: 0.21 Vbat: 3.70  NTC: 15.2 15.6 14.7 15.1  SOIL: 1893.0 1382.0 1084.0 
MOISTER: 4009 VDDA: 2.80 Vsol: 0.24 Vbat: 3.71  NTC: 15.2 15.6 14.6 15.1  SOIL: 1893.0 1386.0 1078.0 
MOISTER: 4010 VDDA: 2.79 Vsol: 0.23 Vbat: 3.75  NTC: 15.2 15.6 14.6 15.2  SOIL: 1903.0 1383.0 1079.0 
MOISTER: 4011 VDDA: 2.80 Vsol: 0.19 Vbat: 3.72  NTC: 15.2 15.6 14.6 15.2  SOIL: 1897.0 1383.0 1078.0 
MOISTER: 4012 VDDA: 2.80 Vsol: 0.23 Vbat: 3.70  NTC: 15.2 15.6 14.6 15.2  SOIL: 1902.0 1379.0 1083.0 
MOISTER: 4013 VDDA: 2.79 Vsol: 0.20 Vbat: 3.70  NTC: 15.2 15.6 14.6 15.1  SOIL: 1900.0 1378.0 1085.0 
MOISTER: 4014 VDDA: 2.80 Vsol: 0.20 Vbat: 3.70  NTC: 15.2 15.6 14.6 15.1  SOIL: 1898.0 1383.0 1085.0 
MOISTER: 4015 VDDA: 2.80 Vsol: 0.18 Vbat: 3.75  NTC: 15.2 15.6 14.6 15.0  SOIL: 1903.0 1380.0 1080.0 
MOISTER: 4016 VDDA: 2.80 Vsol: 0.21 Vbat: 3.69  NTC: 15.1 15.6 14.6 15.1  SOIL: 1899.0 1377.0 1081.0 
MOISTER: 4017 VDDA: 2.80 Vsol: 0.20 Vbat: 3.71  NTC: 15.1 15.6 14.6 15.1  SOIL: 1902.0 1385.0 1085.0 
MOISTER: 4018 VDDA: 2.80 Vsol: 0.23 Vbat: 3.71  NTC: 15.1 15.6 14.6 15.1  SOIL: 1901.0 1380.0 1084.0 
MOISTER: 4019 VDDA: 2.80 Vsol: 0.23 Vbat: 3.74  NTC: 15.1 15.6 14.6 15.2  SOIL: 1899.0 1378.0 1077.0 
MOISTER: 4020 VDDA: 2.80 Vsol: 0.23 Vbat: 3.70  NTC: 15.1 15.6 14.6 15.3  SOIL: 1897.0 1384.0 1083.0 
MOISTER: 4021 VDDA: 2.79 Vsol: 0.23 Vbat: 3.71  NTC: 15.1 15.5 14.6 15.4  SOIL: 1898.0 1381.0 1081.0 
MOISTER: 4022 VDDA: 2.80 Vsol: 0.23 Vbat: 3.70  NTC: 15.1 15.5 14.6 15.4  SOIL: 1895.0 1378.0 1083.0 
MOISTER: 4023 VDDA: 2.79 Vsol: 0.18 Vbat: 3.70  NTC: 15.1 15.5 14.6 15.4  SOIL: 1894.0 1380.0 1083.0 
MOISTER: 4024 VDDA: 2.80 Vsol: 0.24 Vbat: 3.70  NTC: 15.1 15.5 14.6 15.4  SOIL: 1901.0 1379.0 1079.0 
MOISTER: 4025 VDDA: 2.81 Vsol: 0.23 Vbat: 3.73  NTC: 15.1 15.5 14.6 15.4  SOIL: 1899.0 1378.0 1079.0 
MOISTER: 4026 VDDA: 2.79 Vsol: 0.23 Vbat: 3.75  NTC: 15.1 15.5 14.6 15.4  SOIL: 1900.0 1383.0 1085.0 
MOISTER: 4027 VDDA: 2.79 Vsol: 0.23 Vbat: 3.73  NTC: 15.1 15.5 14.6 15.3  SOIL: 1895.0 1381.0 1074.0 
MOISTER: 4028 VDDA: 2.79 Vsol: 0.23 Vbat: 3.71  NTC: 15.1 15.5 14.6 15.3  SOIL: 1900.0 1380.0 1082.0 
MOISTER: 4029 VDDA: 2.79 Vsol: 0.23 Vbat: 3.72  NTC: 15.1 15.5 14.6 15.3  SOIL: 1897.0 1375.0 1084.0 
MOISTER: 4030 VDDA: 2.81 Vsol: 0.23 Vbat: 3.72  NTC: 15.1 15.5 14.6 15.3  SOIL: 1905.0 1379.0 1079.0 
MOISTER: 4031 VDDA: 2.80 Vsol: 0.18 Vbat: 3.71  NTC: 15.1 15.5 14.6 15.2  SOIL: 1893.0 1380.0 1082.0 
MOISTER: 4032 VDDA: 2.79 Vsol: 0.20 Vbat: 3.70  NTC: 15.1 15.5 14.5 15.2  SOIL: 1895.0 1385.0 1085.0 
MOISTER: 4033 VDDA: 2.79 Vsol: 0.21 Vbat: 3.69  NTC: 15.1 15.5 14.5 15.2  SOIL: 1897.0 1385.0 1082.0 
MOISTER: 4034 VDDA: 2.79 Vsol: 0.23 Vbat: 3.71  NTC: 15.1 15.5 14.6 15.2  SOIL: 1895.0 1388.0 1081.0 
MOISTER: 4035 VDDA: 2.80 Vsol: 0.24 Vbat: 3.76  NTC: 15.1 15.5 14.5 15.2  SOIL: 1893.0 1381.0 1081.0 
MOISTER: 4036 VDDA: 2.80 Vsol: 0.24 Vbat: 3.70  NTC: 15.1 15.4 14.5 15.2  SOIL: 1902.0 1383.0 1079.0 
MOISTER: 4037 VDDA: 2.80 Vsol: 0.23 Vbat: 3.75  NTC: 15.1 15.4 14.5 15.1  SOIL: 1900.0 1385.0 1082.0 
MOISTER: 4038 VDDA: 2.80 Vsol: 0.23 Vbat: 3.75  NTC: 15.1 15.4 14.5 15.1  SOIL: 1901.0 1380.0 1081.0 
MOISTER: 4039 VDDA: 2.79 Vsol: 0.24 Vbat: 3.74  NTC: 15.1 15.4 14.5 15.1  SOIL: 1898.0 1387.0 1087.0 
MOISTER: 4040 VDDA: 2.80 Vsol: 0.18 Vbat: 3.74  NTC: 15.0 15.4 14.5 15.1  SOIL: 1900.0 1383.0 1083.0 
MOISTER: 4041 VDDA: 2.80 Vsol: 0.22 Vbat: 3.76  NTC: 15.0 15.4 14.5 15.1  SOIL: 1901.0 1381.0 1079.0 
MOISTER: 4042 VDDA: 2.80 Vsol: 0.23 Vbat: 3.75  NTC: 15.0 15.4 14.5 15.0  SOIL: 1909.0 1382.0 1082.0 
MOISTER: 4043 VDDA: 2.81 Vsol: 0.24 Vbat: 3.75  NTC: 15.0 15.4 14.5 15.0  SOIL: 1906.0 1383.0 1086.0 
MOISTER: 4044 VDDA: 2.80 Vsol: 0.21 Vbat: 3.72  NTC: 15.0 15.4 14.5 15.0  SOIL: 1902.0 1381.0 1086.0 
MOISTER: 4045 VDDA: 2.79 Vsol: 0.19 Vbat: 3.71  NTC: 15.0 15.4 14.5 15.0  SOIL: 1901.0 1385.0 1086.0 
MOISTER: 4046 VDDA: 2.80 Vsol: 0.23 Vbat: 3.74  NTC: 15.0 15.4 14.5 15.1  SOIL: 1896.0 1381.0 1079.0 
MOISTER: 4047 VDDA: 2.79 Vsol: 0.23 Vbat: 3.68  NTC: 15.0 15.4 14.5 15.3  SOIL: 1900.0 1385.0 1083.0 
MOISTER: 4048 VDDA: 2.80 Vsol: 0.20 Vbat: 3.73  NTC: 15.0 15.4 14.5 15.3  SOIL: 1899.0 1380.0 1083.0 
MOISTER: 4049 VDDA: 2.79 Vsol: 0.21 Vbat: 3.72  NTC: 15.0 15.4 14.5 15.4  SOIL: 1900.0 1382.0 1080.0 
MOISTER: 4050 VDDA: 2.80 Vsol: 0.23 Vbat: 3.74  NTC: 15.0 15.4 14.5 15.3  SOIL: 1900.0 1383.0 1080.0 
MOISTER: 4051 VDDA: 2.79 Vsol: 0.20 Vbat: 3.72  NTC: 15.0 15.4 14.5 15.3  SOIL: 1899.0 1378.0 1078.0 
MOISTER: 4052 VDDA: 2.79 Vsol: 0.23 Vbat: 3.72  NTC: 15.0 15.4 14.4 15.2  SOIL: 1904.0 1384.0 1083.0 
MOISTER: 4053 VDDA: 2.80 Vsol: 0.24 Vbat: 3.73  NTC: 15.0 15.4 14.4 15.2  SOIL: 1898.0 1381.0 1080.0 
MOISTER: 4054 VDDA: 2.79 Vsol: 0.21 Vbat: 3.69  NTC: 15.0 15.4 14.4 15.2  SOIL: 1900.0 1381.0 1083.0 
MOISTER: 4055 VDDA: 2.80 Vsol: 0.20 Vbat: 3.69  NTC: 15.0 15.4 14.4 15.2  SOIL: 1905.0 1380.0 1083.0 
MOISTER: 4056 VDDA: 2.80 Vsol: 0.23 Vbat: 3.70  NTC: 15.0 15.4 14.4 15.2  SOIL: 1901.0 1382.0 1081.0 
MOISTER: 4057 VDDA: 2.79 Vsol: 0.23 Vbat: 3.73  NTC: 15.0 15.4 14.4 15.2  SOIL: 1904.0 1381.0 1082.0 
MOISTER: 4058 VDDA: 2.80 Vsol: 0.20 Vbat: 3.70  NTC: 15.0 15.4 14.4 15.2  SOIL: 1900.0 1382.0 1079.0 
MOISTER: 4059 VDDA: 2.80 Vsol: 0.23 Vbat: 3.69  NTC: 15.0 15.4 14.4 15.1  SOIL: 1903.0 1384.0 1085.0 
MOISTER: 4060 VDDA: 2.80 Vsol: 0.24 Vbat: 3.74  NTC: 15.0 15.4 14.4 15.0  SOIL: 1899.0 1384.0 1080.0 
MOISTER: 4061 VDDA: 2.79 Vsol: 0.20 Vbat: 3.70  NTC: 15.0 15.4 14.4 15.0  SOIL: 1898.0 1385.0 1084.0 
MOISTER: 4062 VDDA: 2.80 Vsol: 0.22 Vbat: 3.68  NTC: 14.9 15.4 14.4 15.0  SOIL: 1897.0 1386.0 1078.0 
MOISTER: 4063 VDDA: 2.80 Vsol: 0.23 Vbat: 3.73  NTC: 14.9 15.4 14.4 15.0  SOIL: 1904.0 1387.0 1085.0 
MOISTER: 4064 VDDA: 2.80 Vsol: 0.20 Vbat: 3.72  NTC: 14.9 15.4 14.4 15.0  SOIL: 1902.0 1381.0 1079.0 
MOISTER: 4065 VDDA: 2.79 Vsol: 0.23 Vbat: 3.68  NTC: 14.9 15.4 14.4 15.0  SOIL: 1900.0 1384.0 1089.0 
MOISTER: 4066 VDDA: 2.80 Vsol: 0.23 Vbat: 3.72  NTC: 14.9 15.4 14.4 15.0  SOIL: 1901.0 1386.0 1081.0 
MOISTER: 4067 VDDA: 2.80 Vsol: 0.24 Vbat: 3.69  NTC: 14.9 15.4 14.4 15.0  SOIL: 1903.0 1378.0 1084.0 
MOISTER: 4068 VDDA: 2.80 Vsol: 0.22 Vbat: 3.73  NTC: 14.9 15.3 14.4 15.0  SOIL: 1902.0 1381.0 1082.0 
MOISTER: 4069 VDDA: 2.79 Vsol: 0.23 Vbat: 3.74  NTC: 14.9 15.3 14.4 15.0  SOIL: 1896.0 1379.0 1081.0 
MOISTER: 4070 VDDA: 2.80 Vsol: 0.24 Vbat: 3.74  NTC: 14.9 15.3 14.4 15.0  SOIL: 1902.0 1381.0 1080.0 
MOISTER: 4071 VDDA: 2.80 Vsol: 0.23 Vbat: 3.74  NTC: 14.9 15.3 14.4 15.0  SOIL: 1904.0 1382.0 1088.0 
MOISTER: 4072 VDDA: 2.80 Vsol: 0.23 Vbat: 3.72  NTC: 14.9 15.3 14.4 15.0  SOIL: 1902.0 1384.0 1081.0 
MOISTER: 4073 VDDA: 2.80 Vsol: 0.19 Vbat: 3.74  NTC: 14.9 15.3 14.4 15.0  SOIL: 1899.0 1385.0 1084.0 
MOISTER: 4074 VDDA: 2.80 Vsol: 0.19 Vbat: 3.73  NTC: 14.9 15.3 14.4 14.9  SOIL: 1901.0 1385.0 1083.0 
MOISTER: 4075 VDDA: 2.79 Vsol: 0.23 Vbat: 3.74  NTC: 14.9 15.3 14.3 14.9  SOIL: 1898.0 1380.0 1081.0 
MOISTER: 4076 VDDA: 2.80 Vsol: 0.23 Vbat: 3.73  NTC: 14.9 15.3 14.3 14.8  SOIL: 1911.0 1388.0 1084.0 
MOISTER: 4077 VDDA: 2.80 Vsol: 0.24 Vbat: 3.73  NTC: 14.9 15.3 14.3 14.9  SOIL: 1905.0 1380.0 1083.0 
MOISTER: 4078 VDDA: 2.80 Vsol: 0.23 Vbat: 3.73  NTC: 14.8 15.3 14.3 15.0  SOIL: 1904.0 1384.0 1082.0 
MOISTER: 4079 VDDA: 2.80 Vsol: 0.20 Vbat: 3.70  NTC: 14.9 15.3 14.3 15.2  SOIL: 1895.0 1383.0 1080.0 
MOISTER: 4080 VDDA: 2.79 Vsol: 0.20 Vbat: 3.71  NTC: 14.9 15.3 14.3 15.2  SOIL: 1900.0 1381.0 1081.0 
MOISTER: 4081 VDDA: 2.80 Vsol: 0.23 Vbat: 3.74  NTC: 14.9 15.3 14.3 15.1  SOIL: 1899.0 1382.0 1083.0 
MOISTER: 4082 VDDA: 2.80 Vsol: 0.23 Vbat: 3.69  NTC: 14.9 15.3 14.3 15.0  SOIL: 1901.0 1385.0 1086.0 
MOISTER: 4083 VDDA: 2.81 Vsol: 0.22 Vbat: 3.74  NTC: 14.9 15.3 14.3 15.0  SOIL: 1900.0 1380.0 1080.0 
MOISTER: 4084 VDDA: 2.80 Vsol: 0.23 Vbat: 3.70  NTC: 14.8 15.3 14.3 15.0  SOIL: 1904.0 1380.0 1083.0 
MOISTER: 4085 VDDA: 2.80 Vsol: 0.21 Vbat: 3.72  NTC: 14.8 15.3 14.3 14.9  SOIL: 1905.0 1387.0 1083.0 
MOISTER: 4086 VDDA: 2.80 Vsol: 0.22 Vbat: 3.73  NTC: 14.8 15.3 14.3 14.9  SOIL: 1899.0 1384.0 1082.0 
MOISTER: 4087 VDDA: 2.80 Vsol: 0.24 Vbat: 3.69  NTC: 14.8 15.3 14.3 14.9  SOIL: 1902.0 1385.0 1085.0 
MOISTER: 4088 VDDA: 2.79 Vsol: 0.18 Vbat: 3.74  NTC: 14.8 15.3 14.3 14.8  SOIL: 1905.0 1385.0 1085.0 
MOISTER: 4089 VDDA: 2.80 Vsol: 0.22 Vbat: 3.74  NTC: 14.8 15.3 14.3 14.9  SOIL: 1904.0 1380.0 1082.0 
MOISTER: 4090 VDDA: 2.79 Vsol: 0.21 Vbat: 3.70  NTC: 14.8 15.2 14.3 15.0  SOIL: 1906.0 1389.0 1087.0 
MOISTER: 4091 VDDA: 2.80 Vsol: 0.24 Vbat: 3.70  NTC: 14.8 15.3 14.3 15.0  SOIL: 1900.0 1384.0 1085.0 
MOISTER: 4092 VDDA: 2.80 Vsol: 0.21 Vbat: 3.74  NTC: 14.8 15.2 14.3 15.0  SOIL: 1898.0 1383.0 1084.0 
MOISTER: 4093 VDDA: 2.80 Vsol: 0.23 Vbat: 3.73  NTC: 14.8 15.2 14.3 15.0  SOIL: 1905.0 1382.0 1085.0 
MOISTER: 4094 VDDA: 2.79 Vsol: 0.23 Vbat: 3.70  NTC: 14.8 15.2 14.2 15.0  SOIL: 1901.0 1388.0 1086.0 
MOISTER: 4095 VDDA: 2.79 Vsol: 0.21 Vbat: 3.74  NTC: 14.8 15.2 14.2 14.9  SOIL: 1905.0 1382.0 1088.0 
MOISTER: 4096 VDDA: 2.79 Vsol: 0.22 Vbat: 3.70  NTC: 14.8 15.2 14.2 14.9  SOIL: 1908.0 1384.0 1086.0 
MOISTER: 4097 VDDA: 2.80 Vsol: 0.18 Vbat: 3.73  NTC: 14.8 15.2 14.2 14.9  SOIL: 1905.0 1386.0 1084.0 
MOISTER: 4098 VDDA: 2.79 Vsol: 0.23 Vbat: 3.73  NTC: 14.8 15.2 14.2 14.9  SOIL: 1900.0 1381.0 1086.0 
MOISTER: 4099 VDDA: 2.80 Vsol: 0.21 Vbat: 3.73  NTC: 14.8 15.2 14.2 14.8  SOIL: 1898.0 1388.0 1088.0 
MOISTER: 4100 VDDA: 2.80 Vsol: 0.22 Vbat: 3.74  NTC: 14.8 15.2 14.2 14.9  SOIL: 1907.0 1386.0 1081.0 
MOISTER: 4101 VDDA: 2.79 Vsol: 0.23 Vbat: 3.72  NTC: 14.8 15.2 14.2 14.9  SOIL: 1903.0 1384.0 1088.0 
MOISTER: 4102 VDDA: 2.79 Vsol: 0.23 Vbat: 3.71  NTC: 14.8 15.2 14.2 14.9  SOIL: 1908.0 1390.0 1086.0 
MOISTER: 4103 VDDA: 2.79 Vsol: 0.19 Vbat: 3.70  NTC: 14.8 15.2 14.2 14.8  SOIL: 1906.0 1382.0 1085.0 
MOISTER: 4104 VDDA: 2.80 Vsol: 0.18 Vbat: 3.71  NTC: 14.8 15.2 14.2 14.8  SOIL: 1904.0 1382.0 1082.0 
MOISTER: 4105 VDDA: 2.80 Vsol: 0.20 Vbat: 3.74  NTC: 14.8 15.2 14.2 14.7  SOIL: 1902.0 1382.0 1081.0 
MOISTER: 4106 VDDA: 2.79 Vsol: 0.18 Vbat: 3.73  NTC: 14.8 15.2 14.2 14.7  SOIL: 1908.0 1389.0 1086.0 
MOISTER: 4107 VDDA: 2.79 Vsol: 0.19 Vbat: 3.69  NTC: 14.8 15.2 14.2 14.7  SOIL: 1906.0 1388.0 1087.0 
MOISTER: 4108 VDDA: 2.79 Vsol: 0.20 Vbat: 3.70  NTC: 14.8 15.2 14.2 14.7  SOIL: 1896.0 1385.0 1086.0 
MOISTER: 4109 VDDA: 2.80 Vsol: 0.23 Vbat: 3.70  NTC: 14.8 15.2 14.2 14.7  SOIL: 1901.0 1385.0 1084.0 
MOISTER: 4110 VDDA: 2.79 Vsol: 0.19 Vbat: 3.70  NTC: 14.8 15.2 14.2 14.7  SOIL: 1902.0 1385.0 1087.0 
MOISTER: 4111 VDDA: 2.79 Vsol: 0.22 Vbat: 3.70  NTC: 14.8 15.2 14.2 14.7  SOIL: 1903.0 1388.0 1081.0 
MOISTER: 4112 VDDA: 2.80 Vsol: 0.20 Vbat: 3.73  NTC: 14.8 15.2 14.2 14.7  SOIL: 1904.0 1381.0 1083.0 
MOISTER: 4113 VDDA: 2.80 Vsol: 0.19 Vbat: 3.68  NTC: 14.8 15.1 14.2 14.7  SOIL: 1899.0 1388.0 1087.0 
MOISTER: 4114 VDDA: 2.80 Vsol: 0.23 Vbat: 3.74  NTC: 14.8 15.1 14.2 14.7  SOIL: 1901.0 1380.0 1086.0 
MOISTER: 4115 VDDA: 2.79 Vsol: 0.21 Vbat: 3.68  NTC: 14.7 15.1 14.2 14.7  SOIL: 1902.0 1385.0 1088.0 
MOISTER: 4116 VDDA: 2.79 Vsol: 0.24 Vbat: 3.73  NTC: 14.8 15.1 14.2 14.7  SOIL: 1910.0 1386.0 1082.0 
MOISTER: 4117 VDDA: 2.79 Vsol: 0.18 Vbat: 3.68  NTC: 14.7 15.1 14.2 14.7  SOIL: 1903.0 1385.0 1085.0 
MOISTER: 4118 VDDA: 2.80 Vsol: 0.23 Vbat: 3.69  NTC: 14.7 15.1 14.2 14.6  SOIL: 1903.0 1384.0 1084.0 
MOISTER: 4119 VDDA: 2.80 Vsol: 0.24 Vbat: 3.72  NTC: 14.7 15.1 14.2 14.6  SOIL: 1912.0 1388.0 1087.0 
MOISTER: 4120 VDDA: 2.80 Vsol: 0.23 Vbat: 3.71  NTC: 14.7 15.1 14.2 14.7  SOIL: 1908.0 1381.0 1084.0 
MOISTER: 4121 VDDA: 2.79 Vsol: 0.20 Vbat: 3.69  NTC: 14.7 15.1 14.2 14.8  SOIL: 1902.0 1387.0 1086.0 
MOISTER: 4122 VDDA: 2.80 Vsol: 0.20 Vbat: 3.70  NTC: 14.7 15.1 14.2 14.9  SOIL: 1905.0 1384.0 1087.0 
MOISTER: 4123 VDDA: 2.81 Vsol: 0.22 Vbat: 3.69  NTC: 14.7 15.1 14.2 14.9  SOIL: 1908.0 1387.0 1085.0 
MOISTER: 4124 VDDA: 2.80 Vsol: 0.20 Vbat: 3.72  NTC: 14.7 15.1 14.2 14.8  SOIL: 1910.0 1384.0 1085.0 
MOISTER: 4125 VDDA: 2.81 Vsol: 0.19 Vbat: 3.74  NTC: 14.7 15.1 14.2 14.7  SOIL: 1902.0 1388.0 1081.0 
MOISTER: 4126 VDDA: 2.80 Vsol: 0.24 Vbat: 3.71  NTC: 14.7 15.1 14.1 14.6  SOIL: 1907.0 1391.0 1088.0 
MOISTER: 4127 VDDA: 2.81 Vsol: 0.21 Vbat: 3.69  NTC: 14.7 15.1 14.1 14.6  SOIL: 1910.0 1387.0 1087.0 
MOISTER: 4128 VDDA: 2.79 Vsol: 0.19 Vbat: 3.74  NTC: 14.7 15.1 14.1 14.6  SOIL: 1906.0 1388.0 1084.0 
MOISTER: 4129 VDDA: 2.79 Vsol: 0.23 Vbat: 3.73  NTC: 14.7 15.0 14.1 14.6  SOIL: 1909.0 1386.0 1089.0 
MOISTER: 4130 VDDA: 2.79 Vsol: 0.22 Vbat: 3.72  NTC: 14.7 15.0 14.1 14.7  SOIL: 1912.0 1386.0 1087.0 
MOISTER: 4131 VDDA: 2.80 Vsol: 0.20 Vbat: 3.71  NTC: 14.7 15.0 14.1 14.7  SOIL: 1903.0 1386.0 1087.0 
MOISTER: 4132 VDDA: 2.79 Vsol: 0.23 Vbat: 3.71  NTC: 14.7 15.0 14.1 14.7  SOIL: 1904.0 1388.0 1083.0 
MOISTER: 4133 VDDA: 2.79 Vsol: 0.21 Vbat: 3.72  NTC: 14.7 15.0 14.1 14.6  SOIL: 1901.0 1388.0 1089.0 
MOISTER: 4134 VDDA: 2.79 Vsol: 0.22 Vbat: 3.74  NTC: 14.7 15.0 14.1 14.6  SOIL: 1903.0 1381.0 1086.0 
MOISTER: 4135 VDDA: 2.79 Vsol: 0.23 Vbat: 3.73  NTC: 14.7 15.0 14.1 14.6  SOIL: 1916.0 1383.0 1086.0 
MOISTER: 4136 VDDA: 2.79 Vsol: 0.22 Vbat: 3.74  NTC: 14.7 15.0 14.1 14.6  SOIL: 1913.0 1386.0 1087.0 
MOISTER: 4137 VDDA: 2.80 Vsol: 0.24 Vbat: 3.69  NTC: 14.6 15.0 14.1 14.6  SOIL: 1905.0 1386.0 1081.0 
MOISTER: 4138 VDDA: 2.80 Vsol: 0.23 Vbat: 3.69  NTC: 14.6 15.0 14.1 14.6  SOIL: 1901.0 1386.0 1084.0 
MOISTER: 4139 VDDA: 2.80 Vsol: 0.23 Vbat: 3.72  NTC: 14.6 15.0 14.0 14.6  SOIL: 1907.0 1381.0 1082.0 
MOISTER: 4140 VDDA: 2.80 Vsol: 0.19 Vbat: 3.74  NTC: 14.6 15.0 14.1 14.6  SOIL: 1913.0 1386.0 1083.0 
MOISTER: 4141 VDDA: 2.80 Vsol: 0.23 Vbat: 3.75  NTC: 14.6 15.0 14.0 14.6  SOIL: 1910.0 1386.0 1085.0 
MOISTER: 4142 VDDA: 2.80 Vsol: 0.19 Vbat: 3.69  NTC: 14.6 15.0 14.0 14.5  SOIL: 1914.0 1386.0 1090.0 
MOISTER: 4143 VDDA: 2.79 Vsol: 0.21 Vbat: 3.72  NTC: 14.6 15.0 14.0 14.6  SOIL: 1909.0 1389.0 1088.0 
MOISTER: 4144 VDDA: 2.79 Vsol: 0.21 Vbat: 3.68  NTC: 14.6 15.0 14.0 14.6  SOIL: 1903.0 1385.0 1090.0 
MOISTER: 4145 VDDA: 2.79 Vsol: 0.21 Vbat: 3.68  NTC: 14.6 15.0 14.0 14.6  SOIL: 1904.0 1383.0 1085.0 
MOISTER: 4146 VDDA: 2.80 Vsol: 0.23 Vbat: 3.74  NTC: 14.6 15.0 14.0 14.5  SOIL: 1908.0 1388.0 1087.0 
MOISTER: 4147 VDDA: 2.80 Vsol: 0.24 Vbat: 3.74  NTC: 14.6 15.0 14.0 14.5  SOIL: 1904.0 1388.0 1085.0 
MOISTER: 4148 VDDA: 2.79 Vsol: 0.22 Vbat: 3.69  NTC: 14.6 14.9 14.0 14.5  SOIL: 1905.0 1385.0 1088.0 
MOISTER: 4149 VDDA: 2.79 Vsol: 0.24 Vbat: 3.75  NTC: 14.6 14.9 14.0 14.5  SOIL: 1912.0 1384.0 1087.0 
MOISTER: 4150 VDDA: 2.80 Vsol: 0.19 Vbat: 3.71  NTC: 14.6 14.9 14.0 14.5  SOIL: 1910.0 1384.0 1085.0 
MOISTER: 4151 VDDA: 2.80 Vsol: 0.25 Vbat: 3.73  NTC: 14.6 14.9 14.0 14.5  SOIL: 1906.0 1385.0 1083.0 
MOISTER: 4152 VDDA: 2.80 Vsol: 0.20 Vbat: 3.68  NTC: 14.6 14.9 14.0 14.5  SOIL: 1909.0 1388.0 1086.0 
MOISTER: 4153 VDDA: 2.79 Vsol: 0.19 Vbat: 3.71  NTC: 14.6 14.9 14.0 14.5  SOIL: 1913.0 1391.0 1091.0 
MOISTER: 4154 VDDA: 2.80 Vsol: 0.21 Vbat: 3.70  NTC: 14.6 14.9 14.0 14.4  SOIL: 1912.0 1385.0 1085.0 
MOISTER: 4155 VDDA: 2.80 Vsol: 0.19 Vbat: 3.70  NTC: 14.6 14.9 14.0 14.4  SOIL: 1907.0 1389.0 1092.0 
MOISTER: 4156 VDDA: 2.80 Vsol: 0.20 Vbat: 3.70  NTC: 14.5 14.9 14.0 14.4  SOIL: 1906.0 1388.0 1085.0 
MOISTER: 4157 VDDA: 2.79 Vsol: 0.23 Vbat: 3.68  NTC: 14.5 14.9 14.0 14.5  SOIL: 1911.0 1389.0 1085.0 
MOISTER: 4158 VDDA: 2.79 Vsol: 0.25 Vbat: 3.71  NTC: 14.5 14.9 14.0 14.5  SOIL: 1908.0 1381.0 1086.0 
MOISTER: 4159 VDDA: 2.80 Vsol: 0.20 Vbat: 3.76  NTC: 14.5 14.9 14.0 14.5  SOIL: 1912.0 1385.0 1085.0 
MOISTER: 4160 VDDA: 2.81 Vsol: 0.21 Vbat: 3.74  NTC: 14.5 14.9 14.0 14.5  SOIL: 1910.0 1388.0 1085.0 
MOISTER: 4161 VDDA: 2.80 Vsol: 0.27 Vbat: 3.75  NTC: 14.5 14.9 14.0 14.5  SOIL: 1904.0 1383.0 1090.0 
MOISTER: 4162 VDDA: 2.79 Vsol: 0.24 Vbat: 3.69  NTC: 14.5 14.9 14.0 14.5  SOIL: 1911.0 1385.0 1087.0 
MOISTER: 4163 VDDA: 2.81 Vsol: 0.34 Vbat: 3.69  NTC: 14.5 14.9 14.0 14.5  SOIL: 1909.0 1389.0 1083.0 
MOISTER: 4164 VDDA: 2.79 Vsol: 0.38 Vbat: 3.69  NTC: 14.5 14.9 13.9 14.5  SOIL: 1914.0 1391.0 1085.0 
MOISTER: 4165 VDDA: 2.80 Vsol: 0.37 Vbat: 3.70  NTC: 14.5 14.9 13.9 14.5  SOIL: 1914.0 1390.0 1085.0 
MOISTER: 4166 VDDA: 2.79 Vsol: 0.42 Vbat: 3.70  NTC: 14.5 14.9 13.9 14.5  SOIL: 1908.0 1388.0 1088.0 
MOISTER: 4167 VDDA: 2.80 Vsol: 0.46 Vbat: 3.71  NTC: 14.5 14.9 13.9 14.5  SOIL: 1906.0 1383.0 1090.0 
MOISTER: 4168 VDDA: 2.79 Vsol: 0.50 Vbat: 3.71  NTC: 14.5 14.9 13.9 14.7  SOIL: 1900.0 1385.0 1088.0 
MOISTER: 4169 VDDA: 2.79 Vsol: 0.55 Vbat: 3.74  NTC: 14.5 14.9 13.9 14.7  SOIL: 1905.0 1387.0 1083.0 
MOISTER: 4170 VDDA: 2.79 Vsol: 0.59 Vbat: 3.68  NTC: 14.5 14.9 13.9 14.6  SOIL: 1911.0 1389.0 1085.0 
MOISTER: 4171 VDDA: 2.80 Vsol: 0.66 Vbat: 3.72  NTC: 14.5 14.9 13.9 14.6  SOIL: 1910.0 1388.0 1085.0 
MOISTER: 4172 VDDA: 2.79 Vsol: 0.67 Vbat: 3.68  NTC: 14.5 14.9 13.9 14.5  SOIL: 1915.0 1384.0 1089.0 
MOISTER: 4173 VDDA: 2.81 Vsol: 0.73 Vbat: 3.74  NTC: 14.5 14.9 13.9 14.5  SOIL: 1911.0 1391.0 1084.0 
MOISTER: 4174 VDDA: 2.81 Vsol: 0.76 Vbat: 3.69  NTC: 14.5 14.9 13.9 14.5  SOIL: 1911.0 1390.0 1086.0 
MOISTER: 4175 VDDA: 2.79 Vsol: 0.78 Vbat: 3.74  NTC: 14.5 14.9 13.9 14.4  SOIL: 1912.0 1391.0 1088.0 
MOISTER: 4176 VDDA: 2.80 Vsol: 0.81 Vbat: 3.73  NTC: 14.4 14.8 13.9 14.4  SOIL: 1904.0 1388.0 1084.0 
MOISTER: 4177 VDDA: 2.79 Vsol: 0.83 Vbat: 3.74  NTC: 14.4 14.8 13.9 14.4  SOIL: 1912.0 1390.0 1089.0 
MOISTER: 4178 VDDA: 2.80 Vsol: 0.85 Vbat: 3.72  NTC: 14.4 14.8 13.9 14.4  SOIL: 1906.0 1393.0 1085.0 
MOISTER: 4179 VDDA: 2.80 Vsol: 0.87 Vbat: 3.70  NTC: 14.4 14.8 13.8 14.4  SOIL: 1913.0 1388.0 1091.0 
MOISTER: 4180 VDDA: 2.80 Vsol: 0.90 Vbat: 3.72  NTC: 14.4 14.8 13.9 14.4  SOIL: 1908.0 1387.0 1085.0 
MOISTER: 4181 VDDA: 2.81 Vsol: 0.93 Vbat: 3.72  NTC: 14.4 14.8 13.8 14.3  SOIL: 1910.0 1385.0 1083.0 
MOISTER: 4182 VDDA: 2.79 Vsol: 0.93 Vbat: 3.69  NTC: 14.4 14.8 13.8 14.4  SOIL: 1910.0 1386.0 1088.0 
MOISTER: 4183 VDDA: 2.80 Vsol: 0.97 Vbat: 3.71  NTC: 14.4 14.8 13.8 14.4  SOIL: 1913.0 1389.0 1083.0 
MOISTER: 4184 VDDA: 2.79 Vsol: 0.97 Vbat: 3.68  NTC: 14.4 14.8 13.8 14.4  SOIL: 1913.0 1391.0 1085.0 
MOISTER: 4185 VDDA: 2.79 Vsol: 1.00 Vbat: 3.72  NTC: 14.4 14.8 13.8 14.5  SOIL: 1916.0 1390.0 1090.0 
MOISTER: 4186 VDDA: 2.80 Vsol: 1.02 Vbat: 3.71  NTC: 14.4 14.8 13.8 14.4  SOIL: 1907.0 1387.0 1084.0 
MOISTER: 4187 VDDA: 2.80 Vsol: 1.03 Vbat: 3.74  NTC: 14.4 14.8 13.8 14.4  SOIL: 1904.0 1384.0 1089.0 
MOISTER: 4188 VDDA: 2.80 Vsol: 1.05 Vbat: 3.74  NTC: 14.4 14.8 13.8 14.4  SOIL: 1913.0 1389.0 1088.0 
MOISTER: 4189 VDDA: 2.79 Vsol: 1.04 Vbat: 3.69  NTC: 14.4 14.8 13.8 14.4  SOIL: 1910.0 1385.0 1091.0 
MOISTER: 4190 VDDA: 2.79 Vsol: 1.07 Vbat: 3.72  NTC: 14.4 14.8 13.8 14.4  SOIL: 1908.0 1390.0 1090.0 
MOISTER: 4191 VDDA: 2.79 Vsol: 1.08 Vbat: 3.73  NTC: 14.4 14.8 13.8 14.4  SOIL: 1912.0 1384.0 1088.0 
MOISTER: 4192 VDDA: 2.79 Vsol: 1.09 Vbat: 3.72  NTC: 14.4 14.8 13.8 14.4  SOIL: 1908.0 1387.0 1086.0 
MOISTER: 4193 VDDA: 2.80 Vsol: 1.10 Vbat: 3.69  NTC: 14.4 14.8 13.8 14.3  SOIL: 1909.0 1389.0 1087.0 
MOISTER: 4194 VDDA: 2.79 Vsol: 1.13 Vbat: 3.71  NTC: 14.4 14.8 13.8 14.3  SOIL: 1914.0 1385.0 1093.0 
MOISTER: 4195 VDDA: 2.79 Vsol: 1.13 Vbat: 3.71  NTC: 14.4 14.8 13.8 14.3  SOIL: 1906.0 1388.0 1088.0 
MOISTER: 4196 VDDA: 2.80 Vsol: 1.15 Vbat: 3.69  NTC: 14.4 14.8 13.8 14.3  SOIL: 1915.0 1391.0 1089.0 
MOISTER: 4197 VDDA: 2.81 Vsol: 1.17 Vbat: 3.69  NTC: 14.4 14.8 13.7 14.3  SOIL: 1914.0 1384.0 1085.0 
MOISTER: 4198 VDDA: 2.80 Vsol: 1.18 Vbat: 3.71  NTC: 14.4 14.8 13.7 14.3  SOIL: 1908.0 1387.0 1088.0 
MOISTER: 4199 VDDA: 2.79 Vsol: 1.20 Vbat: 3.70  NTC: 14.4 14.7 13.7 14.3  SOIL: 1914.0 1391.0 1086.0 
MOISTER: 4200 VDDA: 2.80 Vsol: 1.22 Vbat: 3.75  NTC: 14.4 14.8 13.7 14.3  SOIL: 1914.0 1391.0 1086.0 
MOISTER: 4201 VDDA: 2.79 Vsol: 1.21 Vbat: 3.68  NTC: 14.4 14.7 13.7 14.4  SOIL: 1908.0 1392.0 1087.0 
MOISTER: 4202 VDDA: 2.80 Vsol: 1.25 Vbat: 3.75  NTC: 14.4 14.7 13.7 14.4  SOIL: 1914.0 1391.0 1090.0 
MOISTER: 4203 VDDA: 2.80 Vsol: 1.24 Vbat: 3.71  NTC: 14.4 14.7 13.7 14.5  SOIL: 1909.0 1387.0 1084.0 
MOISTER: 4204 VDDA: 2.79 Vsol: 1.26 Vbat: 3.71  NTC: 14.4 14.7 13.7 14.5  SOIL: 1907.0 1388.0 1092.0 
MOISTER: 4205 VDDA: 2.79 Vsol: 1.29 Vbat: 3.68  NTC: 14.4 14.7 13.7 14.5  SOIL: 1906.0 1388.0 1086.0 
MOISTER: 4206 VDDA: 2.79 Vsol: 1.30 Vbat: 3.70  NTC: 14.4 14.7 13.7 14.5  SOIL: 1909.0 1385.0 1090.0 
MOISTER: 4207 VDDA: 2.81 Vsol: 1.34 Vbat: 3.74  NTC: 14.4 14.7 13.7 14.5  SOIL: 1909.0 1389.0 1088.0 
MOISTER: 4208 VDDA: 2.80 Vsol: 1.38 Vbat: 3.75  NTC: 14.4 14.7 13.7 14.6  SOIL: 1912.0 1388.0 1087.0 
MOISTER: 4209 VDDA: 2.80 Vsol: 1.45 Vbat: 3.75  NTC: 14.4 14.7 13.7 14.6  SOIL: 1904.0 1386.0 1085.0 
MOISTER: 4210 VDDA: 2.80 Vsol: 1.57 Vbat: 3.70  NTC: 14.4 14.7 13.7 14.7  SOIL: 1914.0 1390.0 1085.0 
MOISTER: 4211 VDDA: 2.79 Vsol: 1.62 Vbat: 3.69  NTC: 14.4 14.7 13.7 14.9  SOIL: 1911.0 1387.0 1086.0 
MOISTER: 4212 VDDA: 2.79 Vsol: 1.53 Vbat: 3.70  NTC: 14.4 14.7 13.7 15.0  SOIL: 1914.0 1387.0 1087.0 
MOISTER: 4213 VDDA: 2.80 Vsol: 1.52 Vbat: 3.74  NTC: 14.4 14.7 13.7 15.1  SOIL: 1913.0 1386.0 1085.0 
MOISTER: 4214 VDDA: 2.80 Vsol: 1.64 Vbat: 3.71  NTC: 14.4 14.7 13.7 15.2  SOIL: 1915.0 1386.0 1085.0 
MOISTER: 4215 VDDA: 2.80 Vsol: 1.68 Vbat: 3.73  NTC: 14.4 14.7 13.7 15.4  SOIL: 1907.0 1381.0 1083.0 
MOISTER: 4216 VDDA: 2.81 Vsol: 1.77 Vbat: 3.72  NTC: 14.4 14.7 13.7 15.6  SOIL: 1904.0 1385.0 1083.0 
MOISTER: 4217 VDDA: 2.80 Vsol: 1.83 Vbat: 3.72  NTC: 14.4 14.7 13.7 16.2  SOIL: 1907.0 1381.0 1084.0 
MOISTER: 4218 VDDA: 2.80 Vsol: 1.81 Vbat: 3.69  NTC: 14.4 14.7 13.7 16.5  SOIL: 1903.0 1383.0 1086.0 
MOISTER: 4219 VDDA: 2.80 Vsol: 1.85 Vbat: 3.73  NTC: 14.4 14.7 13.7 16.9  SOIL: 1908.0 1392.0 1087.0 
MOISTER: 4220 VDDA: 2.79 Vsol: 1.83 Vbat: 3.73  NTC: 14.5 14.7 13.7 17.2  SOIL: 1910.0 1388.0 1085.0 
MOISTER: 4221 VDDA: 2.80 Vsol: 1.86 Vbat: 3.73  NTC: 14.5 14.7 13.7 17.5  SOIL: 1907.0 1383.0 1087.0 
MOISTER: 4222 VDDA: 2.81 Vsol: 1.87 Vbat: 3.73  NTC: 14.5 14.7 13.7 17.7  SOIL: 1910.0 1385.0 1087.0 
MOISTER: 4223 VDDA: 2.81 Vsol: 1.86 Vbat: 3.75  NTC: 14.6 14.7 13.7 18.0  SOIL: 1909.0 1386.0 1086.0 
MOISTER: 4224 VDDA: 2.81 Vsol: 1.85 Vbat: 3.73  NTC: 14.6 14.7 13.7 18.2  SOIL: 1900.0 1385.0 1086.0 
MOISTER: 4225 VDDA: 2.81 Vsol: 1.87 Vbat: 3.75  NTC: 14.7 14.7 13.7 18.5  SOIL: 1903.0 1381.0 1087.0 
MOISTER: 4226 VDDA: 2.80 Vsol: 1.88 Vbat: 3.70  NTC: 14.7 14.7 13.7 18.9  SOIL: 1903.0 1385.0 1088.0 
MOISTER: 4227 VDDA: 2.79 Vsol: 1.88 Vbat: 3.74  NTC: 14.8 14.7 13.7 19.1  SOIL: 1894.0 1383.0 1089.0 
MOISTER: 4228 VDDA: 2.79 Vsol: 1.89 Vbat: 3.71  NTC: 14.8 14.7 13.7 19.4  SOIL: 1902.0 1388.0 1086.0 
MOISTER: 4229 VDDA: 2.80 Vsol: 1.88 Vbat: 3.73  NTC: 14.8 14.8 13.7 19.7  SOIL: 1901.0 1381.0 1086.0 
MOISTER: 4230 VDDA: 2.80 Vsol: 1.87 Vbat: 3.71  NTC: 14.9 14.8 13.8 20.0  SOIL: 1905.0 1386.0 1088.0 
MOISTER: 4231 VDDA: 2.80 Vsol: 1.88 Vbat: 3.72  NTC: 14.9 14.8 13.8 20.1  SOIL: 1903.0 1388.0 1088.0 
MOISTER: 4232 VDDA: 2.80 Vsol: 1.91 Vbat: 3.74  NTC: 15.0 14.8 13.8 20.3  SOIL: 1900.0 1384.0 1092.0 
MOISTER: 4233 VDDA: 2.80 Vsol: 1.89 Vbat: 3.73  NTC: 15.1 14.9 13.8 20.5  SOIL: 1901.0 1383.0 1093.0 
MOISTER: 4234 VDDA: 2.80 Vsol: 1.91 Vbat: 3.74  NTC: 15.2 14.9 13.9 20.7  SOIL: 1899.0 1387.0 1091.0 
MOISTER: 4235 VDDA: 2.81 Vsol: 1.92 Vbat: 3.77  NTC: 15.3 14.9 13.9 20.9  SOIL: 1907.0 1385.0 1087.0 
MOISTER: 4236 VDDA: 2.81 Vsol: 1.91 Vbat: 3.76  NTC: 15.3 14.9 13.9 21.1  SOIL: 1904.0 1385.0 1092.0 
MOISTER: 4237 VDDA: 2.79 Vsol: 1.91 Vbat: 3.75  NTC: 15.3 14.9 14.0 21.2  SOIL: 1899.0 1384.0 1088.0 
MOISTER: 4238 VDDA: 2.79 Vsol: 1.89 Vbat: 3.69  NTC: 15.4 15.0 14.0 21.5  SOIL: 1896.0 1379.0 1085.0 
MOISTER: 4239 VDDA: 2.80 Vsol: 1.92 Vbat: 3.74  NTC: 15.5 15.0 14.0 21.7  SOIL: 1891.0 1383.0 1090.0 
MOISTER: 4240 VDDA: 2.80 Vsol: 1.92 Vbat: 3.74  NTC: 15.6 15.1 14.0 22.2  SOIL: 1897.0 1384.0 1090.0 
MOISTER: 4241 VDDA: 2.80 Vsol: 1.93 Vbat: 3.75  NTC: 15.7 15.1 14.1 22.6  SOIL: 1888.0 1382.0 1093.0 
MOISTER: 4242 VDDA: 2.79 Vsol: 1.91 Vbat: 3.70  NTC: 15.8 15.2 14.2 23.0  SOIL: 1891.0 1387.0 1088.0 
MOISTER: 4243 VDDA: 2.80 Vsol: 1.91 Vbat: 3.72  NTC: 15.8 15.2 14.2 23.3  SOIL: 1894.0 1381.0 1092.0 
MOISTER: 4244 VDDA: 2.80 Vsol: 1.91 Vbat: 3.72  NTC: 16.0 15.3 14.2 23.6  SOIL: 1893.0 1383.0 1091.0 
MOISTER: 4245 VDDA: 2.79 Vsol: 1.93 Vbat: 3.76  NTC: 16.0 15.3 14.2 23.3  SOIL: 1891.0 1384.0 1087.0 
MOISTER: 4246 VDDA: 2.80 Vsol: 1.90 Vbat: 3.74  NTC: 16.1 15.3 14.3 23.2  SOIL: 1886.0 1379.0 1085.0 
MOISTER: 4247 VDDA: 2.79 Vsol: 1.88 Vbat: 3.71  NTC: 16.2 15.4 14.3 23.1  SOIL: 1890.0 1377.0 1089.0 
MOISTER: 4248 VDDA: 2.80 Vsol: 1.93 Vbat: 3.76  NTC: 16.3 15.4 14.4 23.0  SOIL: 1885.0 1384.0 1085.0 
MOISTER: 4249 VDDA: 2.80 Vsol: 1.93 Vbat: 3.75  NTC: 16.3 15.4 14.5 23.2  SOIL: 1887.0 1378.0 1083.0 
MOISTER: 4250 VDDA: 2.79 Vsol: 1.93 Vbat: 3.74  NTC: 16.4 15.5 14.5 23.4  SOIL: 1894.0 1382.0 1091.0 
MOISTER: 4251 VDDA: 2.81 Vsol: 1.92 Vbat: 3.72  NTC: 16.5 15.6 14.6 23.6  SOIL: 1883.0 1380.0 1083.0 
MOISTER: 4252 VDDA: 2.79 Vsol: 1.94 Vbat: 3.73  NTC: 16.6 15.6 14.6 24.0  SOIL: 1882.0 1379.0 1082.0 
MOISTER: 4253 VDDA: 2.79 Vsol: 1.93 Vbat: 3.75  NTC: 16.7 15.7 14.6 24.3  SOIL: 1887.0 1374.0 1088.0 
MOISTER: 4254 VDDA: 2.80 Vsol: 1.91 Vbat: 3.74  NTC: 16.7 15.7 14.7 24.0  SOIL: 1882.0 1377.0 1082.0 
MOISTER: 4255 VDDA: 2.79 Vsol: 1.92 Vbat: 3.73  NTC: 16.8 15.8 14.8 24.2  SOIL: 1884.0 1380.0 1085.0 
MOISTER: 4256 VDDA: 2.80 Vsol: 1.94 Vbat: 3.74  NTC: 16.9 15.8 14.9 24.5  SOIL: 1885.0 1380.0 1087.0 
MOISTER: 4257 VDDA: 2.81 Vsol: 1.92 Vbat: 3.73  NTC: 17.0 15.9 14.9 24.7  SOIL: 1883.0 1376.0 1088.0 
MOISTER: 4258 VDDA: 2.80 Vsol: 1.92 Vbat: 3.71  NTC: 17.1 15.9 15.0 24.9  SOIL: 1877.0 1376.0 1082.0 
MOISTER: 4259 VDDA: 2.79 Vsol: 2.42 Vbat: 3.72  NTC: 17.2 16.0 15.1 25.0  SOIL: 1879.0 1372.0 1081.0 
MOISTER: 4260 VDDA: 2.81 Vsol: 1.83 Vbat: 3.74  NTC: 17.2 16.1 15.1 24.2  SOIL: 1883.0 1375.0 1084.0 
MOISTER: 4261 VDDA: 2.80 Vsol: 1.84 Vbat: 3.72  NTC: 17.3 16.1 15.2 23.3  SOIL: 1874.0 1374.0 1080.0 
MOISTER: 4262 VDDA: 2.80 Vsol: 1.89 Vbat: 3.71  NTC: 17.3 16.2 15.3 23.2  SOIL: 1881.0 1376.0 1082.0 
MOISTER: 4263 VDDA: 2.79 Vsol: 1.92 Vbat: 3.73  NTC: 17.4 16.2 15.3 23.8  SOIL: 1876.0 1371.0 1084.0 
MOISTER: 4264 VDDA: 2.80 Vsol: 2.01 Vbat: 3.77  NTC: 17.5 16.4 15.4 24.5  SOIL: 1879.0 1370.0 1083.0 
MOISTER: 4265 VDDA: 2.81 Vsol: 1.92 Vbat: 3.74  NTC: 17.5 16.4 15.5 25.1  SOIL: 1884.0 1376.0 1083.0 
MOISTER: 4266 VDDA: 2.80 Vsol: 2.01 Vbat: 3.77  NTC: 17.7 16.4 15.6 25.6  SOIL: 1880.0 1373.0 1088.0 
MOISTER: 4267 VDDA: 2.80 Vsol: 1.99 Vbat: 3.73  NTC: 17.7 16.5 15.6 25.8  SOIL: 1880.0 1374.0 1082.0 
MOISTER: 4268 VDDA: 2.80 Vsol: 1.98 Vbat: 3.74  NTC: 17.8 16.5 15.7 25.9  SOIL: 1879.0 1373.0 1080.0 
MOISTER: 4269 VDDA: 2.80 Vsol: 2.00 Vbat: 3.77  NTC: 17.9 16.6 15.7 25.8  SOIL: 1874.0 1374.0 1081.0 
MOISTER: 4270 VDDA: 2.81 Vsol: 1.94 Vbat: 3.74  NTC: 17.9 16.6 15.8 25.8  SOIL: 1880.0 1367.0 1077.0 
MOISTER: 4271 VDDA: 2.79 Vsol: 1.92 Vbat: 3.76  NTC: 18.0 16.7 15.8 25.9  SOIL: 1879.0 1371.0 1081.0 
MOISTER: 4272 VDDA: 2.79 Vsol: 1.90 Vbat: 3.73  NTC: 18.1 16.8 15.9 25.9  SOIL: 1875.0 1371.0 1081.0 
MOISTER: 4273 VDDA: 2.80 Vsol: 2.02 Vbat: 3.77  NTC: 18.2 16.8 16.0 26.6  SOIL: 1884.0 1370.0 1081.0 
MOISTER: 4274 VDDA: 2.79 Vsol: 1.99 Vbat: 3.74  NTC: 18.3 16.9 16.1 27.2  SOIL: 1878.0 1372.0 1083.0 
MOISTER: 4275 VDDA: 2.80 Vsol: 2.02 Vbat: 3.76  NTC: 18.4 16.9 16.1 27.1  SOIL: 1878.0 1372.0 1082.0 
MOISTER: 4276 VDDA: 2.80 Vsol: 2.02 Vbat: 3.75  NTC: 18.5 17.0 16.3 27.7  SOIL: 1875.0 1372.0 1076.0 
MOISTER: 4277 VDDA: 2.80 Vsol: 2.01 Vbat: 3.77  NTC: 18.5 17.1 16.3 28.5  SOIL: 1875.0 1369.0 1080.0 
MOISTER: 4278 VDDA: 2.79 Vsol: 2.00 Vbat: 3.73  NTC: 18.7 17.1 16.4 29.1  SOIL: 1866.0 1368.0 1082.0 
MOISTER: 4279 VDDA: 2.80 Vsol: 2.01 Vbat: 3.76  NTC: 18.8 17.2 16.5 28.3  SOIL: 1871.0 1368.0 1083.0 
MOISTER: 4280 VDDA: 2.80 Vsol: 2.00 Vbat: 3.76  NTC: 18.9 17.3 16.6 28.1  SOIL: 1881.0 1372.0 1074.0 
MOISTER: 4281 VDDA: 2.80 Vsol: 2.00 Vbat: 3.74  NTC: 18.9 17.3 16.6 27.9  SOIL: 1872.0 1364.0 1078.0 
MOISTER: 4282 VDDA: 2.79 Vsol: 2.00 Vbat: 3.75  NTC: 19.0 17.4 16.7 28.5  SOIL: 1873.0 1366.0 1078.0 
MOISTER: 4283 VDDA: 2.80 Vsol: 1.99 Vbat: 3.73  NTC: 19.1 17.5 16.8 28.8  SOIL: 1874.0 1365.0 1075.0 
MOISTER: 4284 VDDA: 2.80 Vsol: 1.99 Vbat: 3.79  NTC: 19.2 17.6 16.9 28.6  SOIL: 1869.0 1364.0 1073.0 
MOISTER: 4285 VDDA: 2.80 Vsol: 2.01 Vbat: 3.76  NTC: 19.3 17.6 17.0 28.3  SOIL: 1871.0 1361.0 1071.0 
MOISTER: 4286 VDDA: 2.80 Vsol: 2.02 Vbat: 3.79  NTC: 19.4 17.7 17.0 28.2  SOIL: 1871.0 1361.0 1073.0 
MOISTER: 4287 VDDA: 2.79 Vsol: 2.00 Vbat: 3.73  NTC: 19.4 17.8 17.2 28.7  SOIL: 1868.0 1363.0 1070.0 
MOISTER: 4288 VDDA: 2.80 Vsol: 2.01 Vbat: 3.78  NTC: 19.5 17.9 17.3 29.2  SOIL: 1876.0 1364.0 1070.0 
MOISTER: 4289 VDDA: 2.79 Vsol: 2.00 Vbat: 3.76  NTC: 19.6 17.9 17.3 29.6  SOIL: 1870.0 1362.0 1073.0 
MOISTER: 4290 VDDA: 2.80 Vsol: 2.00 Vbat: 3.73  NTC: 19.7 18.0 17.4 30.2  SOIL: 1871.0 1365.0 1072.0 
MOISTER: 4291 VDDA: 2.79 Vsol: 2.00 Vbat: 3.74  NTC: 19.9 18.1 17.5 30.1  SOIL: 1870.0 1362.0 1070.0 
MOISTER: 4292 VDDA: 2.80 Vsol: 2.00 Vbat: 3.78  NTC: 19.9 18.1 17.6 30.3  SOIL: 1869.0 1365.0 1072.0 
MOISTER: 4293 VDDA: 2.80 Vsol: 2.00 Vbat: 3.76  NTC: 20.0 18.3 17.7 30.2  SOIL: 1873.0 1363.0 1070.0 
MOISTER: 4294 VDDA: 2.80 Vsol: 2.00 Vbat: 3.73  NTC: 20.1 18.3 17.8 29.7  SOIL: 1862.0 1359.0 1066.0 
MOISTER: 4295 VDDA: 2.79 Vsol: 2.01 Vbat: 3.76  NTC: 20.2 18.4 17.9 29.7  SOIL: 1864.0 1361.0 1066.0 
MOISTER: 4296 VDDA: 2.80 Vsol: 1.99 Vbat: 3.72  NTC: 20.3 18.4 18.0 29.6  SOIL: 1863.0 1358.0 1065.0 
MOISTER: 4297 VDDA: 2.80 Vsol: 2.03 Vbat: 3.76  NTC: 20.3 18.5 18.1 29.5  SOIL: 1867.0 1357.0 1067.0 
MOISTER: 4298 VDDA: 2.80 Vsol: 2.00 Vbat: 3.78  NTC: 20.4 18.6 18.1 29.8  SOIL: 1865.0 1358.0 1069.0 
MOISTER: 4299 VDDA: 2.80 Vsol: 2.03 Vbat: 3.76  NTC: 20.5 18.7 18.2 30.0  SOIL: 1860.0 1359.0 1068.0 
MOISTER: 4300 VDDA: 2.79 Vsol: 2.01 Vbat: 3.77  NTC: 20.6 18.8 18.3 30.2  SOIL: 1861.0 1359.0 1066.0 
MOISTER: 4301 VDDA: 2.80 Vsol: 2.00 Vbat: 3.78  NTC: 20.6 18.9 18.4 30.7  SOIL: 1867.0 1357.0 1065.0 
MOISTER: 4302 VDDA: 2.79 Vsol: 2.02 Vbat: 3.74  NTC: 20.7 18.9 18.5 30.5  SOIL: 1866.0 1357.0 1068.0 
MOISTER: 4303 VDDA: 2.79 Vsol: 2.01 Vbat: 3.74  NTC: 20.8 19.0 18.6 30.5  SOIL: 1859.0 1354.0 1064.0 
MOISTER: 4304 VDDA: 2.80 Vsol: 1.97 Vbat: 3.74  NTC: 20.9 19.1 18.7 30.1  SOIL: 1864.0 1350.0 1065.0 
MOISTER: 4305 VDDA: 2.79 Vsol: 1.99 Vbat: 3.77  NTC: 20.9 19.2 18.8 30.0  SOIL: 1863.0 1355.0 1062.0 
MOISTER: 4306 VDDA: 2.79 Vsol: 2.49 Vbat: 3.72  NTC: 21.0 19.3 18.9 30.0  SOIL: 1858.0 1353.0 1061.0 
MOISTER: 4307 VDDA: 2.80 Vsol: 2.00 Vbat: 3.75  NTC: 21.1 19.3 19.0 29.7  SOIL: 1858.0 1351.0 1063.0 
MOISTER: 4308 VDDA: 2.79 Vsol: 2.04 Vbat: 3.76  NTC: 21.2 19.4 19.0 29.9  SOIL: 1861.0 1354.0 1061.0 
MOISTER: 4309 VDDA: 2.80 Vsol: 2.04 Vbat: 3.78  NTC: 21.2 19.5 19.1 30.0  SOIL: 1866.0 1358.0 1057.0 
MOISTER: 4310 VDDA: 2.80 Vsol: 2.05 Vbat: 3.78  NTC: 21.2 19.5 19.2 30.4  SOIL: 1860.0 1352.0 1061.0 
MOISTER: 4311 VDDA: 2.79 Vsol: 2.04 Vbat: 3.75  NTC: 21.3 19.6 19.3 30.8  SOIL: 1865.0 1354.0 1061.0 
MOISTER: 4312 VDDA: 2.81 Vsol: 2.03 Vbat: 3.78  NTC: 21.4 19.7 19.4 31.0  SOIL: 1858.0 1352.0 1058.0 
MOISTER: 4313 VDDA: 2.80 Vsol: 1.98 Vbat: 3.74  NTC: 21.5 19.8 19.5 30.9  SOIL: 1862.0 1353.0 1060.0 
MOISTER: 4314 VDDA: 2.80 Vsol: 2.00 Vbat: 3.78  NTC: 21.6 19.8 19.5 30.5  SOIL: 1869.0 1353.0 1055.0 
MOISTER: 4315 VDDA: 2.80 Vsol: 2.03 Vbat: 3.77  NTC: 21.7 20.0 19.7 30.0  SOIL: 1871.0 1352.0 1058.0 
MOISTER: 4316 VDDA: 2.80 Vsol: 2.03 Vbat: 3.77  NTC: 21.8 20.1 19.8 31.9  SOIL: 1863.0 1349.0 1063.0 
MOISTER: 4317 VDDA: 2.80 Vsol: 2.03 Vbat: 3.75  NTC: 21.8 20.1 19.9 32.7  SOIL: 1861.0 1348.0 1058.0 
MOISTER: 4318 VDDA: 2.80 Vsol: 2.04 Vbat: 3.76  NTC: 21.9 20.2 20.0 32.2  SOIL: 1866.0 1351.0 1059.0 
MOISTER: 4319 VDDA: 2.80 Vsol: 2.03 Vbat: 3.78  NTC: 22.0 20.3 20.0 31.9  SOIL: 1861.0 1345.0 1054.0 
MOISTER: 4320 VDDA: 2.79 Vsol: 2.04 Vbat: 3.76  NTC: 22.0 20.3 20.1 30.9  SOIL: 1861.0 1348.0 1057.0 
MOISTER: 4322 VDDA: 2.80 Vsol: 2.03 Vbat: 3.76  NTC: 22.1 20.4 20.2 30.4  SOIL: 1863.0 1353.0 1060.0 
MOISTER: 4323 VDDA: 2.80 Vsol: 2.05 Vbat: 3.78  NTC: 22.2 20.5 20.4 31.3  SOIL: 1858.0 1348.0 1053.0 
MOISTER: 4324 VDDA: 2.80 Vsol: 2.03 Vbat: 3.78  NTC: 22.3 20.6 20.4 32.0  SOIL: 1860.0 1349.0 1055.0 
MOISTER: 4325 VDDA: 2.79 Vsol: 2.02 Vbat: 3.76  NTC: 22.4 20.7 20.5 33.7  SOIL: 1865.0 1349.0 1057.0 
MOISTER: 4326 VDDA: 2.79 Vsol: 2.03 Vbat: 3.77  NTC: 22.5 20.7 20.6 33.9  SOIL: 1856.0 1344.0 1052.0 
MOISTER: 4327 VDDA: 2.79 Vsol: 2.01 Vbat: 3.76  NTC: 22.6 20.8 20.7 33.4  SOIL: 1856.0 1341.0 1055.0 
MOISTER: 4328 VDDA: 2.79 Vsol: 2.03 Vbat: 3.77  NTC: 22.7 20.9 20.8 33.4  SOIL: 1853.0 1347.0 1051.0 
MOISTER: 4329 VDDA: 2.80 Vsol: 2.02 Vbat: 3.78  NTC: 22.8 21.0 20.9 32.8  SOIL: 1855.0 1346.0 1049.0 
MOISTER: 4330 VDDA: 2.80 Vsol: 2.02 Vbat: 3.76  NTC: 22.9 21.1 21.0 32.4  SOIL: 1863.0 1351.0 1051.0 
MOISTER: 4331 VDDA: 2.79 Vsol: 2.04 Vbat: 3.77  NTC: 22.9 21.2 21.1 32.0  SOIL: 1858.0 1351.0 1052.0 
MOISTER: 4332 VDDA: 2.80 Vsol: 2.03 Vbat: 3.77  NTC: 23.0 21.2 21.2 31.8  SOIL: 1862.0 1347.0 1053.0 
MOISTER: 4333 VDDA: 2.79 Vsol: 2.00 Vbat: 3.78  NTC: 23.0 21.3 21.3 33.1  SOIL: 1858.0 1344.0 1050.0 
MOISTER: 4334 VDDA: 2.80 Vsol: 2.02 Vbat: 3.77  NTC: 23.2 21.3 21.4 33.0  SOIL: 1855.0 1345.0 1047.0 
MOISTER: 4335 VDDA: 2.79 Vsol: 2.03 Vbat: 3.77  NTC: 23.2 21.4 21.5 32.3  SOIL: 1861.0 1348.0 1049.0 
MOISTER: 4336 VDDA: 2.80 Vsol: 2.04 Vbat: 3.78  NTC: 23.3 21.5 21.6 31.9  SOIL: 1857.0 1347.0 1046.0 
MOISTER: 4337 VDDA: 2.80 Vsol: 2.03 Vbat: 3.76  NTC: 23.4 21.6 21.7 32.4  SOIL: 1855.0 1339.0 1042.0 
MOISTER: 4338 VDDA: 2.80 Vsol: 2.03 Vbat: 3.76  NTC: 23.4 21.7 21.7 33.2  SOIL: 1855.0 1346.0 1044.0 
MOISTER: 4339 VDDA: 2.80 Vsol: 2.02 Vbat: 3.79  NTC: 23.5 21.7 21.8 33.6  SOIL: 1852.0 1341.0 1047.0 
MOISTER: 4340 VDDA: 2.79 Vsol: 2.01 Vbat: 3.79  NTC: 23.6 21.8 21.9 33.0  SOIL: 1849.0 1345.0 1045.0 
MOISTER: 4341 VDDA: 2.81 Vsol: 2.04 Vbat: 3.79  NTC: 23.7 21.9 22.0 33.2  SOIL: 1857.0 1341.0 1042.0 
MOISTER: 4342 VDDA: 2.80 Vsol: 2.03 Vbat: 3.79  NTC: 23.7 22.0 22.1 33.1  SOIL: 1853.0 1342.0 1041.0 
MOISTER: 4343 VDDA: 2.79 Vsol: 2.02 Vbat: 3.77  NTC: 23.8 22.0 22.2 33.8  SOIL: 1860.0 1347.0 1041.0 
MOISTER: 4344 VDDA: 2.80 Vsol: 2.01 Vbat: 3.79  NTC: 23.9 22.1 22.3 34.3  SOIL: 1853.0 1341.0 1046.0 
MOISTER: 4345 VDDA: 2.80 Vsol: 1.99 Vbat: 3.79  NTC: 24.1 22.2 22.4 34.6  SOIL: 1858.0 1342.0 1043.0 
MOISTER: 4346 VDDA: 2.79 Vsol: 2.01 Vbat: 3.77  NTC: 24.1 22.3 22.4 33.8  SOIL: 1855.0 1343.0 1040.0 
MOISTER: 4347 VDDA: 2.79 Vsol: 2.01 Vbat: 3.79  NTC: 24.2 22.4 22.5 33.3  SOIL: 1858.0 1345.0 1041.0 
MOISTER: 4348 VDDA: 2.79 Vsol: 2.03 Vbat: 3.78  NTC: 24.3 22.4 22.7 33.3  SOIL: 1853.0 1342.0 1038.0 
MOISTER: 4349 VDDA: 2.79 Vsol: 2.00 Vbat: 3.79  NTC: 24.3 22.5 22.8 34.1  SOIL: 1853.0 1339.0 1042.0 
MOISTER: 4350 VDDA: 2.80 Vsol: 2.01 Vbat: 3.77  NTC: 24.4 22.6 22.8 34.9  SOIL: 1851.0 1339.0 1040.0 
MOISTER: 4351 VDDA: 2.79 Vsol: 1.99 Vbat: 3.78  NTC: 24.5 22.7 22.9 34.8  SOIL: 1856.0 1340.0 1040.0 
MOISTER: 4352 VDDA: 2.80 Vsol: 2.02 Vbat: 3.78  NTC: 24.6 22.7 23.0 33.7  SOIL: 1858.0 1340.0 1040.0 
MOISTER: 4353 VDDA: 2.79 Vsol: 2.54 Vbat: 3.77  NTC: 24.7 22.9 23.2 35.0  SOIL: 1853.0 1341.0 1038.0 
MOISTER: 4354 VDDA: 2.80 Vsol: 2.03 Vbat: 3.78  NTC: 24.8 23.0 23.2 35.8  SOIL: 1851.0 1340.0 1039.0 
MOISTER: 4355 VDDA: 2.80 Vsol: 2.03 Vbat: 3.79  NTC: 24.9 23.1 23.3 36.1  SOIL: 1851.0 1336.0 1038.0 
MOISTER: 4356 VDDA: 2.79 Vsol: 2.01 Vbat: 3.80  NTC: 25.0 23.1 23.4 35.5  SOIL: 1847.0 1334.0 1032.0 
MOISTER: 4357 VDDA: 2.80 Vsol: 2.02 Vbat: 3.79  NTC: 25.1 23.2 23.5 35.0  SOIL: 1856.0 1336.0 1036.0 
MOISTER: 4358 VDDA: 2.79 Vsol: 2.04 Vbat: 3.79  NTC: 25.2 23.3 23.6 35.7  SOIL: 1850.0 1336.0 1037.0 
MOISTER: 4359 VDDA: 2.79 Vsol: 2.04 Vbat: 3.79  NTC: 25.3 23.4 23.7 36.5  SOIL: 1848.0 1336.0 1039.0 
MOISTER: 4360 VDDA: 2.79 Vsol: 2.04 Vbat: 3.78  NTC: 25.4 23.5 23.8 37.2  SOIL: 1855.0 1330.0 1034.0 
MOISTER: 4361 VDDA: 2.79 Vsol: 2.05 Vbat: 3.78  NTC: 25.5 23.5 23.9 37.5  SOIL: 1851.0 1334.0 1032.0 
MOISTER: 4362 VDDA: 2.80 Vsol: 2.02 Vbat: 3.80  NTC: 25.6 23.6 24.0 38.2  SOIL: 1852.0 1335.0 1036.0 
MOISTER: 4363 VDDA: 2.79 Vsol: 2.01 Vbat: 3.79  NTC: 25.7 23.7 24.1 37.8  SOIL: 1848.0 1333.0 1032.0 
MOISTER: 4364 VDDA: 2.79 Vsol: 2.03 Vbat: 3.80  NTC: 25.8 23.8 24.2 37.0  SOIL: 1852.0 1330.0 1036.0 
MOISTER: 4365 VDDA: 2.80 Vsol: 2.03 Vbat: 3.82  NTC: 25.8 23.9 24.2 37.5  SOIL: 1848.0 1328.0 1027.0 
MOISTER: 4366 VDDA: 2.79 Vsol: 2.05 Vbat: 3.79  NTC: 25.9 24.0 24.4 37.2  SOIL: 1844.0 1331.0 1028.0 
MOISTER: 4367 VDDA: 2.79 Vsol: 2.06 Vbat: 3.80  NTC: 26.0 24.0 24.5 36.3  SOIL: 1842.0 1329.0 1029.0 
MOISTER: 4368 VDDA: 2.80 Vsol: 2.06 Vbat: 3.80  NTC: 26.0 24.2 24.6 36.3  SOIL: 1845.0 1335.0 1033.0 
MOISTER: 4369 VDDA: 2.79 Vsol: 2.02 Vbat: 3.80  NTC: 26.1 24.2 24.7 37.9  SOIL: 1841.0 1331.0 1032.0 
MOISTER: 4370 VDDA: 2.79 Vsol: 2.04 Vbat: 3.81  NTC: 26.3 24.3 24.8 38.1  SOIL: 1836.0 1336.0 1029.0 
MOISTER: 4371 VDDA: 2.80 Vsol: 2.03 Vbat: 3.80  NTC: 26.3 24.4 24.9 36.8  SOIL: 1848.0 1334.0 1028.0 
MOISTER: 4372 VDDA: 2.79 Vsol: 2.55 Vbat: 3.80  NTC: 26.4 24.5 25.0 37.4  SOIL: 1847.0 1333.0 1023.0 
MOISTER: 4373 VDDA: 2.80 Vsol: 2.02 Vbat: 3.81  NTC: 26.5 24.6 25.1 37.6  SOIL: 1839.0 1329.0 1027.0 
MOISTER: 4374 VDDA: 2.80 Vsol: 2.04 Vbat: 3.81  NTC: 26.6 24.7 25.2 36.8  SOIL: 1851.0 1336.0 1025.0 
MOISTER: 4375 VDDA: 2.80 Vsol: 2.04 Vbat: 3.81  NTC: 26.7 24.8 25.3 37.7  SOIL: 1842.0 1332.0 1024.0 
MOISTER: 4376 VDDA: 2.79 Vsol: 2.03 Vbat: 3.81  NTC: 26.8 24.9 25.4 37.5  SOIL: 1845.0 1330.0 1022.0 
MOISTER: 4377 VDDA: 2.80 Vsol: 2.06 Vbat: 3.81  NTC: 26.8 25.0 25.5 37.3  SOIL: 1839.0 1335.0 1021.0 
MOISTER: 4378 VDDA: 2.79 Vsol: 2.03 Vbat: 3.81  NTC: 26.8 25.1 25.6 36.3  SOIL: 1842.0 1339.0 1023.0 
MOISTER: 4379 VDDA: 2.80 Vsol: 2.02 Vbat: 3.81  NTC: 26.9 25.1 25.7 37.2  SOIL: 1839.0 1337.0 1020.0 
MOISTER: 4380 VDDA: 2.79 Vsol: 2.02 Vbat: 3.81  NTC: 26.9 25.3 25.7 37.5  SOIL: 1843.0 1330.0 1023.0 
MOISTER: 4381 VDDA: 2.80 Vsol: 2.02 Vbat: 3.80  NTC: 27.1 25.3 25.8 34.9  SOIL: 1858.0 1347.0 1026.0 
MOISTER: 4382 VDDA: 2.80 Vsol: 2.03 Vbat: 3.82  NTC: 27.0 25.4 25.9 34.1  SOIL: 1855.0 1342.0 1026.0 
MOISTER: 4383 VDDA: 2.81 Vsol: 2.05 Vbat: 3.82  NTC: 27.0 25.5 26.0 34.5  SOIL: 1852.0 1340.0 1025.0 
MOISTER: 4384 VDDA: 2.79 Vsol: 2.04 Vbat: 3.81  NTC: 27.0 25.5 26.1 33.5  SOIL: 1848.0 1339.0 1030.0 
MOISTER: 4385 VDDA: 2.80 Vsol: 2.01 Vbat: 3.82  NTC: 27.0 25.5 26.1 34.2  SOIL: 1857.0 1341.0 1021.0 
MOISTER: 4386 VDDA: 2.79 Vsol: 2.03 Vbat: 3.82  NTC: 27.0 25.6 26.2 34.2  SOIL: 1848.0 1337.0 1018.0 
MOISTER: 4387 VDDA: 2.79 Vsol: 2.00 Vbat: 3.79  NTC: 27.1 25.7 26.3 35.3  SOIL: 1847.0 1337.0 1022.0 
MOISTER: 4388 VDDA: 2.80 Vsol: 2.01 Vbat: 3.82  NTC: 27.2 25.7 26.4 35.1  SOIL: 1844.0 1331.0 1022.0 
MOISTER: 4389 VDDA: 2.79 Vsol: 1.99 Vbat: 3.81  NTC: 27.2 25.8 26.5 35.9  SOIL: 1853.0 1332.0 1023.0 
MOISTER: 4390 VDDA: 2.80 Vsol: 1.98 Vbat: 3.82  NTC: 27.3 25.9 26.5 36.1  SOIL: 1847.0 1337.0 1021.0 
MOISTER: 4391 VDDA: 2.79 Vsol: 2.01 Vbat: 3.82  NTC: 27.3 25.9 26.6 34.4  SOIL: 1856.0 1352.0 1024.0 
MOISTER: 4392 VDDA: 2.80 Vsol: 2.02 Vbat: 3.82  NTC: 27.3 26.0 26.6 34.6  SOIL: 1845.0 1343.0 1021.0 
MOISTER: 4393 VDDA: 2.80 Vsol: 2.01 Vbat: 3.82  NTC: 27.3 26.0 26.7 34.3  SOIL: 1851.0 1342.0 1020.0 
MOISTER: 4394 VDDA: 2.80 Vsol: 2.03 Vbat: 3.81  NTC: 27.3 26.1 26.8 32.7  SOIL: 1857.0 1346.0 1024.0 
MOISTER: 4395 VDDA: 2.80 Vsol: 2.05 Vbat: 3.83  NTC: 27.3 26.2 26.8 32.0  SOIL: 1857.0 1354.0 1024.0 
MOISTER: 4396 VDDA: 2.79 Vsol: 2.04 Vbat: 3.82  NTC: 27.3 26.2 26.9 33.2  SOIL: 1857.0 1352.0 1022.0 
MOISTER: 4397 VDDA: 2.79 Vsol: 2.03 Vbat: 3.82  NTC: 27.3 26.2 27.0 34.4  SOIL: 1849.0 1347.0 1022.0 
MOISTER: 4398 VDDA: 2.79 Vsol: 2.00 Vbat: 3.82  NTC: 27.4 26.3 27.0 35.1  SOIL: 1848.0 1345.0 1021.0 
MOISTER: 4399 VDDA: 2.80 Vsol: 2.01 Vbat: 3.82  NTC: 27.4 26.3 27.1 35.3  SOIL: 1853.0 1339.0 1013.0 
MOISTER: 4400 VDDA: 2.79 Vsol: 2.01 Vbat: 3.82  NTC: 27.4 26.3 27.1 34.4  SOIL: 1846.0 1345.0 1018.0 
MOISTER: 4401 VDDA: 2.79 Vsol: 2.01 Vbat: 3.83  NTC: 27.4 26.4 27.1 33.1  SOIL: 1856.0 1352.0 1026.0 
MOISTER: 4402 VDDA: 2.79 Vsol: 2.03 Vbat: 3.83  NTC: 27.4 26.4 27.2 32.6  SOIL: 1858.0 1353.0 1025.0 
MOISTER: 4403 VDDA: 2.79 Vsol: 2.04 Vbat: 3.82  NTC: 27.3 26.4 27.2 32.8  SOIL: 1856.0 1347.0 1023.0 
MOISTER: 4404 VDDA: 2.79 Vsol: 2.04 Vbat: 3.83  NTC: 27.3 26.4 27.3 32.7  SOIL: 1850.0 1348.0 1022.0 
MOISTER: 4405 VDDA: 2.79 Vsol: 2.03 Vbat: 3.82  NTC: 27.3 26.5 27.3 33.8  SOIL: 1851.0 1347.0 1016.0 
MOISTER: 4406 VDDA: 2.79 Vsol: 2.00 Vbat: 3.82  NTC: 27.4 26.5 27.4 34.5  SOIL: 1851.0 1344.0 1016.0 
MOISTER: 4407 VDDA: 2.79 Vsol: 2.02 Vbat: 3.84  NTC: 27.4 26.5 27.4 34.6  SOIL: 1860.0 1343.0 1017.0 
MOISTER: 4408 VDDA: 2.81 Vsol: 2.02 Vbat: 3.84  NTC: 27.5 26.5 27.4 34.9  SOIL: 1849.0 1348.0 1014.0 
MOISTER: 4409 VDDA: 2.80 Vsol: 2.02 Vbat: 3.84  NTC: 27.5 26.6 27.4 34.4  SOIL: 1855.0 1347.0 1016.0 
MOISTER: 4410 VDDA: 2.80 Vsol: 2.03 Vbat: 3.82  NTC: 27.5 26.6 27.5 34.7  SOIL: 1848.0 1344.0 1018.0 
MOISTER: 4411 VDDA: 2.79 Vsol: 2.01 Vbat: 3.83  NTC: 27.5 26.6 27.5 33.9  SOIL: 1861.0 1344.0 1020.0 
MOISTER: 4412 VDDA: 2.80 Vsol: 2.02 Vbat: 3.84  NTC: 27.5 26.6 27.5 33.4  SOIL: 1862.0 1348.0 1017.0 
MOISTER: 4413 VDDA: 2.79 Vsol: 2.02 Vbat: 3.83  NTC: 27.6 26.7 27.6 34.0  SOIL: 1852.0 1346.0 1019.0 
MOISTER: 4414 VDDA: 2.80 Vsol: 2.03 Vbat: 3.84  NTC: 27.6 26.7 27.6 32.9  SOIL: 1859.0 1347.0 1019.0 
MOISTER: 4415 VDDA: 2.79 Vsol: 2.04 Vbat: 3.84  NTC: 27.6 26.8 27.6 32.2  SOIL: 1863.0 1357.0 1018.0 
MOISTER: 4416 VDDA: 2.81 Vsol: 2.03 Vbat: 3.85  NTC: 27.5 26.8 27.6 32.5  SOIL: 1868.0 1350.0 1017.0 
MOISTER: 4417 VDDA: 2.80 Vsol: 2.03 Vbat: 3.84  NTC: 27.5 26.8 27.7 32.9  SOIL: 1861.0 1350.0 1015.0 
MOISTER: 4418 VDDA: 2.80 Vsol: 2.03 Vbat: 3.83  NTC: 27.5 26.8 27.7 33.4  SOIL: 1854.0 1343.0 1014.0 
MOISTER: 4419 VDDA: 2.79 Vsol: 2.02 Vbat: 3.85  NTC: 27.6 26.8 27.7 34.6  SOIL: 1862.0 1343.0 1018.0 
MOISTER: 4420 VDDA: 2.80 Vsol: 2.00 Vbat: 3.84  NTC: 27.6 26.9 27.8 35.4  SOIL: 1855.0 1345.0 1015.0 
MOISTER: 4421 VDDA: 2.80 Vsol: 2.01 Vbat: 3.84  NTC: 27.7 26.9 27.8 33.9  SOIL: 1861.0 1347.0 1019.0 
MOISTER: 4422 VDDA: 2.79 Vsol: 2.03 Vbat: 3.83  NTC: 27.7 26.9 27.8 32.4  SOIL: 1871.0 1351.0 1022.0 
MOISTER: 4423 VDDA: 2.80 Vsol: 2.03 Vbat: 3.84  NTC: 27.6 26.9 27.8 32.9  SOIL: 1860.0 1348.0 1017.0 
MOISTER: 4424 VDDA: 2.79 Vsol: 2.02 Vbat: 3.84  NTC: 27.6 26.9 27.9 34.1  SOIL: 1862.0 1344.0 1019.0 
MOISTER: 4425 VDDA: 2.80 Vsol: 2.00 Vbat: 3.85  NTC: 27.7 27.0 27.9 35.4  SOIL: 1860.0 1341.0 1015.0 
MOISTER: 4426 VDDA: 2.79 Vsol: 1.99 Vbat: 3.85  NTC: 27.8 27.0 28.0 35.6  SOIL: 1859.0 1344.0 1017.0 
MOISTER: 4427 VDDA: 2.80 Vsol: 2.00 Vbat: 3.85  NTC: 27.8 27.0 28.0 35.4  SOIL: 1851.0 1341.0 1017.0 
MOISTER: 4428 VDDA: 2.79 Vsol: 2.00 Vbat: 3.86  NTC: 27.9 27.0 28.0 35.7  SOIL: 1854.0 1344.0 1013.0 
MOISTER: 4429 VDDA: 2.80 Vsol: 2.03 Vbat: 3.86  NTC: 27.9 27.0 28.0 34.3  SOIL: 1862.0 1350.0 1022.0 
MOISTER: 4430 VDDA: 2.80 Vsol: 2.02 Vbat: 3.85  NTC: 27.8 27.1 28.1 33.7  SOIL: 1860.0 1353.0 1014.0 
MOISTER: 4431 VDDA: 2.80 Vsol: 2.02 Vbat: 3.85  NTC: 27.8 27.1 28.1 33.7  SOIL: 1861.0 1345.0 1018.0 
MOISTER: 4432 VDDA: 2.80 Vsol: 2.03 Vbat: 3.86  NTC: 27.9 27.1 28.2 34.0  SOIL: 1856.0 1348.0 1014.0 
MOISTER: 4433 VDDA: 2.79 Vsol: 2.01 Vbat: 3.85  NTC: 27.9 27.2 28.2 33.5  SOIL: 1851.0 1352.0 1014.0 
MOISTER: 4434 VDDA: 2.80 Vsol: 2.03 Vbat: 3.85  NTC: 27.9 27.2 28.2 33.3  SOIL: 1860.0 1343.0 1013.0 
MOISTER: 4435 VDDA: 2.79 Vsol: 2.00 Vbat: 3.85  NTC: 27.9 27.2 28.2 33.9  SOIL: 1860.0 1345.0 1012.0 
MOISTER: 4436 VDDA: 2.79 Vsol: 2.01 Vbat: 3.86  NTC: 28.0 27.2 28.3 33.7  SOIL: 1858.0 1346.0 1015.0 
MOISTER: 4437 VDDA: 2.79 Vsol: 2.02 Vbat: 3.86  NTC: 28.0 27.3 28.3 33.4  SOIL: 1856.0 1349.0 1013.0 
MOISTER: 4438 VDDA: 2.79 Vsol: 2.02 Vbat: 3.85  NTC: 28.0 27.3 28.3 34.2  SOIL: 1857.0 1347.0 1017.0 
MOISTER: 4439 VDDA: 2.79 Vsol: 2.02 Vbat: 3.86  NTC: 28.0 27.3 28.4 33.8  SOIL: 1866.0 1353.0 1013.0 
MOISTER: 4440 VDDA: 2.79 Vsol: 2.00 Vbat: 3.85  NTC: 28.0 27.3 28.4 33.9  SOIL: 1854.0 1353.0 1014.0 
MOISTER: 4441 VDDA: 2.81 Vsol: 2.00 Vbat: 3.86  NTC: 28.0 27.3 28.4 34.8  SOIL: 1857.0 1351.0 1014.0 
MOISTER: 4442 VDDA: 2.80 Vsol: 2.00 Vbat: 3.86  NTC: 28.1 27.3 28.4 35.3  SOIL: 1852.0 1347.0 1017.0 
MOISTER: 4443 VDDA: 2.79 Vsol: 1.99 Vbat: 3.86  NTC: 28.2 27.4 28.4 35.8  SOIL: 1852.0 1344.0 1013.0 
MOISTER: 4444 VDDA: 2.79 Vsol: 1.99 Vbat: 3.86  NTC: 28.2 27.4 28.5 36.1  SOIL: 1852.0 1346.0 1014.0 
MOISTER: 4445 VDDA: 2.80 Vsol: 1.99 Vbat: 3.87  NTC: 28.3 27.4 28.5 36.9  SOIL: 1854.0 1348.0 1017.0 
MOISTER: 4446 VDDA: 2.80 Vsol: 2.50 Vbat: 3.86  NTC: 28.4 27.5 28.5 36.7  SOIL: 1848.0 1346.0 1015.0 
MOISTER: 4447 VDDA: 2.79 Vsol: 1.97 Vbat: 3.86  NTC: 28.4 27.5 28.6 36.9  SOIL: 1854.0 1346.0 1014.0 
MOISTER: 4448 VDDA: 2.79 Vsol: 1.99 Vbat: 3.86  NTC: 28.5 27.5 28.6 35.5  SOIL: 1861.0 1347.0 1018.0 
MOISTER: 4449 VDDA: 2.79 Vsol: 2.00 Vbat: 3.86  NTC: 28.5 27.6 28.6 34.9  SOIL: 1854.0 1348.0 1019.0 
MOISTER: 4450 VDDA: 2.79 Vsol: 2.02 Vbat: 3.86  NTC: 28.5 27.6 28.7 33.3  SOIL: 1866.0 1352.0 1018.0 
MOISTER: 4451 VDDA: 2.80 Vsol: 2.02 Vbat: 3.86  NTC: 28.4 27.6 28.7 33.8  SOIL: 1862.0 1352.0 1016.0 
MOISTER: 4452 VDDA: 2.80 Vsol: 2.01 Vbat: 3.87  NTC: 28.4 27.7 28.8 34.7  SOIL: 1853.0 1347.0 1011.0 
MOISTER: 4453 VDDA: 2.79 Vsol: 1.99 Vbat: 3.87  NTC: 28.5 27.7 28.8 35.3  SOIL: 1854.0 1344.0 1014.0 
MOISTER: 4454 VDDA: 2.79 Vsol: 2.49 Vbat: 3.85  NTC: 28.6 27.7 28.8 36.1  SOIL: 1847.0 1342.0 1018.0 
MOISTER: 4455 VDDA: 2.79 Vsol: 1.97 Vbat: 3.87  NTC: 28.6 27.7 28.8 36.4  SOIL: 1851.0 1344.0 1013.0 
MOISTER: 4456 VDDA: 2.80 Vsol: 2.00 Vbat: 3.87  NTC: 28.7 27.8 28.8 35.1  SOIL: 1861.0 1351.0 1015.0 
MOISTER: 4457 VDDA: 2.80 Vsol: 1.98 Vbat: 3.87  NTC: 28.7 27.8 28.8 34.3  SOIL: 1861.0 1348.0 1016.0 
MOISTER: 4458 VDDA: 2.80 Vsol: 2.01 Vbat: 3.89  NTC: 28.6 27.8 28.9 34.5  SOIL: 1862.0 1344.0 1014.0 
MOISTER: 4460 VDDA: 2.80 Vsol: 2.00 Vbat: 3.87  NTC: 28.7 27.8 28.9 34.4  SOIL: 1852.0 1349.0 1012.0 
MOISTER: 4461 VDDA: 2.80 Vsol: 1.97 Vbat: 3.86  NTC: 28.7 27.8 28.9 33.7  SOIL: 1861.0 1349.0 1015.0 
MOISTER: 4462 VDDA: 2.79 Vsol: 1.88 Vbat: 3.87  NTC: 28.6 27.8 28.8 32.1  SOIL: 1861.0 1354.0 1019.0 
MOISTER: 4463 VDDA: 2.79 Vsol: 1.82 Vbat: 3.86  NTC: 28.5 27.8 28.8 31.5  SOIL: 1870.0 1356.0 1026.0 
MOISTER: 4464 VDDA: 2.80 Vsol: 1.75 Vbat: 3.85  NTC: 28.6 27.8 28.8 29.1  SOIL: 1883.0 1371.0 1029.0 
MOISTER: 4465 VDDA: 2.80 Vsol: 1.67 Vbat: 3.87  NTC: 28.2 27.7 28.8 27.6  SOIL: 1891.0 1373.0 1033.0 
MOISTER: 4466 VDDA: 2.79 Vsol: 1.61 Vbat: 3.86  NTC: 28.0 27.7 28.6 26.4  SOIL: 1883.0 1374.0 1030.0 
MOISTER: 4467 VDDA: 2.81 Vsol: 1.57 Vbat: 3.87  NTC: 27.8 27.6 28.6 25.3  SOIL: 1886.0 1377.0 1035.0 
MOISTER: 4468 VDDA: 2.80 Vsol: 1.57 Vbat: 3.87  NTC: 27.6 27.6 28.5 24.9  SOIL: 1879.0 1371.0 1029.0 
MOISTER: 4469 VDDA: 2.79 Vsol: 1.57 Vbat: 3.86  NTC: 27.5 27.5 28.4 24.7  SOIL: 1881.0 1375.0 1030.0 
MOISTER: 4470 VDDA: 2.80 Vsol: 1.57 Vbat: 3.84  NTC: 27.3 27.4 28.3 23.9  SOIL: 1890.0 1372.0 1032.0 
MOISTER: 4471 VDDA: 2.80 Vsol: 1.56 Vbat: 3.87  NTC: 27.1 27.3 28.2 23.1  SOIL: 1890.0 1377.0 1032.0 
MOISTER: 4472 VDDA: 2.79 Vsol: 1.56 Vbat: 3.85  NTC: 26.9 27.3 28.1 22.8  SOIL: 1890.0 1374.0 1034.0 
MOISTER: 4473 VDDA: 2.79 Vsol: 1.58 Vbat: 3.85  NTC: 26.8 27.2 28.0 22.7  SOIL: 1886.0 1374.0 1031.0 
MOISTER: 4474 VDDA: 2.79 Vsol: 1.57 Vbat: 3.85  NTC: 26.7 27.1 27.9 22.7  SOIL: 1888.0 1369.0 1033.0 
MOISTER: 4475 VDDA: 2.80 Vsol: 1.58 Vbat: 3.85  NTC: 26.5 27.0 27.8 22.6  SOIL: 1894.0 1378.0 1033.0 
MOISTER: 4476 VDDA: 2.80 Vsol: 1.56 Vbat: 3.85  NTC: 26.4 27.0 27.7 22.6  SOIL: 1887.0 1376.0 1032.0 
MOISTER: 4477 VDDA: 2.80 Vsol: 1.56 Vbat: 3.84  NTC: 26.2 26.9 27.6 22.4  SOIL: 1891.0 1374.0 1035.0 
MOISTER: 4478 VDDA: 2.80 Vsol: 1.56 Vbat: 3.85  NTC: 26.1 26.9 27.5 22.3  SOIL: 1897.0 1374.0 1031.0 
MOISTER: 4479 VDDA: 2.79 Vsol: 1.56 Vbat: 3.87  NTC: 26.0 26.8 27.4 22.1  SOIL: 1894.0 1372.0 1034.0 
MOISTER: 4480 VDDA: 2.79 Vsol: 1.56 Vbat: 3.87  NTC: 25.8 26.7 27.3 22.0  SOIL: 1899.0 1370.0 1034.0 
MOISTER: 4481 VDDA: 2.80 Vsol: 1.57 Vbat: 3.85  NTC: 25.7 26.6 27.2 21.8  SOIL: 1899.0 1373.0 1033.0 
MOISTER: 4482 VDDA: 2.79 Vsol: 1.56 Vbat: 3.85  NTC: 25.5 26.6 27.1 21.8  SOIL: 1897.0 1376.0 1032.0 
MOISTER: 4483 VDDA: 2.79 Vsol: 1.56 Vbat: 3.84  NTC: 25.4 26.5 26.9 21.7  SOIL: 1898.0 1373.0 1033.0 
MOISTER: 4484 VDDA: 2.80 Vsol: 1.55 Vbat: 3.85  NTC: 25.4 26.4 26.9 21.5  SOIL: 1899.0 1373.0 1033.0 
MOISTER: 4485 VDDA: 2.79 Vsol: 1.55 Vbat: 3.85  NTC: 25.2 26.3 26.7 21.6  SOIL: 1899.0 1367.0 1032.0 
MOISTER: 4486 VDDA: 2.80 Vsol: 1.55 Vbat: 3.86  NTC: 25.2 26.2 26.6 21.6  SOIL: 1896.0 1373.0 1038.0 
MOISTER: 4487 VDDA: 2.80 Vsol: 1.54 Vbat: 3.86  NTC: 25.0 26.2 26.6 21.6  SOIL: 1898.0 1371.0 1034.0 
MOISTER: 4488 VDDA: 2.80 Vsol: 1.55 Vbat: 3.85  NTC: 24.9 26.1 26.5 21.6  SOIL: 1903.0 1372.0 1039.0 
MOISTER: 4489 VDDA: 2.81 Vsol: 1.56 Vbat: 3.86  NTC: 24.8 26.0 26.4 21.7  SOIL: 1896.0 1372.0 1039.0 
MOISTER: 4490 VDDA: 2.80 Vsol: 1.56 Vbat: 3.86  NTC: 24.7 26.0 26.3 21.7  SOIL: 1896.0 1368.0 1035.0 
MOISTER: 4491 VDDA: 2.79 Vsol: 1.55 Vbat: 3.86  NTC: 24.5 25.9 26.1 21.5  SOIL: 1901.0 1376.0 1038.0 
MOISTER: 4492 VDDA: 2.79 Vsol: 1.54 Vbat: 3.85  NTC: 24.4 25.8 26.1 21.4  SOIL: 1898.0 1375.0 1038.0 
MOISTER: 4493 VDDA: 2.80 Vsol: 1.54 Vbat: 3.83  NTC: 24.3 25.7 25.9 21.5  SOIL: 1902.0 1366.0 1036.0 
MOISTER: 4494 VDDA: 2.80 Vsol: 1.54 Vbat: 3.87  NTC: 24.2 25.6 25.9 21.6  SOIL: 1904.0 1371.0 1037.0 
MOISTER: 4495 VDDA: 2.80 Vsol: 1.53 Vbat: 3.87  NTC: 24.1 25.6 25.8 21.6  SOIL: 1912.0 1366.0 1035.0 
MOISTER: 4496 VDDA: 2.80 Vsol: 1.53 Vbat: 3.86  NTC: 24.1 25.5 25.7 21.6  SOIL: 1904.0 1369.0 1037.0 
MOISTER: 4497 VDDA: 2.80 Vsol: 1.53 Vbat: 3.85  NTC: 23.9 25.5 25.6 21.6  SOIL: 1900.0 1368.0 1038.0 
MOISTER: 4498 VDDA: 2.79 Vsol: 1.52 Vbat: 3.87  NTC: 23.9 25.4 25.4 21.6  SOIL: 1902.0 1366.0 1038.0 
MOISTER: 4499 VDDA: 2.80 Vsol: 1.52 Vbat: 3.87  NTC: 23.8 25.3 25.4 21.7  SOIL: 1899.0 1367.0 1047.0 
MOISTER: 4500 VDDA: 2.80 Vsol: 1.52 Vbat: 3.86  NTC: 23.7 25.3 25.3 21.6  SOIL: 1899.0 1368.0 1042.0 
MOISTER: 4501 VDDA: 2.79 Vsol: 1.52 Vbat: 3.85  NTC: 23.6 25.2 25.2 21.4  SOIL: 1906.0 1371.0 1037.0 
MOISTER: 4502 VDDA: 2.80 Vsol: 1.54 Vbat: 3.85  NTC: 23.5 25.1 25.2 21.4  SOIL: 1895.0 1371.0 1038.0 
MOISTER: 4503 VDDA: 2.80 Vsol: 1.54 Vbat: 3.86  NTC: 23.4 25.1 25.1 21.3  SOIL: 1910.0 1376.0 1049.0 
MOISTER: 4504 VDDA: 2.81 Vsol: 1.52 Vbat: 3.85  NTC: 23.4 25.0 25.0 21.4  SOIL: 1905.0 1371.0 1044.0 
MOISTER: 4505 VDDA: 2.79 Vsol: 1.52 Vbat: 3.86  NTC: 23.4 24.9 24.9 21.4  SOIL: 1907.0 1369.0 1046.0 
MOISTER: 4506 VDDA: 2.80 Vsol: 1.53 Vbat: 3.83  NTC: 23.3 24.9 24.8 21.5  SOIL: 1907.0 1372.0 1047.0 
MOISTER: 4507 VDDA: 2.80 Vsol: 1.53 Vbat: 3.83  NTC: 23.2 24.8 24.7 21.6  SOIL: 1907.0 1374.0 1045.0 
MOISTER: 4508 VDDA: 2.80 Vsol: 1.52 Vbat: 3.84  NTC: 23.1 24.7 24.6 21.6  SOIL: 1906.0 1376.0 1045.0 
MOISTER: 4509 VDDA: 2.80 Vsol: 1.52 Vbat: 3.84  NTC: 23.1 24.7 24.6 21.6  SOIL: 1904.0 1372.0 1048.0 
MOISTER: 4510 VDDA: 2.79 Vsol: 1.51 Vbat: 3.87  NTC: 23.0 24.6 24.5 21.6  SOIL: 1901.0 1376.0 1050.0 
MOISTER: 4511 VDDA: 2.80 Vsol: 1.51 Vbat: 3.85  NTC: 22.9 24.6 24.4 21.6  SOIL: 1910.0 1375.0 1050.0 
MOISTER: 4512 VDDA: 2.79 Vsol: 1.52 Vbat: 3.85  NTC: 22.9 24.5 24.3 21.5  SOIL: 1904.0 1373.0 1048.0 
MOISTER: 4513 VDDA: 2.79 Vsol: 1.51 Vbat: 3.85  NTC: 22.8 24.4 24.2 21.6  SOIL: 1906.0 1370.0 1051.0 
MOISTER: 4514 VDDA: 2.80 Vsol: 1.51 Vbat: 3.84  NTC: 22.7 24.4 24.1 21.6  SOIL: 1905.0 1373.0 1049.0 
MOISTER: 4515 VDDA: 2.80 Vsol: 1.50 Vbat: 3.86  NTC: 22.7 24.3 24.1 21.5  SOIL: 1907.0 1372.0 1046.0 
MOISTER: 4516 VDDA: 2.79 Vsol: 1.51 Vbat: 3.86  NTC: 22.6 24.3 24.0 21.4  SOIL: 1903.0 1370.0 1051.0 
MOISTER: 4517 VDDA: 2.80 Vsol: 1.50 Vbat: 3.85  NTC: 22.6 24.2 23.9 21.3  SOIL: 1914.0 1382.0 1047.0 
MOISTER: 4518 VDDA: 2.79 Vsol: 1.50 Vbat: 3.86  NTC: 22.5 24.2 23.9 21.2  SOIL: 1916.0 1376.0 1053.0 
MOISTER: 4519 VDDA: 2.79 Vsol: 1.51 Vbat: 3.83  NTC: 22.5 24.1 23.7 21.3  SOIL: 1904.0 1375.0 1049.0 
MOISTER: 4520 VDDA: 2.80 Vsol: 1.51 Vbat: 3.84  NTC: 22.4 24.0 23.7 21.5  SOIL: 1906.0 1374.0 1051.0 
MOISTER: 4521 VDDA: 2.79 Vsol: 1.50 Vbat: 3.83  NTC: 22.3 24.0 23.6 21.5  SOIL: 1913.0 1372.0 1056.0 
MOISTER: 4522 VDDA: 2.79 Vsol: 1.50 Vbat: 3.85  NTC: 22.3 23.9 23.5 21.3  SOIL: 1903.0 1374.0 1053.0 
MOISTER: 4523 VDDA: 2.80 Vsol: 1.50 Vbat: 3.86  NTC: 22.3 23.8 23.5 21.2  SOIL: 1914.0 1376.0 1049.0 
MOISTER: 4524 VDDA: 2.80 Vsol: 1.50 Vbat: 3.85  NTC: 22.2 23.8 23.4 21.3  SOIL: 1908.0 1376.0 1049.0 
MOISTER: 4525 VDDA: 2.80 Vsol: 1.50 Vbat: 3.84  NTC: 22.1 23.7 23.3 21.4  SOIL: 1907.0 1378.0 1055.0 
MOISTER: 4526 VDDA: 2.80 Vsol: 1.50 Vbat: 3.83  NTC: 22.1 23.7 23.2 21.6  SOIL: 1917.0 1373.0 1048.0 
MOISTER: 4527 VDDA: 2.79 Vsol: 1.50 Vbat: 3.83  NTC: 22.0 23.6 23.2 21.6  SOIL: 1905.0 1376.0 1054.0 
MOISTER: 4528 VDDA: 2.81 Vsol: 1.50 Vbat: 3.85  NTC: 22.0 23.6 23.2 21.6  SOIL: 1907.0 1373.0 1057.0 
MOISTER: 4529 VDDA: 2.80 Vsol: 1.50 Vbat: 3.87  NTC: 21.9 23.5 23.1 21.5  SOIL: 1923.0 1375.0 1056.0 
MOISTER: 4530 VDDA: 2.80 Vsol: 1.50 Vbat: 3.84  NTC: 21.9 23.5 23.0 21.4  SOIL: 1911.0 1378.0 1056.0 
MOISTER: 4531 VDDA: 2.79 Vsol: 1.50 Vbat: 3.86  NTC: 21.9 23.5 23.0 21.3  SOIL: 1917.0 1377.0 1053.0 
MOISTER: 4532 VDDA: 2.80 Vsol: 1.50 Vbat: 3.84  NTC: 21.8 23.4 22.9 21.3  SOIL: 1914.0 1379.0 1057.0 
MOISTER: 4533 VDDA: 2.80 Vsol: 1.49 Vbat: 3.86  NTC: 21.8 23.4 22.8 21.3  SOIL: 1919.0 1379.0 1058.0 
MOISTER: 4534 VDDA: 2.80 Vsol: 1.50 Vbat: 3.84  NTC: 21.8 23.3 22.8 21.4  SOIL: 1917.0 1379.0 1051.0 
MOISTER: 4535 VDDA: 2.80 Vsol: 1.49 Vbat: 3.86  NTC: 21.7 23.3 22.8 21.3  SOIL: 1915.0 1379.0 1054.0 
MOISTER: 4536 VDDA: 2.79 Vsol: 1.49 Vbat: 3.84  NTC: 21.7 23.2 22.7 21.3  SOIL: 1918.0 1378.0 1052.0 
MOISTER: 4537 VDDA: 2.79 Vsol: 1.49 Vbat: 3.84  NTC: 21.6 23.2 22.6 21.4  SOIL: 1916.0 1378.0 1055.0 
MOISTER: 4538 VDDA: 2.80 Vsol: 1.50 Vbat: 3.84  NTC: 21.6 23.1 22.6 21.5  SOIL: 1913.0 1382.0 1054.0 
MOISTER: 4539 VDDA: 2.80 Vsol: 1.49 Vbat: 3.85  NTC: 21.5 23.1 22.5 21.4  SOIL: 1916.0 1380.0 1057.0 
MOISTER: 4540 VDDA: 2.80 Vsol: 1.49 Vbat: 3.85  NTC: 21.5 23.1 22.4 21.2  SOIL: 1919.0 1387.0 1058.0 
MOISTER: 4541 VDDA: 2.80 Vsol: 1.50 Vbat: 3.84  NTC: 21.4 23.0 22.4 21.2  SOIL: 1923.0 1377.0 1057.0 
MOISTER: 4542 VDDA: 2.80 Vsol: 1.50 Vbat: 3.86  NTC: 21.4 23.0 22.4 21.1  SOIL: 1917.0 1383.0 1057.0 
MOISTER: 4543 VDDA: 2.80 Vsol: 1.50 Vbat: 3.84  NTC: 21.3 22.9 22.3 21.1  SOIL: 1920.0 1384.0 1057.0 
MOISTER: 4544 VDDA: 2.80 Vsol: 1.50 Vbat: 3.84  NTC: 21.3 22.9 22.3 21.3  SOIL: 1923.0 1381.0 1058.0 
MOISTER: 4545 VDDA: 2.80 Vsol: 1.50 Vbat: 3.86  NTC: 21.2 22.8 22.3 21.3  SOIL: 1917.0 1377.0 1058.0 
MOISTER: 4546 VDDA: 2.79 Vsol: 1.49 Vbat: 3.85  NTC: 21.2 22.8 22.2 21.5  SOIL: 1914.0 1377.0 1062.0 
MOISTER: 4546 VDDA: 2.79 Vsol: 1.49 Vbat: 3.85  NTC: 21.2 22.8 22.2 21.5  SOIL: 1914.0 1377.0 1062.0 
MOISTER: 4548 VDDA: 2.79 Vsol: 1.49 Vbat: 3.83  NTC: 21.2 22.7 22.1 21.6  SOIL: 1915.0 1376.0 1059.0 
MOISTER: 4549 VDDA: 2.79 Vsol: 1.49 Vbat: 3.85  NTC: 21.2 22.7 22.0 21.7  SOIL: 1922.0 1378.0 1059.0 
MOISTER: 4550 VDDA: 2.80 Vsol: 1.49 Vbat: 3.85  NTC: 21.1 22.6 22.0 21.6  SOIL: 1922.0 1382.0 1060.0 
MOISTER: 4551 VDDA: 2.79 Vsol: 1.48 Vbat: 3.84  NTC: 21.1 22.6 21.9 21.5  SOIL: 1925.0 1379.0 1061.0 
MOISTER: 4552 VDDA: 2.80 Vsol: 1.48 Vbat: 3.85  NTC: 21.0 22.5 21.8 21.3  SOIL: 1924.0 1378.0 1058.0 
MOISTER: 4553 VDDA: 2.80 Vsol: 1.49 Vbat: 3.85  NTC: 21.0 22.5 21.8 21.4  SOIL: 1918.0 1386.0 1059.0 
MOISTER: 4554 VDDA: 2.80 Vsol: 1.50 Vbat: 3.83  NTC: 20.9 22.4 21.7 21.4  SOIL: 1927.0 1385.0 1064.0 
MOISTER: 4555 VDDA: 2.79 Vsol: 1.50 Vbat: 3.84  NTC: 20.9 22.4 21.7 21.4  SOIL: 1926.0 1384.0 1060.0 
MOISTER: 4556 VDDA: 2.79 Vsol: 1.50 Vbat: 3.83  NTC: 20.9 22.4 21.7 21.4  SOIL: 1919.0 1376.0 1062.0 
MOISTER: 4557 VDDA: 2.79 Vsol: 1.50 Vbat: 3.83  NTC: 20.9 22.3 21.7 21.4  SOIL: 1919.0 1382.0 1062.0 
MOISTER: 4558 VDDA: 2.80 Vsol: 1.50 Vbat: 3.85  NTC: 20.9 22.3 21.6 21.3  SOIL: 1921.0 1381.0 1062.0 
MOISTER: 4559 VDDA: 2.79 Vsol: 1.49 Vbat: 3.86  NTC: 20.8 22.2 21.6 21.5  SOIL: 1921.0 1379.0 1059.0 
MOISTER: 4560 VDDA: 2.79 Vsol: 1.49 Vbat: 3.84  NTC: 20.8 22.2 21.5 21.7  SOIL: 1929.0 1381.0 1063.0 
MOISTER: 4561 VDDA: 2.79 Vsol: 1.50 Vbat: 3.84  NTC: 20.8 22.2 21.5 21.7  SOIL: 1918.0 1383.0 1061.0 
MOISTER: 4562 VDDA: 2.80 Vsol: 1.50 Vbat: 3.84  NTC: 20.8 22.1 21.4 21.6  SOIL: 1923.0 1383.0 1059.0 
MOISTER: 4563 VDDA: 2.80 Vsol: 1.50 Vbat: 3.85  NTC: 20.7 22.1 21.4 21.7  SOIL: 1926.0 1376.0 1060.0 
MOISTER: 4564 VDDA: 2.80 Vsol: 1.49 Vbat: 3.84  NTC: 20.7 22.1 21.4 21.7  SOIL: 1927.0 1379.0 1061.0 
MOISTER: 4565 VDDA: 2.80 Vsol: 1.49 Vbat: 3.86  NTC: 20.7 22.0 21.3 21.7  SOIL: 1930.0 1380.0 1064.0 
MOISTER: 4566 VDDA: 2.79 Vsol: 1.50 Vbat: 3.84  NTC: 20.7 22.0 21.3 21.6  SOIL: 1927.0 1382.0 1061.0 
MOISTER: 4567 VDDA: 2.80 Vsol: 1.50 Vbat: 3.84  NTC: 20.6 22.0 21.3 21.3  SOIL: 1925.0 1386.0 1063.0 
MOISTER: 4568 VDDA: 2.79 Vsol: 1.50 Vbat: 3.83  NTC: 20.6 22.0 21.2 21.3  SOIL: 1926.0 1383.0 1062.0 
MOISTER: 4569 VDDA: 2.80 Vsol: 1.50 Vbat: 3.84  NTC: 20.6 21.9 21.2 21.4  SOIL: 1924.0 1380.0 1066.0 
MOISTER: 4570 VDDA: 2.80 Vsol: 1.50 Vbat: 3.85  NTC: 20.6 21.9 21.1 21.4  SOIL: 1926.0 1381.0 1064.0 
MOISTER: 4571 VDDA: 2.80 Vsol: 1.50 Vbat: 3.86  NTC: 20.6 21.9 21.1 21.6  SOIL: 1926.0 1386.0 1061.0 
MOISTER: 4572 VDDA: 2.80 Vsol: 1.50 Vbat: 3.85  NTC: 20.6 21.8 21.1 21.5  SOIL: 1933.0 1380.0 1063.0 
MOISTER: 4573 VDDA: 2.80 Vsol: 1.51 Vbat: 3.83  NTC: 20.5 21.8 21.0 21.5  SOIL: 1929.0 1385.0 1066.0 
MOISTER: 4574 VDDA: 2.79 Vsol: 1.50 Vbat: 3.86  NTC: 20.5 21.7 21.0 21.5  SOIL: 1929.0 1382.0 1065.0 
MOISTER: 4575 VDDA: 2.80 Vsol: 1.51 Vbat: 3.83  NTC: 20.5 21.7 21.0 21.6  SOIL: 1927.0 1382.0 1063.0 
MOISTER: 4576 VDDA: 2.79 Vsol: 1.50 Vbat: 3.85  NTC: 20.4 21.7 21.0 21.6  SOIL: 1932.0 1385.0 1066.0 
MOISTER: 4577 VDDA: 2.79 Vsol: 1.51 Vbat: 3.85  NTC: 20.4 21.7 20.9 21.5  SOIL: 1936.0 1383.0 1069.0 
MOISTER: 4578 VDDA: 2.79 Vsol: 1.51 Vbat: 3.83  NTC: 20.4 21.6 20.9 21.6  SOIL: 1927.0 1381.0 1065.0 
MOISTER: 4579 VDDA: 2.80 Vsol: 1.51 Vbat: 3.85  NTC: 20.4 21.6 20.9 21.6  SOIL: 1931.0 1386.0 1066.0 
MOISTER: 4580 VDDA: 2.79 Vsol: 1.52 Vbat: 3.83  NTC: 20.4 21.6 20.8 21.5  SOIL: 1930.0 1384.0 1064.0 
MOISTER: 4581 VDDA: 2.80 Vsol: 1.51 Vbat: 3.86  NTC: 20.3 21.5 20.8 21.5  SOIL: 1925.0 1381.0 1060.0 
MOISTER: 4582 VDDA: 2.80 Vsol: 1.51 Vbat: 3.84  NTC: 20.3 21.5 20.8 21.3  SOIL: 1936.0 1384.0 1067.0 
MOISTER: 4583 VDDA: 2.80 Vsol: 1.51 Vbat: 3.86  NTC: 20.3 21.4 20.7 21.5  SOIL: 1926.0 1384.0 1070.0 
MOISTER: 4584 VDDA: 2.80 Vsol: 1.52 Vbat: 3.83  NTC: 20.3 21.4 20.7 21.5  SOIL: 1932.0 1387.0 1068.0 
MOISTER: 4585 VDDA: 2.80 Vsol: 1.51 Vbat: 3.84  NTC: 20.2 21.4 20.7 21.4  SOIL: 1933.0 1389.0 1068.0 
MOISTER: 4586 VDDA: 2.80 Vsol: 1.52 Vbat: 3.85  NTC: 20.2 21.3 20.6 21.3  SOIL: 1937.0 1387.0 1070.0 
MOISTER: 4587 VDDA: 2.79 Vsol: 1.52 Vbat: 3.86  NTC: 20.2 21.3 20.6 21.2  SOIL: 1934.0 1390.0 1071.0 
MOISTER: 4588 VDDA: 2.80 Vsol: 1.53 Vbat: 3.83  NTC: 20.2 21.3 20.6 21.2  SOIL: 1930.0 1389.0 1070.0 
MOISTER: 4589 VDDA: 2.80 Vsol: 1.52 Vbat: 3.85  NTC: 20.1 21.3 20.5 21.2  SOIL: 1935.0 1385.0 1067.0 
MOISTER: 4590 VDDA: 2.80 Vsol: 1.51 Vbat: 3.86  NTC: 20.1 21.3 20.5 21.3  SOIL: 1932.0 1388.0 1069.0 
MOISTER: 4591 VDDA: 2.80 Vsol: 1.52 Vbat: 3.84  NTC: 20.1 21.3 20.5 21.5  SOIL: 1932.0 1384.0 1072.0 
MOISTER: 4592 VDDA: 2.79 Vsol: 1.51 Vbat: 3.84  NTC: 20.1 21.2 20.5 21.6  SOIL: 1928.0 1382.0 1068.0 
MOISTER: 4593 VDDA: 2.79 Vsol: 1.52 Vbat: 3.84  NTC: 20.1 21.2 20.4 21.6  SOIL: 1929.0 1382.0 1068.0 
MOISTER: 4594 VDDA: 2.79 Vsol: 1.51 Vbat: 3.85  NTC: 20.1 21.2 20.4 21.4  SOIL: 1931.0 1384.0 1072.0 
MOISTER: 4595 VDDA: 2.80 Vsol: 1.52 Vbat: 3.84  NTC: 20.0 21.2 20.4 21.5  SOIL: 1929.0 1382.0 1069.0 
MOISTER: 4596 VDDA: 2.80 Vsol: 1.52 Vbat: 3.84  NTC: 20.0 21.1 20.4 21.6  SOIL: 1931.0 1387.0 1072.0 
MOISTER: 4597 VDDA: 2.80 Vsol: 1.52 Vbat: 3.83  NTC: 20.0 21.1 20.4 21.6  SOIL: 1937.0 1383.0 1065.0 
MOISTER: 4598 VDDA: 2.80 Vsol: 1.52 Vbat: 3.85  NTC: 20.0 21.1 20.4 21.6  SOIL: 1932.0 1384.0 1070.0 
MOISTER: 4599 VDDA: 2.81 Vsol: 1.52 Vbat: 3.86  NTC: 20.0 21.0 20.4 21.7  SOIL: 1936.0 1381.0 1066.0 
MOISTER: 4600 VDDA: 2.79 Vsol: 1.52 Vbat: 3.84  NTC: 20.0 21.0 20.3 21.7  SOIL: 1933.0 1387.0 1068.0 
MOISTER: 4602 VDDA: 2.80 Vsol: 1.52 Vbat: 3.86  NTC: 20.0 21.0 20.3 21.8  SOIL: 1934.0 1384.0 1072.0 
MOISTER: 4603 VDDA: 2.80 Vsol: 1.53 Vbat: 3.83  NTC: 20.0 21.0 20.3 21.8  SOIL: 1932.0 1392.0 1070.0 
MOISTER: 4604 VDDA: 2.79 Vsol: 1.52 Vbat: 3.84  NTC: 20.0 21.0 20.2 21.8  SOIL: 1935.0 1389.0 1070.0 
MOISTER: 4605 VDDA: 2.79 Vsol: 1.53 Vbat: 3.84  NTC: 20.0 20.9 20.2 21.8  SOIL: 1931.0 1389.0 1069.0 
MOISTER: 4606 VDDA: 2.80 Vsol: 1.52 Vbat: 3.83  NTC: 20.0 20.9 20.2 21.8  SOIL: 1940.0 1385.0 1069.0 
MOISTER: 4607 VDDA: 2.79 Vsol: 1.52 Vbat: 3.83  NTC: 20.0 20.9 20.2 21.8  SOIL: 1935.0 1388.0 1073.0 
MOISTER: 4608 VDDA: 2.79 Vsol: 1.52 Vbat: 3.83  NTC: 20.0 20.9 20.2 21.6  SOIL: 1933.0 1388.0 1074.0 
MOISTER: 4609 VDDA: 2.80 Vsol: 1.52 Vbat: 3.84  NTC: 20.0 20.8 20.1 21.7  SOIL: 1929.0 1382.0 1067.0 
MOISTER: 4610 VDDA: 2.80 Vsol: 1.52 Vbat: 3.87  NTC: 19.9 20.8 20.1 21.7  SOIL: 1929.0 1386.0 1074.0 
MOISTER: 4611 VDDA: 2.80 Vsol: 1.52 Vbat: 3.86  NTC: 19.9 20.8 20.1 21.8  SOIL: 1938.0 1386.0 1073.0 
MOISTER: 4612 VDDA: 2.80 Vsol: 1.52 Vbat: 3.85  NTC: 19.9 20.8 20.1 21.7  SOIL: 1933.0 1386.0 1070.0 
MOISTER: 4613 VDDA: 2.79 Vsol: 1.55 Vbat: 3.83  NTC: 19.9 20.7 20.1 21.7  SOIL: 1935.0 1386.0 1071.0 
MOISTER: 4614 VDDA: 2.80 Vsol: 1.54 Vbat: 3.84  NTC: 19.9 20.7 20.1 21.6  SOIL: 1935.0 1387.0 1073.0 
MOISTER: 4615 VDDA: 2.79 Vsol: 1.55 Vbat: 3.83  NTC: 19.9 20.7 20.0 21.8  SOIL: 1939.0 1390.0 1070.0 
MOISTER: 4616 VDDA: 2.79 Vsol: 1.55 Vbat: 3.84  NTC: 19.9 20.7 20.0 21.8  SOIL: 1936.0 1386.0 1075.0 
MOISTER: 4617 VDDA: 2.79 Vsol: 1.55 Vbat: 3.84  NTC: 19.9 20.7 20.0 21.7  SOIL: 1934.0 1388.0 1070.0 
MOISTER: 4618 VDDA: 2.80 Vsol: 1.55 Vbat: 3.83  NTC: 19.9 20.7 20.0 21.7  SOIL: 1937.0 1380.0 1070.0 
MOISTER: 4619 VDDA: 2.80 Vsol: 1.55 Vbat: 3.82  NTC: 19.8 20.7 20.0 21.8  SOIL: 1932.0 1386.0 1066.0 
MOISTER: 4620 VDDA: 2.80 Vsol: 1.55 Vbat: 3.82  NTC: 19.8 20.7 20.0 21.8  SOIL: 1939.0 1381.0 1069.0 
MOISTER: 4621 VDDA: 2.81 Vsol: 1.55 Vbat: 3.86  NTC: 19.8 20.7 19.9 22.0  SOIL: 1937.0 1385.0 1070.0 
MOISTER: 4622 VDDA: 2.80 Vsol: 1.55 Vbat: 3.85  NTC: 19.8 20.7 19.9 22.0  SOIL: 1939.0 1384.0 1073.0 
MOISTER: 4623 VDDA: 2.79 Vsol: 1.56 Vbat: 3.83  NTC: 19.8 20.6 19.9 22.1  SOIL: 1931.0 1390.0 1073.0 
MOISTER: 4624 VDDA: 2.80 Vsol: 1.54 Vbat: 3.86  NTC: 19.8 20.6 19.9 21.9  SOIL: 1943.0 1388.0 1072.0 
MOISTER: 4625 VDDA: 2.80 Vsol: 1.55 Vbat: 3.85  NTC: 19.8 20.6 19.9 21.9  SOIL: 1938.0 1386.0 1071.0 
MOISTER: 4626 VDDA: 2.79 Vsol: 1.55 Vbat: 3.85  NTC: 19.8 20.6 19.9 21.9  SOIL: 1940.0 1389.0 1069.0 
MOISTER: 4627 VDDA: 2.79 Vsol: 1.55 Vbat: 3.84  NTC: 19.7 20.5 19.9 21.8  SOIL: 1945.0 1391.0 1070.0 
MOISTER: 4628 VDDA: 2.80 Vsol: 1.56 Vbat: 3.85  NTC: 19.7 20.5 19.9 21.7  SOIL: 1938.0 1383.0 1071.0 
MOISTER: 4629 VDDA: 2.80 Vsol: 1.57 Vbat: 3.84  NTC: 19.7 20.5 19.8 21.8  SOIL: 1945.0 1387.0 1073.0 
MOISTER: 4630 VDDA: 2.79 Vsol: 1.56 Vbat: 3.86  NTC: 19.7 20.5 19.8 21.9  SOIL: 1939.0 1389.0 1076.0 
MOISTER: 4631 VDDA: 2.80 Vsol: 1.56 Vbat: 3.84  NTC: 19.7 20.5 19.8 21.9  SOIL: 1939.0 1385.0 1072.0 
MOISTER: 4632 VDDA: 2.80 Vsol: 1.56 Vbat: 3.86  NTC: 19.7 20.5 19.8 22.0  SOIL: 1938.0 1388.0 1074.0 
MOISTER: 4633 VDDA: 2.79 Vsol: 1.57 Vbat: 3.81  NTC: 19.7 20.5 19.8 22.0  SOIL: 1937.0 1388.0 1069.0 
MOISTER: 4634 VDDA: 2.79 Vsol: 1.57 Vbat: 3.83  NTC: 19.7 20.5 19.8 22.1  SOIL: 1932.0 1392.0 1073.0 
MOISTER: 4635 VDDA: 2.80 Vsol: 1.58 Vbat: 3.85  NTC: 19.7 20.5 19.8 22.1  SOIL: 1933.0 1386.0 1069.0 
MOISTER: 4636 VDDA: 2.79 Vsol: 1.57 Vbat: 3.85  NTC: 19.7 20.4 19.8 22.2  SOIL: 1939.0 1389.0 1072.0 
MOISTER: 4637 VDDA: 2.80 Vsol: 1.58 Vbat: 3.87  NTC: 19.7 20.4 19.8 22.2  SOIL: 1939.0 1388.0 1071.0 
MOISTER: 4638 VDDA: 2.79 Vsol: 1.58 Vbat: 3.84  NTC: 19.7 20.4 19.8 22.2  SOIL: 1940.0 1386.0 1070.0 
MOISTER: 4639 VDDA: 2.80 Vsol: 1.59 Vbat: 3.84  NTC: 19.7 20.4 19.8 22.2  SOIL: 1938.0 1392.0 1072.0 
MOISTER: 4640 VDDA: 2.80 Vsol: 1.60 Vbat: 3.84  NTC: 19.7 20.4 19.8 22.2  SOIL: 1944.0 1389.0 1071.0 
MOISTER: 4641 VDDA: 2.79 Vsol: 1.59 Vbat: 3.84  NTC: 19.7 20.4 19.8 22.3  SOIL: 1945.0 1391.0 1073.0 
MOISTER: 4643 VDDA: 2.79 Vsol: 1.60 Vbat: 3.84  NTC: 19.7 20.4 19.8 22.3  SOIL: 1933.0 1389.0 1071.0 
MOISTER: 4644 VDDA: 2.80 Vsol: 1.59 Vbat: 3.85  NTC: 19.7 20.4 19.8 22.4  SOIL: 1942.0 1392.0 1072.0 
MOISTER: 4645 VDDA: 2.79 Vsol: 1.59 Vbat: 3.83  NTC: 19.7 20.3 19.8 22.4  SOIL: 1937.0 1390.0 1074.0 
MOISTER: 4646 VDDA: 2.80 Vsol: 1.59 Vbat: 3.84  NTC: 19.7 20.3 19.8 22.4  SOIL: 1942.0 1388.0 1077.0 
MOISTER: 4647 VDDA: 2.81 Vsol: 1.60 Vbat: 3.86  NTC: 19.7 20.3 19.8 22.4  SOIL: 1941.0 1390.0 1070.0 
MOISTER: 4648 VDDA: 2.81 Vsol: 1.59 Vbat: 3.87  NTC: 19.7 20.3 19.7 22.4  SOIL: 1940.0 1392.0 1080.0 
MOISTER: 4649 VDDA: 2.79 Vsol: 1.59 Vbat: 3.83  NTC: 19.7 20.3 19.7 22.3  SOIL: 1944.0 1391.0 1070.0 
MOISTER: 4650 VDDA: 2.80 Vsol: 1.59 Vbat: 3.83  NTC: 19.7 20.3 19.7 22.2  SOIL: 1944.0 1393.0 1071.0 
MOISTER: 4651 VDDA: 2.80 Vsol: 1.60 Vbat: 3.82  NTC: 19.7 20.3 19.7 22.2  SOIL: 1944.0 1393.0 1075.0 
MOISTER: 4652 VDDA: 2.80 Vsol: 1.61 Vbat: 3.83  NTC: 19.7 20.3 19.7 22.2  SOIL: 1937.0 1395.0 1078.0 
MOISTER: 4653 VDDA: 2.79 Vsol: 1.61 Vbat: 3.82  NTC: 19.7 20.3 19.7 22.3  SOIL: 1943.0 1389.0 1073.0 
MOISTER: 4654 VDDA: 2.80 Vsol: 1.61 Vbat: 3.84  NTC: 19.7 20.3 19.7 22.1  SOIL: 1940.0 1389.0 1073.0 
MOISTER: 4655 VDDA: 2.80 Vsol: 1.61 Vbat: 3.86  NTC: 19.7 20.3 19.7 22.2  SOIL: 1941.0 1392.0 1078.0 
MOISTER: 4656 VDDA: 2.80 Vsol: 1.62 Vbat: 3.85  NTC: 19.7 20.2 19.7 22.4  SOIL: 1941.0 1392.0 1075.0 
MOISTER: 4657 VDDA: 2.80 Vsol: 1.63 Vbat: 3.83  NTC: 19.7 20.2 19.7 22.5  SOIL: 1945.0 1394.0 1071.0 
MOISTER: 4658 VDDA: 2.80 Vsol: 1.62 Vbat: 3.83  NTC: 19.7 20.2 19.7 22.6  SOIL: 1940.0 1394.0 1072.0 
MOISTER: 4659 VDDA: 2.79 Vsol: 1.61 Vbat: 3.83  NTC: 19.7 20.2 19.7 22.6  SOIL: 1938.0 1395.0 1078.0 
MOISTER: 4660 VDDA: 2.80 Vsol: 1.63 Vbat: 3.83  NTC: 19.7 20.2 19.7 22.7  SOIL: 1937.0 1389.0 1075.0 
MOISTER: 4661 VDDA: 2.79 Vsol: 1.63 Vbat: 3.83  NTC: 19.7 20.2 19.7 22.7  SOIL: 1944.0 1392.0 1075.0 
MOISTER: 4662 VDDA: 2.79 Vsol: 1.62 Vbat: 3.85  NTC: 19.7 20.2 19.7 22.6  SOIL: 1944.0 1398.0 1078.0 
MOISTER: 4663 VDDA: 2.79 Vsol: 1.62 Vbat: 3.86  NTC: 19.7 20.2 19.7 22.7  SOIL: 1936.0 1391.0 1075.0 
MOISTER: 4664 VDDA: 2.80 Vsol: 1.61 Vbat: 3.84  NTC: 19.7 20.2 19.7 22.7  SOIL: 1943.0 1391.0 1074.0 
MOISTER: 4665 VDDA: 2.80 Vsol: 1.62 Vbat: 3.86  NTC: 19.7 20.2 19.7 22.7  SOIL: 1941.0 1390.0 1071.0 
MOISTER: 4666 VDDA: 2.80 Vsol: 1.63 Vbat: 3.83  NTC: 19.8 20.2 19.7 22.7  SOIL: 1936.0 1393.0 1076.0 
MOISTER: 4667 VDDA: 2.80 Vsol: 1.62 Vbat: 3.83  NTC: 19.8 20.2 19.7 22.6  SOIL: 1943.0 1391.0 1073.0 
MOISTER: 4668 VDDA: 2.80 Vsol: 1.61 Vbat: 3.86  NTC: 19.8 20.2 19.7 22.3  SOIL: 1937.0 1395.0 1074.0 
MOISTER: 4669 VDDA: 2.80 Vsol: 1.62 Vbat: 3.84  NTC: 19.7 20.2 19.7 22.1  SOIL: 1944.0 1392.0 1075.0 
MOISTER: 4670 VDDA: 2.80 Vsol: 1.59 Vbat: 3.85  NTC: 19.7 20.2 19.7 22.0  SOIL: 1943.0 1395.0 1073.0 
MOISTER: 4671 VDDA: 2.79 Vsol: 1.61 Vbat: 3.84  NTC: 19.7 20.2 19.7 22.0  SOIL: 1948.0 1391.0 1080.0 
MOISTER: 4672 VDDA: 2.80 Vsol: 1.61 Vbat: 3.84  NTC: 19.7 20.1 19.7 22.0  SOIL: 1943.0 1390.0 1076.0 
MOISTER: 4673 VDDA: 2.81 Vsol: 1.61 Vbat: 3.85  NTC: 19.7 20.1 19.8 22.0  SOIL: 1945.0 1397.0 1078.0 
MOISTER: 4674 VDDA: 2.79 Vsol: 1.58 Vbat: 3.84  NTC: 19.7 20.1 19.8 22.0  SOIL: 1946.0 1392.0 1078.0 
MOISTER: 4675 VDDA: 2.80 Vsol: 1.60 Vbat: 3.84  NTC: 19.7 20.1 19.8 21.9  SOIL: 1944.0 1397.0 1070.0 
MOISTER: 4676 VDDA: 2.79 Vsol: 1.59 Vbat: 3.82  NTC: 19.7 20.1 19.8 21.9  SOIL: 1943.0 1395.0 1070.0 
MOISTER: 4677 VDDA: 2.79 Vsol: 1.61 Vbat: 3.83  NTC: 19.7 20.1 19.8 21.8  SOIL: 1943.0 1395.0 1077.0 
MOISTER: 4678 VDDA: 2.80 Vsol: 1.59 Vbat: 3.83  NTC: 19.7 20.1 19.8 21.7  SOIL: 1950.0 1391.0 1073.0 
MOISTER: 4679 VDDA: 2.80 Vsol: 1.59 Vbat: 3.86  NTC: 19.6 20.1 19.8 21.6  SOIL: 1942.0 1397.0 1072.0 
MOISTER: 4680 VDDA: 2.79 Vsol: 1.59 Vbat: 3.84  NTC: 19.6 20.1 19.7 21.8  SOIL: 1941.0 1396.0 1074.0 
MOISTER: 4681 VDDA: 2.80 Vsol: 1.60 Vbat: 3.85  NTC: 19.6 20.1 19.7 21.9  SOIL: 1946.0 1394.0 1074.0 
MOISTER: 4682 VDDA: 2.79 Vsol: 1.61 Vbat: 3.82  NTC: 19.6 20.1 19.7 22.1  SOIL: 1942.0 1393.0 1073.0 
MOISTER: 4683 VDDA: 2.79 Vsol: 1.59 Vbat: 3.85  NTC: 19.7 20.1 19.7 22.1  SOIL: 1940.0 1395.0 1074.0 
MOISTER: 4684 VDDA: 2.80 Vsol: 1.60 Vbat: 3.85  NTC: 19.6 20.1 19.7 22.2  SOIL: 1943.0 1397.0 1074.0 
MOISTER: 4685 VDDA: 2.79 Vsol: 1.59 Vbat: 3.85  NTC: 19.6 20.1 19.7 22.3  SOIL: 1944.0 1396.0 1074.0 
MOISTER: 4686 VDDA: 2.80 Vsol: 1.58 Vbat: 3.84  NTC: 19.6 20.1 19.7 22.1  SOIL: 1944.0 1399.0 1074.0 
MOISTER: 4687 VDDA: 2.80 Vsol: 1.59 Vbat: 3.84  NTC: 19.7 20.1 19.7 22.2  SOIL: 1939.0 1394.0 1076.0 
MOISTER: 4688 VDDA: 2.79 Vsol: 1.58 Vbat: 3.85  NTC: 19.6 20.1 19.7 22.2  SOIL: 1946.0 1397.0 1072.0 
MOISTER: 4689 VDDA: 2.79 Vsol: 1.60 Vbat: 3.84  NTC: 19.7 20.1 19.7 22.2  SOIL: 1945.0 1391.0 1076.0 
MOISTER: 4690 VDDA: 2.79 Vsol: 1.60 Vbat: 3.84  NTC: 19.7 20.1 19.7 22.3  SOIL: 1943.0 1391.0 1074.0 
MOISTER: 4691 VDDA: 2.79 Vsol: 1.59 Vbat: 3.85  NTC: 19.7 20.1 19.7 22.2  SOIL: 1943.0 1399.0 1078.0 
MOISTER: 4692 VDDA: 2.81 Vsol: 1.61 Vbat: 3.84  NTC: 19.7 20.1 19.7 22.0  SOIL: 1942.0 1400.0 1075.0 
MOISTER: 4693 VDDA: 2.80 Vsol: 1.60 Vbat: 3.84  NTC: 19.7 20.1 19.7 22.0  SOIL: 1945.0 1393.0 1078.0 
MOISTER: 4694 VDDA: 2.81 Vsol: 1.57 Vbat: 3.86  NTC: 19.6 20.1 19.7 21.7  SOIL: 1942.0 1394.0 1073.0 
MOISTER: 4695 VDDA: 2.80 Vsol: 1.63 Vbat: 3.83  NTC: 19.6 20.1 19.7 21.5  SOIL: 1952.0 1397.0 1079.0 
MOISTER: 4696 VDDA: 2.81 Vsol: 1.62 Vbat: 3.86  NTC: 19.6 20.1 19.7 21.6  SOIL: 1945.0 1399.0 1075.0 
MOISTER: 4697 VDDA: 2.80 Vsol: 1.61 Vbat: 3.84  NTC: 19.6 20.1 19.7 21.6  SOIL: 1948.0 1400.0 1073.0 
MOISTER: 4698 VDDA: 2.79 Vsol: 1.60 Vbat: 3.85  NTC: 19.6 20.1 19.7 21.5  SOIL: 1946.0 1400.0 1075.0 
MOISTER: 4699 VDDA: 2.80 Vsol: 1.62 Vbat: 3.85  NTC: 19.5 20.0 19.7 21.6  SOIL: 1950.0 1396.0 1075.0 
MOISTER: 4700 VDDA: 2.80 Vsol: 1.61 Vbat: 3.83  NTC: 19.5 20.0 19.7 21.6  SOIL: 1947.0 1393.0 1077.0 
MOISTER: 4701 VDDA: 2.81 Vsol: 1.60 Vbat: 3.86  NTC: 19.5 20.0 19.7 21.6  SOIL: 1948.0 1396.0 1077.0 
MOISTER: 4702 VDDA: 2.80 Vsol: 1.61 Vbat: 3.85  NTC: 19.5 20.0 19.7 21.7  SOIL: 1948.0 1397.0 1075.0 
MOISTER: 4703 VDDA: 2.79 Vsol: 1.60 Vbat: 3.85  NTC: 19.5 20.0 19.7 21.7  SOIL: 1944.0 1396.0 1076.0 
MOISTER: 4704 VDDA: 2.81 Vsol: 1.63 Vbat: 3.83  NTC: 19.5 20.0 19.7 21.7  SOIL: 1942.0 1397.0 1079.0 
MOISTER: 4705 VDDA: 2.79 Vsol: 1.61 Vbat: 3.84  NTC: 19.5 20.0 19.7 21.6  SOIL: 1947.0 1395.0 1075.0 
MOISTER: 4706 VDDA: 2.79 Vsol: 1.58 Vbat: 3.85  NTC: 19.5 20.0 19.7 21.7  SOIL: 1947.0 1395.0 1075.0 
MOISTER: 4707 VDDA: 2.80 Vsol: 1.58 Vbat: 3.85  NTC: 19.5 20.0 19.7 21.5  SOIL: 1948.0 1400.0 1076.0 
MOISTER: 4708 VDDA: 2.80 Vsol: 1.57 Vbat: 3.83  NTC: 19.5 20.0 19.7 21.4  SOIL: 1950.0 1398.0 1077.0 
MOISTER: 4709 VDDA: 2.79 Vsol: 1.56 Vbat: 3.83  NTC: 19.5 20.0 19.7 21.4  SOIL: 1951.0 1399.0 1078.0 
MOISTER: 4710 VDDA: 2.80 Vsol: 1.59 Vbat: 3.84  NTC: 19.5 20.0 19.7 21.5  SOIL: 1955.0 1399.0 1076.0 
MOISTER: 4711 VDDA: 2.80 Vsol: 1.59 Vbat: 3.82  NTC: 19.5 20.0 19.6 21.5  SOIL: 1950.0 1396.0 1080.0 
MOISTER: 4712 VDDA: 2.79 Vsol: 1.58 Vbat: 3.83  NTC: 19.5 20.0 19.6 21.6  SOIL: 1953.0 1399.0 1079.0 
MOISTER: 4713 VDDA: 2.80 Vsol: 1.55 Vbat: 3.85  NTC: 19.5 20.0 19.6 21.5  SOIL: 1950.0 1396.0 1078.0 
MOISTER: 4714 VDDA: 2.80 Vsol: 1.58 Vbat: 3.83  NTC: 19.5 20.0 19.6 21.5  SOIL: 1945.0 1401.0 1074.0 
MOISTER: 4715 VDDA: 2.79 Vsol: 1.56 Vbat: 3.84  NTC: 19.5 19.9 19.6 21.3  SOIL: 1951.0 1398.0 1081.0 
MOISTER: 4716 VDDA: 2.79 Vsol: 1.60 Vbat: 3.84  NTC: 19.4 20.0 19.6 21.3  SOIL: 1957.0 1400.0 1081.0 
MOISTER: 4717 VDDA: 2.81 Vsol: 1.61 Vbat: 3.83  NTC: 19.4 19.9 19.6 21.3  SOIL: 1953.0 1399.0 1079.0 
MOISTER: 4718 VDDA: 2.79 Vsol: 1.60 Vbat: 3.83  NTC: 19.4 19.9 19.6 21.3  SOIL: 1955.0 1399.0 1080.0 
MOISTER: 4719 VDDA: 2.80 Vsol: 1.60 Vbat: 3.83  NTC: 19.4 19.9 19.5 21.4  SOIL: 1948.0 1399.0 1075.0 
MOISTER: 4720 VDDA: 2.79 Vsol: 1.59 Vbat: 3.82  NTC: 19.4 19.9 19.5 21.5  SOIL: 1951.0 1395.0 1080.0 
MOISTER: 4721 VDDA: 2.80 Vsol: 1.55 Vbat: 3.82  NTC: 19.4 19.9 19.5 21.4  SOIL: 1948.0 1399.0 1075.0 
MOISTER: 4722 VDDA: 2.79 Vsol: 1.55 Vbat: 3.82  NTC: 19.4 19.9 19.5 21.2  SOIL: 1949.0 1405.0 1080.0 
MOISTER: 4723 VDDA: 2.80 Vsol: 1.53 Vbat: 3.85  NTC: 19.4 19.9 19.5 21.1  SOIL: 1952.0 1399.0 1082.0 
MOISTER: 4724 VDDA: 2.80 Vsol: 1.53 Vbat: 3.86  NTC: 19.4 19.9 19.5 21.0  SOIL: 1950.0 1402.0 1089.0 
MOISTER: 4725 VDDA: 2.80 Vsol: 1.53 Vbat: 3.85  NTC: 19.4 19.9 19.5 20.9  SOIL: 1953.0 1405.0 1079.0 
MOISTER: 4726 VDDA: 2.80 Vsol: 1.53 Vbat: 3.85  NTC: 19.4 19.8 19.5 20.9  SOIL: 1958.0 1407.0 1080.0 
MOISTER: 4727 VDDA: 2.80 Vsol: 1.52 Vbat: 3.85  NTC: 19.4 19.8 19.5 20.9  SOIL: 1957.0 1402.0 1083.0 
MOISTER: 4728 VDDA: 2.80 Vsol: 1.53 Vbat: 3.83  NTC: 19.4 19.8 19.5 20.9  SOIL: 1953.0 1400.0 1083.0 
MOISTER: 4729 VDDA: 2.80 Vsol: 1.54 Vbat: 3.84  NTC: 19.3 19.8 19.5 20.9  SOIL: 1954.0 1400.0 1079.0 
MOISTER: 4730 VDDA: 2.80 Vsol: 1.54 Vbat: 3.83  NTC: 19.3 19.8 19.5 21.1  SOIL: 1953.0 1403.0 1078.0 
MOISTER: 4731 VDDA: 2.80 Vsol: 1.53 Vbat: 3.85  NTC: 19.3 19.8 19.5 21.1  SOIL: 1958.0 1408.0 1077.0 
MOISTER: 4732 VDDA: 2.80 Vsol: 1.55 Vbat: 3.83  NTC: 19.3 19.8 19.5 21.1  SOIL: 1953.0 1404.0 1079.0 
MOISTER: 4733 VDDA: 2.80 Vsol: 1.56 Vbat: 3.84  NTC: 19.3 19.8 19.4 21.3  SOIL: 1952.0 1401.0 1083.0 
MOISTER: 4734 VDDA: 2.80 Vsol: 1.57 Vbat: 3.84  NTC: 19.3 19.8 19.4 21.3  SOIL: 1949.0 1400.0 1079.0 
MOISTER: 4735 VDDA: 2.80 Vsol: 1.57 Vbat: 3.85  NTC: 19.3 19.8 19.4 21.5  SOIL: 1953.0 1401.0 1084.0 
MOISTER: 4736 VDDA: 2.80 Vsol: 1.58 Vbat: 3.83  NTC: 19.3 19.8 19.4 21.5  SOIL: 1950.0 1401.0 1078.0 
MOISTER: 4737 VDDA: 2.79 Vsol: 1.57 Vbat: 3.83  NTC: 19.3 19.8 19.4 21.6  SOIL: 1946.0 1399.0 1081.0 
MOISTER: 4738 VDDA: 2.79 Vsol: 1.55 Vbat: 3.82  NTC: 19.3 19.7 19.4 21.6  SOIL: 1949.0 1400.0 1076.0 
MOISTER: 4739 VDDA: 2.79 Vsol: 1.55 Vbat: 3.84  NTC: 19.3 19.7 19.4 21.3  SOIL: 1948.0 1397.0 1081.0 
MOISTER: 4740 VDDA: 2.81 Vsol: 1.54 Vbat: 3.84  NTC: 19.3 19.7 19.4 21.1  SOIL: 1955.0 1407.0 1082.0 
MOISTER: 4741 VDDA: 2.80 Vsol: 1.54 Vbat: 3.85  NTC: 19.3 19.7 19.4 21.1  SOIL: 1956.0 1408.0 1084.0 
MOISTER: 4742 VDDA: 2.79 Vsol: 1.56 Vbat: 3.84  NTC: 19.3 19.7 19.3 21.1  SOIL: 1956.0 1402.0 1079.0 
MOISTER: 4743 VDDA: 2.80 Vsol: 1.57 Vbat: 3.85  NTC: 19.3 19.7 19.3 21.2  SOIL: 1959.0 1401.0 1077.0 
MOISTER: 4744 VDDA: 2.79 Vsol: 1.55 Vbat: 3.85  NTC: 19.2 19.7 19.3 21.3  SOIL: 1944.0 1396.0 1082.0 
MOISTER: 4745 VDDA: 2.81 Vsol: 1.57 Vbat: 3.83  NTC: 19.2 19.7 19.3 21.1  SOIL: 1950.0 1402.0 1077.0 
MOISTER: 4746 VDDA: 2.80 Vsol: 1.57 Vbat: 3.84  NTC: 19.2 19.7 19.3 21.1  SOIL: 1952.0 1406.0 1081.0 
MOISTER: 4747 VDDA: 2.80 Vsol: 1.54 Vbat: 3.85  NTC: 19.2 19.7 19.3 21.1  SOIL: 1953.0 1408.0 1081.0 
MOISTER: 4748 VDDA: 2.80 Vsol: 1.56 Vbat: 3.84  NTC: 19.2 19.7 19.3 21.1  SOIL: 1954.0 1400.0 1081.0 
MOISTER: 4749 VDDA: 2.80 Vsol: 1.57 Vbat: 3.83  NTC: 19.2 19.7 19.3 21.2  SOIL: 1951.0 1403.0 1084.0 
MOISTER: 4750 VDDA: 2.79 Vsol: 1.57 Vbat: 3.82  NTC: 19.2 19.7 19.3 21.3  SOIL: 1949.0 1402.0 1082.0 
MOISTER: 4751 VDDA: 2.79 Vsol: 1.56 Vbat: 3.86  NTC: 19.2 19.6 19.3 21.2  SOIL: 1957.0 1401.0 1082.0 
MOISTER: 4752 VDDA: 2.79 Vsol: 1.56 Vbat: 3.84  NTC: 19.2 19.6 19.3 21.3  SOIL: 1957.0 1400.0 1077.0 
MOISTER: 4753 VDDA: 2.80 Vsol: 1.57 Vbat: 3.84  NTC: 19.2 19.6 19.2 21.4  SOIL: 1956.0 1402.0 1083.0 
MOISTER: 4754 VDDA: 2.80 Vsol: 1.57 Vbat: 3.84  NTC: 19.2 19.6 19.2 21.3  SOIL: 1953.0 1401.0 1077.0 
MOISTER: 4755 VDDA: 2.81 Vsol: 1.55 Vbat: 3.85  NTC: 19.2 19.6 19.2 21.3  SOIL: 1948.0 1399.0 1079.0 
MOISTER: 4756 VDDA: 2.79 Vsol: 1.55 Vbat: 3.84  NTC: 19.2 19.6 19.2 21.4  SOIL: 1949.0 1400.0 1077.0 
MOISTER: 4757 VDDA: 2.81 Vsol: 1.54 Vbat: 3.84  NTC: 19.2 19.6 19.2 21.5  SOIL: 1954.0 1403.0 1081.0 
MOISTER: 4758 VDDA: 2.80 Vsol: 1.54 Vbat: 3.83  NTC: 19.2 19.6 19.2 21.5  SOIL: 1953.0 1400.0 1082.0 
MOISTER: 4759 VDDA: 2.79 Vsol: 1.53 Vbat: 3.82  NTC: 19.2 19.6 19.2 21.3  SOIL: 1954.0 1405.0 1083.0 
MOISTER: 4760 VDDA: 2.79 Vsol: 1.52 Vbat: 3.83  NTC: 19.2 19.6 19.2 21.3  SOIL: 1956.0 1401.0 1083.0 
MOISTER: 4761 VDDA: 2.79 Vsol: 1.53 Vbat: 3.82  NTC: 19.2 19.6 19.2 21.4  SOIL: 1955.0 1399.0 1079.0 
MOISTER: 4762 VDDA: 2.79 Vsol: 1.53 Vbat: 3.82  NTC: 19.2 19.6 19.2 21.4  SOIL: 1957.0 1406.0 1083.0 
MOISTER: 4763 VDDA: 2.79 Vsol: 1.54 Vbat: 3.82  NTC: 19.2 19.6 19.2 21.3  SOIL: 1953.0 1405.0 1081.0 
MOISTER: 4764 VDDA: 2.81 Vsol: 1.56 Vbat: 3.83  NTC: 19.2 19.6 19.2 21.3  SOIL: 1951.0 1400.0 1080.0 
MOISTER: 4765 VDDA: 2.79 Vsol: 1.54 Vbat: 3.83  NTC: 19.2 19.5 19.2 21.4  SOIL: 1959.0 1406.0 1079.0 
MOISTER: 4766 VDDA: 2.80 Vsol: 1.52 Vbat: 3.84  NTC: 19.2 19.5 19.2 21.3  SOIL: 1951.0 1399.0 1078.0 
MOISTER: 4767 VDDA: 2.80 Vsol: 1.55 Vbat: 3.84  NTC: 19.1 19.5 19.2 21.1  SOIL: 1951.0 1403.0 1084.0 
MOISTER: 4768 VDDA: 2.79 Vsol: 1.57 Vbat: 3.82  NTC: 19.1 19.5 19.2 21.1  SOIL: 1956.0 1407.0 1084.0 
MOISTER: 4769 VDDA: 2.80 Vsol: 1.56 Vbat: 3.82  NTC: 19.1 19.5 19.2 21.0  SOIL: 1958.0 1398.0 1081.0 
MOISTER: 4770 VDDA: 2.79 Vsol: 1.55 Vbat: 3.84  NTC: 19.1 19.5 19.2 21.0  SOIL: 1951.0 1406.0 1092.0 
MOISTER: 4771 VDDA: 2.79 Vsol: 1.99 Vbat: 3.81  NTC: 19.1 19.5 19.1 21.0  SOIL: 1956.0 1411.0 1084.0 
MOISTER: 4772 VDDA: 2.80 Vsol: 1.57 Vbat: 3.86  NTC: 19.1 19.5 19.1 21.0  SOIL: 1955.0 1412.0 1082.0 
MOISTER: 4773 VDDA: 2.79 Vsol: 1.59 Vbat: 3.83  NTC: 19.1 19.5 19.1 21.0  SOIL: 1956.0 1404.0 1082.0 
MOISTER: 4774 VDDA: 2.81 Vsol: 1.58 Vbat: 3.88  NTC: 19.1 19.5 19.1 21.2  SOIL: 1959.0 1404.0 1079.0 
MOISTER: 4775 VDDA: 2.80 Vsol: 1.58 Vbat: 3.84  NTC: 19.1 19.5 19.1 21.3  SOIL: 1956.0 1403.0 1079.0 
MOISTER: 4776 VDDA: 2.79 Vsol: 1.98 Vbat: 3.83  NTC: 19.1 19.5 19.1 21.2  SOIL: 1953.0 1400.0 1086.0 
MOISTER: 4777 VDDA: 2.80 Vsol: 1.56 Vbat: 3.86  NTC: 19.1 19.5 19.1 21.2  SOIL: 1954.0 1409.0 1079.0 
MOISTER: 4778 VDDA: 2.80 Vsol: 1.54 Vbat: 3.86  NTC: 19.1 19.5 19.1 21.3  SOIL: 1957.0 1397.0 1078.0 
MOISTER: 4779 VDDA: 2.81 Vsol: 1.55 Vbat: 3.84  NTC: 19.1 19.5 19.1 21.4  SOIL: 1952.0 1400.0 1078.0 
MOISTER: 4780 VDDA: 2.80 Vsol: 1.55 Vbat: 3.84  NTC: 19.1 19.5 19.1 21.2  SOIL: 1957.0 1408.0 1081.0 
MOISTER: 4781 VDDA: 2.81 Vsol: 1.55 Vbat: 3.85  NTC: 19.1 19.5 19.0 21.1  SOIL: 1953.0 1408.0 1079.0 
MOISTER: 4782 VDDA: 2.80 Vsol: 1.55 Vbat: 3.82  NTC: 19.1 19.5 19.0 21.1  SOIL: 1960.0 1405.0 1082.0 
MOISTER: 4783 VDDA: 2.80 Vsol: 1.55 Vbat: 3.84  NTC: 19.1 19.5 19.0 21.1  SOIL: 1958.0 1404.0 1083.0 
MOISTER: 4784 VDDA: 2.79 Vsol: 1.56 Vbat: 3.82  NTC: 19.0 19.5 19.0 21.1  SOIL: 1957.0 1403.0 1080.0 
MOISTER: 4785 VDDA: 2.79 Vsol: 1.55 Vbat: 3.86  NTC: 19.0 19.5 19.0 21.2  SOIL: 1957.0 1402.0 1082.0 
MOISTER: 4786 VDDA: 2.80 Vsol: 1.55 Vbat: 3.85  NTC: 19.0 19.5 19.0 21.3  SOIL: 1954.0 1405.0 1085.0 
MOISTER: 4787 VDDA: 2.80 Vsol: 1.54 Vbat: 3.86  NTC: 19.0 19.5 19.0 21.1  SOIL: 1959.0 1406.0 1084.0 
MOISTER: 4788 VDDA: 2.80 Vsol: 1.52 Vbat: 3.85  NTC: 19.0 19.5 19.0 21.1  SOIL: 1957.0 1401.0 1087.0 
MOISTER: 4789 VDDA: 2.79 Vsol: 1.52 Vbat: 3.83  NTC: 19.0 19.5 19.0 21.1  SOIL: 1960.0 1412.0 1085.0 
MOISTER: 4790 VDDA: 2.80 Vsol: 1.50 Vbat: 3.85  NTC: 19.0 19.5 19.0 21.0  SOIL: 1957.0 1409.0 1081.0 
MOISTER: 4791 VDDA: 2.81 Vsol: 1.50 Vbat: 3.85  NTC: 19.0 19.5 19.0 21.0  SOIL: 1955.0 1406.0 1084.0 
MOISTER: 4792 VDDA: 2.80 Vsol: 1.50 Vbat: 3.84  NTC: 19.0 19.4 19.0 20.9  SOIL: 1952.0 1411.0 1081.0 
MOISTER: 4793 VDDA: 2.80 Vsol: 1.49 Vbat: 3.85  NTC: 19.0 19.4 19.0 20.9  SOIL: 1959.0 1406.0 1081.0 
MOISTER: 4794 VDDA: 2.80 Vsol: 1.50 Vbat: 3.84  NTC: 19.0 19.4 19.0 20.8  SOIL: 1962.0 1416.0 1085.0 
MOISTER: 4795 VDDA: 2.80 Vsol: 1.50 Vbat: 3.84  NTC: 19.0 19.4 19.0 20.8  SOIL: 1965.0 1413.0 1082.0 
MOISTER: 4796 VDDA: 2.79 Vsol: 1.50 Vbat: 3.83  NTC: 19.0 19.4 19.0 20.7  SOIL: 1961.0 1408.0 1084.0 
MOISTER: 4797 VDDA: 2.79 Vsol: 1.51 Vbat: 3.85  NTC: 19.0 19.4 19.0 20.6  SOIL: 1963.0 1410.0 1087.0 
MOISTER: 4798 VDDA: 2.80 Vsol: 1.52 Vbat: 3.85  NTC: 19.0 19.4 19.0 20.6  SOIL: 1968.0 1408.0 1088.0 
MOISTER: 4799 VDDA: 2.80 Vsol: 1.52 Vbat: 3.86  NTC: 18.9 19.4 19.0 20.7  SOIL: 1959.0 1410.0 1084.0 
MOISTER: 4800 VDDA: 2.80 Vsol: 1.53 Vbat: 3.84  NTC: 18.9 19.4 19.0 20.8  SOIL: 1961.0 1415.0 1083.0 
MOISTER: 4801 VDDA: 2.80 Vsol: 1.55 Vbat: 3.83  NTC: 18.9 19.4 18.9 20.8  SOIL: 1958.0 1406.0 1078.0 
MOISTER: 4803 VDDA: 2.79 Vsol: 1.52 Vbat: 3.85  NTC: 18.9 19.4 18.9 20.8  SOIL: 1966.0 1421.0 1087.0 
MOISTER: 4804 VDDA: 2.79 Vsol: 1.53 Vbat: 3.84  NTC: 18.9 19.4 18.9 20.9  SOIL: 1960.0 1407.0 1077.0 
MOISTER: 4805 VDDA: 2.79 Vsol: 1.53 Vbat: 3.83  NTC: 18.9 19.4 18.9 20.9  SOIL: 1957.0 1418.0 1083.0 
MOISTER: 4807 VDDA: 2.80 Vsol: 1.53 Vbat: 3.84  NTC: 18.9 19.3 18.9 20.9  SOIL: 1959.0 1403.0 1083.0 
MOISTER: 4808 VDDA: 2.80 Vsol: 1.51 Vbat: 3.85  NTC: 18.9 19.3 18.9 20.9  SOIL: 1957.0 1406.0 1085.0 
MOISTER: 4809 VDDA: 2.79 Vsol: 1.50 Vbat: 3.83  NTC: 18.9 19.3 18.9 20.9  SOIL: 1961.0 1409.0 1091.0 
MOISTER: 4810 VDDA: 2.79 Vsol: 1.50 Vbat: 3.82  NTC: 18.9 19.3 18.9 20.8  SOIL: 1957.0 1411.0 1084.0 
MOISTER: 4811 VDDA: 2.79 Vsol: 1.50 Vbat: 3.81  NTC: 18.9 19.3 18.9 20.7  SOIL: 1960.0 1413.0 1089.0 
MOISTER: 4812 VDDA: 2.80 Vsol: 1.49 Vbat: 3.86  NTC: 18.9 19.3 18.9 20.6  SOIL: 1959.0 1409.0 1089.0 
MOISTER: 4813 VDDA: 2.79 Vsol: 1.48 Vbat: 3.84  NTC: 18.9 19.3 18.9 20.6  SOIL: 1959.0 1413.0 1085.0 
MOISTER: 4814 VDDA: 2.79 Vsol: 1.50 Vbat: 3.82  NTC: 18.9 19.3 18.9 20.6  SOIL: 1963.0 1411.0 1088.0 
MOISTER: 4815 VDDA: 2.80 Vsol: 1.50 Vbat: 3.84  NTC: 18.9 19.3 18.9 20.6  SOIL: 1967.0 1413.0 1083.0 
MOISTER: 4816 VDDA: 2.80 Vsol: 1.52 Vbat: 3.84  NTC: 18.9 19.3 18.9 20.5  SOIL: 1961.0 1416.0 1085.0 
MOISTER: 4817 VDDA: 2.79 Vsol: 1.52 Vbat: 3.84  NTC: 18.9 19.3 18.9 20.5  SOIL: 1964.0 1415.0 1086.0 
MOISTER: 4818 VDDA: 2.79 Vsol: 1.53 Vbat: 3.82  NTC: 18.9 19.3 18.8 20.4  SOIL: 1966.0 1413.0 1086.0 
MOISTER: 4819 VDDA: 2.79 Vsol: 1.52 Vbat: 3.82  NTC: 18.9 19.3 18.8 20.5  SOIL: 1969.0 1411.0 1089.0 
MOISTER: 4820 VDDA: 2.79 Vsol: 1.52 Vbat: 3.82  NTC: 18.8 19.3 18.8 20.5  SOIL: 1972.0 1415.0 1089.0 
MOISTER: 4821 VDDA: 2.79 Vsol: 1.51 Vbat: 3.84  NTC: 18.8 19.3 18.8 20.4  SOIL: 1960.0 1411.0 1085.0 
MOISTER: 4822 VDDA: 2.80 Vsol: 1.51 Vbat: 3.84  NTC: 18.8 19.3 18.8 20.4  SOIL: 1973.0 1413.0 1088.0 
MOISTER: 4823 VDDA: 2.79 Vsol: 1.51 Vbat: 3.81  NTC: 18.8 19.3 18.8 20.5  SOIL: 1964.0 1415.0 1085.0 
MOISTER: 4824 VDDA: 2.79 Vsol: 1.50 Vbat: 3.83  NTC: 18.8 19.3 18.8 20.5  SOIL: 1960.0 1412.0 1087.0 
MOISTER: 4825 VDDA: 2.81 Vsol: 1.50 Vbat: 3.85  NTC: 18.8 19.3 18.8 20.4  SOIL: 1966.0 1409.0 1086.0 
MOISTER: 4826 VDDA: 2.79 Vsol: 1.49 Vbat: 3.85  NTC: 18.8 19.3 18.8 20.5  SOIL: 1965.0 1412.0 1090.0 
MOISTER: 4827 VDDA: 2.80 Vsol: 1.49 Vbat: 3.85  NTC: 18.8 19.3 18.8 20.5  SOIL: 1963.0 1412.0 1085.0 
MOISTER: 4828 VDDA: 2.80 Vsol: 1.49 Vbat: 3.84  NTC: 18.8 19.3 18.8 20.5  SOIL: 1963.0 1417.0 1085.0 
MOISTER: 4829 VDDA: 2.79 Vsol: 1.47 Vbat: 3.85  NTC: 18.8 19.3 18.8 20.5  SOIL: 1966.0 1417.0 1093.0 
MOISTER: 4830 VDDA: 2.79 Vsol: 1.49 Vbat: 3.85  NTC: 18.8 19.2 18.8 20.5  SOIL: 1970.0 1413.0 1085.0 
MOISTER: 4831 VDDA: 2.80 Vsol: 1.84 Vbat: 3.81  NTC: 18.8 19.2 18.7 20.6  SOIL: 1958.0 1415.0 1087.0 
MOISTER: 4832 VDDA: 2.80 Vsol: 1.48 Vbat: 3.83  NTC: 18.8 19.2 18.7 20.6  SOIL: 1964.0 1410.0 1086.0 
MOISTER: 4833 VDDA: 2.79 Vsol: 1.46 Vbat: 3.84  NTC: 18.8 19.2 18.7 20.6  SOIL: 1963.0 1410.0 1087.0 
MOISTER: 4834 VDDA: 2.80 Vsol: 1.47 Vbat: 3.87  NTC: 18.8 19.2 18.7 20.5  SOIL: 1965.0 1409.0 1087.0 
MOISTER: 4835 VDDA: 2.79 Vsol: 1.47 Vbat: 3.83  NTC: 18.8 19.2 18.7 20.5  SOIL: 1965.0 1411.0 1092.0 
MOISTER: 4836 VDDA: 2.80 Vsol: 1.48 Vbat: 3.83  NTC: 18.8 19.2 18.7 20.4  SOIL: 1969.0 1409.0 1086.0 
MOISTER: 4837 VDDA: 2.80 Vsol: 1.46 Vbat: 3.85  NTC: 18.8 19.2 18.7 20.3  SOIL: 1962.0 1415.0 1089.0 
MOISTER: 4838 VDDA: 2.80 Vsol: 1.46 Vbat: 3.85  NTC: 18.8 19.2 18.7 20.3  SOIL: 1966.0 1414.0 1092.0 
MOISTER: 4839 VDDA: 2.79 Vsol: 1.82 Vbat: 3.84  NTC: 18.8 19.2 18.7 20.3  SOIL: 1968.0 1414.0 1088.0 
MOISTER: 4840 VDDA: 2.79 Vsol: 1.45 Vbat: 3.81  NTC: 18.8 19.2 18.7 20.3  SOIL: 1963.0 1408.0 1090.0 
MOISTER: 4841 VDDA: 2.79 Vsol: 1.45 Vbat: 3.86  NTC: 18.8 19.2 18.7 20.3  SOIL: 1969.0 1413.0 1088.0 
MOISTER: 4842 VDDA: 2.80 Vsol: 1.45 Vbat: 3.82  NTC: 18.8 19.2 18.7 20.3  SOIL: 1962.0 1411.0 1088.0 
MOISTER: 4843 VDDA: 2.79 Vsol: 1.45 Vbat: 3.81  NTC: 18.8 19.1 18.6 20.3  SOIL: 1973.0 1414.0 1093.0 
MOISTER: 4844 VDDA: 2.80 Vsol: 1.45 Vbat: 3.81  NTC: 18.8 19.2 18.6 20.3  SOIL: 1970.0 1418.0 1088.0 
MOISTER: 4845 VDDA: 2.79 Vsol: 1.44 Vbat: 3.85  NTC: 18.8 19.1 18.6 20.3  SOIL: 1968.0 1411.0 1090.0 
MOISTER: 4846 VDDA: 2.80 Vsol: 1.45 Vbat: 3.83  NTC: 18.7 19.2 18.6 20.3  SOIL: 1962.0 1421.0 1090.0 
MOISTER: 4847 VDDA: 2.80 Vsol: 1.45 Vbat: 3.84  NTC: 18.7 19.1 18.6 20.3  SOIL: 1970.0 1415.0 1091.0 
MOISTER: 4848 VDDA: 2.81 Vsol: 1.44 Vbat: 3.87  NTC: 18.7 19.1 18.6 20.3  SOIL: 1968.0 1412.0 1087.0 
MOISTER: 4849 VDDA: 2.80 Vsol: 1.45 Vbat: 3.83  NTC: 18.7 19.1 18.6 20.2  SOIL: 1970.0 1410.0 1090.0 
MOISTER: 4850 VDDA: 2.79 Vsol: 1.44 Vbat: 3.82  NTC: 18.7 19.1 18.6 20.1  SOIL: 1955.0 1412.0 1089.0 
MOISTER: 4851 VDDA: 2.80 Vsol: 1.43 Vbat: 3.85  NTC: 18.7 19.1 18.6 20.1  SOIL: 1963.0 1410.0 1090.0 
MOISTER: 4852 VDDA: 2.79 Vsol: 1.43 Vbat: 3.83  NTC: 18.7 19.1 18.6 20.1  SOIL: 1969.0 1413.0 1090.0 
MOISTER: 4853 VDDA: 2.79 Vsol: 1.43 Vbat: 3.82  NTC: 18.7 19.1 18.6 20.0  SOIL: 1964.0 1412.0 1091.0 
MOISTER: 4854 VDDA: 2.80 Vsol: 1.42 Vbat: 3.85  NTC: 18.7 19.1 18.6 20.0  SOIL: 1968.0 1419.0 1090.0 
MOISTER: 4855 VDDA: 2.80 Vsol: 1.43 Vbat: 3.82  NTC: 18.7 19.1 18.6 20.0  SOIL: 1971.0 1419.0 1093.0 
MOISTER: 4856 VDDA: 2.80 Vsol: 1.42 Vbat: 3.85  NTC: 18.7 19.1 18.6 20.1  SOIL: 1967.0 1412.0 1088.0 
MOISTER: 4857 VDDA: 2.80 Vsol: 1.42 Vbat: 3.83  NTC: 18.7 19.1 18.6 20.1  SOIL: 1966.0 1414.0 1089.0 
MOISTER: 4858 VDDA: 2.80 Vsol: 1.43 Vbat: 3.82  NTC: 18.7 19.1 18.6 20.1  SOIL: 1969.0 1410.0 1088.0 
MOISTER: 4859 VDDA: 2.79 Vsol: 1.41 Vbat: 3.85  NTC: 18.7 19.0 18.6 20.1  SOIL: 1967.0 1410.0 1091.0 
MOISTER: 4860 VDDA: 2.79 Vsol: 1.41 Vbat: 3.86  NTC: 18.7 19.0 18.5 20.1  SOIL: 1971.0 1407.0 1091.0 
MOISTER: 4861 VDDA: 2.79 Vsol: 1.41 Vbat: 3.84  NTC: 18.7 19.0 18.5 20.1  SOIL: 1968.0 1414.0 1089.0 
MOISTER: 4862 VDDA: 2.79 Vsol: 1.41 Vbat: 3.81  NTC: 18.6 19.0 18.5 20.0  SOIL: 1967.0 1415.0 1092.0 
MOISTER: 4863 VDDA: 2.80 Vsol: 1.41 Vbat: 3.87  NTC: 18.6 19.0 18.5 20.0  SOIL: 1969.0 1414.0 1086.0 
MOISTER: 4864 VDDA: 2.80 Vsol: 1.41 Vbat: 3.81  NTC: 18.6 19.0 18.5 20.0  SOIL: 1965.0 1413.0 1085.0 
MOISTER: 4865 VDDA: 2.79 Vsol: 1.41 Vbat: 3.82  NTC: 18.6 19.0 18.5 20.0  SOIL: 1963.0 1418.0 1093.0 
MOISTER: 4866 VDDA: 2.81 Vsol: 1.73 Vbat: 3.84  NTC: 18.6 19.0 18.5 19.9  SOIL: 1971.0 1416.0 1087.0 
MOISTER: 4867 VDDA: 2.80 Vsol: 1.39 Vbat: 3.83  NTC: 18.6 19.0 18.5 20.0  SOIL: 1971.0 1420.0 1093.0 
MOISTER: 4868 VDDA: 2.80 Vsol: 1.40 Vbat: 3.82  NTC: 18.6 19.0 18.5 19.9  SOIL: 1972.0 1425.0 1093.0 
MOISTER: 4869 VDDA: 2.79 Vsol: 1.39 Vbat: 3.84  NTC: 18.6 19.0 18.5 19.9  SOIL: 1966.0 1411.0 1093.0 
MOISTER: 4870 VDDA: 2.80 Vsol: 1.39 Vbat: 3.85  NTC: 18.6 19.0 18.5 19.9  SOIL: 1973.0 1418.0 1092.0 
MOISTER: 4871 VDDA: 2.79 Vsol: 1.39 Vbat: 3.83  NTC: 18.6 19.0 18.5 19.9  SOIL: 1966.0 1417.0 1091.0 
MOISTER: 4872 VDDA: 2.80 Vsol: 1.38 Vbat: 3.84  NTC: 18.6 19.0 18.5 19.9  SOIL: 1972.0 1416.0 1092.0 
MOISTER: 4873 VDDA: 2.80 Vsol: 1.39 Vbat: 3.83  NTC: 18.6 19.0 18.5 19.9  SOIL: 1965.0 1412.0 1092.0 
MOISTER: 4874 VDDA: 2.80 Vsol: 1.38 Vbat: 3.83  NTC: 18.6 19.0 18.5 19.9  SOIL: 1969.0 1412.0 1089.0 
MOISTER: 4875 VDDA: 2.80 Vsol: 1.38 Vbat: 3.82  NTC: 18.6 19.0 18.4 19.9  SOIL: 1960.0 1415.0 1093.0 
MOISTER: 4876 VDDA: 2.79 Vsol: 1.37 Vbat: 3.84  NTC: 18.6 18.9 18.4 19.9  SOIL: 1968.0 1413.0 1095.0 
MOISTER: 4877 VDDA: 2.79 Vsol: 1.37 Vbat: 3.80  NTC: 18.6 18.9 18.4 19.9  SOIL: 1966.0 1414.0 1097.0 
MOISTER: 4878 VDDA: 2.79 Vsol: 1.37 Vbat: 3.82  NTC: 18.5 18.9 18.4 19.8  SOIL: 1973.0 1421.0 1093.0 
MOISTER: 4879 VDDA: 2.79 Vsol: 1.36 Vbat: 3.80  NTC: 18.5 18.9 18.4 19.8  SOIL: 1970.0 1416.0 1090.0 
MOISTER: 4880 VDDA: 2.80 Vsol: 1.37 Vbat: 3.83  NTC: 18.5 18.9 18.4 19.8  SOIL: 1966.0 1414.0 1094.0 
MOISTER: 4881 VDDA: 2.80 Vsol: 1.37 Vbat: 3.83  NTC: 18.5 18.9 18.4 19.8  SOIL: 1969.0 1416.0 1090.0 
MOISTER: 4882 VDDA: 2.80 Vsol: 1.35 Vbat: 3.83  NTC: 18.5 18.9 18.4 19.7  SOIL: 1973.0 1414.0 1093.0 
MOISTER: 4883 VDDA: 2.80 Vsol: 1.35 Vbat: 3.81  NTC: 18.5 18.9 18.4 19.7  SOIL: 1969.0 1421.0 1090.0 
MOISTER: 4884 VDDA: 2.81 Vsol: 1.34 Vbat: 3.86  NTC: 18.5 18.9 18.4 19.7  SOIL: 1972.0 1419.0 1094.0 
MOISTER: 4885 VDDA: 2.80 Vsol: 1.35 Vbat: 3.82  NTC: 18.5 18.9 18.3 19.6  SOIL: 1969.0 1412.0 1094.0 
MOISTER: 4886 VDDA: 2.81 Vsol: 1.34 Vbat: 3.84  NTC: 18.5 18.9 18.3 19.6  SOIL: 1975.0 1420.0 1097.0 
MOISTER: 4887 VDDA: 2.80 Vsol: 1.33 Vbat: 3.82  NTC: 18.5 18.9 18.3 19.6  SOIL: 1976.0 1412.0 1093.0 
MOISTER: 4888 VDDA: 2.79 Vsol: 1.33 Vbat: 3.82  NTC: 18.5 18.9 18.3 19.6  SOIL: 1970.0 1412.0 1092.0 
MOISTER: 4889 VDDA: 2.80 Vsol: 1.32 Vbat: 3.80  NTC: 18.5 18.9 18.3 19.6  SOIL: 1970.0 1411.0 1089.0 
MOISTER: 4890 VDDA: 2.79 Vsol: 1.30 Vbat: 3.83  NTC: 18.5 18.9 18.3 19.5  SOIL: 1973.0 1415.0 1094.0 
MOISTER: 4891 VDDA: 2.79 Vsol: 1.32 Vbat: 3.83  NTC: 18.5 18.9 18.3 19.5  SOIL: 1974.0 1421.0 1095.0 
MOISTER: 4892 VDDA: 2.80 Vsol: 1.31 Vbat: 3.84  NTC: 18.5 18.9 18.3 19.5  SOIL: 1968.0 1415.0 1095.0 
MOISTER: 4893 VDDA: 2.79 Vsol: 1.28 Vbat: 3.84  NTC: 18.4 18.9 18.3 19.5  SOIL: 1972.0 1415.0 1094.0 
MOISTER: 4894 VDDA: 2.79 Vsol: 1.28 Vbat: 3.83  NTC: 18.4 18.9 18.3 19.4  SOIL: 1970.0 1425.0 1093.0 
MOISTER: 4895 VDDA: 2.80 Vsol: 1.29 Vbat: 3.83  NTC: 18.4 18.9 18.3 19.4  SOIL: 1976.0 1417.0 1096.0 
MOISTER: 4896 VDDA: 2.80 Vsol: 1.28 Vbat: 3.80  NTC: 18.4 18.9 18.3 19.4  SOIL: 1971.0 1417.0 1088.0 
MOISTER: 4897 VDDA: 2.80 Vsol: 1.27 Vbat: 3.81  NTC: 18.4 18.8 18.3 19.3  SOIL: 1973.0 1421.0 1091.0 
MOISTER: 4898 VDDA: 2.80 Vsol: 1.27 Vbat: 3.81  NTC: 18.4 18.8 18.3 19.3  SOIL: 1971.0 1413.0 1095.0 
MOISTER: 4899 VDDA: 2.79 Vsol: 1.25 Vbat: 3.83  NTC: 18.4 18.8 18.2 19.3  SOIL: 1966.0 1415.0 1095.0 
MOISTER: 4900 VDDA: 2.79 Vsol: 1.22 Vbat: 3.84  NTC: 18.4 18.8 18.2 19.3  SOIL: 1976.0 1414.0 1095.0 
MOISTER: 4901 VDDA: 2.80 Vsol: 1.22 Vbat: 3.83  NTC: 18.4 18.8 18.2 19.2  SOIL: 1971.0 1415.0 1093.0 
MOISTER: 4902 VDDA: 2.80 Vsol: 1.22 Vbat: 3.81  NTC: 18.4 18.8 18.2 19.2  SOIL: 1977.0 1414.0 1091.0 
MOISTER: 4903 VDDA: 2.80 Vsol: 1.22 Vbat: 3.83  NTC: 18.3 18.8 18.2 19.2  SOIL: 1971.0 1418.0 1093.0 
MOISTER: 4904 VDDA: 2.79 Vsol: 1.22 Vbat: 3.80  NTC: 18.3 18.8 18.2 19.1  SOIL: 1972.0 1419.0 1096.0 
MOISTER: 4905 VDDA: 2.79 Vsol: 1.21 Vbat: 3.83  NTC: 18.3 18.8 18.2 19.1  SOIL: 1972.0 1421.0 1094.0 
MOISTER: 4906 VDDA: 2.80 Vsol: 1.19 Vbat: 3.85  NTC: 18.3 18.8 18.2 19.1  SOIL: 1977.0 1418.0 1094.0 
MOISTER: 4907 VDDA: 2.80 Vsol: 1.18 Vbat: 3.81  NTC: 18.3 18.8 18.2 19.1  SOIL: 1975.0 1419.0 1096.0 
MOISTER: 4908 VDDA: 2.80 Vsol: 1.18 Vbat: 3.83  NTC: 18.3 18.8 18.1 19.1  SOIL: 1975.0 1421.0 1095.0 
MOISTER: 4909 VDDA: 2.80 Vsol: 1.17 Vbat: 3.86  NTC: 18.3 18.8 18.1 19.1  SOIL: 1970.0 1415.0 1098.0 
MOISTER: 4910 VDDA: 2.79 Vsol: 1.14 Vbat: 3.84  NTC: 18.3 18.8 18.1 19.0  SOIL: 1977.0 1420.0 1092.0 
MOISTER: 4911 VDDA: 2.80 Vsol: 1.12 Vbat: 3.86  NTC: 18.3 18.7 18.1 18.9  SOIL: 1977.0 1417.0 1094.0 
MOISTER: 4912 VDDA: 2.80 Vsol: 1.12 Vbat: 3.81  NTC: 18.3 18.7 18.1 18.9  SOIL: 1979.0 1426.0 1093.0 
MOISTER: 4913 VDDA: 2.80 Vsol: 1.12 Vbat: 3.83  NTC: 18.3 18.7 18.1 18.9  SOIL: 1972.0 1421.0 1094.0 
MOISTER: 4914 VDDA: 2.80 Vsol: 1.10 Vbat: 3.82  NTC: 18.3 18.7 18.1 18.9  SOIL: 1979.0 1422.0 1094.0 
MOISTER: 4915 VDDA: 2.81 Vsol: 1.09 Vbat: 3.81  NTC: 18.3 18.7 18.1 18.9  SOIL: 1977.0 1420.0 1091.0 
MOISTER: 4916 VDDA: 2.81 Vsol: 1.08 Vbat: 3.83  NTC: 18.3 18.7 18.1 18.9  SOIL: 1978.0 1418.0 1092.0 
MOISTER: 4917 VDDA: 2.81 Vsol: 1.06 Vbat: 3.82  NTC: 18.3 18.7 18.1 18.8  SOIL: 1980.0 1418.0 1095.0 
MOISTER: 4918 VDDA: 2.80 Vsol: 1.06 Vbat: 3.84  NTC: 18.2 18.7 18.1 18.8  SOIL: 1977.0 1426.0 1093.0 
MOISTER: 4919 VDDA: 2.79 Vsol: 1.04 Vbat: 3.82  NTC: 18.2 18.7 18.1 18.8  SOIL: 1976.0 1423.0 1098.0 
MOISTER: 4920 VDDA: 2.79 Vsol: 1.03 Vbat: 3.83  NTC: 18.2 18.6 18.1 18.7  SOIL: 1974.0 1422.0 1096.0 
MOISTER: 4921 VDDA: 2.80 Vsol: 1.02 Vbat: 3.80  NTC: 18.2 18.6 18.1 18.7  SOIL: 1977.0 1418.0 1096.0 
MOISTER: 4922 VDDA: 2.80 Vsol: 1.01 Vbat: 3.84  NTC: 18.2 18.6 18.1 18.7  SOIL: 1978.0 1425.0 1094.0 
MOISTER: 4923 VDDA: 2.79 Vsol: 0.97 Vbat: 3.83  NTC: 18.2 18.6 18.0 18.6  SOIL: 1977.0 1419.0 1098.0 
MOISTER: 4924 VDDA: 2.79 Vsol: 0.97 Vbat: 3.83  NTC: 18.2 18.6 18.0 18.6  SOIL: 1979.0 1420.0 1099.0 
MOISTER: 4925 VDDA: 2.80 Vsol: 0.94 Vbat: 3.86  NTC: 18.2 18.6 18.0 18.5  SOIL: 1976.0 1424.0 1094.0 
MOISTER: 4926 VDDA: 2.79 Vsol: 0.93 Vbat: 3.85  NTC: 18.2 18.6 18.0 18.5  SOIL: 1973.0 1419.0 1099.0 
MOISTER: 4927 VDDA: 2.81 Vsol: 0.92 Vbat: 3.80  NTC: 18.2 18.6 18.0 18.5  SOIL: 1979.0 1418.0 1097.0 
MOISTER: 4928 VDDA: 2.79 Vsol: 0.91 Vbat: 3.84  NTC: 18.1 18.6 18.0 18.4  SOIL: 1977.0 1423.0 1099.0 
MOISTER: 4929 VDDA: 2.80 Vsol: 0.90 Vbat: 3.84  NTC: 18.1 18.6 18.0 18.4  SOIL: 1980.0 1420.0 1097.0 
MOISTER: 4930 VDDA: 2.81 Vsol: 0.88 Vbat: 3.84  NTC: 18.1 18.6 18.0 18.5  SOIL: 1978.0 1423.0 1096.0 
MOISTER: 4931 VDDA: 2.80 Vsol: 0.87 Vbat: 3.83  NTC: 18.1 18.6 18.0 18.5  SOIL: 1979.0 1421.0 1098.0 
MOISTER: 4932 VDDA: 2.80 Vsol: 0.85 Vbat: 3.84  NTC: 18.1 18.6 18.0 18.5  SOIL: 1977.0 1419.0 1094.0 
MOISTER: 4933 VDDA: 2.79 Vsol: 0.82 Vbat: 3.81  NTC: 18.0 18.6 17.9 18.5  SOIL: 1978.0 1420.0 1099.0 
MOISTER: 4934 VDDA: 2.79 Vsol: 0.80 Vbat: 3.80  NTC: 18.0 18.5 17.9 18.5  SOIL: 1986.0 1423.0 1098.0 
MOISTER: 4935 VDDA: 2.80 Vsol: 0.77 Vbat: 3.80  NTC: 18.0 18.5 17.9 18.5  SOIL: 1977.0 1417.0 1095.0 
MOISTER: 4936 VDDA: 2.80 Vsol: 0.74 Vbat: 3.81  NTC: 18.0 18.5 17.9 18.4  SOIL: 1970.0 1423.0 1099.0 
MOISTER: 4937 VDDA: 2.80 Vsol: 0.70 Vbat: 3.80  NTC: 18.0 18.5 17.8 18.4  SOIL: 1981.0 1416.0 1103.0 
MOISTER: 4938 VDDA: 2.80 Vsol: 0.68 Vbat: 3.82  NTC: 18.0 18.5 17.8 18.4  SOIL: 1978.0 1427.0 1096.0 
MOISTER: 4939 VDDA: 2.80 Vsol: 0.64 Vbat: 3.82  NTC: 18.0 18.5 17.8 18.5  SOIL: 1979.0 1418.0 1100.0 
MOISTER: 4940 VDDA: 2.80 Vsol: 0.63 Vbat: 3.84  NTC: 18.0 18.5 17.8 18.4  SOIL: 1974.0 1425.0 1093.0 
MOISTER: 4941 VDDA: 2.80 Vsol: 0.57 Vbat: 3.82  NTC: 18.0 18.5 17.8 18.4  SOIL: 1982.0 1423.0 1100.0 
MOISTER: 4942 VDDA: 2.80 Vsol: 0.55 Vbat: 3.80  NTC: 18.0 18.5 17.8 18.3  SOIL: 1978.0 1423.0 1095.0 
MOISTER: 4943 VDDA: 2.80 Vsol: 0.51 Vbat: 3.81  NTC: 18.0 18.4 17.8 18.3  SOIL: 1981.0 1423.0 1097.0 
MOISTER: 4944 VDDA: 2.81 Vsol: 0.48 Vbat: 3.81  NTC: 18.0 18.4 17.8 18.3  SOIL: 1983.0 1431.0 1095.0 
MOISTER: 4945 VDDA: 2.80 Vsol: 0.47 Vbat: 3.80  NTC: 17.9 18.4 17.8 18.3  SOIL: 1981.0 1424.0 1095.0 
MOISTER: 4946 VDDA: 2.81 Vsol: 0.46 Vbat: 3.82  NTC: 17.9 18.4 17.8 18.2  SOIL: 1978.0 1424.0 1100.0 
MOISTER: 4947 VDDA: 2.80 Vsol: 0.44 Vbat: 3.83  NTC: 17.9 18.4 17.7 18.3  SOIL: 1977.0 1418.0 1098.0 
MOISTER: 4948 VDDA: 2.80 Vsol: 0.38 Vbat: 3.82  NTC: 17.9 18.4 17.7 18.2  SOIL: 1975.0 1423.0 1098.0 
MOISTER: 4949 VDDA: 2.80 Vsol: 0.38 Vbat: 3.84  NTC: 17.9 18.4 17.7 18.2  SOIL: 1980.0 1422.0 1102.0 
MOISTER: 4950 VDDA: 2.79 Vsol: 0.34 Vbat: 3.81  NTC: 17.9 18.4 17.7 18.2  SOIL: 1974.0 1419.0 1100.0 
MOISTER: 4951 VDDA: 2.80 Vsol: 0.27 Vbat: 3.80  NTC: 17.9 18.4 17.7 18.2  SOIL: 1981.0 1418.0 1099.0 
MOISTER: 4952 VDDA: 2.81 Vsol: 0.28 Vbat: 3.81  NTC: 17.9 18.4 17.7 18.1  SOIL: 1974.0 1419.0 1098.0 
MOISTER: 4953 VDDA: 2.80 Vsol: 0.26 Vbat: 3.82  NTC: 17.8 18.4 17.7 18.0  SOIL: 1986.0 1423.0 1100.0 
MOISTER: 4955 VDDA: 2.78 Vsol: 0.23 Vbat: 3.80  NTC: 17.8 18.4 17.6 18.0  SOIL: 1980.0 1429.0 1102.0 
MOISTER: 4956 VDDA: 2.79 Vsol: 0.26 Vbat: 3.79  NTC: 17.8 18.4 17.6 18.0  SOIL: 1977.0 1421.0 1097.0 
MOISTER: 4957 VDDA: 2.80 Vsol: 0.24 Vbat: 3.83  NTC: 17.8 18.4 17.6 18.0  SOIL: 1977.0 1424.0 1098.0 
MOISTER: 4958 VDDA: 2.80 Vsol: 0.24 Vbat: 3.80  NTC: 17.8 18.3 17.6 18.0  SOIL: 1987.0 1426.0 1098.0 
MOISTER: 4959 VDDA: 2.80 Vsol: 0.22 Vbat: 3.83  NTC: 17.8 18.3 17.6 18.1  SOIL: 1981.0 1422.0 1100.0 
MOISTER: 4959 VDDA: 2.80 Vsol: 0.22 Vbat: 3.83  NTC: 17.8 18.3 17.6 18.1  SOIL: 1981.0 1422.0 1100.0 
MOISTER: 4960 VDDA: 2.80 Vsol: 0.20 Vbat: 3.80  NTC: 17.8 18.3 17.6 18.0  SOIL: 1979.0 1419.0 1095.0 
MOISTER: 4961 VDDA: 2.79 Vsol: 0.24 Vbat: 3.80  NTC: 17.8 18.3 17.6 18.0  SOIL: 1978.0 1414.0 1103.0 
MOISTER: 4962 VDDA: 2.79 Vsol: 0.23 Vbat: 3.82  NTC: 17.8 18.3 17.6 18.0  SOIL: 1978.0 1421.0 1102.0 
MOISTER: 4963 VDDA: 2.80 Vsol: 0.19 Vbat: 3.84  NTC: 17.8 18.3 17.6 18.0  SOIL: 1984.0 1423.0 1098.0 
MOISTER: 4965 VDDA: 2.80 Vsol: 0.23 Vbat: 3.85  NTC: 17.8 18.3 17.5 17.9  SOIL: 1976.0 1426.0 1101.0 
MOISTER: 4966 VDDA: 2.80 Vsol: 0.19 Vbat: 3.82  NTC: 17.8 18.3 17.5 17.9  SOIL: 1983.0 1427.0 1102.0 
MOISTER: 4966 VDDA: 2.80 Vsol: 0.19 Vbat: 3.82  NTC: 17.8 18.3 17.5 17.9  SOIL: 1983.0 1427.0 1102.0 
MOISTER: 4969 VDDA: 2.80 Vsol: 0.19 Vbat: 3.82  NTC: 17.7 18.3 17.5 18.0  SOIL: 1985.0 1420.0 1102.0 
MOISTER: 4969 VDDA: 2.80 Vsol: 0.19 Vbat: 3.82  NTC: 17.7 18.3 17.5 18.0  SOIL: 1985.0 1420.0 1102.0 
MOISTER: 4969 VDDA: 2.80 Vsol: 0.19 Vbat: 3.82  NTC: 17.7 18.3 17.5 18.0  SOIL: 1985.0 1420.0 1102.0 
MOISTER: 4972 VDDA: 2.81 Vsol: 0.19 Vbat: 3.80  NTC: 17.7 18.2 17.5 17.8  SOIL: 1982.0 1422.0 1097.0 
MOISTER: 4973 VDDA: 2.80 Vsol: 0.23 Vbat: 3.84  NTC: 17.7 18.2 17.4 17.8  SOIL: 1981.0 1426.0 1103.0 
MOISTER: 4974 VDDA: 2.80 Vsol: 0.23 Vbat: 3.84  NTC: 17.7 18.2 17.4 17.8  SOIL: 1981.0 1418.0 1097.0 
MOISTER: 4976 VDDA: 2.80 Vsol: 0.24 Vbat: 3.85  NTC: 17.7 18.2 17.4 17.8  SOIL: 1982.0 1425.0 1099.0 
MOISTER: 4977 VDDA: 2.80 Vsol: 0.24 Vbat: 3.81  NTC: 17.7 18.1 17.4 17.8  SOIL: 1981.0 1424.0 1097.0 
MOISTER: 4977 VDDA: 2.80 Vsol: 0.24 Vbat: 3.81  NTC: 17.7 18.1 17.4 17.8  SOIL: 1981.0 1424.0 1097.0 
MOISTER: 4979 VDDA: 2.81 Vsol: 0.23 Vbat: 3.81  NTC: 17.6 18.1 17.3 17.7  SOIL: 1980.0 1422.0 1096.0 
MOISTER: 4980 VDDA: 2.81 Vsol: 0.23 Vbat: 3.82  NTC: 17.6 18.1 17.3 17.7  SOIL: 1988.0 1417.0 1100.0 
MOISTER: 4985 VDDA: 2.80 Vsol: 0.21 Vbat: 3.81  NTC: 17.6 18.1 17.3 17.9  SOIL: 1975.0 1426.0 1099.0 
MOISTER: 4986 VDDA: 2.80 Vsol: 0.20 Vbat: 3.81  NTC: 17.6 18.1 17.3 17.7  SOIL: 1980.0 1419.0 1101.0 
MOISTER: 4987 VDDA: 2.79 Vsol: 0.23 Vbat: 3.79  NTC: 17.6 18.1 17.3 17.7  SOIL: 1971.0 1427.0 1101.0 
MOISTER: 4987 VDDA: 2.79 Vsol: 0.23 Vbat: 3.79  NTC: 17.6 18.1 17.3 17.7  SOIL: 1971.0 1427.0 1101.0 
MOISTER: 4987 VDDA: 2.79 Vsol: 0.23 Vbat: 3.79  NTC: 17.6 18.1 17.3 17.7  SOIL: 1971.0 1427.0 1101.0 
MOISTER: 4987 VDDA: 2.79 Vsol: 0.23 Vbat: 3.79  NTC: 17.6 18.1 17.3 17.7  SOIL: 1971.0 1427.0 1101.0 
MOISTER: 4989 VDDA: 2.80 Vsol: 0.21 Vbat: 3.85  NTC: 17.5 18.0 17.3 17.5  SOIL: 1984.0 1427.0 1100.0 
MOISTER: 4990 VDDA: 2.79 Vsol: 0.24 Vbat: 3.79  NTC: 17.5 18.0 17.2 17.5  SOIL: 1972.0 1420.0 1099.0 
MOISTER: 4991 VDDA: 2.80 Vsol: 0.24 Vbat: 3.81  NTC: 17.5 18.0 17.2 17.5  SOIL: 1979.0 1416.0 1102.0 
MOISTER: 4992 VDDA: 2.80 Vsol: 0.22 Vbat: 3.80  NTC: 17.5 18.0 17.2 17.5  SOIL: 1980.0 1424.0 1100.0 
MOISTER: 4993 VDDA: 2.79 Vsol: 0.23 Vbat: 3.84  NTC: 17.5 18.0 17.2 17.5  SOIL: 1980.0 1423.0 1095.0 
MOISTER: 4994 VDDA: 2.80 Vsol: 0.19 Vbat: 3.83  NTC: 17.5 18.0 17.2 17.5  SOIL: 1979.0 1425.0 1101.0 
MOISTER: 4995 VDDA: 2.79 Vsol: 0.24 Vbat: 3.82  NTC: 17.5 18.0 17.2 17.5  SOIL: 1976.0 1417.0 1103.0 
MOISTER: 4996 VDDA: 2.80 Vsol: 0.23 Vbat: 3.85  NTC: 17.5 18.0 17.1 17.4  SOIL: 1985.0 1422.0 1103.0 
MOISTER: 4997 VDDA: 2.81 Vsol: 0.23 Vbat: 3.84  NTC: 17.5 17.9 17.1 17.4  SOIL: 1975.0 1422.0 1104.0 
MOISTER: 4997 VDDA: 2.81 Vsol: 0.23 Vbat: 3.84  NTC: 17.5 17.9 17.1 17.4  SOIL: 1975.0 1422.0 1104.0 
MOISTER: 4999 VDDA: 2.79 Vsol: 0.23 Vbat: 3.79  NTC: 17.4 17.9 17.1 17.3  SOIL: 1977.0 1419.0 1106.0 
MOISTER: 5000 VDDA: 2.80 Vsol: 0.20 Vbat: 3.81  NTC: 17.4 17.9 17.1 17.3  SOIL: 1981.0 1427.0 1102.0 
MOISTER: 5001 VDDA: 2.79 Vsol: 0.20 Vbat: 3.80  NTC: 17.4 17.9 17.1 17.4  SOIL: 1981.0 1422.0 1106.0 
MOISTER: 5002 VDDA: 2.79 Vsol: 0.23 Vbat: 3.83  NTC: 17.3 17.9 17.1 17.4  SOIL: 1981.0 1424.0 1102.0 
MOISTER: 5003 VDDA: 2.81 Vsol: 0.24 Vbat: 3.82  NTC: 17.3 17.9 17.0 17.5  SOIL: 1983.0 1418.0 1102.0 
MOISTER: 5003 VDDA: 2.81 Vsol: 0.24 Vbat: 3.82  NTC: 17.3 17.9 17.0 17.5  SOIL: 1983.0 1418.0 1102.0 
MOISTER: 5004 VDDA: 2.80 Vsol: 0.21 Vbat: 3.79  NTC: 17.3 17.9 17.0 17.4  SOIL: 1981.0 1425.0 1107.0 
MOISTER: 5005 VDDA: 2.80 Vsol: 0.23 Vbat: 3.81  NTC: 17.3 17.9 17.0 17.3  SOIL: 1982.0 1418.0 1105.0 
MOISTER: 5005 VDDA: 2.80 Vsol: 0.23 Vbat: 3.81  NTC: 17.3 17.9 17.0 17.3  SOIL: 1982.0 1418.0 1105.0 
MOISTER: 5009 VDDA: 2.79 Vsol: 0.24 Vbat: 3.79  NTC: 17.3 17.9 17.0 17.2  SOIL: 1976.0 1422.0 1104.0 
MOISTER: 5010 VDDA: 2.80 Vsol: 0.18 Vbat: 3.85  NTC: 17.3 17.9 17.0 17.3  SOIL: 1977.0 1425.0 1103.0 
MOISTER: 5012 VDDA: 2.80 Vsol: 0.19 Vbat: 3.84  NTC: 17.3 17.8 17.0 17.3  SOIL: 1980.0 1423.0 1103.0 
MOISTER: 5014 VDDA: 2.78 Vsol: 0.24 Vbat: 3.79  NTC: 17.2 17.8 17.0 17.3  SOIL: 1993.0 1425.0 1110.0 
MOISTER: 5017 VDDA: 2.80 Vsol: 0.23 Vbat: 3.85  NTC: 17.2 17.8 17.0 17.2  SOIL: 1981.0 1425.0 1105.0 
MOISTER: 5018 VDDA: 2.80 Vsol: 0.23 Vbat: 3.81  NTC: 17.2 17.8 17.0 17.2  SOIL: 1977.0 1428.0 1103.0 
MOISTER: 5019 VDDA: 2.80 Vsol: 0.19 Vbat: 3.82  NTC: 17.2 17.8 17.0 17.2  SOIL: 1986.0 1423.0 1100.0 
MOISTER: 5021 VDDA: 2.79 Vsol: 0.23 Vbat: 3.80  NTC: 17.2 17.8 16.9 17.2  SOIL: 1984.0 1427.0 1105.0 
MOISTER: 5022 VDDA: 2.80 Vsol: 0.19 Vbat: 3.81  NTC: 17.2 17.8 16.9 17.2  SOIL: 1977.0 1426.0 1104.0 
MOISTER: 5026 VDDA: 2.80 Vsol: 0.19 Vbat: 3.80  NTC: 17.2 17.8 16.9 17.2  SOIL: 1991.0 1427.0 1101.0 
MOISTER: 5027 VDDA: 2.80 Vsol: 0.20 Vbat: 3.81  NTC: 17.2 17.8 16.9 17.2  SOIL: 1986.0 1425.0 1106.0 
MOISTER: 5028 VDDA: 2.79 Vsol: 0.22 Vbat: 3.84  NTC: 17.2 17.8 16.9 17.2  SOIL: 1983.0 1425.0 1106.0 
MOISTER: 5029 VDDA: 2.80 Vsol: 0.24 Vbat: 3.80  NTC: 17.2 17.7 16.9 17.2  SOIL: 1985.0 1421.0 1104.0 
MOISTER: 5030 VDDA: 2.80 Vsol: 0.24 Vbat: 3.78  NTC: 17.2 17.7 16.8 17.2  SOIL: 1985.0 1421.0 1102.0 
MOISTER: 5031 VDDA: 2.81 Vsol: 0.22 Vbat: 3.79  NTC: 17.2 17.7 16.8 17.2  SOIL: 1981.0 1426.0 1102.0 
MOISTER: 5034 VDDA: 2.80 Vsol: 0.23 Vbat: 3.78  NTC: 17.2 17.7 16.8 17.2  SOIL: 1983.0 1426.0 1105.0 
MOISTER: 5037 VDDA: 2.79 Vsol: 0.23 Vbat: 3.80  NTC: 17.2 17.7 16.8 17.2  SOIL: 1984.0 1423.0 1110.0 
MOISTER: 5040 VDDA: 2.80 Vsol: 0.23 Vbat: 3.82  NTC: 17.2 17.7 16.8 17.2  SOIL: 1984.0 1425.0 1108.0 
MOISTER: 5041 VDDA: 2.79 Vsol: 0.23 Vbat: 3.81  NTC: 17.2 17.7 16.8 17.2  SOIL: 1989.0 1429.0 1107.0 
MOISTER: 5042 VDDA: 2.79 Vsol: 0.22 Vbat: 3.82  NTC: 17.2 17.6 16.8 17.1  SOIL: 1980.0 1425.0 1105.0 
MOISTER: 5046 VDDA: 2.80 Vsol: 0.22 Vbat: 3.85  NTC: 17.1 17.6 16.8 17.2  SOIL: 1984.0 1423.0 1105.0 
MOISTER: 5047 VDDA: 2.81 Vsol: 0.23 Vbat: 3.81  NTC: 17.1 17.6 16.8 17.1  SOIL: 1981.0 1419.0 1100.0 
MOISTER: 5048 VDDA: 2.79 Vsol: 0.23 Vbat: 3.78  NTC: 17.1 17.6 16.7 17.2  SOIL: 1984.0 1426.0 1108.0 
MOISTER: 5052 VDDA: 2.80 Vsol: 0.22 Vbat: 3.79  NTC: 17.1 17.6 16.7 17.2  SOIL: 1983.0 1428.0 1102.0 
MOISTER: 5053 VDDA: 2.80 Vsol: 0.21 Vbat: 3.84  NTC: 17.1 17.6 16.7 17.2  SOIL: 1988.0 1423.0 1103.0 
MOISTER: 5054 VDDA: 2.79 Vsol: 0.20 Vbat: 3.82  NTC: 17.1 17.6 16.7 17.2  SOIL: 1988.0 1424.0 1107.0 
MOISTER: 5056 VDDA: 2.80 Vsol: 0.22 Vbat: 3.81  NTC: 17.1 17.6 16.7 17.1  SOIL: 1981.0 1426.0 1106.0 
MOISTER: 5057 VDDA: 2.81 Vsol: 0.22 Vbat: 3.79  NTC: 17.0 17.6 16.7 17.1  SOIL: 1984.0 1427.0 1107.0 
MOISTER: 5058 VDDA: 2.80 Vsol: 0.24 Vbat: 3.83  NTC: 17.0 17.6 16.7 17.0  SOIL: 1987.0 1423.0 1103.0 
MOISTER: 5059 VDDA: 2.80 Vsol: 0.24 Vbat: 3.81  NTC: 17.0 17.6 16.7 17.0  SOIL: 1987.0 1423.0 1105.0 
MOISTER: 5060 VDDA: 2.80 Vsol: 0.24 Vbat: 3.78  NTC: 17.0 17.6 16.7 17.0  SOIL: 1985.0 1426.0 1108.0 
MOISTER: 5061 VDDA: 2.80 Vsol: 0.19 Vbat: 3.82  NTC: 17.0 17.6 16.6 17.0  SOIL: 1987.0 1424.0 1105.0 
MOISTER: 5062 VDDA: 2.80 Vsol: 0.24 Vbat: 3.78  NTC: 17.0 17.6 16.6 17.0  SOIL: 1984.0 1429.0 1102.0 
MOISTER: 5063 VDDA: 2.79 Vsol: 0.20 Vbat: 3.80  NTC: 17.0 17.6 16.6 16.9  SOIL: 1988.0 1426.0 1109.0 
MOISTER: 5064 VDDA: 2.80 Vsol: 0.22 Vbat: 3.84  NTC: 17.0 17.5 16.6 16.9  SOIL: 1983.0 1421.0 1104.0 
MOISTER: 5065 VDDA: 2.80 Vsol: 0.19 Vbat: 3.81  NTC: 17.0 17.5 16.6 16.9  SOIL: 1984.0 1429.0 1102.0 
MOISTER: 5066 VDDA: 2.80 Vsol: 0.23 Vbat: 3.84  NTC: 17.0 17.5 16.6 16.9  SOIL: 1985.0 1424.0 1108.0 
MOISTER: 5067 VDDA: 2.80 Vsol: 0.23 Vbat: 3.81  NTC: 17.0 17.5 16.6 16.9  SOIL: 1982.0 1419.0 1108.0 
MOISTER: 5068 VDDA: 2.80 Vsol: 0.24 Vbat: 3.78  NTC: 16.9 17.5 16.6 16.9  SOIL: 1986.0 1423.0 1106.0 
MOISTER: 5069 VDDA: 2.79 Vsol: 0.23 Vbat: 3.81  NTC: 16.9 17.4 16.6 17.0  SOIL: 1988.0 1421.0 1106.0 
MOISTER: 5070 VDDA: 2.79 Vsol: 0.22 Vbat: 3.81  NTC: 16.9 17.4 16.6 17.0  SOIL: 1979.0 1420.0 1103.0 
MOISTER: 5071 VDDA: 2.80 Vsol: 0.23 Vbat: 3.81  NTC: 16.9 17.4 16.5 16.9  SOIL: 1992.0 1427.0 1102.0 
MOISTER: 5072 VDDA: 2.80 Vsol: 0.24 Vbat: 3.79  NTC: 16.9 17.4 16.5 16.9  SOIL: 1988.0 1425.0 1108.0 
MOISTER: 5073 VDDA: 2.79 Vsol: 0.18 Vbat: 3.79  NTC: 16.9 17.4 16.5 16.9  SOIL: 1982.0 1426.0 1107.0 
MOISTER: 5074 VDDA: 2.80 Vsol: 0.24 Vbat: 3.84  NTC: 16.9 17.4 16.5 16.9  SOIL: 1987.0 1423.0 1105.0 
MOISTER: 5075 VDDA: 2.80 Vsol: 0.19 Vbat: 3.83  NTC: 16.9 17.4 16.5 16.9  SOIL: 1986.0 1425.0 1102.0 
MOISTER: 5076 VDDA: 2.80 Vsol: 0.22 Vbat: 3.79  NTC: 16.9 17.4 16.5 16.9  SOIL: 1990.0 1429.0 1107.0 
MOISTER: 5077 VDDA: 2.80 Vsol: 0.20 Vbat: 3.79  NTC: 16.9 17.4 16.5 16.9  SOIL: 1991.0 1429.0 1105.0 
MOISTER: 5078 VDDA: 2.79 Vsol: 0.20 Vbat: 3.82  NTC: 16.9 17.4 16.5 16.9  SOIL: 1989.0 1420.0 1110.0 
MOISTER: 5079 VDDA: 2.80 Vsol: 0.22 Vbat: 3.80  NTC: 16.9 17.4 16.5 16.9  SOIL: 1981.0 1422.0 1104.0 
MOISTER: 5080 VDDA: 2.80 Vsol: 0.24 Vbat: 3.81  NTC: 16.9 17.4 16.5 16.9  SOIL: 1985.0 1425.0 1109.0 
MOISTER: 5081 VDDA: 2.79 Vsol: 0.21 Vbat: 3.80  NTC: 16.8 17.3 16.5 16.9  SOIL: 1981.0 1423.0 1110.0 
MOISTER: 5082 VDDA: 2.79 Vsol: 0.18 Vbat: 3.79  NTC: 16.8 17.3 16.5 16.9  SOIL: 1985.0 1422.0 1107.0 
MOISTER: 5083 VDDA: 2.79 Vsol: 0.23 Vbat: 3.80  NTC: 16.8 17.3 16.5 16.9  SOIL: 1984.0 1423.0 1106.0 
MOISTER: 5084 VDDA: 2.80 Vsol: 0.22 Vbat: 3.78  NTC: 16.8 17.3 16.5 16.9  SOIL: 1983.0 1426.0 1109.0 
MOISTER: 5085 VDDA: 2.80 Vsol: 0.24 Vbat: 3.80  NTC: 16.8 17.3 16.5 16.9  SOIL: 1980.0 1422.0 1109.0 
MOISTER: 5086 VDDA: 2.80 Vsol: 0.20 Vbat: 3.82  NTC: 16.8 17.3 16.5 16.9  SOIL: 1988.0 1426.0 1110.0 
MOISTER: 5087 VDDA: 2.79 Vsol: 0.23 Vbat: 3.84  NTC: 16.8 17.3 16.4 16.9  SOIL: 1987.0 1421.0 1108.0 
MOISTER: 5088 VDDA: 2.80 Vsol: 0.18 Vbat: 3.84  NTC: 16.8 17.3 16.4 16.9  SOIL: 1987.0 1425.0 1104.0 
MOISTER: 5089 VDDA: 2.79 Vsol: 0.22 Vbat: 3.84  NTC: 16.8 17.3 16.4 16.9  SOIL: 1982.0 1423.0 1108.0 
MOISTER: 5090 VDDA: 2.79 Vsol: 0.22 Vbat: 3.82  NTC: 16.8 17.3 16.4 16.9  SOIL: 1989.0 1426.0 1110.0 
MOISTER: 5091 VDDA: 2.80 Vsol: 0.23 Vbat: 3.82  NTC: 16.8 17.3 16.4 16.9  SOIL: 1985.0 1426.0 1106.0 
MOISTER: 5092 VDDA: 2.81 Vsol: 0.24 Vbat: 3.81  NTC: 16.8 17.3 16.4 16.9  SOIL: 1994.0 1427.0 1108.0 
MOISTER: 5093 VDDA: 2.79 Vsol: 0.24 Vbat: 3.77  NTC: 16.8 17.3 16.3 16.8  SOIL: 1991.0 1425.0 1109.0 
MOISTER: 5094 VDDA: 2.81 Vsol: 0.21 Vbat: 3.84  NTC: 16.8 17.3 16.3 16.7  SOIL: 1987.0 1429.0 1115.0 
MOISTER: 5095 VDDA: 2.79 Vsol: 0.19 Vbat: 3.80  NTC: 16.8 17.3 16.3 16.7  SOIL: 1988.0 1428.0 1112.0 
MOISTER: 5096 VDDA: 2.80 Vsol: 0.23 Vbat: 3.81  NTC: 16.7 17.3 16.3 16.7  SOIL: 1981.0 1427.0 1108.0 
MOISTER: 5098 VDDA: 2.81 Vsol: 0.23 Vbat: 3.83  NTC: 16.7 17.3 16.3 16.7  SOIL: 1989.0 1422.0 1105.0 
MOISTER: 5099 VDDA: 2.80 Vsol: 0.23 Vbat: 3.79  NTC: 16.7 17.3 16.3 16.7  SOIL: 1986.0 1428.0 1105.0 
MOISTER: 5101 VDDA: 2.79 Vsol: 0.21 Vbat: 3.80  NTC: 16.7 17.2 16.3 16.7  SOIL: 1991.0 1428.0 1109.0 
MOISTER: 5101 VDDA: 2.79 Vsol: 0.21 Vbat: 3.80  NTC: 16.7 17.2 16.3 16.7  SOIL: 1991.0 1428.0 1109.0 
MOISTER: 5102 VDDA: 2.81 Vsol: 0.23 Vbat: 3.85  NTC: 16.7 17.2 16.3 16.7  SOIL: 1986.0 1422.0 1105.0 
MOISTER: 5103 VDDA: 2.79 Vsol: 0.23 Vbat: 3.84  NTC: 16.7 17.2 16.3 16.7  SOIL: 1987.0 1429.0 1109.0 
MOISTER: 5104 VDDA: 2.80 Vsol: 0.24 Vbat: 3.78  NTC: 16.7 17.2 16.3 16.6  SOIL: 1993.0 1424.0 1110.0 
MOISTER: 5105 VDDA: 2.79 Vsol: 0.24 Vbat: 3.80  NTC: 16.7 17.2 16.3 16.7  SOIL: 1985.0 1420.0 1112.0 
MOISTER: 5106 VDDA: 2.80 Vsol: 0.24 Vbat: 3.82  NTC: 16.7 17.2 16.3 16.7  SOIL: 1988.0 1421.0 1111.0 
MOISTER: 5107 VDDA: 2.79 Vsol: 0.19 Vbat: 3.84  NTC: 16.7 17.2 16.3 16.7  SOIL: 1989.0 1427.0 1109.0 
MOISTER: 5108 VDDA: 2.79 Vsol: 0.19 Vbat: 3.83  NTC: 16.7 17.1 16.2 16.7  SOIL: 1985.0 1429.0 1111.0 
MOISTER: 5109 VDDA: 2.79 Vsol: 0.23 Vbat: 3.78  NTC: 16.7 17.1 16.2 16.6  SOIL: 1988.0 1422.0 1109.0 
MOISTER: 5110 VDDA: 2.79 Vsol: 0.20 Vbat: 3.81  NTC: 16.7 17.1 16.2 16.6  SOIL: 1981.0 1431.0 1109.0 
MOISTER: 5111 VDDA: 2.80 Vsol: 0.24 Vbat: 3.85  NTC: 16.7 17.1 16.2 16.6  SOIL: 1989.0 1429.0 1114.0 
MOISTER: 5112 VDDA: 2.80 Vsol: 0.23 Vbat: 3.83  NTC: 16.7 17.1 16.2 16.6  SOIL: 1992.0 1427.0 1108.0 
MOISTER: 5113 VDDA: 2.81 Vsol: 0.22 Vbat: 3.79  NTC: 16.7 17.1 16.2 16.5  SOIL: 1988.0 1424.0 1106.0 
MOISTER: 5114 VDDA: 2.80 Vsol: 0.23 Vbat: 3.79  NTC: 16.7 17.1 16.2 16.5  SOIL: 1986.0 1431.0 1110.0 
MOISTER: 5115 VDDA: 2.79 Vsol: 0.23 Vbat: 3.78  NTC: 16.6 17.1 16.2 16.5  SOIL: 1983.0 1429.0 1113.0 
MOISTER: 5116 VDDA: 2.79 Vsol: 0.23 Vbat: 3.84  NTC: 16.6 17.1 16.2 16.5  SOIL: 1994.0 1429.0 1110.0 
MOISTER: 5117 VDDA: 2.79 Vsol: 0.23 Vbat: 3.81  NTC: 16.6 17.1 16.2 16.5  SOIL: 1985.0 1430.0 1112.0 
MOISTER: 5118 VDDA: 2.80 Vsol: 0.24 Vbat: 3.77  NTC: 16.6 17.1 16.2 16.5  SOIL: 1992.0 1428.0 1110.0 
MOISTER: 5119 VDDA: 2.80 Vsol: 0.24 Vbat: 3.79  NTC: 16.6 17.1 16.1 16.4  SOIL: 1989.0 1427.0 1111.0 
MOISTER: 5120 VDDA: 2.81 Vsol: 0.24 Vbat: 3.82  NTC: 16.6 17.1 16.1 16.4  SOIL: 1998.0 1429.0 1111.0 
MOISTER: 5121 VDDA: 2.79 Vsol: 0.23 Vbat: 3.79  NTC: 16.6 17.1 16.1 16.4  SOIL: 1997.0 1428.0 1115.0 
MOISTER: 5122 VDDA: 2.80 Vsol: 0.24 Vbat: 3.78  NTC: 16.6 17.1 16.1 16.4  SOIL: 1993.0 1428.0 1107.0 
MOISTER: 5123 VDDA: 2.80 Vsol: 0.23 Vbat: 3.80  NTC: 16.6 17.0 16.1 16.4  SOIL: 1991.0 1426.0 1117.0 
MOISTER: 5124 VDDA: 2.79 Vsol: 0.23 Vbat: 3.81  NTC: 16.5 17.0 16.1 16.4  SOIL: 1993.0 1428.0 1110.0 
MOISTER: 5125 VDDA: 2.80 Vsol: 0.23 Vbat: 3.79  NTC: 16.5 17.0 16.1 16.4  SOIL: 1991.0 1432.0 1112.0 
MOISTER: 5126 VDDA: 2.79 Vsol: 0.24 Vbat: 3.81  NTC: 16.5 17.0 16.1 16.4  SOIL: 1993.0 1424.0 1108.0 
MOISTER: 5127 VDDA: 2.80 Vsol: 0.24 Vbat: 3.78  NTC: 16.5 17.0 16.1 16.4  SOIL: 1990.0 1428.0 1112.0 
MOISTER: 5127 VDDA: 2.80 Vsol: 0.24 Vbat: 3.78  NTC: 16.5 17.0 16.1 16.4  SOIL: 1990.0 1428.0 1112.0 
MOISTER: 5128 VDDA: 2.80 Vsol: 0.22 Vbat: 3.82  NTC: 16.5 17.0 16.1 16.5  SOIL: 1988.0 1429.0 1110.0 
MOISTER: 5129 VDDA: 2.80 Vsol: 0.24 Vbat: 3.83  NTC: 16.5 17.0 16.1 16.5  SOIL: 1986.0 1432.0 1106.0 
MOISTER: 5129 VDDA: 2.80 Vsol: 0.24 Vbat: 3.83  NTC: 16.5 17.0 16.1 16.5  SOIL: 1986.0 1432.0 1106.0 
MOISTER: 5130 VDDA: 2.80 Vsol: 0.24 Vbat: 3.82  NTC: 16.5 17.0 16.1 16.5  SOIL: 1994.0 1424.0 1105.0 
MOISTER: 5131 VDDA: 2.79 Vsol: 0.23 Vbat: 3.82  NTC: 16.5 17.0 16.1 16.4  SOIL: 1984.0 1429.0 1111.0 
MOISTER: 5132 VDDA: 2.81 Vsol: 0.23 Vbat: 3.79  NTC: 16.5 16.9 16.1 16.4  SOIL: 1996.0 1426.0 1110.0 
MOISTER: 5133 VDDA: 2.80 Vsol: 0.24 Vbat: 3.83  NTC: 16.5 16.9 16.0 16.4  SOIL: 1990.0 1433.0 1111.0 
MOISTER: 5134 VDDA: 2.79 Vsol: 0.18 Vbat: 3.79  NTC: 16.5 16.9 16.0 16.4  SOIL: 1989.0 1428.0 1107.0 
MOISTER: 5135 VDDA: 2.81 Vsol: 0.24 Vbat: 3.82  NTC: 16.5 16.9 16.0 16.4  SOIL: 1992.0 1428.0 1114.0 
MOISTER: 5137 VDDA: 2.81 Vsol: 0.23 Vbat: 3.84  NTC: 16.5 16.9 16.0 16.4  SOIL: 1991.0 1434.0 1111.0 
MOISTER: 5139 VDDA: 2.79 Vsol: 0.23 Vbat: 3.81  NTC: 16.4 16.9 16.0 16.3  SOIL: 1990.0 1427.0 1111.0 
MOISTER: 5140 VDDA: 2.80 Vsol: 0.24 Vbat: 3.81  NTC: 16.4 16.9 16.0 16.2  SOIL: 1986.0 1428.0 1115.0 
MOISTER: 5143 VDDA: 2.80 Vsol: 0.20 Vbat: 3.81  NTC: 16.4 16.9 15.9 16.3  SOIL: 1994.0 1432.0 1110.0 
MOISTER: 5144 VDDA: 2.81 Vsol: 0.19 Vbat: 3.78  NTC: 16.4 16.9 15.9 16.2  SOIL: 1991.0 1426.0 1113.0 
MOISTER: 5145 VDDA: 2.80 Vsol: 0.20 Vbat: 3.82  NTC: 16.4 16.9 15.9 16.2  SOIL: 1990.0 1430.0 1111.0 
MOISTER: 5146 VDDA: 2.80 Vsol: 0.21 Vbat: 3.78  NTC: 16.4 16.9 15.9 16.2  SOIL: 1989.0 1428.0 1108.0 
MOISTER: 5146 VDDA: 2.80 Vsol: 0.21 Vbat: 3.78  NTC: 16.4 16.9 15.9 16.2  SOIL: 1989.0 1428.0 1108.0 
MOISTER: 5146 VDDA: 2.80 Vsol: 0.21 Vbat: 3.78  NTC: 16.4 16.9 15.9 16.2  SOIL: 1989.0 1428.0 1108.0 
MOISTER: 5146 VDDA: 2.80 Vsol: 0.21 Vbat: 3.78  NTC: 16.4 16.9 15.9 16.2  SOIL: 1989.0 1428.0 1108.0 
MOISTER: 5146 VDDA: 2.80 Vsol: 0.21 Vbat: 3.78  NTC: 16.4 16.9 15.9 16.2  SOIL: 1989.0 1428.0 1108.0 
MOISTER: 5146 VDDA: 2.80 Vsol: 0.21 Vbat: 3.78  NTC: 16.4 16.9 15.9 16.2  SOIL: 1989.0 1428.0 1108.0 
MOISTER: 5146 VDDA: 2.80 Vsol: 0.21 Vbat: 3.78  NTC: 16.4 16.9 15.9 16.2  SOIL: 1989.0 1428.0 1108.0 
MOISTER: 5146 VDDA: 2.80 Vsol: 0.21 Vbat: 3.78  NTC: 16.4 16.9 15.9 16.2  SOIL: 1989.0 1428.0 1108.0 
MOISTER: 5146 VDDA: 2.80 Vsol: 0.21 Vbat: 3.78  NTC: 16.4 16.9 15.9 16.2  SOIL: 1989.0 1428.0 1108.0 
MOISTER: 5146 VDDA: 2.80 Vsol: 0.21 Vbat: 3.78  NTC: 16.4 16.9 15.9 16.2  SOIL: 1989.0 1428.0 1108.0 
MOISTER: 5146 VDDA: 2.80 Vsol: 0.21 Vbat: 3.78  NTC: 16.4 16.9 15.9 16.2  SOIL: 1989.0 1428.0 1108.0 
MOISTER: 5146 VDDA: 2.80 Vsol: 0.21 Vbat: 3.78  NTC: 16.4 16.9 15.9 16.2  SOIL: 1989.0 1428.0 1108.0 
MOISTER: 5146 VDDA: 2.80 Vsol: 0.21 Vbat: 3.78  NTC: 16.4 16.9 15.9 16.2  SOIL: 1989.0 1428.0 1108.0 
MOISTER: 5146 VDDA: 2.80 Vsol: 0.21 Vbat: 3.78  NTC: 16.4 16.9 15.9 16.2  SOIL: 1989.0 1428.0 1108.0 
MOISTER: 5146 VDDA: 2.80 Vsol: 0.21 Vbat: 3.78  NTC: 16.4 16.9 15.9 16.2  SOIL: 1989.0 1428.0 1108.0 
MOISTER: 5146 VDDA: 2.80 Vsol: 0.21 Vbat: 3.78  NTC: 16.4 16.9 15.9 16.2  SOIL: 1989.0 1428.0 1108.0 
MOISTER: 5146 VDDA: 2.80 Vsol: 0.21 Vbat: 3.78  NTC: 16.4 16.9 15.9 16.2  SOIL: 1989.0 1428.0 1108.0 
MOISTER: 5146 VDDA: 2.80 Vsol: 0.21 Vbat: 3.78  NTC: 16.4 16.9 15.9 16.2  SOIL: 1989.0 1428.0 1108.0 
MOISTER: 5146 VDDA: 2.80 Vsol: 0.21 Vbat: 3.78  NTC: 16.4 16.9 15.9 16.2  SOIL: 1989.0 1428.0 1108.0 
MOISTER: 5146 VDDA: 2.80 Vsol: 0.21 Vbat: 3.78  NTC: 16.4 16.9 15.9 16.2  SOIL: 1989.0 1428.0 1108.0 
MOISTER: 5146 VDDA: 2.80 Vsol: 0.21 Vbat: 3.78  NTC: 16.4 16.9 15.9 16.2  SOIL: 1989.0 1428.0 1108.0 
MOISTER: 5146 VDDA: 2.80 Vsol: 0.21 Vbat: 3.78  NTC: 16.4 16.9 15.9 16.2  SOIL: 1989.0 1428.0 1108.0 
MOISTER: 5146 VDDA: 2.80 Vsol: 0.21 Vbat: 3.78  NTC: 16.4 16.9 15.9 16.2  SOIL: 1989.0 1428.0 1108.0 
MOISTER: 5146 VDDA: 2.80 Vsol: 0.21 Vbat: 3.78  NTC: 16.4 16.9 15.9 16.2  SOIL: 1989.0 1428.0 1108.0 
MOISTER: 5146 VDDA: 2.80 Vsol: 0.21 Vbat: 3.78  NTC: 16.4 16.9 15.9 16.2  SOIL: 1989.0 1428.0 1108.0 
MOISTER: 5146 VDDA: 2.80 Vsol: 0.21 Vbat: 3.78  NTC: 16.4 16.9 15.9 16.2  SOIL: 1989.0 1428.0 1108.0 
MOISTER: 5146 VDDA: 2.80 Vsol: 0.21 Vbat: 3.78  NTC: 16.4 16.9 15.9 16.2  SOIL: 1989.0 1428.0 1108.0 
MOISTER: 5146 VDDA: 2.80 Vsol: 0.21 Vbat: 3.78  NTC: 16.4 16.9 15.9 16.2  SOIL: 1989.0 1428.0 1108.0 
MOISTER: 5146 VDDA: 2.80 Vsol: 0.21 Vbat: 3.78  NTC: 16.4 16.9 15.9 16.2  SOIL: 1989.0 1428.0 1108.0 
MOISTER: 5146 VDDA: 2.80 Vsol: 0.21 Vbat: 3.78  NTC: 16.4 16.9 15.9 16.2  SOIL: 1989.0 1428.0 1108.0 
MOISTER: 5146 VDDA: 2.80 Vsol: 0.21 Vbat: 3.78  NTC: 16.4 16.9 15.9 16.2  SOIL: 1989.0 1428.0 1108.0 
MOISTER: 5146 VDDA: 2.80 Vsol: 0.21 Vbat: 3.78  NTC: 16.4 16.9 15.9 16.2  SOIL: 1989.0 1428.0 1108.0 
MOISTER: 5146 VDDA: 2.80 Vsol: 0.21 Vbat: 3.78  NTC: 16.4 16.9 15.9 16.2  SOIL: 1989.0 1428.0 1108.0 
MOISTER: 5146 VDDA: 2.80 Vsol: 0.21 Vbat: 3.78  NTC: 16.4 16.9 15.9 16.2  SOIL: 1989.0 1428.0 1108.0 
MOISTER: 5146 VDDA: 2.80 Vsol: 0.21 Vbat: 3.78  NTC: 16.4 16.9 15.9 16.2  SOIL: 1989.0 1428.0 1108.0 
MOISTER: 5146 VDDA: 2.80 Vsol: 0.21 Vbat: 3.78  NTC: 16.4 16.9 15.9 16.2  SOIL: 1989.0 1428.0 1108.0 
MOISTER: 5146 VDDA: 2.80 Vsol: 0.21 Vbat: 3.78  NTC: 16.4 16.9 15.9 16.2  SOIL: 1989.0 1428.0 1108.0 
MOISTER: 5146 VDDA: 2.80 Vsol: 0.21 Vbat: 3.78  NTC: 16.4 16.9 15.9 16.2  SOIL: 1989.0 1428.0 1108.0 
MOISTER: 5146 VDDA: 2.80 Vsol: 0.21 Vbat: 3.78  NTC: 16.4 16.9 15.9 16.2  SOIL: 1989.0 1428.0 1108.0 
MOISTER: 5146 VDDA: 2.80 Vsol: 0.21 Vbat: 3.78  NTC: 16.4 16.9 15.9 16.2  SOIL: 1989.0 1428.0 1108.0 
MOISTER: 5146 VDDA: 2.80 Vsol: 0.21 Vbat: 3.78  NTC: 16.4 16.9 15.9 16.2  SOIL: 1989.0 1428.0 1108.0 
MOISTER: 5146 VDDA: 2.80 Vsol: 0.21 Vbat: 3.78  NTC: 16.4 16.9 15.9 16.2  SOIL: 1989.0 1428.0 1108.0 
MOISTER: 5146 VDDA: 2.80 Vsol: 0.21 Vbat: 3.78  NTC: 16.4 16.9 15.9 16.2  SOIL: 1989.0 1428.0 1108.0 
MOISTER: 5146 VDDA: 2.80 Vsol: 0.21 Vbat: 3.78  NTC: 16.4 16.9 15.9 16.2  SOIL: 1989.0 1428.0 1108.0 
MOISTER: 5146 VDDA: 2.80 Vsol: 0.21 Vbat: 3.78  NTC: 16.4 16.9 15.9 16.2  SOIL: 1989.0 1428.0 1108.0 
MOISTER: 5146 VDDA: 2.80 Vsol: 0.21 Vbat: 3.78  NTC: 16.4 16.9 15.9 16.2  SOIL: 1989.0 1428.0 1108.0 
MOISTER: 5146 VDDA: 2.80 Vsol: 0.21 Vbat: 3.78  NTC: 16.4 16.9 15.9 16.2  SOIL: 1989.0 1428.0 1108.0 
MOISTER: 5146 VDDA: 2.80 Vsol: 0.21 Vbat: 3.78  NTC: 16.4 16.9 15.9 16.2  SOIL: 1989.0 1428.0 1108.0 
MOISTER: 5146 VDDA: 2.80 Vsol: 0.21 Vbat: 3.78  NTC: 16.4 16.9 15.9 16.2  SOIL: 1989.0 1428.0 1108.0 
MOISTER: 5146 VDDA: 2.80 Vsol: 0.21 Vbat: 3.78  NTC: 16.4 16.9 15.9 16.2  SOIL: 1989.0 1428.0 1108.0 
MOISTER: 5146 VDDA: 2.80 Vsol: 0.21 Vbat: 3.78  NTC: 16.4 16.9 15.9 16.2  SOIL: 1989.0 1428.0 1108.0 
MOISTER: 5146 VDDA: 2.80 Vsol: 0.21 Vbat: 3.78  NTC: 16.4 16.9 15.9 16.2  SOIL: 1989.0 1428.0 1108.0 
MOISTER: 5146 VDDA: 2.80 Vsol: 0.21 Vbat: 3.78  NTC: 16.4 16.9 15.9 16.2  SOIL: 1989.0 1428.0 1108.0 
MOISTER: 5146 VDDA: 2.80 Vsol: 0.21 Vbat: 3.78  NTC: 16.4 16.9 15.9 16.2  SOIL: 1989.0 1428.0 1108.0 
MOISTER: 5146 VDDA: 2.80 Vsol: 0.21 Vbat: 3.78  NTC: 16.4 16.9 15.9 16.2  SOIL: 1989.0 1428.0 1108.0 
MOISTER: 5146 VDDA: 2.80 Vsol: 0.21 Vbat: 3.78  NTC: 16.4 16.9 15.9 16.2  SOIL: 1989.0 1428.0 1108.0 
MOISTER: 5146 VDDA: 2.80 Vsol: 0.21 Vbat: 3.78  NTC: 16.4 16.9 15.9 16.2  SOIL: 1989.0 1428.0 1108.0 
MOISTER: 5146 VDDA: 2.80 Vsol: 0.21 Vbat: 3.78  NTC: 16.4 16.9 15.9 16.2  SOIL: 1989.0 1428.0 1108.0 
MOISTER: 5146 VDDA: 2.80 Vsol: 0.21 Vbat: 3.78  NTC: 16.4 16.9 15.9 16.2  SOIL: 1989.0 1428.0 1108.0 
MOISTER: 5146 VDDA: 2.80 Vsol: 0.21 Vbat: 3.78  NTC: 16.4 16.9 15.9 16.2  SOIL: 1989.0 1428.0 1108.0 
MOISTER: 5146 VDDA: 2.80 Vsol: 0.21 Vbat: 3.78  NTC: 16.4 16.9 15.9 16.2  SOIL: 1989.0 1428.0 1108.0 
MOISTER: 5146 VDDA: 2.80 Vsol: 0.21 Vbat: 3.78  NTC: 16.4 16.9 15.9 16.2  SOIL: 1989.0 1428.0 1108.0 
MOISTER: 5146 VDDA: 2.80 Vsol: 0.21 Vbat: 3.78  NTC: 16.4 16.9 15.9 16.2  SOIL: 1989.0 1428.0 1108.0 
MOISTER: 5146 VDDA: 2.80 Vsol: 0.21 Vbat: 3.78  NTC: 16.4 16.9 15.9 16.2  SOIL: 1989.0 1428.0 1108.0 
MOISTER: 5146 VDDA: 2.80 Vsol: 0.21 Vbat: 3.78  NTC: 16.4 16.9 15.9 16.2  SOIL: 1989.0 1428.0 1108.0 
MOISTER: 5146 VDDA: 2.80 Vsol: 0.21 Vbat: 3.78  NTC: 16.4 16.9 15.9 16.2  SOIL: 1989.0 1428.0 1108.0 
MOISTER: 5146 VDDA: 2.80 Vsol: 0.21 Vbat: 3.78  NTC: 16.4 16.9 15.9 16.2  SOIL: 1989.0 1428.0 1108.0 
MOISTER: 5146 VDDA: 2.80 Vsol: 0.21 Vbat: 3.78  NTC: 16.4 16.9 15.9 16.2  SOIL: 1989.0 1428.0 1108.0 
MOISTER: 5146 VDDA: 2.80 Vsol: 0.21 Vbat: 3.78  NTC: 16.4 16.9 15.9 16.2  SOIL: 1989.0 1428.0 1108.0 
MOISTER: 5146 VDDA: 2.80 Vsol: 0.21 Vbat: 3.78  NTC: 16.4 16.9 15.9 16.2  SOIL: 1989.0 1428.0 1108.0 
MOISTER: 5146 VDDA: 2.80 Vsol: 0.21 Vbat: 3.78  NTC: 16.4 16.9 15.9 16.2  SOIL: 1989.0 1428.0 1108.0 
MOISTER: 5146 VDDA: 2.80 Vsol: 0.21 Vbat: 3.78  NTC: 16.4 16.9 15.9 16.2  SOIL: 1989.0 1428.0 1108.0 
MOISTER: 5146 VDDA: 2.80 Vsol: 0.21 Vbat: 3.78  NTC: 16.4 16.9 15.9 16.2  SOIL: 1989.0 1428.0 1108.0 
MOISTER: 5146 VDDA: 2.80 Vsol: 0.21 Vbat: 3.78  NTC: 16.4 16.9 15.9 16.2  SOIL: 1989.0 1428.0 1108.0 
MOISTER: 5146 VDDA: 2.80 Vsol: 0.21 Vbat: 3.78  NTC: 16.4 16.9 15.9 16.2  SOIL: 1989.0 1428.0 1108.0 
MOISTER: 5146 VDDA: 2.80 Vsol: 0.21 Vbat: 3.78  NTC: 16.4 16.9 15.9 16.2  SOIL: 1989.0 1428.0 1108.0 
MOISTER: 5146 VDDA: 2.80 Vsol: 0.21 Vbat: 3.78  NTC: 16.4 16.9 15.9 16.2  SOIL: 1989.0 1428.0 1108.0 
MOISTER: 5146 VDDA: 2.80 Vsol: 0.21 Vbat: 3.78  NTC: 16.4 16.9 15.9 16.2  SOIL: 1989.0 1428.0 1108.0 
MOISTER: 5146 VDDA: 2.80 Vsol: 0.21 Vbat: 3.78  NTC: 16.4 16.9 15.9 16.2  SOIL: 1989.0 1428.0 1108.0 
MOISTER: 5146 VDDA: 2.80 Vsol: 0.21 Vbat: 3.78  NTC: 16.4 16.9 15.9 16.2  SOIL: 1989.0 1428.0 1108.0 
MOISTER: 5146 VDDA: 2.80 Vsol: 0.21 Vbat: 3.78  NTC: 16.4 16.9 15.9 16.2  SOIL: 1989.0 1428.0 1108.0 
MOISTER: 5146 VDDA: 2.80 Vsol: 0.21 Vbat: 3.78  NTC: 16.4 16.9 15.9 16.2  SOIL: 1989.0 1428.0 1108.0 
MOISTER: 5146 VDDA: 2.80 Vsol: 0.21 Vbat: 3.78  NTC: 16.4 16.9 15.9 16.2  SOIL: 1989.0 1428.0 1108.0 
MOISTER: 5146 VDDA: 2.80 Vsol: 0.21 Vbat: 3.78  NTC: 16.4 16.9 15.9 16.2  SOIL: 1989.0 1428.0 1108.0 
MOISTER: 5146 VDDA: 2.80 Vsol: 0.21 Vbat: 3.78  NTC: 16.4 16.9 15.9 16.2  SOIL: 1989.0 1428.0 1108.0 
MOISTER: 5146 VDDA: 2.80 Vsol: 0.21 Vbat: 3.78  NTC: 16.4 16.9 15.9 16.2  SOIL: 1989.0 1428.0 1108.0 
MOISTER: 5146 VDDA: 2.80 Vsol: 0.21 Vbat: 3.78  NTC: 16.4 16.9 15.9 16.2  SOIL: 1989.0 1428.0 1108.0 
MOISTER: 5146 VDDA: 2.80 Vsol: 0.21 Vbat: 3.78  NTC: 16.4 16.9 15.9 16.2  SOIL: 1989.0 1428.0 1108.0 
MOISTER: 5146 VDDA: 2.80 Vsol: 0.21 Vbat: 3.78  NTC: 16.4 16.9 15.9 16.2  SOIL: 1989.0 1428.0 1108.0 
MOISTER: 5146 VDDA: 2.80 Vsol: 0.21 Vbat: 3.78  NTC: 16.4 16.9 15.9 16.2  SOIL: 1989.0 1428.0 1108.0 
MOISTER: 5146 VDDA: 2.80 Vsol: 0.21 Vbat: 3.78  NTC: 16.4 16.9 15.9 16.2  SOIL: 1989.0 1428.0 1108.0 
MOISTER: 5146 VDDA: 2.80 Vsol: 0.21 Vbat: 3.78  NTC: 16.4 16.9 15.9 16.2  SOIL: 1989.0 1428.0 1108.0 
MOISTER: 5146 VDDA: 2.80 Vsol: 0.21 Vbat: 3.78  NTC: 16.4 16.9 15.9 16.2  SOIL: 1989.0 1428.0 1108.0 
MOISTER: 5146 VDDA: 2.80 Vsol: 0.21 Vbat: 3.78  NTC: 16.4 16.9 15.9 16.2  SOIL: 1989.0 1428.0 1108.0 
MOISTER: 5146 VDDA: 2.80 Vsol: 0.21 Vbat: 3.78  NTC: 16.4 16.9 15.9 16.2  SOIL: 1989.0 1428.0 1108.0 
MOISTER: 5146 VDDA: 2.80 Vsol: 0.21 Vbat: 3.78  NTC: 16.4 16.9 15.9 16.2  SOIL: 1989.0 1428.0 1108.0 
MOISTER: 5146 VDDA: 2.80 Vsol: 0.21 Vbat: 3.78  NTC: 16.4 16.9 15.9 16.2  SOIL: 1989.0 1428.0 1108.0 
MOISTER: 5146 VDDA: 2.80 Vsol: 0.21 Vbat: 3.78  NTC: 16.4 16.9 15.9 16.2  SOIL: 1989.0 1428.0 1108.0 
MOISTER: 5146 VDDA: 2.80 Vsol: 0.21 Vbat: 3.78  NTC: 16.4 16.9 15.9 16.2  SOIL: 1989.0 1428.0 1108.0 
MOISTER: 5146 VDDA: 2.80 Vsol: 0.21 Vbat: 3.78  NTC: 16.4 16.9 15.9 16.2  SOIL: 1989.0 1428.0 1108.0 
MOISTER: 5146 VDDA: 2.80 Vsol: 0.21 Vbat: 3.78  NTC: 16.4 16.9 15.9 16.2  SOIL: 1989.0 1428.0 1108.0 
MOISTER: 5146 VDDA: 2.80 Vsol: 0.21 Vbat: 3.78  NTC: 16.4 16.9 15.9 16.2  SOIL: 1989.0 1428.0 1108.0 
MOISTER: 5146 VDDA: 2.80 Vsol: 0.21 Vbat: 3.78  NTC: 16.4 16.9 15.9 16.2  SOIL: 1989.0 1428.0 1108.0 
MOISTER: 5146 VDDA: 2.80 Vsol: 0.21 Vbat: 3.78  NTC: 16.4 16.9 15.9 16.2  SOIL: 1989.0 1428.0 1108.0 
MOISTER: 5146 VDDA: 2.80 Vsol: 0.21 Vbat: 3.78  NTC: 16.4 16.9 15.9 16.2  SOIL: 1989.0 1428.0 1108.0 
MOISTER: 5146 VDDA: 2.80 Vsol: 0.21 Vbat: 3.78  NTC: 16.4 16.9 15.9 16.2  SOIL: 1989.0 1428.0 1108.0 
MOISTER: 5146 VDDA: 2.80 Vsol: 0.21 Vbat: 3.78  NTC: 16.4 16.9 15.9 16.2  SOIL: 1989.0 1428.0 1108.0 
MOISTER: 5146 VDDA: 2.80 Vsol: 0.21 Vbat: 3.78  NTC: 16.4 16.9 15.9 16.2  SOIL: 1989.0 1428.0 1108.0 
MOISTER: 5146 VDDA: 2.80 Vsol: 0.21 Vbat: 3.78  NTC: 16.4 16.9 15.9 16.2  SOIL: 1989.0 1428.0 1108.0 
MOISTER: 5146 VDDA: 2.80 Vsol: 0.21 Vbat: 3.78  NTC: 16.4 16.9 15.9 16.2  SOIL: 1989.0 1428.0 1108.0 
MOISTER: 5146 VDDA: 2.80 Vsol: 0.21 Vbat: 3.78  NTC: 16.4 16.9 15.9 16.2  SOIL: 1989.0 1428.0 1108.0 
MOISTER: 5146 VDDA: 2.80 Vsol: 0.21 Vbat: 3.78  NTC: 16.4 16.9 15.9 16.2  SOIL: 1989.0 1428.0 1108.0 
MOISTER: 5146 VDDA: 2.80 Vsol: 0.21 Vbat: 3.78  NTC: 16.4 16.9 15.9 16.2  SOIL: 1989.0 1428.0 1108.0 
MOISTER: 5146 VDDA: 2.80 Vsol: 0.21 Vbat: 3.78  NTC: 16.4 16.9 15.9 16.2  SOIL: 1989.0 1428.0 1108.0 
MOISTER: 5146 VDDA: 2.80 Vsol: 0.21 Vbat: 3.78  NTC: 16.4 16.9 15.9 16.2  SOIL: 1989.0 1428.0 1108.0 
MOISTER: 5146 VDDA: 2.80 Vsol: 0.21 Vbat: 3.78  NTC: 16.4 16.9 15.9 16.2  SOIL: 1989.0 1428.0 1108.0 
MOISTER: 5146 VDDA: 2.80 Vsol: 0.21 Vbat: 3.78  NTC: 16.4 16.9 15.9 16.2  SOIL: 1989.0 1428.0 1108.0 
MOISTER: 5146 VDDA: 2.80 Vsol: 0.21 Vbat: 3.78  NTC: 16.4 16.9 15.9 16.2  SOIL: 1989.0 1428.0 1108.0 
MOISTER: 5146 VDDA: 2.80 Vsol: 0.21 Vbat: 3.78  NTC: 16.4 16.9 15.9 16.2  SOIL: 1989.0 1428.0 1108.0 
MOISTER: 5146 VDDA: 2.80 Vsol: 0.21 Vbat: 3.78  NTC: 16.4 16.9 15.9 16.2  SOIL: 1989.0 1428.0 1108.0 
MOISTER: 5146 VDDA: 2.80 Vsol: 0.21 Vbat: 3.78  NTC: 16.4 16.9 15.9 16.2  SOIL: 1989.0 1428.0 1108.0 
MOISTER: 5146 VDDA: 2.80 Vsol: 0.21 Vbat: 3.78  NTC: 16.4 16.9 15.9 16.2  SOIL: 1989.0 1428.0 1108.0 
MOISTER: 5146 VDDA: 2.80 Vsol: 0.21 Vbat: 3.78  NTC: 16.4 16.9 15.9 16.2  SOIL: 1989.0 1428.0 1108.0 
MOISTER: 5146 VDDA: 2.80 Vsol: 0.21 Vbat: 3.78  NTC: 16.4 16.9 15.9 16.2  SOIL: 1989.0 1428.0 1108.0 
MOISTER: 5146 VDDA: 2.80 Vsol: 0.21 Vbat: 3.78  NTC: 16.4 16.9 15.9 16.2  SOIL: 1989.0 1428.0 1108.0 
MOISTER: 5146 VDDA: 2.80 Vsol: 0.21 Vbat: 3.78  NTC: 16.4 16.9 15.9 16.2  SOIL: 1989.0 1428.0 1108.0 
MOISTER: 5146 VDDA: 2.80 Vsol: 0.21 Vbat: 3.78  NTC: 16.4 16.9 15.9 16.2  SOIL: 1989.0 1428.0 1108.0 
MOISTER: 5146 VDDA: 2.80 Vsol: 0.21 Vbat: 3.78  NTC: 16.4 16.9 15.9 16.2  SOIL: 1989.0 1428.0 1108.0 
MOISTER: 5146 VDDA: 2.80 Vsol: 0.21 Vbat: 3.78  NTC: 16.4 16.9 15.9 16.2  SOIL: 1989.0 1428.0 1108.0 
MOISTER: 5146 VDDA: 2.80 Vsol: 0.21 Vbat: 3.78  NTC: 16.4 16.9 15.9 16.2  SOIL: 1989.0 1428.0 1108.0 
MOISTER: 5146 VDDA: 2.80 Vsol: 0.21 Vbat: 3.78  NTC: 16.4 16.9 15.9 16.2  SOIL: 1989.0 1428.0 1108.0 
MOISTER: 5146 VDDA: 2.80 Vsol: 0.21 Vbat: 3.78  NTC: 16.4 16.9 15.9 16.2  SOIL: 1989.0 1428.0 1108.0 
MOISTER: 5146 VDDA: 2.80 Vsol: 0.21 Vbat: 3.78  NTC: 16.4 16.9 15.9 16.2  SOIL: 1989.0 1428.0 1108.0 
MOISTER: 5146 VDDA: 2.80 Vsol: 0.21 Vbat: 3.78  NTC: 16.4 16.9 15.9 16.2  SOIL: 1989.0 1428.0 1108.0 
MOISTER: 5146 VDDA: 2.80 Vsol: 0.21 Vbat: 3.78  NTC: 16.4 16.9 15.9 16.2  SOIL: 1989.0 1428.0 1108.0 
MOISTER: 5146 VDDA: 2.80 Vsol: 0.21 Vbat: 3.78  NTC: 16.4 16.9 15.9 16.2  SOIL: 1989.0 1428.0 1108.0 
MOISTER: 5146 VDDA: 2.80 Vsol: 0.21 Vbat: 3.78  NTC: 16.4 16.9 15.9 16.2  SOIL: 1989.0 1428.0 1108.0 
MOISTER: 5146 VDDA: 2.80 Vsol: 0.21 Vbat: 3.78  NTC: 16.4 16.9 15.9 16.2  SOIL: 1989.0 1428.0 1108.0 
MOISTER: 5146 VDDA: 2.80 Vsol: 0.21 Vbat: 3.78  NTC: 16.4 16.9 15.9 16.2  SOIL: 1989.0 1428.0 1108.0 
MOISTER: 5146 VDDA: 2.80 Vsol: 0.21 Vbat: 3.78  NTC: 16.4 16.9 15.9 16.2  SOIL: 1989.0 1428.0 1108.0 
MOISTER: 5146 VDDA: 2.80 Vsol: 0.21 Vbat: 3.78  NTC: 16.4 16.9 15.9 16.2  SOIL: 1989.0 1428.0 1108.0 
MOISTER: 5146 VDDA: 2.80 Vsol: 0.21 Vbat: 3.78  NTC: 16.4 16.9 15.9 16.2  SOIL: 1989.0 1428.0 1108.0 
MOISTER: 5146 VDDA: 2.80 Vsol: 0.21 Vbat: 3.78  NTC: 16.4 16.9 15.9 16.2  SOIL: 1989.0 1428.0 1108.0 
MOISTER: 5146 VDDA: 2.80 Vsol: 0.21 Vbat: 3.78  NTC: 16.4 16.9 15.9 16.2  SOIL: 1989.0 1428.0 1108.0 
MOISTER: 5146 VDDA: 2.80 Vsol: 0.21 Vbat: 3.78  NTC: 16.4 16.9 15.9 16.2  SOIL: 1989.0 1428.0 1108.0 
MOISTER: 5146 VDDA: 2.80 Vsol: 0.21 Vbat: 3.78  NTC: 16.4 16.9 15.9 16.2  SOIL: 1989.0 1428.0 1108.0 
MOISTER: 5146 VDDA: 2.80 Vsol: 0.21 Vbat: 3.78  NTC: 16.4 16.9 15.9 16.2  SOIL: 1989.0 1428.0 1108.0 
MOISTER: 5146 VDDA: 2.80 Vsol: 0.21 Vbat: 3.78  NTC: 16.4 16.9 15.9 16.2  SOIL: 1989.0 1428.0 1108.0 
MOISTER: 5146 VDDA: 2.80 Vsol: 0.21 Vbat: 3.78  NTC: 16.4 16.9 15.9 16.2  SOIL: 1989.0 1428.0 1108.0 
MOISTER: 5146 VDDA: 2.80 Vsol: 0.21 Vbat: 3.78  NTC: 16.4 16.9 15.9 16.2  SOIL: 1989.0 1428.0 1108.0 
MOISTER: 5146 VDDA: 2.80 Vsol: 0.21 Vbat: 3.78  NTC: 16.4 16.9 15.9 16.2  SOIL: 1989.0 1428.0 1108.0 
MOISTER: 5146 VDDA: 2.80 Vsol: 0.21 Vbat: 3.78  NTC: 16.4 16.9 15.9 16.2  SOIL: 1989.0 1428.0 1108.0 
MOISTER: 5146 VDDA: 2.80 Vsol: 0.21 Vbat: 3.78  NTC: 16.4 16.9 15.9 16.2  SOIL: 1989.0 1428.0 1108.0 
MOISTER: 5146 VDDA: 2.80 Vsol: 0.21 Vbat: 3.78  NTC: 16.4 16.9 15.9 16.2  SOIL: 1989.0 1428.0 1108.0 
MOISTER: 5146 VDDA: 2.80 Vsol: 0.21 Vbat: 3.78  NTC: 16.4 16.9 15.9 16.2  SOIL: 1989.0 1428.0 1108.0 
MOISTER: 5146 VDDA: 2.80 Vsol: 0.21 Vbat: 3.78  NTC: 16.4 16.9 15.9 16.2  SOIL: 1989.0 1428.0 1108.0 
MOISTER: 5146 VDDA: 2.80 Vsol: 0.21 Vbat: 3.78  NTC: 16.4 16.9 15.9 16.2  SOIL: 1989.0 1428.0 1108.0 
MOISTER: 5146 VDDA: 2.80 Vsol: 0.21 Vbat: 3.78  NTC: 16.4 16.9 15.9 16.2  SOIL: 1989.0 1428.0 1108.0 
MOISTER: 5146 VDDA: 2.80 Vsol: 0.21 Vbat: 3.78  NTC: 16.4 16.9 15.9 16.2  SOIL: 1989.0 1428.0 1108.0 
MOISTER: 5146 VDDA: 2.80 Vsol: 0.21 Vbat: 3.78  NTC: 16.4 16.9 15.9 16.2  SOIL: 1989.0 1428.0 1108.0 
MOISTER: 5146 VDDA: 2.80 Vsol: 0.21 Vbat: 3.78  NTC: 16.4 16.9 15.9 16.2  SOIL: 1989.0 1428.0 1108.0 
MOISTER: 5146 VDDA: 2.80 Vsol: 0.21 Vbat: 3.78  NTC: 16.4 16.9 15.9 16.2  SOIL: 1989.0 1428.0 1108.0 
MOISTER: 5146 VDDA: 2.80 Vsol: 0.21 Vbat: 3.78  NTC: 16.4 16.9 15.9 16.2  SOIL: 1989.0 1428.0 1108.0 
MOISTER: 5146 VDDA: 2.80 Vsol: 0.21 Vbat: 3.78  NTC: 16.4 16.9 15.9 16.2  SOIL: 1989.0 1428.0 1108.0 
MOISTER: 5146 VDDA: 2.80 Vsol: 0.21 Vbat: 3.78  NTC: 16.4 16.9 15.9 16.2  SOIL: 1989.0 1428.0 1108.0 
MOISTER: 5146 VDDA: 2.80 Vsol: 0.21 Vbat: 3.78  NTC: 16.4 16.9 15.9 16.2  SOIL: 1989.0 1428.0 1108.0 
MOISTER: 5146 VDDA: 2.80 Vsol: 0.21 Vbat: 3.78  NTC: 16.4 16.9 15.9 16.2  SOIL: 1989.0 1428.0 1108.0 
MOISTER: 5146 VDDA: 2.80 Vsol: 0.21 Vbat: 3.78  NTC: 16.4 16.9 15.9 16.2  SOIL: 1989.0 1428.0 1108.0 
MOISTER: 5146 VDDA: 2.80 Vsol: 0.21 Vbat: 3.78  NTC: 16.4 16.9 15.9 16.2  SOIL: 1989.0 1428.0 1108.0 
MOISTER: 5146 VDDA: 2.80 Vsol: 0.21 Vbat: 3.78  NTC: 16.4 16.9 15.9 16.2  SOIL: 1989.0 1428.0 1108.0 
MOISTER: 5146 VDDA: 2.80 Vsol: 0.21 Vbat: 3.78  NTC: 16.4 16.9 15.9 16.2  SOIL: 1989.0 1428.0 1108.0 
MOISTER: 5146 VDDA: 2.80 Vsol: 0.21 Vbat: 3.78  NTC: 16.4 16.9 15.9 16.2  SOIL: 1989.0 1428.0 1108.0 
MOISTER: 5146 VDDA: 2.80 Vsol: 0.21 Vbat: 3.78  NTC: 16.4 16.9 15.9 16.2  SOIL: 1989.0 1428.0 1108.0 
MOISTER: 5146 VDDA: 2.80 Vsol: 0.21 Vbat: 3.78  NTC: 16.4 16.9 15.9 16.2  SOIL: 1989.0 1428.0 1108.0 
MOISTER: 5146 VDDA: 2.80 Vsol: 0.21 Vbat: 3.78  NTC: 16.4 16.9 15.9 16.2  SOIL: 1989.0 1428.0 1108.0 
MOISTER: 5146 VDDA: 2.80 Vsol: 0.21 Vbat: 3.78  NTC: 16.4 16.9 15.9 16.2  SOIL: 1989.0 1428.0 1108.0 
MOISTER: 5146 VDDA: 2.80 Vsol: 0.21 Vbat: 3.78  NTC: 16.4 16.9 15.9 16.2  SOIL: 1989.0 1428.0 1108.0 
MOISTER: 5146 VDDA: 2.80 Vsol: 0.21 Vbat: 3.78  NTC: 16.4 16.9 15.9 16.2  SOIL: 1989.0 1428.0 1108.0 
MOISTER: 5146 VDDA: 2.80 Vsol: 0.21 Vbat: 3.78  NTC: 16.4 16.9 15.9 16.2  SOIL: 1989.0 1428.0 1108.0 
MOISTER: 5146 VDDA: 2.80 Vsol: 0.21 Vbat: 3.78  NTC: 16.4 16.9 15.9 16.2  SOIL: 1989.0 1428.0 1108.0 
MOISTER: 5146 VDDA: 2.80 Vsol: 0.21 Vbat: 3.78  NTC: 16.4 16.9 15.9 16.2  SOIL: 1989.0 1428.0 1108.0 
MOISTER: 5146 VDDA: 2.80 Vsol: 0.21 Vbat: 3.78  NTC: 16.4 16.9 15.9 16.2  SOIL: 1989.0 1428.0 1108.0 
MOISTER: 5146 VDDA: 2.80 Vsol: 0.21 Vbat: 3.78  NTC: 16.4 16.9 15.9 16.2  SOIL: 1989.0 1428.0 1108.0 
MOISTER: 5146 VDDA: 2.80 Vsol: 0.21 Vbat: 3.78  NTC: 16.4 16.9 15.9 16.2  SOIL: 1989.0 1428.0 1108.0 
MOISTER: 5146 VDDA: 2.80 Vsol: 0.21 Vbat: 3.78  NTC: 16.4 16.9 15.9 16.2  SOIL: 1989.0 1428.0 1108.0 
MOISTER: 5146 VDDA: 2.80 Vsol: 0.21 Vbat: 3.78  NTC: 16.4 16.9 15.9 16.2  SOIL: 1989.0 1428.0 1108.0 
MOISTER: 5146 VDDA: 2.80 Vsol: 0.21 Vbat: 3.78  NTC: 16.4 16.9 15.9 16.2  SOIL: 1989.0 1428.0 1108.0 
MOISTER: 5146 VDDA: 2.80 Vsol: 0.21 Vbat: 3.78  NTC: 16.4 16.9 15.9 16.2  SOIL: 1989.0 1428.0 1108.0 
MOISTER: 5146 VDDA: 2.80 Vsol: 0.21 Vbat: 3.78  NTC: 16.4 16.9 15.9 16.2  SOIL: 1989.0 1428.0 1108.0 
MOISTER: 5146 VDDA: 2.80 Vsol: 0.21 Vbat: 3.78  NTC: 16.4 16.9 15.9 16.2  SOIL: 1989.0 1428.0 1108.0 
MOISTER: 5146 VDDA: 2.80 Vsol: 0.21 Vbat: 3.78  NTC: 16.4 16.9 15.9 16.2  SOIL: 1989.0 1428.0 1108.0 
MOISTER: 5146 VDDA: 2.80 Vsol: 0.21 Vbat: 3.78  NTC: 16.4 16.9 15.9 16.2  SOIL: 1989.0 1428.0 1108.0 
MOISTER: 5146 VDDA: 2.80 Vsol: 0.21 Vbat: 3.78  NTC: 16.4 16.9 15.9 16.2  SOIL: 1989.0 1428.0 1108.0 
MOISTER: 5146 VDDA: 2.80 Vsol: 0.21 Vbat: 3.78  NTC: 16.4 16.9 15.9 16.2  SOIL: 1989.0 1428.0 1108.0 
MOISTER: 5146 VDDA: 2.80 Vsol: 0.21 Vbat: 3.78  NTC: 16.4 16.9 15.9 16.2  SOIL: 1989.0 1428.0 1108.0 
MOISTER: 5146 VDDA: 2.80 Vsol: 0.21 Vbat: 3.78  NTC: 16.4 16.9 15.9 16.2  SOIL: 1989.0 1428.0 1108.0 
MOISTER: 5146 VDDA: 2.80 Vsol: 0.21 Vbat: 3.78  NTC: 16.4 16.9 15.9 16.2  SOIL: 1989.0 1428.0 1108.0 
MOISTER: 5146 VDDA: 2.80 Vsol: 0.21 Vbat: 3.78  NTC: 16.4 16.9 15.9 16.2  SOIL: 1989.0 1428.0 1108.0 
MOISTER: 5146 VDDA: 2.80 Vsol: 0.21 Vbat: 3.78  NTC: 16.4 16.9 15.9 16.2  SOIL: 1989.0 1428.0 1108.0 
MOISTER: 5146 VDDA: 2.80 Vsol: 0.21 Vbat: 3.78  NTC: 16.4 16.9 15.9 16.2  SOIL: 1989.0 1428.0 1108.0 
MOISTER: 5146 VDDA: 2.80 Vsol: 0.21 Vbat: 3.78  NTC: 16.4 16.9 15.9 16.2  SOIL: 1989.0 1428.0 1108.0 
MOISTER: 5146 VDDA: 2.80 Vsol: 0.21 Vbat: 3.78  NTC: 16.4 16.9 15.9 16.2  SOIL: 1989.0 1428.0 1108.0 
MOISTER: 5146 VDDA: 2.80 Vsol: 0.21 Vbat: 3.78  NTC: 16.4 16.9 15.9 16.2  SOIL: 1989.0 1428.0 1108.0 
MOISTER: 5146 VDDA: 2.80 Vsol: 0.21 Vbat: 3.78  NTC: 16.4 16.9 15.9 16.2  SOIL: 1989.0 1428.0 1108.0 
MOISTER: 5146 VDDA: 2.80 Vsol: 0.21 Vbat: 3.78  NTC: 16.4 16.9 15.9 16.2  SOIL: 1989.0 1428.0 1108.0 
MOISTER: 5146 VDDA: 2.80 Vsol: 0.21 Vbat: 3.78  NTC: 16.4 16.9 15.9 16.2  SOIL: 1989.0 1428.0 1108.0 
MOISTER: 5146 VDDA: 2.80 Vsol: 0.21 Vbat: 3.78  NTC: 16.4 16.9 15.9 16.2  SOIL: 1989.0 1428.0 1108.0 
MOISTER: 5146 VDDA: 2.80 Vsol: 0.21 Vbat: 3.78  NTC: 16.4 16.9 15.9 16.2  SOIL: 1989.0 1428.0 1108.0 
MOISTER: 5146 VDDA: 2.80 Vsol: 0.21 Vbat: 3.78  NTC: 16.4 16.9 15.9 16.2  SOIL: 1989.0 1428.0 1108.0 
MOISTER: 5146 VDDA: 2.80 Vsol: 0.21 Vbat: 3.78  NTC: 16.4 16.9 15.9 16.2  SOIL: 1989.0 1428.0 1108.0 
MOISTER: 5146 VDDA: 2.80 Vsol: 0.21 Vbat: 3.78  NTC: 16.4 16.9 15.9 16.2  SOIL: 1989.0 1428.0 1108.0 
MOISTER: 5146 VDDA: 2.80 Vsol: 0.21 Vbat: 3.78  NTC: 16.4 16.9 15.9 16.2  SOIL: 1989.0 1428.0 1108.0 
MOISTER: 5163 VDDA: 2.80 Vsol: 2.02 Vbat: 3.91  NTC: 23.4 22.0 22.1 30.8  SOIL: 1983.0 1399.0 1077.0 
MOISTER: 5163 VDDA: 2.80 Vsol: 2.02 Vbat: 3.91  NTC: 23.4 22.0 22.1 30.8  SOIL: 1983.0 1399.0 1077.0 
MOISTER: 5163 VDDA: 2.80 Vsol: 2.02 Vbat: 3.91  NTC: 23.4 22.0 22.1 30.8  SOIL: 1983.0 1399.0 1077.0 
MOISTER: 5163 VDDA: 2.80 Vsol: 2.02 Vbat: 3.91  NTC: 23.4 22.0 22.1 30.8  SOIL: 1983.0 1399.0 1077.0 
MOISTER: 5164 VDDA: 2.79 Vsol: 2.03 Vbat: 3.90  NTC: 23.9 22.4 22.6 30.8  SOIL: 1967.0 1389.0 1077.0 
MOISTER: 5164 VDDA: 2.79 Vsol: 2.03 Vbat: 3.90  NTC: 23.9 22.4 22.6 30.8  SOIL: 1967.0 1389.0 1077.0 
MOISTER: 5164 VDDA: 2.79 Vsol: 2.03 Vbat: 3.90  NTC: 23.9 22.4 22.6 30.8  SOIL: 1967.0 1389.0 1077.0 
MOISTER: 5164 VDDA: 2.79 Vsol: 2.03 Vbat: 3.90  NTC: 23.9 22.4 22.6 30.8  SOIL: 1967.0 1389.0 1077.0 
MOISTER: 5164 VDDA: 2.79 Vsol: 2.03 Vbat: 3.90  NTC: 23.9 22.4 22.6 30.8  SOIL: 1967.0 1389.0 1077.0 
MOISTER: 5164 VDDA: 2.79 Vsol: 2.03 Vbat: 3.90  NTC: 23.9 22.4 22.6 30.8  SOIL: 1967.0 1389.0 1077.0 
MOISTER: 5164 VDDA: 2.79 Vsol: 2.03 Vbat: 3.90  NTC: 23.9 22.4 22.6 30.8  SOIL: 1967.0 1389.0 1077.0 
MOISTER: 5164 VDDA: 2.79 Vsol: 2.03 Vbat: 3.90  NTC: 23.9 22.4 22.6 30.8  SOIL: 1967.0 1389.0 1077.0 
MOISTER: 5164 VDDA: 2.79 Vsol: 2.03 Vbat: 3.90  NTC: 23.9 22.4 22.6 30.8  SOIL: 1967.0 1389.0 1077.0 
MOISTER: 5164 VDDA: 2.79 Vsol: 2.03 Vbat: 3.90  NTC: 23.9 22.4 22.6 30.8  SOIL: 1967.0 1389.0 1077.0 
MOISTER: 5164 VDDA: 2.79 Vsol: 2.03 Vbat: 3.90  NTC: 23.9 22.4 22.6 30.8  SOIL: 1967.0 1389.0 1077.0 
MOISTER: 5164 VDDA: 2.79 Vsol: 2.03 Vbat: 3.90  NTC: 23.9 22.4 22.6 30.8  SOIL: 1967.0 1389.0 1077.0 
MOISTER: 5166 VDDA: 2.79 Vsol: 2.02 Vbat: 3.92  NTC: 25.1 23.9 24.2 32.1  SOIL: 1970.0 1390.0 1066.0 
MOISTER: 5166 VDDA: 2.79 Vsol: 2.02 Vbat: 3.92  NTC: 25.1 23.9 24.2 32.1  SOIL: 1970.0 1390.0 1066.0 
MOISTER: 5166 VDDA: 2.79 Vsol: 2.02 Vbat: 3.92  NTC: 25.1 23.9 24.2 32.1  SOIL: 1970.0 1390.0 1066.0 
MOISTER: 5166 VDDA: 2.79 Vsol: 2.02 Vbat: 3.92  NTC: 25.1 23.9 24.2 32.1  SOIL: 1970.0 1390.0 1066.0 
MOISTER: 5166 VDDA: 2.79 Vsol: 2.02 Vbat: 3.92  NTC: 25.1 23.9 24.2 32.1  SOIL: 1970.0 1390.0 1066.0 
MOISTER: 5167 VDDA: 2.79 Vsol: 2.05 Vbat: 3.92  NTC: 25.3 24.4 24.7 30.7  SOIL: 1969.0 1389.0 1063.0 
MOISTER: 5167 VDDA: 2.79 Vsol: 2.05 Vbat: 3.92  NTC: 25.3 24.4 24.7 30.7  SOIL: 1969.0 1389.0 1063.0 
MOISTER: 5167 VDDA: 2.79 Vsol: 2.05 Vbat: 3.92  NTC: 25.3 24.4 24.7 30.7  SOIL: 1969.0 1389.0 1063.0 
MOISTER: 5167 VDDA: 2.79 Vsol: 2.05 Vbat: 3.92  NTC: 25.3 24.4 24.7 30.7  SOIL: 1969.0 1389.0 1063.0 
MOISTER: 5167 VDDA: 2.79 Vsol: 2.05 Vbat: 3.92  NTC: 25.3 24.4 24.7 30.7  SOIL: 1969.0 1389.0 1063.0 
MOISTER: 5168 VDDA: 2.79 Vsol: 1.71 Vbat: 3.91  NTC: 25.5 24.7 25.1 27.9  SOIL: 2009.0 1402.0 1073.0 
MOISTER: 5169 VDDA: 2.80 Vsol: 1.74 Vbat: 3.91  NTC: 25.4 24.8 25.2 25.6  SOIL: 1988.0 1408.0 1073.0 
MOISTER: 5170 VDDA: 2.79 Vsol: 1.98 Vbat: 3.92  NTC: 25.4 24.9 25.2 26.1  SOIL: 1973.0 1402.0 1071.0 
MOISTER: 5170 VDDA: 2.79 Vsol: 1.98 Vbat: 3.92  NTC: 25.4 24.9 25.2 26.1  SOIL: 1973.0 1402.0 1071.0 
MOISTER: 5170 VDDA: 2.79 Vsol: 1.98 Vbat: 3.92  NTC: 25.4 24.9 25.2 26.1  SOIL: 1973.0 1402.0 1071.0 
MOISTER: 5170 VDDA: 2.79 Vsol: 1.98 Vbat: 3.92  NTC: 25.4 24.9 25.2 26.1  SOIL: 1973.0 1402.0 1071.0 
MOISTER: 5170 VDDA: 2.79 Vsol: 1.98 Vbat: 3.92  NTC: 25.4 24.9 25.2 26.1  SOIL: 1973.0 1402.0 1071.0 
MOISTER: 5170 VDDA: 2.79 Vsol: 1.98 Vbat: 3.92  NTC: 25.4 24.9 25.2 26.1  SOIL: 1973.0 1402.0 1071.0 
MOISTER: 5170 VDDA: 2.79 Vsol: 1.98 Vbat: 3.92  NTC: 25.4 24.9 25.2 26.1  SOIL: 1973.0 1402.0 1071.0 
MOISTER: 5170 VDDA: 2.79 Vsol: 1.98 Vbat: 3.92  NTC: 25.4 24.9 25.2 26.1  SOIL: 1973.0 1402.0 1071.0 
MOISTER: 5170 VDDA: 2.79 Vsol: 1.98 Vbat: 3.92  NTC: 25.4 24.9 25.2 26.1  SOIL: 1973.0 1402.0 1071.0 
MOISTER: 5170 VDDA: 2.79 Vsol: 1.98 Vbat: 3.92  NTC: 25.4 24.9 25.2 26.1  SOIL: 1973.0 1402.0 1071.0 
MOISTER: 5170 VDDA: 2.79 Vsol: 1.98 Vbat: 3.92  NTC: 25.4 24.9 25.2 26.1  SOIL: 1973.0 1402.0 1071.0 
MOISTER: 5170 VDDA: 2.79 Vsol: 1.98 Vbat: 3.92  NTC: 25.4 24.9 25.2 26.1  SOIL: 1973.0 1402.0 1071.0 
MOISTER: 5170 VDDA: 2.79 Vsol: 1.98 Vbat: 3.92  NTC: 25.4 24.9 25.2 26.1  SOIL: 1973.0 1402.0 1071.0 
MOISTER: 5170 VDDA: 2.79 Vsol: 1.98 Vbat: 3.92  NTC: 25.4 24.9 25.2 26.1  SOIL: 1973.0 1402.0 1071.0 
MOISTER: 5170 VDDA: 2.79 Vsol: 1.98 Vbat: 3.92  NTC: 25.4 24.9 25.2 26.1  SOIL: 1973.0 1402.0 1071.0 
MOISTER: 5170 VDDA: 2.79 Vsol: 1.98 Vbat: 3.92  NTC: 25.4 24.9 25.2 26.1  SOIL: 1973.0 1402.0 1071.0 
MOISTER: 5170 VDDA: 2.79 Vsol: 1.98 Vbat: 3.92  NTC: 25.4 24.9 25.2 26.1  SOIL: 1973.0 1402.0 1071.0 
MOISTER: 5170 VDDA: 2.79 Vsol: 1.98 Vbat: 3.92  NTC: 25.4 24.9 25.2 26.1  SOIL: 1973.0 1402.0 1071.0 
MOISTER: 5170 VDDA: 2.79 Vsol: 1.98 Vbat: 3.92  NTC: 25.4 24.9 25.2 26.1  SOIL: 1973.0 1402.0 1071.0 
MOISTER: 5170 VDDA: 2.79 Vsol: 1.98 Vbat: 3.92  NTC: 25.4 24.9 25.2 26.1  SOIL: 1973.0 1402.0 1071.0 
MOISTER: 5170 VDDA: 2.79 Vsol: 1.98 Vbat: 3.92  NTC: 25.4 24.9 25.2 26.1  SOIL: 1973.0 1402.0 1071.0 
MOISTER: 5170 VDDA: 2.79 Vsol: 1.98 Vbat: 3.92  NTC: 25.4 24.9 25.2 26.1  SOIL: 1973.0 1402.0 1071.0 
MOISTER: 5170 VDDA: 2.79 Vsol: 1.98 Vbat: 3.92  NTC: 25.4 24.9 25.2 26.1  SOIL: 1973.0 1402.0 1071.0 
MOISTER: 5170 VDDA: 2.79 Vsol: 1.98 Vbat: 3.92  NTC: 25.4 24.9 25.2 26.1  SOIL: 1973.0 1402.0 1071.0 
MOISTER: 5170 VDDA: 2.79 Vsol: 1.98 Vbat: 3.92  NTC: 25.4 24.9 25.2 26.1  SOIL: 1973.0 1402.0 1071.0 
MOISTER: 5170 VDDA: 2.79 Vsol: 1.98 Vbat: 3.92  NTC: 25.4 24.9 25.2 26.1  SOIL: 1973.0 1402.0 1071.0 
MOISTER: 5170 VDDA: 2.79 Vsol: 1.98 Vbat: 3.92  NTC: 25.4 24.9 25.2 26.1  SOIL: 1973.0 1402.0 1071.0 
MOISTER: 5170 VDDA: 2.79 Vsol: 1.98 Vbat: 3.92  NTC: 25.4 24.9 25.2 26.1  SOIL: 1973.0 1402.0 1071.0 
MOISTER: 5170 VDDA: 2.79 Vsol: 1.98 Vbat: 3.92  NTC: 25.4 24.9 25.2 26.1  SOIL: 1973.0 1402.0 1071.0 
MOISTER: 5170 VDDA: 2.79 Vsol: 1.98 Vbat: 3.92  NTC: 25.4 24.9 25.2 26.1  SOIL: 1973.0 1402.0 1071.0 
MOISTER: 5170 VDDA: 2.79 Vsol: 1.98 Vbat: 3.92  NTC: 25.4 24.9 25.2 26.1  SOIL: 1973.0 1402.0 1071.0 
MOISTER: 5170 VDDA: 2.79 Vsol: 1.98 Vbat: 3.92  NTC: 25.4 24.9 25.2 26.1  SOIL: 1973.0 1402.0 1071.0 
MOISTER: 5170 VDDA: 2.79 Vsol: 1.98 Vbat: 3.92  NTC: 25.4 24.9 25.2 26.1  SOIL: 1973.0 1402.0 1071.0 
MOISTER: 5170 VDDA: 2.79 Vsol: 1.98 Vbat: 3.92  NTC: 25.4 24.9 25.2 26.1  SOIL: 1973.0 1402.0 1071.0 
MOISTER: 5170 VDDA: 2.79 Vsol: 1.98 Vbat: 3.92  NTC: 25.4 24.9 25.2 26.1  SOIL: 1973.0 1402.0 1071.0 
MOISTER: 5170 VDDA: 2.79 Vsol: 1.98 Vbat: 3.92  NTC: 25.4 24.9 25.2 26.1  SOIL: 1973.0 1402.0 1071.0 
MOISTER: 5170 VDDA: 2.79 Vsol: 1.98 Vbat: 3.92  NTC: 25.4 24.9 25.2 26.1  SOIL: 1973.0 1402.0 1071.0 
MOISTER: 5170 VDDA: 2.79 Vsol: 1.98 Vbat: 3.92  NTC: 25.4 24.9 25.2 26.1  SOIL: 1973.0 1402.0 1071.0 
MOISTER: 5170 VDDA: 2.79 Vsol: 1.98 Vbat: 3.92  NTC: 25.4 24.9 25.2 26.1  SOIL: 1973.0 1402.0 1071.0 
MOISTER: 5170 VDDA: 2.79 Vsol: 1.98 Vbat: 3.92  NTC: 25.4 24.9 25.2 26.1  SOIL: 1973.0 1402.0 1071.0 
MOISTER: 5170 VDDA: 2.79 Vsol: 1.98 Vbat: 3.92  NTC: 25.4 24.9 25.2 26.1  SOIL: 1973.0 1402.0 1071.0 
MOISTER: 5170 VDDA: 2.79 Vsol: 1.98 Vbat: 3.92  NTC: 25.4 24.9 25.2 26.1  SOIL: 1973.0 1402.0 1071.0 
MOISTER: 5170 VDDA: 2.79 Vsol: 1.98 Vbat: 3.92  NTC: 25.4 24.9 25.2 26.1  SOIL: 1973.0 1402.0 1071.0 
MOISTER: 5170 VDDA: 2.79 Vsol: 1.98 Vbat: 3.92  NTC: 25.4 24.9 25.2 26.1  SOIL: 1973.0 1402.0 1071.0 
MOISTER: 5170 VDDA: 2.79 Vsol: 1.98 Vbat: 3.92  NTC: 25.4 24.9 25.2 26.1  SOIL: 1973.0 1402.0 1071.0 
MOISTER: 5170 VDDA: 2.79 Vsol: 1.98 Vbat: 3.92  NTC: 25.4 24.9 25.2 26.1  SOIL: 1973.0 1402.0 1071.0 
MOISTER: 5170 VDDA: 2.79 Vsol: 1.98 Vbat: 3.92  NTC: 25.4 24.9 25.2 26.1  SOIL: 1973.0 1402.0 1071.0 
MOISTER: 5170 VDDA: 2.79 Vsol: 1.98 Vbat: 3.92  NTC: 25.4 24.9 25.2 26.1  SOIL: 1973.0 1402.0 1071.0 
MOISTER: 5170 VDDA: 2.79 Vsol: 1.98 Vbat: 3.92  NTC: 25.4 24.9 25.2 26.1  SOIL: 1973.0 1402.0 1071.0 
MOISTER: 5170 VDDA: 2.79 Vsol: 1.98 Vbat: 3.92  NTC: 25.4 24.9 25.2 26.1  SOIL: 1973.0 1402.0 1071.0 
MOISTER: 5170 VDDA: 2.79 Vsol: 1.98 Vbat: 3.92  NTC: 25.4 24.9 25.2 26.1  SOIL: 1973.0 1402.0 1071.0 
MOISTER: 5170 VDDA: 2.79 Vsol: 1.98 Vbat: 3.92  NTC: 25.4 24.9 25.2 26.1  SOIL: 1973.0 1402.0 1071.0 
MOISTER: 5170 VDDA: 2.79 Vsol: 1.98 Vbat: 3.92  NTC: 25.4 24.9 25.2 26.1  SOIL: 1973.0 1402.0 1071.0 
MOISTER: 5170 VDDA: 2.79 Vsol: 1.98 Vbat: 3.92  NTC: 25.4 24.9 25.2 26.1  SOIL: 1973.0 1402.0 1071.0 
MOISTER: 5170 VDDA: 2.79 Vsol: 1.98 Vbat: 3.92  NTC: 25.4 24.9 25.2 26.1  SOIL: 1973.0 1402.0 1071.0 
MOISTER: 5174 VDDA: 2.79 Vsol: 1.69 Vbat: 3.92  NTC: 21.7 22.3 22.1 22.7  SOIL: 2003.0 1412.0 1089.0 
MOISTER: 5174 VDDA: 2.79 Vsol: 1.69 Vbat: 3.92  NTC: 21.7 22.3 22.1 22.7  SOIL: 2003.0 1412.0 1089.0 
MOISTER: 5175 VDDA: 2.80 Vsol: 1.69 Vbat: 3.92  NTC: 21.6 22.2 22.1 23.1  SOIL: 2005.0 1406.0 1085.0 
MOISTER: 5175 VDDA: 2.80 Vsol: 1.69 Vbat: 3.92  NTC: 21.6 22.2 22.1 23.1  SOIL: 2005.0 1406.0 1085.0 
MOISTER: 5175 VDDA: 2.80 Vsol: 1.69 Vbat: 3.92  NTC: 21.6 22.2 22.1 23.1  SOIL: 2005.0 1406.0 1085.0 
MOISTER: 5179 VDDA: 2.79 Vsol: 1.67 Vbat: 3.91  NTC: 21.6 22.2 22.0 23.3  SOIL: 2001.0 1406.0 1090.0 
MOISTER: 5179 VDDA: 2.79 Vsol: 1.67 Vbat: 3.91  NTC: 21.6 22.2 22.0 23.3  SOIL: 2001.0 1406.0 1090.0 
MOISTER: 5181 VDDA: 2.79 Vsol: 1.67 Vbat: 3.91  NTC: 21.6 22.1 22.0 22.7  SOIL: 2000.0 1407.0 1087.0 
MOISTER: 5182 VDDA: 2.80 Vsol: 1.65 Vbat: 3.93  NTC: 21.5 22.1 22.0 22.6  SOIL: 2005.0 1411.0 1092.0 
MOISTER: 5182 VDDA: 2.80 Vsol: 1.65 Vbat: 3.93  NTC: 21.5 22.1 22.0 22.6  SOIL: 2005.0 1411.0 1092.0 
MOISTER: 5182 VDDA: 2.80 Vsol: 1.65 Vbat: 3.93  NTC: 21.5 22.1 22.0 22.6  SOIL: 2005.0 1411.0 1092.0 
MOISTER: 5192 VDDA: 2.80 Vsol: 1.67 Vbat: 3.91  NTC: 21.5 22.1 21.9 23.1  SOIL: 2009.0 1407.0 1088.0 
MOISTER: 5193 VDDA: 2.80 Vsol: 1.65 Vbat: 3.92  NTC: 21.5 22.1 21.9 22.9  SOIL: 2005.0 1404.0 1090.0 
MOISTER: 5196 VDDA: 2.79 Vsol: 1.64 Vbat: 3.91  NTC: 21.4 22.1 21.9 22.9  SOIL: 2000.0 1401.0 1089.0 
MOISTER: 5197 VDDA: 2.79 Vsol: 1.63 Vbat: 3.92  NTC: 21.4 22.0 21.9 22.9  SOIL: 2002.0 1403.0 1093.0 
MOISTER: 5199 VDDA: 2.79 Vsol: 1.64 Vbat: 3.91  NTC: 21.4 22.0 21.8 22.7  SOIL: 2010.0 1408.0 1096.0 
MOISTER: 5202 VDDA: 2.79 Vsol: 1.64 Vbat: 3.92  NTC: 21.3 22.0 21.8 22.7  SOIL: 2007.0 1411.0 1094.0 
MOISTER: 5202 VDDA: 2.79 Vsol: 1.64 Vbat: 3.92  NTC: 21.3 22.0 21.8 22.7  SOIL: 2007.0 1411.0 1094.0 
MOISTER: 5205 VDDA: 2.80 Vsol: 1.66 Vbat: 3.92  NTC: 21.3 22.0 21.8 22.7  SOIL: 2000.0 1408.0 1091.0 
MOISTER: 5208 VDDA: 2.80 Vsol: 1.68 Vbat: 3.92  NTC: 21.3 22.0 21.8 22.9  SOIL: 2003.0 1403.0 1090.0 
MOISTER: 5210 VDDA: 2.79 Vsol: 1.69 Vbat: 3.90  NTC: 21.2 22.0 21.7 23.2  SOIL: 2011.0 1408.0 1090.0 
MOISTER: 5212 VDDA: 2.79 Vsol: 1.68 Vbat: 3.91  NTC: 21.3 22.0 21.7 23.1  SOIL: 2001.0 1407.0 1093.0 
MOISTER: 5212 VDDA: 2.79 Vsol: 1.68 Vbat: 3.91  NTC: 21.3 22.0 21.7 23.1  SOIL: 2001.0 1407.0 1093.0 
MOISTER: 5212 VDDA: 2.79 Vsol: 1.68 Vbat: 3.91  NTC: 21.3 22.0 21.7 23.1  SOIL: 2001.0 1407.0 1093.0 
MOISTER: 5212 VDDA: 2.79 Vsol: 1.68 Vbat: 3.91  NTC: 21.3 22.0 21.7 23.1  SOIL: 2001.0 1407.0 1093.0 
MOISTER: 5212 VDDA: 2.79 Vsol: 1.68 Vbat: 3.91  NTC: 21.3 22.0 21.7 23.1  SOIL: 2001.0 1407.0 1093.0 
MOISTER: 5219 VDDA: 2.79 Vsol: 1.69 Vbat: 3.91  NTC: 21.2 21.9 21.6 23.1  SOIL: 2009.0 1409.0 1091.0 
MOISTER: 5219 VDDA: 2.79 Vsol: 1.69 Vbat: 3.91  NTC: 21.2 21.9 21.6 23.1  SOIL: 2009.0 1409.0 1091.0 
MOISTER: 5221 VDDA: 2.79 Vsol: 1.66 Vbat: 3.91  NTC: 21.2 21.8 21.6 23.6  SOIL: 2006.0 1409.0 1094.0 
MOISTER: 5222 VDDA: 2.80 Vsol: 1.64 Vbat: 3.92  NTC: 21.2 21.8 21.6 23.4  SOIL: 2000.0 1408.0 1092.0 
MOISTER: 5223 VDDA: 2.79 Vsol: 1.66 Vbat: 3.91  NTC: 21.2 21.8 21.6 23.3  SOIL: 2008.0 1406.0 1094.0 
MOISTER: 5225 VDDA: 2.80 Vsol: 1.65 Vbat: 3.93  NTC: 21.2 21.8 21.6 23.3  SOIL: 1995.0 1410.0 1088.0 
MOISTER: 5226 VDDA: 2.79 Vsol: 1.64 Vbat: 3.90  NTC: 21.2 21.8 21.6 23.3  SOIL: 2001.0 1412.0 1091.0 
MOISTER: 5227 VDDA: 2.80 Vsol: 1.62 Vbat: 3.91  NTC: 21.2 21.8 21.6 23.3  SOIL: 2003.0 1407.0 1088.0 
MOISTER: 5228 VDDA: 2.79 Vsol: 1.61 Vbat: 3.91  NTC: 21.2 21.8 21.5 23.1  SOIL: 2002.0 1407.0 1089.0 
MOISTER: 5228 VDDA: 2.79 Vsol: 1.61 Vbat: 3.91  NTC: 21.2 21.8 21.5 23.1  SOIL: 2002.0 1407.0 1089.0 
MOISTER: 5228 VDDA: 2.79 Vsol: 1.61 Vbat: 3.91  NTC: 21.2 21.8 21.5 23.1  SOIL: 2002.0 1407.0 1089.0 
MOISTER: 5228 VDDA: 2.79 Vsol: 1.61 Vbat: 3.91  NTC: 21.2 21.8 21.5 23.1  SOIL: 2002.0 1407.0 1089.0 
MOISTER: 5243 VDDA: 2.80 Vsol: 1.64 Vbat: 3.90  NTC: 21.1 21.7 21.5 22.8  SOIL: 2008.0 1410.0 1092.0 
MOISTER: 5243 VDDA: 2.80 Vsol: 1.64 Vbat: 3.90  NTC: 21.1 21.7 21.5 22.8  SOIL: 2008.0 1410.0 1092.0 
MOISTER: 5248 VDDA: 2.79 Vsol: 1.61 Vbat: 3.91  NTC: 21.1 21.7 21.4 22.9  SOIL: 2005.0 1411.0 1097.0 
MOISTER: 5249 VDDA: 2.80 Vsol: 1.58 Vbat: 3.91  NTC: 21.1 21.7 21.4 22.9  SOIL: 2005.0 1409.0 1089.0 
MOISTER: 5249 VDDA: 2.80 Vsol: 1.58 Vbat: 3.91  NTC: 21.1 21.7 21.4 22.9  SOIL: 2005.0 1409.0 1089.0 
MOISTER: 5249 VDDA: 2.80 Vsol: 1.58 Vbat: 3.91  NTC: 21.1 21.7 21.4 22.9  SOIL: 2005.0 1409.0 1089.0 
MOISTER: 5249 VDDA: 2.80 Vsol: 1.58 Vbat: 3.91  NTC: 21.1 21.7 21.4 22.9  SOIL: 2005.0 1409.0 1089.0 
MOISTER: 5249 VDDA: 2.80 Vsol: 1.58 Vbat: 3.91  NTC: 21.1 21.7 21.4 22.9  SOIL: 2005.0 1409.0 1089.0 
MOISTER: 5249 VDDA: 2.80 Vsol: 1.58 Vbat: 3.91  NTC: 21.1 21.7 21.4 22.9  SOIL: 2005.0 1409.0 1089.0 
MOISTER: 5249 VDDA: 2.80 Vsol: 1.58 Vbat: 3.91  NTC: 21.1 21.7 21.4 22.9  SOIL: 2005.0 1409.0 1089.0 
MOISTER: 5249 VDDA: 2.80 Vsol: 1.58 Vbat: 3.91  NTC: 21.1 21.7 21.4 22.9  SOIL: 2005.0 1409.0 1089.0 
MOISTER: 5249 VDDA: 2.80 Vsol: 1.58 Vbat: 3.91  NTC: 21.1 21.7 21.4 22.9  SOIL: 2005.0 1409.0 1089.0 
MOISTER: 5249 VDDA: 2.80 Vsol: 1.58 Vbat: 3.91  NTC: 21.1 21.7 21.4 22.9  SOIL: 2005.0 1409.0 1089.0 
MOISTER: 5249 VDDA: 2.80 Vsol: 1.58 Vbat: 3.91  NTC: 21.1 21.7 21.4 22.9  SOIL: 2005.0 1409.0 1089.0 
MOISTER: 5249 VDDA: 2.80 Vsol: 1.58 Vbat: 3.91  NTC: 21.1 21.7 21.4 22.9  SOIL: 2005.0 1409.0 1089.0 
MOISTER: 5249 VDDA: 2.80 Vsol: 1.58 Vbat: 3.91  NTC: 21.1 21.7 21.4 22.9  SOIL: 2005.0 1409.0 1089.0 
MOISTER: 5249 VDDA: 2.80 Vsol: 1.58 Vbat: 3.91  NTC: 21.1 21.7 21.4 22.9  SOIL: 2005.0 1409.0 1089.0 
MOISTER: 5249 VDDA: 2.80 Vsol: 1.58 Vbat: 3.91  NTC: 21.1 21.7 21.4 22.9  SOIL: 2005.0 1409.0 1089.0 
MOISTER: 5249 VDDA: 2.80 Vsol: 1.58 Vbat: 3.91  NTC: 21.1 21.7 21.4 22.9  SOIL: 2005.0 1409.0 1089.0 
MOISTER: 5249 VDDA: 2.80 Vsol: 1.58 Vbat: 3.91  NTC: 21.1 21.7 21.4 22.9  SOIL: 2005.0 1409.0 1089.0 
MOISTER: 5249 VDDA: 2.80 Vsol: 1.58 Vbat: 3.91  NTC: 21.1 21.7 21.4 22.9  SOIL: 2005.0 1409.0 1089.0 
MOISTER: 5249 VDDA: 2.80 Vsol: 1.58 Vbat: 3.91  NTC: 21.1 21.7 21.4 22.9  SOIL: 2005.0 1409.0 1089.0 
MOISTER: 5249 VDDA: 2.80 Vsol: 1.58 Vbat: 3.91  NTC: 21.1 21.7 21.4 22.9  SOIL: 2005.0 1409.0 1089.0 
MOISTER: 5249 VDDA: 2.80 Vsol: 1.58 Vbat: 3.91  NTC: 21.1 21.7 21.4 22.9  SOIL: 2005.0 1409.0 1089.0 
MOISTER: 5285 VDDA: 2.79 Vsol: 1.60 Vbat: 3.90  NTC: 20.7 21.3 20.9 22.7  SOIL: 2014.0 1415.0 1098.0 
MOISTER: 5285 VDDA: 2.79 Vsol: 1.60 Vbat: 3.90  NTC: 20.7 21.3 20.9 22.7  SOIL: 2014.0 1415.0 1098.0 
MOISTER: 5285 VDDA: 2.79 Vsol: 1.60 Vbat: 3.90  NTC: 20.7 21.3 20.9 22.7  SOIL: 2014.0 1415.0 1098.0 
MOISTER: 5285 VDDA: 2.79 Vsol: 1.60 Vbat: 3.90  NTC: 20.7 21.3 20.9 22.7  SOIL: 2014.0 1415.0 1098.0 
MOISTER: 5285 VDDA: 2.79 Vsol: 1.60 Vbat: 3.90  NTC: 20.7 21.3 20.9 22.7  SOIL: 2014.0 1415.0 1098.0 
MOISTER: 5285 VDDA: 2.79 Vsol: 1.60 Vbat: 3.90  NTC: 20.7 21.3 20.9 22.7  SOIL: 2014.0 1415.0 1098.0 
MOISTER: 5285 VDDA: 2.79 Vsol: 1.60 Vbat: 3.90  NTC: 20.7 21.3 20.9 22.7  SOIL: 2014.0 1415.0 1098.0 
MOISTER: 5285 VDDA: 2.79 Vsol: 1.60 Vbat: 3.90  NTC: 20.7 21.3 20.9 22.7  SOIL: 2014.0 1415.0 1098.0 
MOISTER: 5285 VDDA: 2.79 Vsol: 1.60 Vbat: 3.90  NTC: 20.7 21.3 20.9 22.7  SOIL: 2014.0 1415.0 1098.0 
MOISTER: 5285 VDDA: 2.79 Vsol: 1.60 Vbat: 3.90  NTC: 20.7 21.3 20.9 22.7  SOIL: 2014.0 1415.0 1098.0 
MOISTER: 5285 VDDA: 2.79 Vsol: 1.60 Vbat: 3.90  NTC: 20.7 21.3 20.9 22.7  SOIL: 2014.0 1415.0 1098.0 
MOISTER: 5285 VDDA: 2.79 Vsol: 1.60 Vbat: 3.90  NTC: 20.7 21.3 20.9 22.7  SOIL: 2014.0 1415.0 1098.0 
MOISTER: 5285 VDDA: 2.79 Vsol: 1.60 Vbat: 3.90  NTC: 20.7 21.3 20.9 22.7  SOIL: 2014.0 1415.0 1098.0 
MOISTER: 5285 VDDA: 2.79 Vsol: 1.60 Vbat: 3.90  NTC: 20.7 21.3 20.9 22.7  SOIL: 2014.0 1415.0 1098.0 
MOISTER: 5285 VDDA: 2.79 Vsol: 1.60 Vbat: 3.90  NTC: 20.7 21.3 20.9 22.7  SOIL: 2014.0 1415.0 1098.0 
MOISTER: 5285 VDDA: 2.79 Vsol: 1.60 Vbat: 3.90  NTC: 20.7 21.3 20.9 22.7  SOIL: 2014.0 1415.0 1098.0 
MOISTER: 5294 VDDA: 2.79 Vsol: 1.61 Vbat: 3.91  NTC: 20.5 21.0 20.6 22.6  SOIL: 2024.0 1407.0 1100.0 
MOISTER: 5294 VDDA: 2.79 Vsol: 1.61 Vbat: 3.91  NTC: 20.5 21.0 20.6 22.6  SOIL: 2024.0 1407.0 1100.0 
MOISTER: 5294 VDDA: 2.79 Vsol: 1.61 Vbat: 3.91  NTC: 20.5 21.0 20.6 22.6  SOIL: 2024.0 1407.0 1100.0 
MOISTER: 5294 VDDA: 2.79 Vsol: 1.61 Vbat: 3.91  NTC: 20.5 21.0 20.6 22.6  SOIL: 2024.0 1407.0 1100.0 
MOISTER: 5294 VDDA: 2.79 Vsol: 1.61 Vbat: 3.91  NTC: 20.5 21.0 20.6 22.6  SOIL: 2024.0 1407.0 1100.0 
MOISTER: 5294 VDDA: 2.79 Vsol: 1.61 Vbat: 3.91  NTC: 20.5 21.0 20.6 22.6  SOIL: 2024.0 1407.0 1100.0 
MOISTER: 5294 VDDA: 2.79 Vsol: 1.61 Vbat: 3.91  NTC: 20.5 21.0 20.6 22.6  SOIL: 2024.0 1407.0 1100.0 
MOISTER: 5294 VDDA: 2.79 Vsol: 1.61 Vbat: 3.91  NTC: 20.5 21.0 20.6 22.6  SOIL: 2024.0 1407.0 1100.0 
MOISTER: 5294 VDDA: 2.79 Vsol: 1.61 Vbat: 3.91  NTC: 20.5 21.0 20.6 22.6  SOIL: 2024.0 1407.0 1100.0 
MOISTER: 5294 VDDA: 2.79 Vsol: 1.61 Vbat: 3.91  NTC: 20.5 21.0 20.6 22.6  SOIL: 2024.0 1407.0 1100.0 
MOISTER: 5294 VDDA: 2.79 Vsol: 1.61 Vbat: 3.91  NTC: 20.5 21.0 20.6 22.6  SOIL: 2024.0 1407.0 1100.0 
MOISTER: 5294 VDDA: 2.79 Vsol: 1.61 Vbat: 3.91  NTC: 20.5 21.0 20.6 22.6  SOIL: 2024.0 1407.0 1100.0 
MOISTER: 5294 VDDA: 2.79 Vsol: 1.61 Vbat: 3.91  NTC: 20.5 21.0 20.6 22.6  SOIL: 2024.0 1407.0 1100.0 
MOISTER: 5294 VDDA: 2.79 Vsol: 1.61 Vbat: 3.91  NTC: 20.5 21.0 20.6 22.6  SOIL: 2024.0 1407.0 1100.0 
MOISTER: 5294 VDDA: 2.79 Vsol: 1.61 Vbat: 3.91  NTC: 20.5 21.0 20.6 22.6  SOIL: 2024.0 1407.0 1100.0 
MOISTER: 5294 VDDA: 2.79 Vsol: 1.61 Vbat: 3.91  NTC: 20.5 21.0 20.6 22.6  SOIL: 2024.0 1407.0 1100.0 
MOISTER: 5294 VDDA: 2.79 Vsol: 1.61 Vbat: 3.91  NTC: 20.5 21.0 20.6 22.6  SOIL: 2024.0 1407.0 1100.0 
MOISTER: 5294 VDDA: 2.79 Vsol: 1.61 Vbat: 3.91  NTC: 20.5 21.0 20.6 22.6  SOIL: 2024.0 1407.0 1100.0 
MOISTER: 5294 VDDA: 2.79 Vsol: 1.61 Vbat: 3.91  NTC: 20.5 21.0 20.6 22.6  SOIL: 2024.0 1407.0 1100.0 
MOISTER: 5294 VDDA: 2.79 Vsol: 1.61 Vbat: 3.91  NTC: 20.5 21.0 20.6 22.6  SOIL: 2024.0 1407.0 1100.0 
MOISTER: 5294 VDDA: 2.79 Vsol: 1.61 Vbat: 3.91  NTC: 20.5 21.0 20.6 22.6  SOIL: 2024.0 1407.0 1100.0 
MOISTER: 5294 VDDA: 2.79 Vsol: 1.61 Vbat: 3.91  NTC: 20.5 21.0 20.6 22.6  SOIL: 2024.0 1407.0 1100.0 
MOISTER: 5294 VDDA: 2.79 Vsol: 1.61 Vbat: 3.91  NTC: 20.5 21.0 20.6 22.6  SOIL: 2024.0 1407.0 1100.0 
MOISTER: 5294 VDDA: 2.79 Vsol: 1.61 Vbat: 3.91  NTC: 20.5 21.0 20.6 22.6  SOIL: 2024.0 1407.0 1100.0 
MOISTER: 5294 VDDA: 2.79 Vsol: 1.61 Vbat: 3.91  NTC: 20.5 21.0 20.6 22.6  SOIL: 2024.0 1407.0 1100.0 
MOISTER: 5294 VDDA: 2.79 Vsol: 1.61 Vbat: 3.91  NTC: 20.5 21.0 20.6 22.6  SOIL: 2024.0 1407.0 1100.0 
MOISTER: 5294 VDDA: 2.79 Vsol: 1.61 Vbat: 3.91  NTC: 20.5 21.0 20.6 22.6  SOIL: 2024.0 1407.0 1100.0 
MOISTER: 5294 VDDA: 2.79 Vsol: 1.61 Vbat: 3.91  NTC: 20.5 21.0 20.6 22.6  SOIL: 2024.0 1407.0 1100.0 
MOISTER: 5294 VDDA: 2.79 Vsol: 1.61 Vbat: 3.91  NTC: 20.5 21.0 20.6 22.6  SOIL: 2024.0 1407.0 1100.0 
MOISTER: 5294 VDDA: 2.79 Vsol: 1.61 Vbat: 3.91  NTC: 20.5 21.0 20.6 22.6  SOIL: 2024.0 1407.0 1100.0 
MOISTER: 5294 VDDA: 2.79 Vsol: 1.61 Vbat: 3.91  NTC: 20.5 21.0 20.6 22.6  SOIL: 2024.0 1407.0 1100.0 
MOISTER: 5294 VDDA: 2.79 Vsol: 1.61 Vbat: 3.91  NTC: 20.5 21.0 20.6 22.6  SOIL: 2024.0 1407.0 1100.0 
MOISTER: 5294 VDDA: 2.79 Vsol: 1.61 Vbat: 3.91  NTC: 20.5 21.0 20.6 22.6  SOIL: 2024.0 1407.0 1100.0 
MOISTER: 5335 VDDA: 2.79 Vsol: 1.57 Vbat: 3.90  NTC: 20.2 20.6 20.1 22.6  SOIL: 2019.0 1416.0 1103.0 
MOISTER: 5335 VDDA: 2.79 Vsol: 1.57 Vbat: 3.90  NTC: 20.2 20.6 20.1 22.6  SOIL: 2019.0 1416.0 1103.0 
MOISTER: 5335 VDDA: 2.79 Vsol: 1.57 Vbat: 3.90  NTC: 20.2 20.6 20.1 22.6  SOIL: 2019.0 1416.0 1103.0 
MOISTER: 5335 VDDA: 2.79 Vsol: 1.57 Vbat: 3.90  NTC: 20.2 20.6 20.1 22.6  SOIL: 2019.0 1416.0 1103.0 
MOISTER: 5335 VDDA: 2.79 Vsol: 1.57 Vbat: 3.90  NTC: 20.2 20.6 20.1 22.6  SOIL: 2019.0 1416.0 1103.0 
MOISTER: 5335 VDDA: 2.79 Vsol: 1.57 Vbat: 3.90  NTC: 20.2 20.6 20.1 22.6  SOIL: 2019.0 1416.0 1103.0 
MOISTER: 5335 VDDA: 2.79 Vsol: 1.57 Vbat: 3.90  NTC: 20.2 20.6 20.1 22.6  SOIL: 2019.0 1416.0 1103.0 
MOISTER: 5341 VDDA: 2.80 Vsol: 1.54 Vbat: 3.91  NTC: 20.2 20.5 20.1 22.7  SOIL: 2024.0 1416.0 1102.0 
MOISTER: 5341 VDDA: 2.80 Vsol: 1.54 Vbat: 3.91  NTC: 20.2 20.5 20.1 22.7  SOIL: 2024.0 1416.0 1102.0 
MOISTER: 5341 VDDA: 2.80 Vsol: 1.54 Vbat: 3.91  NTC: 20.2 20.5 20.1 22.7  SOIL: 2024.0 1416.0 1102.0 
MOISTER: 5341 VDDA: 2.80 Vsol: 1.54 Vbat: 3.91  NTC: 20.2 20.5 20.1 22.7  SOIL: 2024.0 1416.0 1102.0 
MOISTER: 5341 VDDA: 2.80 Vsol: 1.54 Vbat: 3.91  NTC: 20.2 20.5 20.1 22.7  SOIL: 2024.0 1416.0 1102.0 
MOISTER: 5344 VDDA: 2.79 Vsol: 1.57 Vbat: 3.91  NTC: 20.2 20.5 20.0 22.6  SOIL: 2025.0 1417.0 1101.0 
MOISTER: 5345 VDDA: 2.80 Vsol: 1.59 Vbat: 3.92  NTC: 20.1 20.5 20.0 22.7  SOIL: 2023.0 1416.0 1098.0 
MOISTER: 5345 VDDA: 2.80 Vsol: 1.59 Vbat: 3.92  NTC: 20.1 20.5 20.0 22.7  SOIL: 2023.0 1416.0 1098.0 
MOISTER: 5345 VDDA: 2.80 Vsol: 1.59 Vbat: 3.92  NTC: 20.1 20.5 20.0 22.7  SOIL: 2023.0 1416.0 1098.0 
MOISTER: 5345 VDDA: 2.80 Vsol: 1.59 Vbat: 3.92  NTC: 20.1 20.5 20.0 22.7  SOIL: 2023.0 1416.0 1098.0 
MOISTER: 5345 VDDA: 2.80 Vsol: 1.59 Vbat: 3.92  NTC: 20.1 20.5 20.0 22.7  SOIL: 2023.0 1416.0 1098.0 
MOISTER: 5361 VDDA: 2.79 Vsol: 1.61 Vbat: 3.91  NTC: 20.2 20.4 20.0 23.3  SOIL: 2025.0 1413.0 1101.0 
MOISTER: 5364 VDDA: 2.79 Vsol: 1.57 Vbat: 3.91  NTC: 20.2 20.4 20.0 23.1  SOIL: 2029.0 1421.0 1103.0 
MOISTER: 5364 VDDA: 2.79 Vsol: 1.57 Vbat: 3.91  NTC: 20.2 20.4 20.0 23.1  SOIL: 2029.0 1421.0 1103.0 
MOISTER: 5364 VDDA: 2.79 Vsol: 1.57 Vbat: 3.91  NTC: 20.2 20.4 20.0 23.1  SOIL: 2029.0 1421.0 1103.0 
MOISTER: 5364 VDDA: 2.79 Vsol: 1.57 Vbat: 3.91  NTC: 20.2 20.4 20.0 23.1  SOIL: 2029.0 1421.0 1103.0 
MOISTER: 5364 VDDA: 2.79 Vsol: 1.57 Vbat: 3.91  NTC: 20.2 20.4 20.0 23.1  SOIL: 2029.0 1421.0 1103.0 
MOISTER: 5364 VDDA: 2.79 Vsol: 1.57 Vbat: 3.91  NTC: 20.2 20.4 20.0 23.1  SOIL: 2029.0 1421.0 1103.0 
MOISTER: 5364 VDDA: 2.79 Vsol: 1.57 Vbat: 3.91  NTC: 20.2 20.4 20.0 23.1  SOIL: 2029.0 1421.0 1103.0 
MOISTER: 5364 VDDA: 2.79 Vsol: 1.57 Vbat: 3.91  NTC: 20.2 20.4 20.0 23.1  SOIL: 2029.0 1421.0 1103.0 
MOISTER: 5364 VDDA: 2.79 Vsol: 1.57 Vbat: 3.91  NTC: 20.2 20.4 20.0 23.1  SOIL: 2029.0 1421.0 1103.0 
MOISTER: 5364 VDDA: 2.79 Vsol: 1.57 Vbat: 3.91  NTC: 20.2 20.4 20.0 23.1  SOIL: 2029.0 1421.0 1103.0 
MOISTER: 5364 VDDA: 2.79 Vsol: 1.57 Vbat: 3.91  NTC: 20.2 20.4 20.0 23.1  SOIL: 2029.0 1421.0 1103.0 
MOISTER: 5364 VDDA: 2.79 Vsol: 1.57 Vbat: 3.91  NTC: 20.2 20.4 20.0 23.1  SOIL: 2029.0 1421.0 1103.0 
MOISTER: 5364 VDDA: 2.79 Vsol: 1.57 Vbat: 3.91  NTC: 20.2 20.4 20.0 23.1  SOIL: 2029.0 1421.0 1103.0 
MOISTER: 5364 VDDA: 2.79 Vsol: 1.57 Vbat: 3.91  NTC: 20.2 20.4 20.0 23.1  SOIL: 2029.0 1421.0 1103.0 
MOISTER: 5364 VDDA: 2.79 Vsol: 1.57 Vbat: 3.91  NTC: 20.2 20.4 20.0 23.1  SOIL: 2029.0 1421.0 1103.0 
MOISTER: 5364 VDDA: 2.79 Vsol: 1.57 Vbat: 3.91  NTC: 20.2 20.4 20.0 23.1  SOIL: 2029.0 1421.0 1103.0 
MOISTER: 5364 VDDA: 2.79 Vsol: 1.57 Vbat: 3.91  NTC: 20.2 20.4 20.0 23.1  SOIL: 2029.0 1421.0 1103.0 
MOISTER: 5364 VDDA: 2.79 Vsol: 1.57 Vbat: 3.91  NTC: 20.2 20.4 20.0 23.1  SOIL: 2029.0 1421.0 1103.0 
MOISTER: 5364 VDDA: 2.79 Vsol: 1.57 Vbat: 3.91  NTC: 20.2 20.4 20.0 23.1  SOIL: 2029.0 1421.0 1103.0 
MOISTER: 5364 VDDA: 2.79 Vsol: 1.57 Vbat: 3.91  NTC: 20.2 20.4 20.0 23.1  SOIL: 2029.0 1421.0 1103.0 
MOISTER: 5364 VDDA: 2.79 Vsol: 1.57 Vbat: 3.91  NTC: 20.2 20.4 20.0 23.1  SOIL: 2029.0 1421.0 1103.0 
MOISTER: 5364 VDDA: 2.79 Vsol: 1.57 Vbat: 3.91  NTC: 20.2 20.4 20.0 23.1  SOIL: 2029.0 1421.0 1103.0 
MOISTER: 5377 VDDA: 2.79 Vsol: 1.59 Vbat: 3.90  NTC: 20.2 20.3 20.0 23.1  SOIL: 2034.0 1412.0 1101.0 
MOISTER: 5380 VDDA: 2.79 Vsol: 1.59 Vbat: 3.91  NTC: 20.2 20.3 20.0 23.2  SOIL: 2027.0 1415.0 1101.0 
MOISTER: 5380 VDDA: 2.79 Vsol: 1.59 Vbat: 3.91  NTC: 20.2 20.3 20.0 23.2  SOIL: 2027.0 1415.0 1101.0 
MOISTER: 5380 VDDA: 2.79 Vsol: 1.59 Vbat: 3.91  NTC: 20.2 20.3 20.0 23.2  SOIL: 2027.0 1415.0 1101.0 
MOISTER: 5380 VDDA: 2.79 Vsol: 1.59 Vbat: 3.91  NTC: 20.2 20.3 20.0 23.2  SOIL: 2027.0 1415.0 1101.0 
MOISTER: 5380 VDDA: 2.79 Vsol: 1.59 Vbat: 3.91  NTC: 20.2 20.3 20.0 23.2  SOIL: 2027.0 1415.0 1101.0 
MOISTER: 5384 VDDA: 2.79 Vsol: 1.63 Vbat: 3.91  NTC: 20.3 20.3 20.0 23.7  SOIL: 2030.0 1420.0 1106.0 
MOISTER: 5384 VDDA: 2.79 Vsol: 1.63 Vbat: 3.91  NTC: 20.3 20.3 20.0 23.7  SOIL: 2030.0 1420.0 1106.0 
MOISTER: 5384 VDDA: 2.79 Vsol: 1.63 Vbat: 3.91  NTC: 20.3 20.3 20.0 23.7  SOIL: 2030.0 1420.0 1106.0 
MOISTER: 5387 VDDA: 2.79 Vsol: 1.56 Vbat: 3.90  NTC: 20.3 20.3 20.0 23.4  SOIL: 2027.0 1415.0 1102.0 
MOISTER: 5387 VDDA: 2.79 Vsol: 1.56 Vbat: 3.90  NTC: 20.3 20.3 20.0 23.4  SOIL: 2027.0 1415.0 1102.0 
MOISTER: 5388 VDDA: 2.79 Vsol: 1.55 Vbat: 3.91  NTC: 20.3 20.4 20.0 23.4  SOIL: 2024.0 1416.0 1102.0 
MOISTER: 5388 VDDA: 2.79 Vsol: 1.55 Vbat: 3.91  NTC: 20.3 20.4 20.0 23.4  SOIL: 2024.0 1416.0 1102.0 
MOISTER: 5388 VDDA: 2.79 Vsol: 1.55 Vbat: 3.91  NTC: 20.3 20.4 20.0 23.4  SOIL: 2024.0 1416.0 1102.0 
MOISTER: 5393 VDDA: 2.79 Vsol: 1.60 Vbat: 3.89  NTC: 20.4 20.4 20.1 23.3  SOIL: 2028.0 1418.0 1108.0 
MOISTER: 5393 VDDA: 2.79 Vsol: 1.60 Vbat: 3.89  NTC: 20.4 20.4 20.1 23.3  SOIL: 2028.0 1418.0 1108.0 
MOISTER: 5393 VDDA: 2.79 Vsol: 1.60 Vbat: 3.89  NTC: 20.4 20.4 20.1 23.3  SOIL: 2028.0 1418.0 1108.0 
MOISTER: 5393 VDDA: 2.79 Vsol: 1.60 Vbat: 3.89  NTC: 20.4 20.4 20.1 23.3  SOIL: 2028.0 1418.0 1108.0 
MOISTER: 5393 VDDA: 2.79 Vsol: 1.60 Vbat: 3.89  NTC: 20.4 20.4 20.1 23.3  SOIL: 2028.0 1418.0 1108.0 
MOISTER: 5393 VDDA: 2.79 Vsol: 1.60 Vbat: 3.89  NTC: 20.4 20.4 20.1 23.3  SOIL: 2028.0 1418.0 1108.0 
MOISTER: 5393 VDDA: 2.79 Vsol: 1.60 Vbat: 3.89  NTC: 20.4 20.4 20.1 23.3  SOIL: 2028.0 1418.0 1108.0 
MOISTER: 5401 VDDA: 2.79 Vsol: 1.53 Vbat: 3.91  NTC: 20.3 20.4 20.2 22.5  SOIL: 2032.0 1419.0 1106.0 
MOISTER: 5402 VDDA: 2.80 Vsol: 1.53 Vbat: 3.92  NTC: 20.3 20.4 20.2 22.4  SOIL: 2029.0 1417.0 1102.0 
MOISTER: 5405 VDDA: 2.79 Vsol: 1.53 Vbat: 3.91  NTC: 20.3 20.4 20.2 22.4  SOIL: 2031.0 1418.0 1103.0 
MOISTER: 5405 VDDA: 2.79 Vsol: 1.53 Vbat: 3.91  NTC: 20.3 20.4 20.2 22.4  SOIL: 2031.0 1418.0 1103.0 
MOISTER: 5405 VDDA: 2.79 Vsol: 1.53 Vbat: 3.91  NTC: 20.3 20.4 20.2 22.4  SOIL: 2031.0 1418.0 1103.0 
MOISTER: 5405 VDDA: 2.79 Vsol: 1.53 Vbat: 3.91  NTC: 20.3 20.4 20.2 22.4  SOIL: 2031.0 1418.0 1103.0 
MOISTER: 5407 VDDA: 2.79 Vsol: 1.60 Vbat: 3.90  NTC: 20.3 20.4 20.2 22.7  SOIL: 2026.0 1418.0 1105.0 
MOISTER: 5407 VDDA: 2.79 Vsol: 1.60 Vbat: 3.90  NTC: 20.3 20.4 20.2 22.7  SOIL: 2026.0 1418.0 1105.0 
MOISTER: 5418 VDDA: 2.80 Vsol: 1.57 Vbat: 3.92  NTC: 20.3 20.4 20.2 22.9  SOIL: 2026.0 1415.0 1103.0 
MOISTER: 5418 VDDA: 2.80 Vsol: 1.57 Vbat: 3.92  NTC: 20.3 20.4 20.2 22.9  SOIL: 2026.0 1415.0 1103.0 
MOISTER: 5418 VDDA: 2.80 Vsol: 1.57 Vbat: 3.92  NTC: 20.3 20.4 20.2 22.9  SOIL: 2026.0 1415.0 1103.0 
MOISTER: 5419 VDDA: 2.79 Vsol: 1.47 Vbat: 3.91  NTC: 20.3 20.4 20.2 22.5  SOIL: 2031.0 1415.0 1098.0 
MOISTER: 5419 VDDA: 2.79 Vsol: 1.47 Vbat: 3.91  NTC: 20.3 20.4 20.2 22.5  SOIL: 2031.0 1415.0 1098.0 
MOISTER: 5419 VDDA: 2.79 Vsol: 1.47 Vbat: 3.91  NTC: 20.3 20.4 20.2 22.5  SOIL: 2031.0 1415.0 1098.0 
MOISTER: 5419 VDDA: 2.79 Vsol: 1.47 Vbat: 3.91  NTC: 20.3 20.4 20.2 22.5  SOIL: 2031.0 1415.0 1098.0 
MOISTER: 5419 VDDA: 2.79 Vsol: 1.47 Vbat: 3.91  NTC: 20.3 20.4 20.2 22.5  SOIL: 2031.0 1415.0 1098.0 
MOISTER: 5419 VDDA: 2.79 Vsol: 1.47 Vbat: 3.91  NTC: 20.3 20.4 20.2 22.5  SOIL: 2031.0 1415.0 1098.0 
MOISTER: 5419 VDDA: 2.79 Vsol: 1.47 Vbat: 3.91  NTC: 20.3 20.4 20.2 22.5  SOIL: 2031.0 1415.0 1098.0 
MOISTER: 5419 VDDA: 2.79 Vsol: 1.47 Vbat: 3.91  NTC: 20.3 20.4 20.2 22.5  SOIL: 2031.0 1415.0 1098.0 
MOISTER: 5419 VDDA: 2.79 Vsol: 1.47 Vbat: 3.91  NTC: 20.3 20.4 20.2 22.5  SOIL: 2031.0 1415.0 1098.0 
MOISTER: 5419 VDDA: 2.79 Vsol: 1.47 Vbat: 3.91  NTC: 20.3 20.4 20.2 22.5  SOIL: 2031.0 1415.0 1098.0 
MOISTER: 5419 VDDA: 2.79 Vsol: 1.47 Vbat: 3.91  NTC: 20.3 20.4 20.2 22.5  SOIL: 2031.0 1415.0 1098.0 
MOISTER: 5419 VDDA: 2.79 Vsol: 1.47 Vbat: 3.91  NTC: 20.3 20.4 20.2 22.5  SOIL: 2031.0 1415.0 1098.0 
MOISTER: 5430 VDDA: 2.79 Vsol: 1.52 Vbat: 3.91  NTC: 20.1 20.4 20.1 21.8  SOIL: 2038.0 1430.0 1105.0 
MOISTER: 5431 VDDA: 2.79 Vsol: 1.90 Vbat: 3.91  NTC: 20.1 20.4 20.1 21.7  SOIL: 2039.0 1427.0 1107.0 
MOISTER: 5431 VDDA: 2.79 Vsol: 1.90 Vbat: 3.91  NTC: 20.1 20.4 20.1 21.7  SOIL: 2039.0 1427.0 1107.0 
MOISTER: 5431 VDDA: 2.79 Vsol: 1.90 Vbat: 3.91  NTC: 20.1 20.4 20.1 21.7  SOIL: 2039.0 1427.0 1107.0 
MOISTER: 5431 VDDA: 2.79 Vsol: 1.90 Vbat: 3.91  NTC: 20.1 20.4 20.1 21.7  SOIL: 2039.0 1427.0 1107.0 
MOISTER: 5431 VDDA: 2.79 Vsol: 1.90 Vbat: 3.91  NTC: 20.1 20.4 20.1 21.7  SOIL: 2039.0 1427.0 1107.0 
MOISTER: 5431 VDDA: 2.79 Vsol: 1.90 Vbat: 3.91  NTC: 20.1 20.4 20.1 21.7  SOIL: 2039.0 1427.0 1107.0 
MOISTER: 5431 VDDA: 2.79 Vsol: 1.90 Vbat: 3.91  NTC: 20.1 20.4 20.1 21.7  SOIL: 2039.0 1427.0 1107.0 
MOISTER: 5431 VDDA: 2.79 Vsol: 1.90 Vbat: 3.91  NTC: 20.1 20.4 20.1 21.7  SOIL: 2039.0 1427.0 1107.0 
MOISTER: 5431 VDDA: 2.79 Vsol: 1.90 Vbat: 3.91  NTC: 20.1 20.4 20.1 21.7  SOIL: 2039.0 1427.0 1107.0 
MOISTER: 5431 VDDA: 2.79 Vsol: 1.90 Vbat: 3.91  NTC: 20.1 20.4 20.1 21.7  SOIL: 2039.0 1427.0 1107.0 
MOISTER: 5431 VDDA: 2.79 Vsol: 1.90 Vbat: 3.91  NTC: 20.1 20.4 20.1 21.7  SOIL: 2039.0 1427.0 1107.0 
MOISTER: 5431 VDDA: 2.79 Vsol: 1.90 Vbat: 3.91  NTC: 20.1 20.4 20.1 21.7  SOIL: 2039.0 1427.0 1107.0 
MOISTER: 5431 VDDA: 2.79 Vsol: 1.90 Vbat: 3.91  NTC: 20.1 20.4 20.1 21.7  SOIL: 2039.0 1427.0 1107.0 
MOISTER: 5431 VDDA: 2.79 Vsol: 1.90 Vbat: 3.91  NTC: 20.1 20.4 20.1 21.7  SOIL: 2039.0 1427.0 1107.0 
MOISTER: 5431 VDDA: 2.79 Vsol: 1.90 Vbat: 3.91  NTC: 20.1 20.4 20.1 21.7  SOIL: 2039.0 1427.0 1107.0 
MOISTER: 5431 VDDA: 2.79 Vsol: 1.90 Vbat: 3.91  NTC: 20.1 20.4 20.1 21.7  SOIL: 2039.0 1427.0 1107.0 
MOISTER: 5431 VDDA: 2.79 Vsol: 1.90 Vbat: 3.91  NTC: 20.1 20.4 20.1 21.7  SOIL: 2039.0 1427.0 1107.0 
MOISTER: 5431 VDDA: 2.79 Vsol: 1.90 Vbat: 3.91  NTC: 20.1 20.4 20.1 21.7  SOIL: 2039.0 1427.0 1107.0 
MOISTER: 5431 VDDA: 2.79 Vsol: 1.90 Vbat: 3.91  NTC: 20.1 20.4 20.1 21.7  SOIL: 2039.0 1427.0 1107.0 
MOISTER: 5431 VDDA: 2.79 Vsol: 1.90 Vbat: 3.91  NTC: 20.1 20.4 20.1 21.7  SOIL: 2039.0 1427.0 1107.0 
MOISTER: 5433 VDDA: 2.79 Vsol: 1.46 Vbat: 3.91  NTC: 19.9 20.2 19.8 21.5  SOIL: 2037.0 1431.0 1110.0 
MOISTER: 5434 VDDA: 2.79 Vsol: 1.46 Vbat: 3.90  NTC: 19.9 20.2 19.8 21.5  SOIL: 2042.0 1426.0 1113.0 
MOISTER: 5435 VDDA: 2.79 Vsol: 1.45 Vbat: 3.90  NTC: 19.9 20.1 19.8 21.5  SOIL: 2037.0 1428.0 1113.0 
MOISTER: 5435 VDDA: 2.79 Vsol: 1.45 Vbat: 3.90  NTC: 19.9 20.1 19.8 21.5  SOIL: 2037.0 1428.0 1113.0 
MOISTER: 5435 VDDA: 2.79 Vsol: 1.45 Vbat: 3.90  NTC: 19.9 20.1 19.8 21.5  SOIL: 2037.0 1428.0 1113.0 
MOISTER: 5435 VDDA: 2.79 Vsol: 1.45 Vbat: 3.90  NTC: 19.9 20.1 19.8 21.5  SOIL: 2037.0 1428.0 1113.0 
MOISTER: 5435 VDDA: 2.79 Vsol: 1.45 Vbat: 3.90  NTC: 19.9 20.1 19.8 21.5  SOIL: 2037.0 1428.0 1113.0 
MOISTER: 5435 VDDA: 2.79 Vsol: 1.45 Vbat: 3.90  NTC: 19.9 20.1 19.8 21.5  SOIL: 2037.0 1428.0 1113.0 
MOISTER: 5435 VDDA: 2.79 Vsol: 1.45 Vbat: 3.90  NTC: 19.9 20.1 19.8 21.5  SOIL: 2037.0 1428.0 1113.0 
MOISTER: 5435 VDDA: 2.79 Vsol: 1.45 Vbat: 3.90  NTC: 19.9 20.1 19.8 21.5  SOIL: 2037.0 1428.0 1113.0 
MOISTER: 5435 VDDA: 2.79 Vsol: 1.45 Vbat: 3.90  NTC: 19.9 20.1 19.8 21.5  SOIL: 2037.0 1428.0 1113.0 
MOISTER: 5435 VDDA: 2.79 Vsol: 1.45 Vbat: 3.90  NTC: 19.9 20.1 19.8 21.5  SOIL: 2037.0 1428.0 1113.0 
MOISTER: 5435 VDDA: 2.79 Vsol: 1.45 Vbat: 3.90  NTC: 19.9 20.1 19.8 21.5  SOIL: 2037.0 1428.0 1113.0 
MOISTER: 5435 VDDA: 2.79 Vsol: 1.45 Vbat: 3.90  NTC: 19.9 20.1 19.8 21.5  SOIL: 2037.0 1428.0 1113.0 
MOISTER: 5435 VDDA: 2.79 Vsol: 1.45 Vbat: 3.90  NTC: 19.9 20.1 19.8 21.5  SOIL: 2037.0 1428.0 1113.0 
MOISTER: 5435 VDDA: 2.79 Vsol: 1.45 Vbat: 3.90  NTC: 19.9 20.1 19.8 21.5  SOIL: 2037.0 1428.0 1113.0 
MOISTER: 5435 VDDA: 2.79 Vsol: 1.45 Vbat: 3.90  NTC: 19.9 20.1 19.8 21.5  SOIL: 2037.0 1428.0 1113.0 
MOISTER: 5435 VDDA: 2.79 Vsol: 1.45 Vbat: 3.90  NTC: 19.9 20.1 19.8 21.5  SOIL: 2037.0 1428.0 1113.0 
MOISTER: 5435 VDDA: 2.79 Vsol: 1.45 Vbat: 3.90  NTC: 19.9 20.1 19.8 21.5  SOIL: 2037.0 1428.0 1113.0 
MOISTER: 5435 VDDA: 2.79 Vsol: 1.45 Vbat: 3.90  NTC: 19.9 20.1 19.8 21.5  SOIL: 2037.0 1428.0 1113.0 
MOISTER: 5435 VDDA: 2.79 Vsol: 1.45 Vbat: 3.90  NTC: 19.9 20.1 19.8 21.5  SOIL: 2037.0 1428.0 1113.0 
MOISTER: 5435 VDDA: 2.79 Vsol: 1.45 Vbat: 3.90  NTC: 19.9 20.1 19.8 21.5  SOIL: 2037.0 1428.0 1113.0 
MOISTER: 5435 VDDA: 2.79 Vsol: 1.45 Vbat: 3.90  NTC: 19.9 20.1 19.8 21.5  SOIL: 2037.0 1428.0 1113.0 
MOISTER: 5435 VDDA: 2.79 Vsol: 1.45 Vbat: 3.90  NTC: 19.9 20.1 19.8 21.5  SOIL: 2037.0 1428.0 1113.0 
MOISTER: 5435 VDDA: 2.79 Vsol: 1.45 Vbat: 3.90  NTC: 19.9 20.1 19.8 21.5  SOIL: 2037.0 1428.0 1113.0 
MOISTER: 5435 VDDA: 2.79 Vsol: 1.45 Vbat: 3.90  NTC: 19.9 20.1 19.8 21.5  SOIL: 2037.0 1428.0 1113.0 
MOISTER: 5435 VDDA: 2.79 Vsol: 1.45 Vbat: 3.90  NTC: 19.9 20.1 19.8 21.5  SOIL: 2037.0 1428.0 1113.0 
MOISTER: 5435 VDDA: 2.79 Vsol: 1.45 Vbat: 3.90  NTC: 19.9 20.1 19.8 21.5  SOIL: 2037.0 1428.0 1113.0 
MOISTER: 5435 VDDA: 2.79 Vsol: 1.45 Vbat: 3.90  NTC: 19.9 20.1 19.8 21.5  SOIL: 2037.0 1428.0 1113.0 
MOISTER: 5435 VDDA: 2.79 Vsol: 1.45 Vbat: 3.90  NTC: 19.9 20.1 19.8 21.5  SOIL: 2037.0 1428.0 1113.0 
MOISTER: 5435 VDDA: 2.79 Vsol: 1.45 Vbat: 3.90  NTC: 19.9 20.1 19.8 21.5  SOIL: 2037.0 1428.0 1113.0 
MOISTER: 5435 VDDA: 2.79 Vsol: 1.45 Vbat: 3.90  NTC: 19.9 20.1 19.8 21.5  SOIL: 2037.0 1428.0 1113.0 
MOISTER: 5435 VDDA: 2.79 Vsol: 1.45 Vbat: 3.90  NTC: 19.9 20.1 19.8 21.5  SOIL: 2037.0 1428.0 1113.0 
MOISTER: 5435 VDDA: 2.79 Vsol: 1.45 Vbat: 3.90  NTC: 19.9 20.1 19.8 21.5  SOIL: 2037.0 1428.0 1113.0 
MOISTER: 5435 VDDA: 2.79 Vsol: 1.45 Vbat: 3.90  NTC: 19.9 20.1 19.8 21.5  SOIL: 2037.0 1428.0 1113.0 
MOISTER: 5435 VDDA: 2.79 Vsol: 1.45 Vbat: 3.90  NTC: 19.9 20.1 19.8 21.5  SOIL: 2037.0 1428.0 1113.0 
MOISTER: 5435 VDDA: 2.79 Vsol: 1.45 Vbat: 3.90  NTC: 19.9 20.1 19.8 21.5  SOIL: 2037.0 1428.0 1113.0 
MOISTER: 5448 VDDA: 2.79 Vsol: 1.30 Vbat: 3.91  NTC: 19.5 19.9 19.4 20.6  SOIL: 2048.0 1431.0 1119.0 
MOISTER: 5448 VDDA: 2.79 Vsol: 1.30 Vbat: 3.91  NTC: 19.5 19.9 19.4 20.6  SOIL: 2048.0 1431.0 1119.0 
MOISTER: 5448 VDDA: 2.79 Vsol: 1.30 Vbat: 3.91  NTC: 19.5 19.9 19.4 20.6  SOIL: 2048.0 1431.0 1119.0 
MOISTER: 5448 VDDA: 2.79 Vsol: 1.30 Vbat: 3.91  NTC: 19.5 19.9 19.4 20.6  SOIL: 2048.0 1431.0 1119.0 
MOISTER: 5448 VDDA: 2.79 Vsol: 1.30 Vbat: 3.91  NTC: 19.5 19.9 19.4 20.6  SOIL: 2048.0 1431.0 1119.0 
MOISTER: 5448 VDDA: 2.79 Vsol: 1.30 Vbat: 3.91  NTC: 19.5 19.9 19.4 20.6  SOIL: 2048.0 1431.0 1119.0 
MOISTER: 5448 VDDA: 2.79 Vsol: 1.30 Vbat: 3.91  NTC: 19.5 19.9 19.4 20.6  SOIL: 2048.0 1431.0 1119.0 
MOISTER: 5448 VDDA: 2.79 Vsol: 1.30 Vbat: 3.91  NTC: 19.5 19.9 19.4 20.6  SOIL: 2048.0 1431.0 1119.0 
MOISTER: 5448 VDDA: 2.79 Vsol: 1.30 Vbat: 3.91  NTC: 19.5 19.9 19.4 20.6  SOIL: 2048.0 1431.0 1119.0 
MOISTER: 5448 VDDA: 2.79 Vsol: 1.30 Vbat: 3.91  NTC: 19.5 19.9 19.4 20.6  SOIL: 2048.0 1431.0 1119.0 
MOISTER: 5448 VDDA: 2.79 Vsol: 1.30 Vbat: 3.91  NTC: 19.5 19.9 19.4 20.6  SOIL: 2048.0 1431.0 1119.0 
MOISTER: 5448 VDDA: 2.79 Vsol: 1.30 Vbat: 3.91  NTC: 19.5 19.9 19.4 20.6  SOIL: 2048.0 1431.0 1119.0 
MOISTER: 5448 VDDA: 2.79 Vsol: 1.30 Vbat: 3.91  NTC: 19.5 19.9 19.4 20.6  SOIL: 2048.0 1431.0 1119.0 
MOISTER: 5448 VDDA: 2.79 Vsol: 1.30 Vbat: 3.91  NTC: 19.5 19.9 19.4 20.6  SOIL: 2048.0 1431.0 1119.0 
MOISTER: 5448 VDDA: 2.79 Vsol: 1.30 Vbat: 3.91  NTC: 19.5 19.9 19.4 20.6  SOIL: 2048.0 1431.0 1119.0 
MOISTER: 5448 VDDA: 2.79 Vsol: 1.30 Vbat: 3.91  NTC: 19.5 19.9 19.4 20.6  SOIL: 2048.0 1431.0 1119.0 
MOISTER: 5448 VDDA: 2.79 Vsol: 1.30 Vbat: 3.91  NTC: 19.5 19.9 19.4 20.6  SOIL: 2048.0 1431.0 1119.0 
MOISTER: 5448 VDDA: 2.79 Vsol: 1.30 Vbat: 3.91  NTC: 19.5 19.9 19.4 20.6  SOIL: 2048.0 1431.0 1119.0 
MOISTER: 5448 VDDA: 2.79 Vsol: 1.30 Vbat: 3.91  NTC: 19.5 19.9 19.4 20.6  SOIL: 2048.0 1431.0 1119.0 
MOISTER: 5448 VDDA: 2.79 Vsol: 1.30 Vbat: 3.91  NTC: 19.5 19.9 19.4 20.6  SOIL: 2048.0 1431.0 1119.0 
MOISTER: 5448 VDDA: 2.79 Vsol: 1.30 Vbat: 3.91  NTC: 19.5 19.9 19.4 20.6  SOIL: 2048.0 1431.0 1119.0 
MOISTER: 5448 VDDA: 2.79 Vsol: 1.30 Vbat: 3.91  NTC: 19.5 19.9 19.4 20.6  SOIL: 2048.0 1431.0 1119.0 
MOISTER: 5448 VDDA: 2.79 Vsol: 1.30 Vbat: 3.91  NTC: 19.5 19.9 19.4 20.6  SOIL: 2048.0 1431.0 1119.0 
MOISTER: 5448 VDDA: 2.79 Vsol: 1.30 Vbat: 3.91  NTC: 19.5 19.9 19.4 20.6  SOIL: 2048.0 1431.0 1119.0 
MOISTER: 5448 VDDA: 2.79 Vsol: 1.30 Vbat: 3.91  NTC: 19.5 19.9 19.4 20.6  SOIL: 2048.0 1431.0 1119.0 
MOISTER: 5448 VDDA: 2.79 Vsol: 1.30 Vbat: 3.91  NTC: 19.5 19.9 19.4 20.6  SOIL: 2048.0 1431.0 1119.0 
MOISTER: 5448 VDDA: 2.79 Vsol: 1.30 Vbat: 3.91  NTC: 19.5 19.9 19.4 20.6  SOIL: 2048.0 1431.0 1119.0 
MOISTER: 5448 VDDA: 2.79 Vsol: 1.30 Vbat: 3.91  NTC: 19.5 19.9 19.4 20.6  SOIL: 2048.0 1431.0 1119.0 
MOISTER: 5448 VDDA: 2.79 Vsol: 1.30 Vbat: 3.91  NTC: 19.5 19.9 19.4 20.6  SOIL: 2048.0 1431.0 1119.0 
MOISTER: 5448 VDDA: 2.79 Vsol: 1.30 Vbat: 3.91  NTC: 19.5 19.9 19.4 20.6  SOIL: 2048.0 1431.0 1119.0 
MOISTER: 5448 VDDA: 2.79 Vsol: 1.30 Vbat: 3.91  NTC: 19.5 19.9 19.4 20.6  SOIL: 2048.0 1431.0 1119.0 
MOISTER: 5448 VDDA: 2.79 Vsol: 1.30 Vbat: 3.91  NTC: 19.5 19.9 19.4 20.6  SOIL: 2048.0 1431.0 1119.0 
MOISTER: 5448 VDDA: 2.79 Vsol: 1.30 Vbat: 3.91  NTC: 19.5 19.9 19.4 20.6  SOIL: 2048.0 1431.0 1119.0 
MOISTER: 5448 VDDA: 2.79 Vsol: 1.30 Vbat: 3.91  NTC: 19.5 19.9 19.4 20.6  SOIL: 2048.0 1431.0 1119.0 
MOISTER: 5448 VDDA: 2.79 Vsol: 1.30 Vbat: 3.91  NTC: 19.5 19.9 19.4 20.6  SOIL: 2048.0 1431.0 1119.0 
MOISTER: 5448 VDDA: 2.79 Vsol: 1.30 Vbat: 3.91  NTC: 19.5 19.9 19.4 20.6  SOIL: 2048.0 1431.0 1119.0 
MOISTER: 5448 VDDA: 2.79 Vsol: 1.30 Vbat: 3.91  NTC: 19.5 19.9 19.4 20.6  SOIL: 2048.0 1431.0 1119.0 
MOISTER: 5448 VDDA: 2.79 Vsol: 1.30 Vbat: 3.91  NTC: 19.5 19.9 19.4 20.6  SOIL: 2048.0 1431.0 1119.0 
MOISTER: 5448 VDDA: 2.79 Vsol: 1.30 Vbat: 3.91  NTC: 19.5 19.9 19.4 20.6  SOIL: 2048.0 1431.0 1119.0 
MOISTER: 5448 VDDA: 2.79 Vsol: 1.30 Vbat: 3.91  NTC: 19.5 19.9 19.4 20.6  SOIL: 2048.0 1431.0 1119.0 
MOISTER: 5448 VDDA: 2.79 Vsol: 1.30 Vbat: 3.91  NTC: 19.5 19.9 19.4 20.6  SOIL: 2048.0 1431.0 1119.0 
MOISTER: 5448 VDDA: 2.79 Vsol: 1.30 Vbat: 3.91  NTC: 19.5 19.9 19.4 20.6  SOIL: 2048.0 1431.0 1119.0 
MOISTER: 5448 VDDA: 2.79 Vsol: 1.30 Vbat: 3.91  NTC: 19.5 19.9 19.4 20.6  SOIL: 2048.0 1431.0 1119.0 
MOISTER: 5448 VDDA: 2.79 Vsol: 1.30 Vbat: 3.91  NTC: 19.5 19.9 19.4 20.6  SOIL: 2048.0 1431.0 1119.0 
MOISTER: 5448 VDDA: 2.79 Vsol: 1.30 Vbat: 3.91  NTC: 19.5 19.9 19.4 20.6  SOIL: 2048.0 1431.0 1119.0 
MOISTER: 5448 VDDA: 2.79 Vsol: 1.30 Vbat: 3.91  NTC: 19.5 19.9 19.4 20.6  SOIL: 2048.0 1431.0 1119.0 
MOISTER: 5448 VDDA: 2.79 Vsol: 1.30 Vbat: 3.91  NTC: 19.5 19.9 19.4 20.6  SOIL: 2048.0 1431.0 1119.0 
MOISTER: 5448 VDDA: 2.79 Vsol: 1.30 Vbat: 3.91  NTC: 19.5 19.9 19.4 20.6  SOIL: 2048.0 1431.0 1119.0 
MOISTER: 5448 VDDA: 2.79 Vsol: 1.30 Vbat: 3.91  NTC: 19.5 19.9 19.4 20.6  SOIL: 2048.0 1431.0 1119.0 
MOISTER: 5448 VDDA: 2.79 Vsol: 1.30 Vbat: 3.91  NTC: 19.5 19.9 19.4 20.6  SOIL: 2048.0 1431.0 1119.0 
MOISTER: 5448 VDDA: 2.79 Vsol: 1.30 Vbat: 3.91  NTC: 19.5 19.9 19.4 20.6  SOIL: 2048.0 1431.0 1119.0 
MOISTER: 5448 VDDA: 2.79 Vsol: 1.30 Vbat: 3.91  NTC: 19.5 19.9 19.4 20.6  SOIL: 2048.0 1431.0 1119.0 
MOISTER: 5448 VDDA: 2.79 Vsol: 1.30 Vbat: 3.91  NTC: 19.5 19.9 19.4 20.6  SOIL: 2048.0 1431.0 1119.0 
MOISTER: 5448 VDDA: 2.79 Vsol: 1.30 Vbat: 3.91  NTC: 19.5 19.9 19.4 20.6  SOIL: 2048.0 1431.0 1119.0 
MOISTER: 5453 VDDA: 2.79 Vsol: 0.23 Vbat: 3.90  NTC: 18.9 19.3 18.6 19.2  SOIL: 2054.0 1431.0 1119.0 
MOISTER: 5453 VDDA: 2.79 Vsol: 0.23 Vbat: 3.90  NTC: 18.9 19.3 18.6 19.2  SOIL: 2054.0 1431.0 1119.0 
MOISTER: 5453 VDDA: 2.79 Vsol: 0.23 Vbat: 3.90  NTC: 18.9 19.3 18.6 19.2  SOIL: 2054.0 1431.0 1119.0 
MOISTER: 5453 VDDA: 2.79 Vsol: 0.23 Vbat: 3.90  NTC: 18.9 19.3 18.6 19.2  SOIL: 2054.0 1431.0 1119.0 
MOISTER: 5453 VDDA: 2.79 Vsol: 0.23 Vbat: 3.90  NTC: 18.9 19.3 18.6 19.2  SOIL: 2054.0 1431.0 1119.0 
MOISTER: 5453 VDDA: 2.79 Vsol: 0.23 Vbat: 3.90  NTC: 18.9 19.3 18.6 19.2  SOIL: 2054.0 1431.0 1119.0 
MOISTER: 5453 VDDA: 2.79 Vsol: 0.23 Vbat: 3.90  NTC: 18.9 19.3 18.6 19.2  SOIL: 2054.0 1431.0 1119.0 
MOISTER: 5453 VDDA: 2.79 Vsol: 0.23 Vbat: 3.90  NTC: 18.9 19.3 18.6 19.2  SOIL: 2054.0 1431.0 1119.0 
MOISTER: 5453 VDDA: 2.79 Vsol: 0.23 Vbat: 3.90  NTC: 18.9 19.3 18.6 19.2  SOIL: 2054.0 1431.0 1119.0 
MOISTER: 5453 VDDA: 2.79 Vsol: 0.23 Vbat: 3.90  NTC: 18.9 19.3 18.6 19.2  SOIL: 2054.0 1431.0 1119.0 
MOISTER: 5453 VDDA: 2.79 Vsol: 0.23 Vbat: 3.90  NTC: 18.9 19.3 18.6 19.2  SOIL: 2054.0 1431.0 1119.0 
MOISTER: 5453 VDDA: 2.79 Vsol: 0.23 Vbat: 3.90  NTC: 18.9 19.3 18.6 19.2  SOIL: 2054.0 1431.0 1119.0 
MOISTER: 5453 VDDA: 2.79 Vsol: 0.23 Vbat: 3.90  NTC: 18.9 19.3 18.6 19.2  SOIL: 2054.0 1431.0 1119.0 
MOISTER: 5453 VDDA: 2.79 Vsol: 0.23 Vbat: 3.90  NTC: 18.9 19.3 18.6 19.2  SOIL: 2054.0 1431.0 1119.0 
MOISTER: 5453 VDDA: 2.79 Vsol: 0.23 Vbat: 3.90  NTC: 18.9 19.3 18.6 19.2  SOIL: 2054.0 1431.0 1119.0 
MOISTER: 5453 VDDA: 2.79 Vsol: 0.23 Vbat: 3.90  NTC: 18.9 19.3 18.6 19.2  SOIL: 2054.0 1431.0 1119.0 
MOISTER: 5453 VDDA: 2.79 Vsol: 0.23 Vbat: 3.90  NTC: 18.9 19.3 18.6 19.2  SOIL: 2054.0 1431.0 1119.0 
MOISTER: 5453 VDDA: 2.79 Vsol: 0.23 Vbat: 3.90  NTC: 18.9 19.3 18.6 19.2  SOIL: 2054.0 1431.0 1119.0 
MOISTER: 5453 VDDA: 2.79 Vsol: 0.23 Vbat: 3.90  NTC: 18.9 19.3 18.6 19.2  SOIL: 2054.0 1431.0 1119.0 
MOISTER: 5453 VDDA: 2.79 Vsol: 0.23 Vbat: 3.90  NTC: 18.9 19.3 18.6 19.2  SOIL: 2054.0 1431.0 1119.0 
MOISTER: 5453 VDDA: 2.79 Vsol: 0.23 Vbat: 3.90  NTC: 18.9 19.3 18.6 19.2  SOIL: 2054.0 1431.0 1119.0 
MOISTER: 5462 VDDA: 2.79 Vsol: 0.21 Vbat: 3.89  NTC: 18.6 19.0 18.3 18.9  SOIL: 2060.0 1432.0 1120.0 
MOISTER: 5462 VDDA: 2.79 Vsol: 0.21 Vbat: 3.89  NTC: 18.6 19.0 18.3 18.9  SOIL: 2060.0 1432.0 1120.0 
MOISTER: 5462 VDDA: 2.79 Vsol: 0.21 Vbat: 3.89  NTC: 18.6 19.0 18.3 18.9  SOIL: 2060.0 1432.0 1120.0 
MOISTER: 5462 VDDA: 2.79 Vsol: 0.21 Vbat: 3.89  NTC: 18.6 19.0 18.3 18.9  SOIL: 2060.0 1432.0 1120.0 
MOISTER: 5462 VDDA: 2.79 Vsol: 0.21 Vbat: 3.89  NTC: 18.6 19.0 18.3 18.9  SOIL: 2060.0 1432.0 1120.0 
MOISTER: 5462 VDDA: 2.79 Vsol: 0.21 Vbat: 3.89  NTC: 18.6 19.0 18.3 18.9  SOIL: 2060.0 1432.0 1120.0 
MOISTER: 5462 VDDA: 2.79 Vsol: 0.21 Vbat: 3.89  NTC: 18.6 19.0 18.3 18.9  SOIL: 2060.0 1432.0 1120.0 
MOISTER: 5462 VDDA: 2.79 Vsol: 0.21 Vbat: 3.89  NTC: 18.6 19.0 18.3 18.9  SOIL: 2060.0 1432.0 1120.0 
MOISTER: 5462 VDDA: 2.79 Vsol: 0.21 Vbat: 3.89  NTC: 18.6 19.0 18.3 18.9  SOIL: 2060.0 1432.0 1120.0 
MOISTER: 5467 VDDA: 2.79 Vsol: 0.22 Vbat: 3.91  NTC: 18.5 18.9 18.1 18.8  SOIL: 2055.0 1438.0 1125.0 
MOISTER: 5470 VDDA: 2.79 Vsol: 0.24 Vbat: 3.89  NTC: 18.5 18.9 18.1 18.8  SOIL: 2055.0 1437.0 1124.0 
MOISTER: 5470 VDDA: 2.79 Vsol: 0.24 Vbat: 3.89  NTC: 18.5 18.9 18.1 18.8  SOIL: 2055.0 1437.0 1124.0 
MOISTER: 5470 VDDA: 2.79 Vsol: 0.24 Vbat: 3.89  NTC: 18.5 18.9 18.1 18.8  SOIL: 2055.0 1437.0 1124.0 
MOISTER: 5470 VDDA: 2.79 Vsol: 0.24 Vbat: 3.89  NTC: 18.5 18.9 18.1 18.8  SOIL: 2055.0 1437.0 1124.0 
MOISTER: 5470 VDDA: 2.79 Vsol: 0.24 Vbat: 3.89  NTC: 18.5 18.9 18.1 18.8  SOIL: 2055.0 1437.0 1124.0 
MOISTER: 5470 VDDA: 2.79 Vsol: 0.24 Vbat: 3.89  NTC: 18.5 18.9 18.1 18.8  SOIL: 2055.0 1437.0 1124.0 
MOISTER: 5470 VDDA: 2.79 Vsol: 0.24 Vbat: 3.89  NTC: 18.5 18.9 18.1 18.8  SOIL: 2055.0 1437.0 1124.0 
MOISTER: 5470 VDDA: 2.79 Vsol: 0.24 Vbat: 3.89  NTC: 18.5 18.9 18.1 18.8  SOIL: 2055.0 1437.0 1124.0 
MOISTER: 5472 VDDA: 2.80 Vsol: 0.24 Vbat: 3.90  NTC: 18.3 18.8 18.0 18.7  SOIL: 2048.0 1434.0 1124.0 
MOISTER: 5472 VDDA: 2.80 Vsol: 0.24 Vbat: 3.90  NTC: 18.3 18.8 18.0 18.7  SOIL: 2048.0 1434.0 1124.0 
MOISTER: 5472 VDDA: 2.80 Vsol: 0.24 Vbat: 3.90  NTC: 18.3 18.8 18.0 18.7  SOIL: 2048.0 1434.0 1124.0 
MOISTER: 5472 VDDA: 2.80 Vsol: 0.24 Vbat: 3.90  NTC: 18.3 18.8 18.0 18.7  SOIL: 2048.0 1434.0 1124.0 
MOISTER: 5472 VDDA: 2.80 Vsol: 0.24 Vbat: 3.90  NTC: 18.3 18.8 18.0 18.7  SOIL: 2048.0 1434.0 1124.0 
MOISTER: 5472 VDDA: 2.80 Vsol: 0.24 Vbat: 3.90  NTC: 18.3 18.8 18.0 18.7  SOIL: 2048.0 1434.0 1124.0 
MOISTER: 5472 VDDA: 2.80 Vsol: 0.24 Vbat: 3.90  NTC: 18.3 18.8 18.0 18.7  SOIL: 2048.0 1434.0 1124.0 
MOISTER: 5472 VDDA: 2.80 Vsol: 0.24 Vbat: 3.90  NTC: 18.3 18.8 18.0 18.7  SOIL: 2048.0 1434.0 1124.0 
MOISTER: 5472 VDDA: 2.80 Vsol: 0.24 Vbat: 3.90  NTC: 18.3 18.8 18.0 18.7  SOIL: 2048.0 1434.0 1124.0 
MOISTER: 5472 VDDA: 2.80 Vsol: 0.24 Vbat: 3.90  NTC: 18.3 18.8 18.0 18.7  SOIL: 2048.0 1434.0 1124.0 
MOISTER: 5472 VDDA: 2.80 Vsol: 0.24 Vbat: 3.90  NTC: 18.3 18.8 18.0 18.7  SOIL: 2048.0 1434.0 1124.0 
MOISTER: 5472 VDDA: 2.80 Vsol: 0.24 Vbat: 3.90  NTC: 18.3 18.8 18.0 18.7  SOIL: 2048.0 1434.0 1124.0 
MOISTER: 5472 VDDA: 2.80 Vsol: 0.24 Vbat: 3.90  NTC: 18.3 18.8 18.0 18.7  SOIL: 2048.0 1434.0 1124.0 
MOISTER: 5472 VDDA: 2.80 Vsol: 0.24 Vbat: 3.90  NTC: 18.3 18.8 18.0 18.7  SOIL: 2048.0 1434.0 1124.0 
MOISTER: 5472 VDDA: 2.80 Vsol: 0.24 Vbat: 3.90  NTC: 18.3 18.8 18.0 18.7  SOIL: 2048.0 1434.0 1124.0 
MOISTER: 5472 VDDA: 2.80 Vsol: 0.24 Vbat: 3.90  NTC: 18.3 18.8 18.0 18.7  SOIL: 2048.0 1434.0 1124.0 
MOISTER: 5472 VDDA: 2.80 Vsol: 0.24 Vbat: 3.90  NTC: 18.3 18.8 18.0 18.7  SOIL: 2048.0 1434.0 1124.0 
MOISTER: 5486 VDDA: 2.79 Vsol: 0.21 Vbat: 3.92  NTC: 18.2 18.5 17.7 18.5  SOIL: 2048.0 1439.0 1128.0 
MOISTER: 5488 VDDA: 2.80 Vsol: 0.22 Vbat: 3.89  NTC: 18.2 18.6 17.7 18.6  SOIL: 2055.0 1441.0 1128.0 
MOISTER: 5491 VDDA: 2.80 Vsol: 0.23 Vbat: 3.89  NTC: 18.2 18.5 17.7 18.5  SOIL: 2063.0 1435.0 1130.0 
MOISTER: 5492 VDDA: 2.79 Vsol: 0.19 Vbat: 3.89  NTC: 18.1 18.5 17.7 18.5  SOIL: 2056.0 1438.0 1126.0 
MOISTER: 5492 VDDA: 2.79 Vsol: 0.19 Vbat: 3.89  NTC: 18.1 18.5 17.7 18.5  SOIL: 2056.0 1438.0 1126.0 
MOISTER: 5499 VDDA: 2.79 Vsol: 0.21 Vbat: 3.90  NTC: 18.1 18.5 17.7 18.5  SOIL: 2062.0 1440.0 1133.0 
MOISTER: 5500 VDDA: 2.81 Vsol: 0.22 Vbat: 3.91  NTC: 18.1 18.4 17.6 18.5  SOIL: 2057.0 1441.0 1130.0 
MOISTER: 5502 VDDA: 2.80 Vsol: 0.20 Vbat: 3.92  NTC: 18.1 18.4 17.6 18.5  SOIL: 2058.0 1442.0 1127.0 
MOISTER: 5505 VDDA: 2.80 Vsol: 0.23 Vbat: 3.89  NTC: 18.1 18.4 17.6 18.5  SOIL: 2062.0 1441.0 1130.0 
MOISTER: 5506 VDDA: 2.79 Vsol: 0.23 Vbat: 3.89  NTC: 18.1 18.4 17.6 18.4  SOIL: 2060.0 1437.0 1130.0 
MOISTER: 5506 VDDA: 2.79 Vsol: 0.23 Vbat: 3.89  NTC: 18.1 18.4 17.6 18.4  SOIL: 2060.0 1437.0 1130.0 
MOISTER: 5506 VDDA: 2.79 Vsol: 0.23 Vbat: 3.89  NTC: 18.1 18.4 17.6 18.4  SOIL: 2060.0 1437.0 1130.0 
MOISTER: 5506 VDDA: 2.79 Vsol: 0.23 Vbat: 3.89  NTC: 18.1 18.4 17.6 18.4  SOIL: 2060.0 1437.0 1130.0 
MOISTER: 5506 VDDA: 2.79 Vsol: 0.23 Vbat: 3.89  NTC: 18.1 18.4 17.6 18.4  SOIL: 2060.0 1437.0 1130.0 
MOISTER: 5506 VDDA: 2.79 Vsol: 0.23 Vbat: 3.89  NTC: 18.1 18.4 17.6 18.4  SOIL: 2060.0 1437.0 1130.0 
MOISTER: 5513 VDDA: 2.79 Vsol: 0.22 Vbat: 3.90  NTC: 18.0 18.4 17.6 18.3  SOIL: 2059.0 1442.0 1130.0 
MOISTER: 5513 VDDA: 2.79 Vsol: 0.22 Vbat: 3.90  NTC: 18.0 18.4 17.6 18.3  SOIL: 2059.0 1442.0 1130.0 
MOISTER: 5513 VDDA: 2.79 Vsol: 0.22 Vbat: 3.90  NTC: 18.0 18.4 17.6 18.3  SOIL: 2059.0 1442.0 1130.0 
MOISTER: 5513 VDDA: 2.79 Vsol: 0.22 Vbat: 3.90  NTC: 18.0 18.4 17.6 18.3  SOIL: 2059.0 1442.0 1130.0 
MOISTER: 5513 VDDA: 2.79 Vsol: 0.22 Vbat: 3.90  NTC: 18.0 18.4 17.6 18.3  SOIL: 2059.0 1442.0 1130.0 
MOISTER: 5513 VDDA: 2.79 Vsol: 0.22 Vbat: 3.90  NTC: 18.0 18.4 17.6 18.3  SOIL: 2059.0 1442.0 1130.0 
MOISTER: 5513 VDDA: 2.79 Vsol: 0.22 Vbat: 3.90  NTC: 18.0 18.4 17.6 18.3  SOIL: 2059.0 1442.0 1130.0 
MOISTER: 5513 VDDA: 2.79 Vsol: 0.22 Vbat: 3.90  NTC: 18.0 18.4 17.6 18.3  SOIL: 2059.0 1442.0 1130.0 
MOISTER: 5513 VDDA: 2.79 Vsol: 0.22 Vbat: 3.90  NTC: 18.0 18.4 17.6 18.3  SOIL: 2059.0 1442.0 1130.0 
MOISTER: 5513 VDDA: 2.79 Vsol: 0.22 Vbat: 3.90  NTC: 18.0 18.4 17.6 18.3  SOIL: 2059.0 1442.0 1130.0 
MOISTER: 5513 VDDA: 2.79 Vsol: 0.22 Vbat: 3.90  NTC: 18.0 18.4 17.6 18.3  SOIL: 2059.0 1442.0 1130.0 
MOISTER: 5513 VDDA: 2.79 Vsol: 0.22 Vbat: 3.90  NTC: 18.0 18.4 17.6 18.3  SOIL: 2059.0 1442.0 1130.0 
MOISTER: 5513 VDDA: 2.79 Vsol: 0.22 Vbat: 3.90  NTC: 18.0 18.4 17.6 18.3  SOIL: 2059.0 1442.0 1130.0 
MOISTER: 5528 VDDA: 2.79 Vsol: 0.24 Vbat: 3.89  NTC: 17.9 18.3 17.4 18.4  SOIL: 2066.0 1442.0 1128.0 
MOISTER: 5528 VDDA: 2.79 Vsol: 0.24 Vbat: 3.89  NTC: 17.9 18.3 17.4 18.4  SOIL: 2066.0 1442.0 1128.0 
MOISTER: 5528 VDDA: 2.79 Vsol: 0.24 Vbat: 3.89  NTC: 17.9 18.3 17.4 18.4  SOIL: 2066.0 1442.0 1128.0 
MOISTER: 5528 VDDA: 2.79 Vsol: 0.24 Vbat: 3.89  NTC: 17.9 18.3 17.4 18.4  SOIL: 2066.0 1442.0 1128.0 
MOISTER: 5528 VDDA: 2.79 Vsol: 0.24 Vbat: 3.89  NTC: 17.9 18.3 17.4 18.4  SOIL: 2066.0 1442.0 1128.0 
MOISTER: 5528 VDDA: 2.79 Vsol: 0.24 Vbat: 3.89  NTC: 17.9 18.3 17.4 18.4  SOIL: 2066.0 1442.0 1128.0 
MOISTER: 5528 VDDA: 2.79 Vsol: 0.24 Vbat: 3.89  NTC: 17.9 18.3 17.4 18.4  SOIL: 2066.0 1442.0 1128.0 
MOISTER: 5528 VDDA: 2.79 Vsol: 0.24 Vbat: 3.89  NTC: 17.9 18.3 17.4 18.4  SOIL: 2066.0 1442.0 1128.0 
MOISTER: 5528 VDDA: 2.79 Vsol: 0.24 Vbat: 3.89  NTC: 17.9 18.3 17.4 18.4  SOIL: 2066.0 1442.0 1128.0 
MOISTER: 5528 VDDA: 2.79 Vsol: 0.24 Vbat: 3.89  NTC: 17.9 18.3 17.4 18.4  SOIL: 2066.0 1442.0 1128.0 
MOISTER: 5528 VDDA: 2.79 Vsol: 0.24 Vbat: 3.89  NTC: 17.9 18.3 17.4 18.4  SOIL: 2066.0 1442.0 1128.0 
MOISTER: 5528 VDDA: 2.79 Vsol: 0.24 Vbat: 3.89  NTC: 17.9 18.3 17.4 18.4  SOIL: 2066.0 1442.0 1128.0 
MOISTER: 5528 VDDA: 2.79 Vsol: 0.24 Vbat: 3.89  NTC: 17.9 18.3 17.4 18.4  SOIL: 2066.0 1442.0 1128.0 
MOISTER: 5528 VDDA: 2.79 Vsol: 0.24 Vbat: 3.89  NTC: 17.9 18.3 17.4 18.4  SOIL: 2066.0 1442.0 1128.0 
MOISTER: 5528 VDDA: 2.79 Vsol: 0.24 Vbat: 3.89  NTC: 17.9 18.3 17.4 18.4  SOIL: 2066.0 1442.0 1128.0 
MOISTER: 5528 VDDA: 2.79 Vsol: 0.24 Vbat: 3.89  NTC: 17.9 18.3 17.4 18.4  SOIL: 2066.0 1442.0 1128.0 
MOISTER: 5528 VDDA: 2.79 Vsol: 0.24 Vbat: 3.89  NTC: 17.9 18.3 17.4 18.4  SOIL: 2066.0 1442.0 1128.0 
MOISTER: 5528 VDDA: 2.79 Vsol: 0.24 Vbat: 3.89  NTC: 17.9 18.3 17.4 18.4  SOIL: 2066.0 1442.0 1128.0 
MOISTER: 5528 VDDA: 2.79 Vsol: 0.24 Vbat: 3.89  NTC: 17.9 18.3 17.4 18.4  SOIL: 2066.0 1442.0 1128.0 
MOISTER: 5528 VDDA: 2.79 Vsol: 0.24 Vbat: 3.89  NTC: 17.9 18.3 17.4 18.4  SOIL: 2066.0 1442.0 1128.0 
MOISTER: 5528 VDDA: 2.79 Vsol: 0.24 Vbat: 3.89  NTC: 17.9 18.3 17.4 18.4  SOIL: 2066.0 1442.0 1128.0 
MOISTER: 5528 VDDA: 2.79 Vsol: 0.24 Vbat: 3.89  NTC: 17.9 18.3 17.4 18.4  SOIL: 2066.0 1442.0 1128.0 
MOISTER: 5528 VDDA: 2.79 Vsol: 0.24 Vbat: 3.89  NTC: 17.9 18.3 17.4 18.4  SOIL: 2066.0 1442.0 1128.0 
MOISTER: 5528 VDDA: 2.79 Vsol: 0.24 Vbat: 3.89  NTC: 17.9 18.3 17.4 18.4  SOIL: 2066.0 1442.0 1128.0 
MOISTER: 5528 VDDA: 2.79 Vsol: 0.24 Vbat: 3.89  NTC: 17.9 18.3 17.4 18.4  SOIL: 2066.0 1442.0 1128.0 
MOISTER: 5528 VDDA: 2.79 Vsol: 0.24 Vbat: 3.89  NTC: 17.9 18.3 17.4 18.4  SOIL: 2066.0 1442.0 1128.0 
MOISTER: 5528 VDDA: 2.79 Vsol: 0.24 Vbat: 3.89  NTC: 17.9 18.3 17.4 18.4  SOIL: 2066.0 1442.0 1128.0 
MOISTER: 5528 VDDA: 2.79 Vsol: 0.24 Vbat: 3.89  NTC: 17.9 18.3 17.4 18.4  SOIL: 2066.0 1442.0 1128.0 
MOISTER: 5528 VDDA: 2.79 Vsol: 0.24 Vbat: 3.89  NTC: 17.9 18.3 17.4 18.4  SOIL: 2066.0 1442.0 1128.0 
MOISTER: 5528 VDDA: 2.79 Vsol: 0.24 Vbat: 3.89  NTC: 17.9 18.3 17.4 18.4  SOIL: 2066.0 1442.0 1128.0 
MOISTER: 5528 VDDA: 2.79 Vsol: 0.24 Vbat: 3.89  NTC: 17.9 18.3 17.4 18.4  SOIL: 2066.0 1442.0 1128.0 
MOISTER: 5528 VDDA: 2.79 Vsol: 0.24 Vbat: 3.89  NTC: 17.9 18.3 17.4 18.4  SOIL: 2066.0 1442.0 1128.0 
MOISTER: 5528 VDDA: 2.79 Vsol: 0.24 Vbat: 3.89  NTC: 17.9 18.3 17.4 18.4  SOIL: 2066.0 1442.0 1128.0 
MOISTER: 5528 VDDA: 2.79 Vsol: 0.24 Vbat: 3.89  NTC: 17.9 18.3 17.4 18.4  SOIL: 2066.0 1442.0 1128.0 
MOISTER: 5528 VDDA: 2.79 Vsol: 0.24 Vbat: 3.89  NTC: 17.9 18.3 17.4 18.4  SOIL: 2066.0 1442.0 1128.0 
MOISTER: 5544 VDDA: 2.80 Vsol: 0.24 Vbat: 3.91  NTC: 17.6 17.9 17.0 17.9  SOIL: 2060.0 1439.0 1129.0 
MOISTER: 5544 VDDA: 2.80 Vsol: 0.24 Vbat: 3.91  NTC: 17.6 17.9 17.0 17.9  SOIL: 2060.0 1439.0 1129.0 
MOISTER: 5546 VDDA: 2.79 Vsol: 0.24 Vbat: 3.90  NTC: 17.6 17.9 17.0 17.9  SOIL: 2049.0 1438.0 1132.0 
MOISTER: 5546 VDDA: 2.79 Vsol: 0.24 Vbat: 3.90  NTC: 17.6 17.9 17.0 17.9  SOIL: 2049.0 1438.0 1132.0 
MOISTER: 5546 VDDA: 2.79 Vsol: 0.24 Vbat: 3.90  NTC: 17.6 17.9 17.0 17.9  SOIL: 2049.0 1438.0 1132.0 
MOISTER: 5546 VDDA: 2.79 Vsol: 0.24 Vbat: 3.90  NTC: 17.6 17.9 17.0 17.9  SOIL: 2049.0 1438.0 1132.0 
MOISTER: 5546 VDDA: 2.79 Vsol: 0.24 Vbat: 3.90  NTC: 17.6 17.9 17.0 17.9  SOIL: 2049.0 1438.0 1132.0 
MOISTER: 5546 VDDA: 2.79 Vsol: 0.24 Vbat: 3.90  NTC: 17.6 17.9 17.0 17.9  SOIL: 2049.0 1438.0 1132.0 
MOISTER: 5546 VDDA: 2.79 Vsol: 0.24 Vbat: 3.90  NTC: 17.6 17.9 17.0 17.9  SOIL: 2049.0 1438.0 1132.0 
MOISTER: 5546 VDDA: 2.79 Vsol: 0.24 Vbat: 3.90  NTC: 17.6 17.9 17.0 17.9  SOIL: 2049.0 1438.0 1132.0 
MOISTER: 5546 VDDA: 2.79 Vsol: 0.24 Vbat: 3.90  NTC: 17.6 17.9 17.0 17.9  SOIL: 2049.0 1438.0 1132.0 
MOISTER: 5546 VDDA: 2.79 Vsol: 0.24 Vbat: 3.90  NTC: 17.6 17.9 17.0 17.9  SOIL: 2049.0 1438.0 1132.0 
MOISTER: 5546 VDDA: 2.79 Vsol: 0.24 Vbat: 3.90  NTC: 17.6 17.9 17.0 17.9  SOIL: 2049.0 1438.0 1132.0 
MOISTER: 5546 VDDA: 2.79 Vsol: 0.24 Vbat: 3.90  NTC: 17.6 17.9 17.0 17.9  SOIL: 2049.0 1438.0 1132.0 
MOISTER: 5546 VDDA: 2.79 Vsol: 0.24 Vbat: 3.90  NTC: 17.6 17.9 17.0 17.9  SOIL: 2049.0 1438.0 1132.0 
MOISTER: 5546 VDDA: 2.79 Vsol: 0.24 Vbat: 3.90  NTC: 17.6 17.9 17.0 17.9  SOIL: 2049.0 1438.0 1132.0 
MOISTER: 5546 VDDA: 2.79 Vsol: 0.24 Vbat: 3.90  NTC: 17.6 17.9 17.0 17.9  SOIL: 2049.0 1438.0 1132.0 
MOISTER: 5546 VDDA: 2.79 Vsol: 0.24 Vbat: 3.90  NTC: 17.6 17.9 17.0 17.9  SOIL: 2049.0 1438.0 1132.0 
MOISTER: 5546 VDDA: 2.79 Vsol: 0.24 Vbat: 3.90  NTC: 17.6 17.9 17.0 17.9  SOIL: 2049.0 1438.0 1132.0 
MOISTER: 5546 VDDA: 2.79 Vsol: 0.24 Vbat: 3.90  NTC: 17.6 17.9 17.0 17.9  SOIL: 2049.0 1438.0 1132.0 
MOISTER: 5546 VDDA: 2.79 Vsol: 0.24 Vbat: 3.90  NTC: 17.6 17.9 17.0 17.9  SOIL: 2049.0 1438.0 1132.0 
MOISTER: 5546 VDDA: 2.79 Vsol: 0.24 Vbat: 3.90  NTC: 17.6 17.9 17.0 17.9  SOIL: 2049.0 1438.0 1132.0 
MOISTER: 5546 VDDA: 2.79 Vsol: 0.24 Vbat: 3.90  NTC: 17.6 17.9 17.0 17.9  SOIL: 2049.0 1438.0 1132.0 
MOISTER: 5546 VDDA: 2.79 Vsol: 0.24 Vbat: 3.90  NTC: 17.6 17.9 17.0 17.9  SOIL: 2049.0 1438.0 1132.0 
MOISTER: 5557 VDDA: 2.79 Vsol: 0.23 Vbat: 3.90  NTC: 17.4 17.7 16.8 17.5  SOIL: 2064.0 1443.0 1138.0 
MOISTER: 5557 VDDA: 2.79 Vsol: 0.23 Vbat: 3.90  NTC: 17.4 17.7 16.8 17.5  SOIL: 2064.0 1443.0 1138.0 
MOISTER: 5557 VDDA: 2.79 Vsol: 0.23 Vbat: 3.90  NTC: 17.4 17.7 16.8 17.5  SOIL: 2064.0 1443.0 1138.0 
MOISTER: 5557 VDDA: 2.79 Vsol: 0.23 Vbat: 3.90  NTC: 17.4 17.7 16.8 17.5  SOIL: 2064.0 1443.0 1138.0 
MOISTER: 5563 VDDA: 2.80 Vsol: 0.21 Vbat: 3.89  NTC: 17.4 17.7 16.8 17.5  SOIL: 2064.0 1442.0 1137.0 
MOISTER: 5563 VDDA: 2.80 Vsol: 0.21 Vbat: 3.89  NTC: 17.4 17.7 16.8 17.5  SOIL: 2064.0 1442.0 1137.0 
MOISTER: 5563 VDDA: 2.80 Vsol: 0.21 Vbat: 3.89  NTC: 17.4 17.7 16.8 17.5  SOIL: 2064.0 1442.0 1137.0 
MOISTER: 5563 VDDA: 2.80 Vsol: 0.21 Vbat: 3.89  NTC: 17.4 17.7 16.8 17.5  SOIL: 2064.0 1442.0 1137.0 
MOISTER: 5563 VDDA: 2.80 Vsol: 0.21 Vbat: 3.89  NTC: 17.4 17.7 16.8 17.5  SOIL: 2064.0 1442.0 1137.0 
MOISTER: 5563 VDDA: 2.80 Vsol: 0.21 Vbat: 3.89  NTC: 17.4 17.7 16.8 17.5  SOIL: 2064.0 1442.0 1137.0 
MOISTER: 5563 VDDA: 2.80 Vsol: 0.21 Vbat: 3.89  NTC: 17.4 17.7 16.8 17.5  SOIL: 2064.0 1442.0 1137.0 
MOISTER: 5563 VDDA: 2.80 Vsol: 0.21 Vbat: 3.89  NTC: 17.4 17.7 16.8 17.5  SOIL: 2064.0 1442.0 1137.0 
MOISTER: 5563 VDDA: 2.80 Vsol: 0.21 Vbat: 3.89  NTC: 17.4 17.7 16.8 17.5  SOIL: 2064.0 1442.0 1137.0 
MOISTER: 5572 VDDA: 2.79 Vsol: 0.22 Vbat: 3.89  NTC: 17.3 17.6 16.7 17.3  SOIL: 2069.0 1446.0 1133.0 
MOISTER: 5572 VDDA: 2.79 Vsol: 0.22 Vbat: 3.89  NTC: 17.3 17.6 16.7 17.3  SOIL: 2069.0 1446.0 1133.0 
MOISTER: 5572 VDDA: 2.79 Vsol: 0.22 Vbat: 3.89  NTC: 17.3 17.6 16.7 17.3  SOIL: 2069.0 1446.0 1133.0 
MOISTER: 5572 VDDA: 2.79 Vsol: 0.22 Vbat: 3.89  NTC: 17.3 17.6 16.7 17.3  SOIL: 2069.0 1446.0 1133.0 
MOISTER: 5572 VDDA: 2.79 Vsol: 0.22 Vbat: 3.89  NTC: 17.3 17.6 16.7 17.3  SOIL: 2069.0 1446.0 1133.0 
MOISTER: 5577 VDDA: 2.80 Vsol: 0.23 Vbat: 3.90  NTC: 17.2 17.6 16.7 17.2  SOIL: 2066.0 1445.0 1137.0 
MOISTER: 5577 VDDA: 2.80 Vsol: 0.23 Vbat: 3.90  NTC: 17.2 17.6 16.7 17.2  SOIL: 2066.0 1445.0 1137.0 
MOISTER: 5577 VDDA: 2.80 Vsol: 0.23 Vbat: 3.90  NTC: 17.2 17.6 16.7 17.2  SOIL: 2066.0 1445.0 1137.0 
MOISTER: 5577 VDDA: 2.80 Vsol: 0.23 Vbat: 3.90  NTC: 17.2 17.6 16.7 17.2  SOIL: 2066.0 1445.0 1137.0 
MOISTER: 5577 VDDA: 2.80 Vsol: 0.23 Vbat: 3.90  NTC: 17.2 17.6 16.7 17.2  SOIL: 2066.0 1445.0 1137.0 
MOISTER: 5581 VDDA: 2.79 Vsol: 0.24 Vbat: 3.90  NTC: 17.2 17.6 16.6 17.3  SOIL: 2061.0 1448.0 1139.0 
MOISTER: 5581 VDDA: 2.79 Vsol: 0.24 Vbat: 3.90  NTC: 17.2 17.6 16.6 17.3  SOIL: 2061.0 1448.0 1139.0 
MOISTER: 5581 VDDA: 2.79 Vsol: 0.24 Vbat: 3.90  NTC: 17.2 17.6 16.6 17.3  SOIL: 2061.0 1448.0 1139.0 
MOISTER: 5581 VDDA: 2.79 Vsol: 0.24 Vbat: 3.90  NTC: 17.2 17.6 16.6 17.3  SOIL: 2061.0 1448.0 1139.0 
MOISTER: 5581 VDDA: 2.79 Vsol: 0.24 Vbat: 3.90  NTC: 17.2 17.6 16.6 17.3  SOIL: 2061.0 1448.0 1139.0 
MOISTER: 5581 VDDA: 2.79 Vsol: 0.24 Vbat: 3.90  NTC: 17.2 17.6 16.6 17.3  SOIL: 2061.0 1448.0 1139.0 
MOISTER: 5581 VDDA: 2.79 Vsol: 0.24 Vbat: 3.90  NTC: 17.2 17.6 16.6 17.3  SOIL: 2061.0 1448.0 1139.0 
MOISTER: 5581 VDDA: 2.79 Vsol: 0.24 Vbat: 3.90  NTC: 17.2 17.6 16.6 17.3  SOIL: 2061.0 1448.0 1139.0 
MOISTER: 5581 VDDA: 2.79 Vsol: 0.24 Vbat: 3.90  NTC: 17.2 17.6 16.6 17.3  SOIL: 2061.0 1448.0 1139.0 
MOISTER: 5581 VDDA: 2.79 Vsol: 0.24 Vbat: 3.90  NTC: 17.2 17.6 16.6 17.3  SOIL: 2061.0 1448.0 1139.0 
MOISTER: 5581 VDDA: 2.79 Vsol: 0.24 Vbat: 3.90  NTC: 17.2 17.6 16.6 17.3  SOIL: 2061.0 1448.0 1139.0 
MOISTER: 5581 VDDA: 2.79 Vsol: 0.24 Vbat: 3.90  NTC: 17.2 17.6 16.6 17.3  SOIL: 2061.0 1448.0 1139.0 
MOISTER: 5581 VDDA: 2.79 Vsol: 0.24 Vbat: 3.90  NTC: 17.2 17.6 16.6 17.3  SOIL: 2061.0 1448.0 1139.0 
MOISTER: 5581 VDDA: 2.79 Vsol: 0.24 Vbat: 3.90  NTC: 17.2 17.6 16.6 17.3  SOIL: 2061.0 1448.0 1139.0 
MOISTER: 5581 VDDA: 2.79 Vsol: 0.24 Vbat: 3.90  NTC: 17.2 17.6 16.6 17.3  SOIL: 2061.0 1448.0 1139.0 
MOISTER: 5581 VDDA: 2.79 Vsol: 0.24 Vbat: 3.90  NTC: 17.2 17.6 16.6 17.3  SOIL: 2061.0 1448.0 1139.0 
MOISTER: 5581 VDDA: 2.79 Vsol: 0.24 Vbat: 3.90  NTC: 17.2 17.6 16.6 17.3  SOIL: 2061.0 1448.0 1139.0 
MOISTER: 5581 VDDA: 2.79 Vsol: 0.24 Vbat: 3.90  NTC: 17.2 17.6 16.6 17.3  SOIL: 2061.0 1448.0 1139.0 
MOISTER: 5581 VDDA: 2.79 Vsol: 0.24 Vbat: 3.90  NTC: 17.2 17.6 16.6 17.3  SOIL: 2061.0 1448.0 1139.0 
MOISTER: 5593 VDDA: 2.79 Vsol: 0.19 Vbat: 3.88  NTC: 17.1 17.3 16.5 16.9  SOIL: 2064.0 1443.0 1140.0 
MOISTER: 5593 VDDA: 2.79 Vsol: 0.19 Vbat: 3.88  NTC: 17.1 17.3 16.5 16.9  SOIL: 2064.0 1443.0 1140.0 
MOISTER: 5593 VDDA: 2.79 Vsol: 0.19 Vbat: 3.88  NTC: 17.1 17.3 16.5 16.9  SOIL: 2064.0 1443.0 1140.0 
MOISTER: 5597 VDDA: 2.80 Vsol: 0.19 Vbat: 3.88  NTC: 17.1 17.3 16.5 17.0  SOIL: 2075.0 1442.0 1137.0 
MOISTER: 5597 VDDA: 2.80 Vsol: 0.19 Vbat: 3.88  NTC: 17.1 17.3 16.5 17.0  SOIL: 2075.0 1442.0 1137.0 
MOISTER: 5597 VDDA: 2.80 Vsol: 0.19 Vbat: 3.88  NTC: 17.1 17.3 16.5 17.0  SOIL: 2075.0 1442.0 1137.0 
MOISTER: 5600 VDDA: 2.78 Vsol: 0.23 Vbat: 3.86  NTC: 17.0 17.3 16.5 16.9  SOIL: 2066.0 1441.0 1142.0 
MOISTER: 5601 VDDA: 2.79 Vsol: 0.21 Vbat: 3.88  NTC: 17.0 17.3 16.5 16.9  SOIL: 2068.0 1446.0 1142.0 
MOISTER: 5601 VDDA: 2.79 Vsol: 0.21 Vbat: 3.88  NTC: 17.0 17.3 16.5 16.9  SOIL: 2068.0 1446.0 1142.0 
MOISTER: 5601 VDDA: 2.79 Vsol: 0.21 Vbat: 3.88  NTC: 17.0 17.3 16.5 16.9  SOIL: 2068.0 1446.0 1142.0 
MOISTER: 5603 VDDA: 2.79 Vsol: 0.24 Vbat: 3.88  NTC: 17.0 17.3 16.4 16.7  SOIL: 2074.0 1444.0 1139.0 
MOISTER: 5603 VDDA: 2.79 Vsol: 0.24 Vbat: 3.88  NTC: 17.0 17.3 16.4 16.7  SOIL: 2074.0 1444.0 1139.0 
MOISTER: 5604 VDDA: 2.80 Vsol: 0.22 Vbat: 3.90  NTC: 17.0 17.3 16.4 16.9  SOIL: 2068.0 1441.0 1137.0 
MOISTER: 5606 VDDA: 2.79 Vsol: 0.20 Vbat: 3.88  NTC: 17.0 17.3 16.4 16.9  SOIL: 2066.0 1442.0 1143.0 
MOISTER: 5607 VDDA: 2.80 Vsol: 0.20 Vbat: 3.89  NTC: 17.0 17.3 16.5 16.9  SOIL: 2067.0 1445.0 1142.0 
MOISTER: 5608 VDDA: 2.80 Vsol: 0.23 Vbat: 3.90  NTC: 17.3 17.3 16.4 16.9  SOIL: 2071.0 1445.0 1142.0 
MOISTER: 5608 VDDA: 2.80 Vsol: 0.23 Vbat: 3.90  NTC: 17.3 17.3 16.4 16.9  SOIL: 2071.0 1445.0 1142.0 
MOISTER: 5608 VDDA: 2.80 Vsol: 0.23 Vbat: 3.90  NTC: 17.3 17.3 16.4 16.9  SOIL: 2071.0 1445.0 1142.0 
MOISTER: 5608 VDDA: 2.80 Vsol: 0.23 Vbat: 3.90  NTC: 17.3 17.3 16.4 16.9  SOIL: 2071.0 1445.0 1142.0 
MOISTER: 5608 VDDA: 2.80 Vsol: 0.23 Vbat: 3.90  NTC: 17.3 17.3 16.4 16.9  SOIL: 2071.0 1445.0 1142.0 
MOISTER: 5608 VDDA: 2.80 Vsol: 0.23 Vbat: 3.90  NTC: 17.3 17.3 16.4 16.9  SOIL: 2071.0 1445.0 1142.0 
MOISTER: 5608 VDDA: 2.80 Vsol: 0.23 Vbat: 3.90  NTC: 17.3 17.3 16.4 16.9  SOIL: 2071.0 1445.0 1142.0 
MOISTER: 5608 VDDA: 2.80 Vsol: 0.23 Vbat: 3.90  NTC: 17.3 17.3 16.4 16.9  SOIL: 2071.0 1445.0 1142.0 
MOISTER: 5608 VDDA: 2.80 Vsol: 0.23 Vbat: 3.90  NTC: 17.3 17.3 16.4 16.9  SOIL: 2071.0 1445.0 1142.0 
MOISTER: 5613 VDDA: 2.77 Vsol: 0.24 Vbat: 3.86  NTC: 16.9 17.3 16.3 16.7  SOIL: 2067.0 1441.0 1142.0 
MOISTER: 5613 VDDA: 2.77 Vsol: 0.24 Vbat: 3.86  NTC: 16.9 17.3 16.3 16.7  SOIL: 2067.0 1441.0 1142.0 
MOISTER: 5613 VDDA: 2.77 Vsol: 0.24 Vbat: 3.86  NTC: 16.9 17.3 16.3 16.7  SOIL: 2067.0 1441.0 1142.0 
MOISTER: 5613 VDDA: 2.77 Vsol: 0.24 Vbat: 3.86  NTC: 16.9 17.3 16.3 16.7  SOIL: 2067.0 1441.0 1142.0 
MOISTER: 5613 VDDA: 2.77 Vsol: 0.24 Vbat: 3.86  NTC: 16.9 17.3 16.3 16.7  SOIL: 2067.0 1441.0 1142.0 
MOISTER: 5613 VDDA: 2.77 Vsol: 0.24 Vbat: 3.86  NTC: 16.9 17.3 16.3 16.7  SOIL: 2067.0 1441.0 1142.0 
MOISTER: 5613 VDDA: 2.77 Vsol: 0.24 Vbat: 3.86  NTC: 16.9 17.3 16.3 16.7  SOIL: 2067.0 1441.0 1142.0 
MOISTER: 5613 VDDA: 2.77 Vsol: 0.24 Vbat: 3.86  NTC: 16.9 17.3 16.3 16.7  SOIL: 2067.0 1441.0 1142.0 
MOISTER: 5613 VDDA: 2.77 Vsol: 0.24 Vbat: 3.86  NTC: 16.9 17.3 16.3 16.7  SOIL: 2067.0 1441.0 1142.0 
MOISTER: 5620 VDDA: 2.78 Vsol: 0.61 Vbat: 3.88  NTC: 16.9 17.2 16.3 16.9  SOIL: 2064.0 1444.0 1144.0 
MOISTER: 5620 VDDA: 2.78 Vsol: 0.61 Vbat: 3.88  NTC: 16.9 17.2 16.3 16.9  SOIL: 2064.0 1444.0 1144.0 
MOISTER: 5620 VDDA: 2.78 Vsol: 0.61 Vbat: 3.88  NTC: 16.9 17.2 16.3 16.9  SOIL: 2064.0 1444.0 1144.0 
MOISTER: 5620 VDDA: 2.78 Vsol: 0.61 Vbat: 3.88  NTC: 16.9 17.2 16.3 16.9  SOIL: 2064.0 1444.0 1144.0 
MOISTER: 5620 VDDA: 2.78 Vsol: 0.61 Vbat: 3.88  NTC: 16.9 17.2 16.3 16.9  SOIL: 2064.0 1444.0 1144.0 
MOISTER: 5620 VDDA: 2.78 Vsol: 0.61 Vbat: 3.88  NTC: 16.9 17.2 16.3 16.9  SOIL: 2064.0 1444.0 1144.0 
MOISTER: 5620 VDDA: 2.78 Vsol: 0.61 Vbat: 3.88  NTC: 16.9 17.2 16.3 16.9  SOIL: 2064.0 1444.0 1144.0 
MOISTER: 5620 VDDA: 2.78 Vsol: 0.61 Vbat: 3.88  NTC: 16.9 17.2 16.3 16.9  SOIL: 2064.0 1444.0 1144.0 
MOISTER: 5620 VDDA: 2.78 Vsol: 0.61 Vbat: 3.88  NTC: 16.9 17.2 16.3 16.9  SOIL: 2064.0 1444.0 1144.0 
MOISTER: 5625 VDDA: 2.79 Vsol: 0.98 Vbat: 3.89  NTC: 16.8 17.1 16.2 16.9  SOIL: 2062.0 1448.0 1138.0 
MOISTER: 5625 VDDA: 2.79 Vsol: 0.98 Vbat: 3.89  NTC: 16.8 17.1 16.2 16.9  SOIL: 2062.0 1448.0 1138.0 
MOISTER: 5625 VDDA: 2.79 Vsol: 0.98 Vbat: 3.89  NTC: 16.8 17.1 16.2 16.9  SOIL: 2062.0 1448.0 1138.0 
MOISTER: 5625 VDDA: 2.79 Vsol: 0.98 Vbat: 3.89  NTC: 16.8 17.1 16.2 16.9  SOIL: 2062.0 1448.0 1138.0 
MOISTER: 5625 VDDA: 2.79 Vsol: 0.98 Vbat: 3.89  NTC: 16.8 17.1 16.2 16.9  SOIL: 2062.0 1448.0 1138.0 
MOISTER: 5625 VDDA: 2.79 Vsol: 0.98 Vbat: 3.89  NTC: 16.8 17.1 16.2 16.9  SOIL: 2062.0 1448.0 1138.0 
MOISTER: 5625 VDDA: 2.79 Vsol: 0.98 Vbat: 3.89  NTC: 16.8 17.1 16.2 16.9  SOIL: 2062.0 1448.0 1138.0 
MOISTER: 5625 VDDA: 2.79 Vsol: 0.98 Vbat: 3.89  NTC: 16.8 17.1 16.2 16.9  SOIL: 2062.0 1448.0 1138.0 
MOISTER: 5625 VDDA: 2.79 Vsol: 0.98 Vbat: 3.89  NTC: 16.8 17.1 16.2 16.9  SOIL: 2062.0 1448.0 1138.0 
MOISTER: 5625 VDDA: 2.79 Vsol: 0.98 Vbat: 3.89  NTC: 16.8 17.1 16.2 16.9  SOIL: 2062.0 1448.0 1138.0 
MOISTER: 5625 VDDA: 2.79 Vsol: 0.98 Vbat: 3.89  NTC: 16.8 17.1 16.2 16.9  SOIL: 2062.0 1448.0 1138.0 
MOISTER: 5625 VDDA: 2.79 Vsol: 0.98 Vbat: 3.89  NTC: 16.8 17.1 16.2 16.9  SOIL: 2062.0 1448.0 1138.0 
MOISTER: 5625 VDDA: 2.79 Vsol: 0.98 Vbat: 3.89  NTC: 16.8 17.1 16.2 16.9  SOIL: 2062.0 1448.0 1138.0 
MOISTER: 5625 VDDA: 2.79 Vsol: 0.98 Vbat: 3.89  NTC: 16.8 17.1 16.2 16.9  SOIL: 2062.0 1448.0 1138.0 
MOISTER: 5625 VDDA: 2.79 Vsol: 0.98 Vbat: 3.89  NTC: 16.8 17.1 16.2 16.9  SOIL: 2062.0 1448.0 1138.0 
MOISTER: 5625 VDDA: 2.79 Vsol: 0.98 Vbat: 3.89  NTC: 16.8 17.1 16.2 16.9  SOIL: 2062.0 1448.0 1138.0 
MOISTER: 5625 VDDA: 2.79 Vsol: 0.98 Vbat: 3.89  NTC: 16.8 17.1 16.2 16.9  SOIL: 2062.0 1448.0 1138.0 
MOISTER: 5625 VDDA: 2.79 Vsol: 0.98 Vbat: 3.89  NTC: 16.8 17.1 16.2 16.9  SOIL: 2062.0 1448.0 1138.0 
MOISTER: 5625 VDDA: 2.79 Vsol: 0.98 Vbat: 3.89  NTC: 16.8 17.1 16.2 16.9  SOIL: 2062.0 1448.0 1138.0 
MOISTER: 5625 VDDA: 2.79 Vsol: 0.98 Vbat: 3.89  NTC: 16.8 17.1 16.2 16.9  SOIL: 2062.0 1448.0 1138.0 
MOISTER: 5625 VDDA: 2.79 Vsol: 0.98 Vbat: 3.89  NTC: 16.8 17.1 16.2 16.9  SOIL: 2062.0 1448.0 1138.0 
MOISTER: 5625 VDDA: 2.79 Vsol: 0.98 Vbat: 3.89  NTC: 16.8 17.1 16.2 16.9  SOIL: 2062.0 1448.0 1138.0 
MOISTER: 5638 VDDA: 2.79 Vsol: 1.85 Vbat: 3.90  NTC: 17.2 17.1 16.1 20.0  SOIL: 2060.0 1446.0 1141.0 
MOISTER: 5638 VDDA: 2.79 Vsol: 1.85 Vbat: 3.90  NTC: 17.2 17.1 16.1 20.0  SOIL: 2060.0 1446.0 1141.0 
MOISTER: 5638 VDDA: 2.79 Vsol: 1.85 Vbat: 3.90  NTC: 17.2 17.1 16.1 20.0  SOIL: 2060.0 1446.0 1141.0 
MOISTER: 5639 VDDA: 2.79 Vsol: 1.86 Vbat: 3.92  NTC: 17.3 17.2 16.2 20.5  SOIL: 2059.0 1436.0 1141.0 
MOISTER: 5639 VDDA: 2.79 Vsol: 1.86 Vbat: 3.92  NTC: 17.3 17.2 16.2 20.5  SOIL: 2059.0 1436.0 1141.0 
MOISTER: 5639 VDDA: 2.79 Vsol: 1.86 Vbat: 3.92  NTC: 17.3 17.2 16.2 20.5  SOIL: 2059.0 1436.0 1141.0 
MOISTER: 5639 VDDA: 2.79 Vsol: 1.86 Vbat: 3.92  NTC: 17.3 17.2 16.2 20.5  SOIL: 2059.0 1436.0 1141.0 
MOISTER: 5639 VDDA: 2.79 Vsol: 1.86 Vbat: 3.92  NTC: 17.3 17.2 16.2 20.5  SOIL: 2059.0 1436.0 1141.0 
MOISTER: 5639 VDDA: 2.79 Vsol: 1.86 Vbat: 3.92  NTC: 17.3 17.2 16.2 20.5  SOIL: 2059.0 1436.0 1141.0 
MOISTER: 5643 VDDA: 2.79 Vsol: 1.91 Vbat: 3.89  NTC: 17.7 17.3 16.4 22.1  SOIL: 2053.0 1442.0 1148.0 
MOISTER: 5643 VDDA: 2.79 Vsol: 1.91 Vbat: 3.89  NTC: 17.7 17.3 16.4 22.1  SOIL: 2053.0 1442.0 1148.0 
MOISTER: 5643 VDDA: 2.79 Vsol: 1.91 Vbat: 3.89  NTC: 17.7 17.3 16.4 22.1  SOIL: 2053.0 1442.0 1148.0 
MOISTER: 5643 VDDA: 2.79 Vsol: 1.91 Vbat: 3.89  NTC: 17.7 17.3 16.4 22.1  SOIL: 2053.0 1442.0 1148.0 
MOISTER: 5643 VDDA: 2.79 Vsol: 1.91 Vbat: 3.89  NTC: 17.7 17.3 16.4 22.1  SOIL: 2053.0 1442.0 1148.0 
MOISTER: 5643 VDDA: 2.79 Vsol: 1.91 Vbat: 3.89  NTC: 17.7 17.3 16.4 22.1  SOIL: 2053.0 1442.0 1148.0 
MOISTER: 5651 VDDA: 2.78 Vsol: 1.91 Vbat: 3.89  NTC: 18.2 17.7 16.7 22.8  SOIL: 2056.0 1442.0 1147.0 
MOISTER: 5652 VDDA: 2.79 Vsol: 1.92 Vbat: 3.92  NTC: 18.2 17.8 16.7 22.7  SOIL: 2056.0 1441.0 1144.0 
MOISTER: 5652 VDDA: 2.79 Vsol: 1.92 Vbat: 3.92  NTC: 18.2 17.8 16.7 22.7  SOIL: 2056.0 1441.0 1144.0 
MOISTER: 5655 VDDA: 2.79 Vsol: 1.92 Vbat: 3.91  NTC: 18.3 17.9 16.8 23.1  SOIL: 2055.0 1440.0 1147.0 
MOISTER: 5657 VDDA: 2.79 Vsol: 1.99 Vbat: 3.91  NTC: 18.4 17.9 17.0 23.2  SOIL: 2056.0 1441.0 1143.0 
MOISTER: 5659 VDDA: 2.79 Vsol: 1.99 Vbat: 3.92  NTC: 18.5 18.0 17.0 23.4  SOIL: 2050.0 1438.0 1144.0 
MOISTER: 5659 VDDA: 2.79 Vsol: 1.99 Vbat: 3.92  NTC: 18.5 18.0 17.0 23.4  SOIL: 2050.0 1438.0 1144.0 
MOISTER: 5659 VDDA: 2.79 Vsol: 1.99 Vbat: 3.92  NTC: 18.5 18.0 17.0 23.4  SOIL: 2050.0 1438.0 1144.0 
MOISTER: 5659 VDDA: 2.79 Vsol: 1.99 Vbat: 3.92  NTC: 18.5 18.0 17.0 23.4  SOIL: 2050.0 1438.0 1144.0 
MOISTER: 5659 VDDA: 2.79 Vsol: 1.99 Vbat: 3.92  NTC: 18.5 18.0 17.0 23.4  SOIL: 2050.0 1438.0 1144.0 
MOISTER: 5659 VDDA: 2.79 Vsol: 1.99 Vbat: 3.92  NTC: 18.5 18.0 17.0 23.4  SOIL: 2050.0 1438.0 1144.0 
MOISTER: 5659 VDDA: 2.79 Vsol: 1.99 Vbat: 3.92  NTC: 18.5 18.0 17.0 23.4  SOIL: 2050.0 1438.0 1144.0 
MOISTER: 5659 VDDA: 2.79 Vsol: 1.99 Vbat: 3.92  NTC: 18.5 18.0 17.0 23.4  SOIL: 2050.0 1438.0 1144.0 
MOISTER: 5678 VDDA: 2.79 Vsol: 1.90 Vbat: 3.93  NTC: 19.2 18.5 17.6 24.7  SOIL: 2056.0 1439.0 1141.0 
MOISTER: 5680 VDDA: 2.79 Vsol: 1.90 Vbat: 3.93  NTC: 19.3 18.5 17.6 25.1  SOIL: 2057.0 1435.0 1143.0 
MOISTER: 5682 VDDA: 2.78 Vsol: 2.49 Vbat: 3.90  NTC: 19.4 18.6 17.7 25.4  SOIL: 2056.0 1439.0 1144.0 
MOISTER: 5684 VDDA: 2.79 Vsol: 2.01 Vbat: 3.93  NTC: 19.4 18.6 17.8 25.1  SOIL: 2050.0 1435.0 1140.0 
MOISTER: 5687 VDDA: 2.79 Vsol: 2.02 Vbat: 3.92  NTC: 19.5 18.7 17.8 25.0  SOIL: 2049.0 1435.0 1138.0 
MOISTER: 5690 VDDA: 2.79 Vsol: 2.01 Vbat: 3.93  NTC: 19.5 18.8 17.9 25.6  SOIL: 2051.0 1437.0 1141.0 
MOISTER: 5692 VDDA: 2.80 Vsol: 2.02 Vbat: 3.93  NTC: 19.6 18.8 18.0 25.4  SOIL: 2053.0 1439.0 1144.0 
MOISTER: 5693 VDDA: 2.79 Vsol: 2.01 Vbat: 3.93  NTC: 19.7 18.9 18.0 25.6  SOIL: 2048.0 1434.0 1137.0 
MOISTER: 5694 VDDA: 2.79 Vsol: 2.03 Vbat: 3.93  NTC: 19.8 19.0 18.1 25.6  SOIL: 2052.0 1435.0 1138.0 
MOISTER: 5695 VDDA: 2.79 Vsol: 2.01 Vbat: 3.93  NTC: 19.9 19.0 18.1 25.7  SOIL: 2045.0 1431.0 1135.0 
MOISTER: 5698 VDDA: 2.79 Vsol: 2.01 Vbat: 3.92  NTC: 19.9 19.1 18.2 25.7  SOIL: 2053.0 1433.0 1133.0 
MOISTER: 5699 VDDA: 2.80 Vsol: 2.04 Vbat: 3.93  NTC: 20.0 19.2 18.3 25.4  SOIL: 2052.0 1432.0 1132.0 
MOISTER: 5701 VDDA: 2.80 Vsol: 2.03 Vbat: 3.94  NTC: 20.0 19.3 18.4 25.1  SOIL: 2047.0 1437.0 1137.0 
MOISTER: 5701 VDDA: 2.80 Vsol: 2.03 Vbat: 3.94  NTC: 20.0 19.3 18.4 25.1  SOIL: 2047.0 1437.0 1137.0 
MOISTER: 5704 VDDA: 2.79 Vsol: 2.04 Vbat: 3.93  NTC: 20.2 19.4 18.6 26.2  SOIL: 2049.0 1431.0 1133.0 
MOISTER: 5704 VDDA: 2.79 Vsol: 2.04 Vbat: 3.93  NTC: 20.2 19.4 18.6 26.2  SOIL: 2049.0 1431.0 1133.0 
MOISTER: 5714 VDDA: 2.80 Vsol: 2.04 Vbat: 3.94  NTC: 20.4 19.6 18.8 27.2  SOIL: 2058.0 1435.0 1136.0 
MOISTER: 5715 VDDA: 2.79 Vsol: 2.05 Vbat: 3.94  NTC: 20.5 19.6 18.9 26.4  SOIL: 2060.0 1434.0 1133.0 
MOISTER: 5716 VDDA: 2.79 Vsol: 2.05 Vbat: 3.94  NTC: 20.5 19.7 19.0 26.2  SOIL: 2053.0 1431.0 1134.0 
MOISTER: 5717 VDDA: 2.79 Vsol: 2.05 Vbat: 3.94  NTC: 20.6 19.8 19.0 26.4  SOIL: 2055.0 1428.0 1133.0 
MOISTER: 5717 VDDA: 2.79 Vsol: 2.05 Vbat: 3.94  NTC: 20.6 19.8 19.0 26.4  SOIL: 2055.0 1428.0 1133.0 
MOISTER: 5722 VDDA: 2.80 Vsol: 2.05 Vbat: 3.95  NTC: 20.7 20.0 19.2 27.5  SOIL: 2060.0 1437.0 1133.0 
MOISTER: 5722 VDDA: 2.80 Vsol: 2.05 Vbat: 3.95  NTC: 20.7 20.0 19.2 27.5  SOIL: 2060.0 1437.0 1133.0 
MOISTER: 5730 VDDA: 2.79 Vsol: 2.04 Vbat: 3.94  NTC: 21.0 20.1 19.4 28.6  SOIL: 2064.0 1432.0 1133.0 
MOISTER: 5733 VDDA: 2.79 Vsol: 2.05 Vbat: 3.94  NTC: 21.1 20.2 19.5 27.9  SOIL: 2066.0 1432.0 1132.0 
MOISTER: 5734 VDDA: 2.79 Vsol: 2.03 Vbat: 3.95  NTC: 21.2 20.3 19.6 27.5  SOIL: 2063.0 1434.0 1128.0 
MOISTER: 5736 VDDA: 2.79 Vsol: 2.05 Vbat: 3.94  NTC: 21.2 20.4 19.7 27.1  SOIL: 2061.0 1429.0 1128.0 
MOISTER: 5739 VDDA: 2.79 Vsol: 2.05 Vbat: 3.94  NTC: 21.2 20.4 19.8 27.9  SOIL: 2059.0 1433.0 1129.0 
MOISTER: 5742 VDDA: 2.79 Vsol: 2.05 Vbat: 3.96  NTC: 21.4 20.5 19.9 28.5  SOIL: 2061.0 1433.0 1128.0 
MOISTER: 5743 VDDA: 2.80 Vsol: 2.05 Vbat: 3.96  NTC: 21.5 20.6 20.0 29.0  SOIL: 2059.0 1426.0 1128.0 
MOISTER: 5744 VDDA: 2.79 Vsol: 2.05 Vbat: 3.96  NTC: 21.6 20.7 20.1 29.1  SOIL: 2056.0 1427.0 1127.0 
MOISTER: 5747 VDDA: 2.80 Vsol: 2.06 Vbat: 3.97  NTC: 21.6 20.7 20.2 28.4  SOIL: 2052.0 1429.0 1127.0 
MOISTER: 5751 VDDA: 2.79 Vsol: 2.04 Vbat: 3.96  NTC: 21.8 20.8 20.3 30.2  SOIL: 2061.0 1435.0 1130.0 
MOISTER: 5752 VDDA: 2.79 Vsol: 2.03 Vbat: 3.95  NTC: 21.9 20.9 20.4 30.9  SOIL: 2060.0 1426.0 1124.0 
MOISTER: 5756 VDDA: 2.79 Vsol: 2.05 Vbat: 3.97  NTC: 22.1 21.0 20.5 31.1  SOIL: 2059.0 1431.0 1124.0 
MOISTER: 5757 VDDA: 2.79 Vsol: 2.04 Vbat: 3.96  NTC: 22.1 21.1 20.6 31.0  SOIL: 2055.0 1428.0 1123.0 
MOISTER: 5761 VDDA: 2.79 Vsol: 2.05 Vbat: 3.96  NTC: 22.3 21.2 20.7 30.5  SOIL: 2049.0 1424.0 1122.0 
MOISTER: 5764 VDDA: 2.79 Vsol: 2.06 Vbat: 3.97  NTC: 22.3 21.3 20.8 30.2  SOIL: 2054.0 1429.0 1124.0 
MOISTER: 5766 VDDA: 2.79 Vsol: 2.05 Vbat: 3.96  NTC: 22.5 21.3 20.9 31.0  SOIL: 2057.0 1426.0 1124.0 
MOISTER: 5768 VDDA: 2.80 Vsol: 2.06 Vbat: 3.98  NTC: 22.5 21.4 21.0 29.9  SOIL: 2055.0 1428.0 1123.0 
MOISTER: 5769 VDDA: 2.79 Vsol: 2.05 Vbat: 3.97  NTC: 22.6 21.6 21.1 30.1  SOIL: 2050.0 1426.0 1120.0 
MOISTER: 5771 VDDA: 2.79 Vsol: 2.04 Vbat: 3.97  NTC: 22.6 21.6 21.2 31.2  SOIL: 2053.0 1425.0 1125.0 
MOISTER: 5773 VDDA: 2.79 Vsol: 2.05 Vbat: 3.98  NTC: 22.7 21.7 21.3 30.4  SOIL: 2040.0 1425.0 1118.0 
MOISTER: 5776 VDDA: 2.79 Vsol: 2.06 Vbat: 3.97  NTC: 22.8 21.8 21.4 30.2  SOIL: 2050.0 1434.0 1116.0 
MOISTER: 5777 VDDA: 2.79 Vsol: 2.05 Vbat: 3.97  NTC: 23.1 21.9 21.5 30.6  SOIL: 2046.0 1423.0 1119.0 
MOISTER: 5779 VDDA: 2.80 Vsol: 2.05 Vbat: 3.98  NTC: 23.0 22.0 21.6 30.5  SOIL: 2046.0 1428.0 1116.0 
MOISTER: 5780 VDDA: 2.80 Vsol: 2.06 Vbat: 3.99  NTC: 23.0 22.1 21.7 29.9  SOIL: 2053.0 1426.0 1118.0 
MOISTER: 5781 VDDA: 2.79 Vsol: 2.07 Vbat: 3.97  NTC: 23.1 22.2 21.8 29.2  SOIL: 2058.0 1423.0 1116.0 
MOISTER: 5782 VDDA: 2.79 Vsol: 2.05 Vbat: 3.98  NTC: 23.1 22.3 21.9 29.6  SOIL: 2052.0 1424.0 1118.0 
MOISTER: 5783 VDDA: 2.79 Vsol: 2.05 Vbat: 3.98  NTC: 23.2 22.4 22.0 30.1  SOIL: 2049.0 1421.0 1110.0 
MOISTER: 5785 VDDA: 2.79 Vsol: 2.05 Vbat: 3.99  NTC: 23.3 22.4 22.1 30.5  SOIL: 2046.0 1426.0 1116.0 
MOISTER: 5786 VDDA: 2.79 Vsol: 2.04 Vbat: 3.99  NTC: 23.4 22.5 22.2 31.4  SOIL: 2057.0 1423.0 1112.0 
MOISTER: 5787 VDDA: 2.79 Vsol: 2.03 Vbat: 3.99  NTC: 23.4 22.5 22.2 31.0  SOIL: 2050.0 1423.0 1110.0 
MOISTER: 5788 VDDA: 2.79 Vsol: 2.04 Vbat: 4.00  NTC: 23.5 22.6 22.3 30.5  SOIL: 2051.0 1420.0 1115.0 
MOISTER: 5790 VDDA: 2.79 Vsol: 2.04 Vbat: 3.99  NTC: 23.5 22.7 22.4 31.5  SOIL: 2059.0 1423.0 1115.0 
MOISTER: 5791 VDDA: 2.79 Vsol: 2.03 Vbat: 4.00  NTC: 23.7 22.7 22.4 32.7  SOIL: 2051.0 1423.0 1114.0 
MOISTER: 5792 VDDA: 2.79 Vsol: 2.02 Vbat: 3.99  NTC: 23.8 22.7 22.5 33.1  SOIL: 2050.0 1422.0 1116.0 
MOISTER: 5795 VDDA: 2.80 Vsol: 2.03 Vbat: 3.99  NTC: 23.9 22.8 22.6 33.4  SOIL: 2048.0 1419.0 1115.0 
MOISTER: 5796 VDDA: 2.79 Vsol: 2.04 Vbat: 4.00  NTC: 24.0 22.9 22.7 32.8  SOIL: 2059.0 1420.0 1115.0 
MOISTER: 5798 VDDA: 2.79 Vsol: 2.04 Vbat: 4.00  NTC: 24.1 23.0 22.8 32.4  SOIL: 2050.0 1424.0 1112.0 
MOISTER: 5800 VDDA: 2.79 Vsol: 2.02 Vbat: 4.00  NTC: 24.2 23.1 22.9 33.0  SOIL: 2043.0 1422.0 1113.0 
MOISTER: 5801 VDDA: 2.79 Vsol: 2.03 Vbat: 4.00  NTC: 24.3 23.1 23.0 33.6  SOIL: 2043.0 1415.0 1114.0 
MOISTER: 5804 VDDA: 2.79 Vsol: 2.03 Vbat: 4.00  NTC: 24.4 23.3 23.2 33.7  SOIL: 2050.0 1415.0 1109.0 
MOISTER: 5805 VDDA: 2.78 Vsol: 2.02 Vbat: 4.01  NTC: 24.6 23.4 23.2 33.4  SOIL: 2048.0 1414.0 1109.0 
MOISTER: 5806 VDDA: 2.80 Vsol: 2.04 Vbat: 4.01  NTC: 24.6 23.5 23.3 33.0  SOIL: 2046.0 1419.0 1105.0 
MOISTER: 5807 VDDA: 2.78 Vsol: 2.03 Vbat: 4.00  NTC: 24.7 23.5 23.4 32.3  SOIL: 2051.0 1419.0 1108.0 
MOISTER: 5810 VDDA: 2.79 Vsol: 2.04 Vbat: 4.01  NTC: 24.8 23.6 23.5 32.6  SOIL: 2048.0 1415.0 1107.0 
MOISTER: 5811 VDDA: 2.80 Vsol: 2.03 Vbat: 4.01  NTC: 24.8 23.6 23.6 33.1  SOIL: 2047.0 1411.0 1104.0 
MOISTER: 5813 VDDA: 2.79 Vsol: 2.04 Vbat: 4.02  NTC: 24.9 23.8 23.7 32.5  SOIL: 2048.0 1416.0 1107.0 
MOISTER: 5815 VDDA: 2.79 Vsol: 2.04 Vbat: 4.02  NTC: 25.0 23.9 23.8 32.7  SOIL: 2044.0 1411.0 1106.0 
MOISTER: 5816 VDDA: 2.79 Vsol: 2.05 Vbat: 4.02  NTC: 25.1 24.0 23.9 32.3  SOIL: 2047.0 1414.0 1104.0 
MOISTER: 5817 VDDA: 2.79 Vsol: 2.06 Vbat: 4.02  NTC: 25.2 24.0 24.0 31.9  SOIL: 2047.0 1413.0 1100.0 
MOISTER: 5817 VDDA: 2.79 Vsol: 2.06 Vbat: 4.02  NTC: 25.2 24.0 24.0 31.9  SOIL: 2047.0 1413.0 1100.0 
MOISTER: 5825 VDDA: 2.79 Vsol: 2.07 Vbat: 4.02  NTC: 25.3 24.3 24.3 33.0  SOIL: 2050.0 1414.0 1103.0 
MOISTER: 5825 VDDA: 2.79 Vsol: 2.07 Vbat: 4.02  NTC: 25.3 24.3 24.3 33.0  SOIL: 2050.0 1414.0 1103.0 
MOISTER: 5825 VDDA: 2.79 Vsol: 2.07 Vbat: 4.02  NTC: 25.3 24.3 24.3 33.0  SOIL: 2050.0 1414.0 1103.0 
MOISTER: 5832 VDDA: 2.79 Vsol: 2.08 Vbat: 4.04  NTC: 25.6 24.6 24.6 33.0  SOIL: 2053.0 1405.0 1094.0 
MOISTER: 5835 VDDA: 2.80 Vsol: 2.07 Vbat: 4.03  NTC: 25.7 24.8 24.8 32.5  SOIL: 2054.0 1418.0 1099.0 
MOISTER: 5836 VDDA: 2.79 Vsol: 2.07 Vbat: 4.03  NTC: 25.7 24.9 24.8 32.3  SOIL: 2048.0 1409.0 1098.0 
MOISTER: 5837 VDDA: 2.79 Vsol: 2.07 Vbat: 4.03  NTC: 25.8 24.9 25.0 33.4  SOIL: 2046.0 1414.0 1096.0 
MOISTER: 5837 VDDA: 2.79 Vsol: 2.07 Vbat: 4.03  NTC: 25.8 24.9 25.0 33.4  SOIL: 2046.0 1414.0 1096.0 
MOISTER: 5841 VDDA: 2.79 Vsol: 2.08 Vbat: 4.04  NTC: 26.0 25.1 25.2 33.9  SOIL: 2050.0 1416.0 1098.0 
MOISTER: 5842 VDDA: 2.80 Vsol: 2.07 Vbat: 4.04  NTC: 26.1 25.2 25.2 35.1  SOIL: 2055.0 1411.0 1093.0 
MOISTER: 5843 VDDA: 2.79 Vsol: 2.06 Vbat: 4.05  NTC: 26.2 25.3 25.3 35.4  SOIL: 2038.0 1408.0 1098.0 
MOISTER: 5844 VDDA: 2.79 Vsol: 2.07 Vbat: 4.04  NTC: 26.3 25.3 25.3 34.7  SOIL: 2047.0 1413.0 1099.0 
MOISTER: 5845 VDDA: 2.80 Vsol: 2.06 Vbat: 4.05  NTC: 26.3 25.5 25.4 33.8  SOIL: 2058.0 1416.0 1100.0 
MOISTER: 5846 VDDA: 2.79 Vsol: 2.08 Vbat: 4.05  NTC: 26.3 25.5 25.5 33.5  SOIL: 2061.0 1406.0 1094.0 
MOISTER: 5848 VDDA: 2.80 Vsol: 2.07 Vbat: 4.06  NTC: 26.4 25.6 25.6 33.8  SOIL: 2040.0 1411.0 1095.0 
MOISTER: 5849 VDDA: 2.80 Vsol: 2.06 Vbat: 4.05  NTC: 26.5 25.6 25.7 33.9  SOIL: 2052.0 1406.0 1088.0 
MOISTER: 5850 VDDA: 2.80 Vsol: 2.06 Vbat: 4.06  NTC: 26.5 25.7 25.8 33.4  SOIL: 2051.0 1404.0 1094.0 
MOISTER: 5851 VDDA: 2.80 Vsol: 2.06 Vbat: 4.05  NTC: 26.5 25.7 25.8 33.8  SOIL: 2057.0 1411.0 1087.0 
MOISTER: 5852 VDDA: 2.78 Vsol: 2.03 Vbat: 4.04  NTC: 26.6 25.8 25.9 33.4  SOIL: 2058.0 1404.0 1090.0 
MOISTER: 5853 VDDA: 2.79 Vsol: 2.03 Vbat: 4.05  NTC: 26.7 25.8 25.9 33.3  SOIL: 2044.0 1406.0 1094.0 
MOISTER: 5854 VDDA: 2.79 Vsol: 2.02 Vbat: 4.05  NTC: 26.7 25.9 26.0 34.2  SOIL: 2049.0 1412.0 1092.0 
MOISTER: 5855 VDDA: 2.80 Vsol: 2.04 Vbat: 4.05  NTC: 26.7 25.9 26.0 33.4  SOIL: 2056.0 1411.0 1089.0 
MOISTER: 5856 VDDA: 2.78 Vsol: 2.03 Vbat: 4.05  NTC: 26.7 26.0 26.1 33.6  SOIL: 2053.0 1403.0 1093.0 
MOISTER: 5857 VDDA: 2.80 Vsol: 2.03 Vbat: 4.06  NTC: 26.8 26.0 26.2 33.7  SOIL: 2045.0 1403.0 1089.0 
MOISTER: 5858 VDDA: 2.79 Vsol: 2.03 Vbat: 4.06  NTC: 26.8 26.1 26.2 32.9  SOIL: 2057.0 1412.0 1090.0 
MOISTER: 5859 VDDA: 2.79 Vsol: 2.05 Vbat: 4.06  NTC: 26.8 26.1 26.3 32.1  SOIL: 2053.0 1412.0 1090.0 
MOISTER: 5860 VDDA: 2.79 Vsol: 2.04 Vbat: 4.06  NTC: 26.8 26.2 26.4 32.0  SOIL: 2063.0 1416.0 1094.0 
MOISTER: 5861 VDDA: 2.79 Vsol: 2.04 Vbat: 4.06  NTC: 26.8 26.2 26.4 32.3  SOIL: 2055.0 1406.0 1086.0 
MOISTER: 5863 VDDA: 2.79 Vsol: 2.04 Vbat: 4.06  NTC: 26.8 26.4 26.5 31.7  SOIL: 2054.0 1416.0 1089.0 
MOISTER: 5865 VDDA: 2.79 Vsol: 2.05 Vbat: 4.06  NTC: 26.8 26.4 26.6 31.4  SOIL: 2061.0 1411.0 1095.0 
MOISTER: 5866 VDDA: 2.79 Vsol: 2.05 Vbat: 4.07  NTC: 26.8 26.4 26.6 31.1  SOIL: 2058.0 1411.0 1090.0 
MOISTER: 5867 VDDA: 2.79 Vsol: 2.04 Vbat: 4.07  NTC: 26.9 26.5 26.6 31.5  SOIL: 2061.0 1404.0 1085.0 
MOISTER: 5868 VDDA: 2.78 Vsol: 2.05 Vbat: 4.06  NTC: 26.8 26.5 26.7 31.9  SOIL: 2066.0 1409.0 1088.0 
MOISTER: 5869 VDDA: 2.79 Vsol: 2.04 Vbat: 4.07  NTC: 26.8 26.5 26.7 31.4  SOIL: 2062.0 1410.0 1089.0 
MOISTER: 5870 VDDA: 2.79 Vsol: 2.05 Vbat: 4.07  NTC: 26.9 26.6 26.7 30.8  SOIL: 2066.0 1419.0 1090.0 
MOISTER: 5872 VDDA: 2.79 Vsol: 2.05 Vbat: 4.07  NTC: 26.8 26.6 26.8 30.5  SOIL: 2062.0 1410.0 1092.0 
MOISTER: 5873 VDDA: 2.79 Vsol: 2.05 Vbat: 4.07  NTC: 26.8 26.7 26.8 30.6  SOIL: 2074.0 1409.0 1088.0 
MOISTER: 5874 VDDA: 2.79 Vsol: 2.06 Vbat: 4.08  NTC: 26.8 26.7 26.9 30.5  SOIL: 2069.0 1407.0 1093.0 
MOISTER: 5875 VDDA: 2.80 Vsol: 2.05 Vbat: 4.09  NTC: 26.8 26.8 26.9 30.1  SOIL: 2071.0 1416.0 1095.0 
MOISTER: 5877 VDDA: 2.79 Vsol: 2.06 Vbat: 4.08  NTC: 26.8 26.8 26.9 30.6  SOIL: 2070.0 1414.0 1093.0 
MOISTER: 5878 VDDA: 2.78 Vsol: 2.04 Vbat: 4.08  NTC: 26.7 26.8 26.9 30.1  SOIL: 2062.0 1416.0 1092.0 
MOISTER: 5879 VDDA: 2.79 Vsol: 2.06 Vbat: 4.09  NTC: 26.7 26.8 26.9 30.1  SOIL: 2078.0 1413.0 1089.0 
MOISTER: 5881 VDDA: 2.80 Vsol: 2.06 Vbat: 4.09  NTC: 26.7 26.8 26.9 30.2  SOIL: 2061.0 1417.0 1089.0 
MOISTER: 5882 VDDA: 2.80 Vsol: 2.06 Vbat: 4.09  NTC: 26.6 26.7 26.9 30.8  SOIL: 2063.0 1406.0 1091.0 
MOISTER: 5883 VDDA: 2.80 Vsol: 2.05 Vbat: 4.09  NTC: 26.6 26.7 26.9 30.5  SOIL: 2067.0 1412.0 1085.0 
MOISTER: 5883 VDDA: 2.80 Vsol: 2.05 Vbat: 4.09  NTC: 26.6 26.7 26.9 30.5  SOIL: 2067.0 1412.0 1085.0 
MOISTER: 5887 VDDA: 2.79 Vsol: 2.04 Vbat: 4.08  NTC: 26.6 26.6 26.9 33.0  SOIL: 2058.0 1422.0 1096.0 
MOISTER: 5888 VDDA: 2.79 Vsol: 2.04 Vbat: 4.08  NTC: 26.7 26.6 26.8 32.4  SOIL: 2064.0 1415.0 1090.0 
MOISTER: 5888 VDDA: 2.79 Vsol: 2.04 Vbat: 4.08  NTC: 26.7 26.6 26.8 32.4  SOIL: 2064.0 1415.0 1090.0 
MOISTER: 5890 VDDA: 2.79 Vsol: 2.02 Vbat: 4.09  NTC: 26.7 26.6 26.9 33.1  SOIL: 2069.0 1405.0 1090.0 
MOISTER: 5892 VDDA: 2.79 Vsol: 2.02 Vbat: 4.08  NTC: 26.8 26.6 26.9 33.6  SOIL: 2056.0 1408.0 1093.0 
MOISTER: 5893 VDDA: 2.80 Vsol: 2.04 Vbat: 4.10  NTC: 26.8 26.6 26.9 33.8  SOIL: 2051.0 1405.0 1084.0 
MOISTER: 5896 VDDA: 2.79 Vsol: 2.03 Vbat: 4.07  NTC: 26.9 26.6 26.9 33.3  SOIL: 2055.0 1407.0 1090.0 
MOISTER: 5897 VDDA: 2.79 Vsol: 2.04 Vbat: 4.09  NTC: 26.9 26.7 27.0 32.9  SOIL: 2058.0 1409.0 1093.0 
MOISTER: 5898 VDDA: 2.79 Vsol: 2.02 Vbat: 4.08  NTC: 26.9 26.7 27.0 33.2  SOIL: 2062.0 1406.0 1087.0 
MOISTER: 5898 VDDA: 2.79 Vsol: 2.02 Vbat: 4.08  NTC: 26.9 26.7 27.0 33.2  SOIL: 2062.0 1406.0 1087.0 
MOISTER: 5899 VDDA: 2.79 Vsol: 2.04 Vbat: 4.09  NTC: 27.0 26.9 27.1 31.3  SOIL: 2085.0 1412.0 1090.0 
MOISTER: 5900 VDDA: 2.79 Vsol: 2.04 Vbat: 4.09  NTC: 26.9 26.9 27.2 31.0  SOIL: 2063.0 1405.0 1091.0 
MOISTER: 5900 VDDA: 2.79 Vsol: 2.04 Vbat: 4.09  NTC: 26.9 26.9 27.2 31.0  SOIL: 2063.0 1405.0 1091.0 
MOISTER: 5900 VDDA: 2.79 Vsol: 2.04 Vbat: 4.09  NTC: 26.9 26.9 27.2 31.0  SOIL: 2063.0 1405.0 1091.0 
MOISTER: 5907 VDDA: 2.80 Vsol: 2.02 Vbat: 4.09  NTC: 27.0 26.9 27.3 32.5  SOIL: 2052.0 1402.0 1086.0 
MOISTER: 5907 VDDA: 2.80 Vsol: 2.02 Vbat: 4.09  NTC: 27.0 26.9 27.3 32.5  SOIL: 2052.0 1402.0 1086.0 
MOISTER: 5907 VDDA: 2.80 Vsol: 2.02 Vbat: 4.09  NTC: 27.0 26.9 27.3 32.5  SOIL: 2052.0 1402.0 1086.0 
MOISTER: 5907 VDDA: 2.80 Vsol: 2.02 Vbat: 4.09  NTC: 27.0 26.9 27.3 32.5  SOIL: 2052.0 1402.0 1086.0 
MOISTER: 5921 VDDA: 2.79 Vsol: 2.03 Vbat: 4.08  NTC: 27.2 26.9 27.4 33.6  SOIL: 2052.0 1408.0 1083.0 
MOISTER: 5922 VDDA: 2.80 Vsol: 2.04 Vbat: 4.09  NTC: 27.2 27.0 27.5 32.6  SOIL: 2069.0 1408.0 1081.0 
MOISTER: 5923 VDDA: 2.80 Vsol: 2.03 Vbat: 4.09  NTC: 27.2 27.1 27.5 31.1  SOIL: 2078.0 1416.0 1091.0 
MOISTER: 5923 VDDA: 2.80 Vsol: 2.03 Vbat: 4.09  NTC: 27.2 27.1 27.5 31.1  SOIL: 2078.0 1416.0 1091.0 
MOISTER: 5934 VDDA: 2.79 Vsol: 2.02 Vbat: 4.08  NTC: 27.2 27.1 27.6 32.0  SOIL: 2062.0 1404.0 1090.0 
MOISTER: 5934 VDDA: 2.79 Vsol: 2.02 Vbat: 4.08  NTC: 27.2 27.1 27.6 32.0  SOIL: 2062.0 1404.0 1090.0 
MOISTER: 5934 VDDA: 2.79 Vsol: 2.02 Vbat: 4.08  NTC: 27.2 27.1 27.6 32.0  SOIL: 2062.0 1404.0 1090.0 
MOISTER: 5934 VDDA: 2.79 Vsol: 2.02 Vbat: 4.08  NTC: 27.2 27.1 27.6 32.0  SOIL: 2062.0 1404.0 1090.0 
MOISTER: 5934 VDDA: 2.79 Vsol: 2.02 Vbat: 4.08  NTC: 27.2 27.1 27.6 32.0  SOIL: 2062.0 1404.0 1090.0 
MOISTER: 5949 VDDA: 2.79 Vsol: 2.02 Vbat: 4.07  NTC: 27.2 27.2 27.7 31.8  SOIL: 2063.0 1405.0 1085.0 
MOISTER: 5949 VDDA: 2.79 Vsol: 2.02 Vbat: 4.07  NTC: 27.2 27.2 27.7 31.8  SOIL: 2063.0 1405.0 1085.0 
MOISTER: 5949 VDDA: 2.79 Vsol: 2.02 Vbat: 4.07  NTC: 27.2 27.2 27.7 31.8  SOIL: 2063.0 1405.0 1085.0 
MOISTER: 5959 VDDA: 2.78 Vsol: 2.03 Vbat: 4.09  NTC: 27.2 27.3 27.8 31.2  SOIL: 2066.0 1404.0 1086.0 
MOISTER: 5959 VDDA: 2.78 Vsol: 2.03 Vbat: 4.09  NTC: 27.2 27.3 27.8 31.2  SOIL: 2066.0 1404.0 1086.0 
MOISTER: 5967 VDDA: 2.80 Vsol: 2.03 Vbat: 4.09  NTC: 27.2 27.3 27.7 30.9  SOIL: 2063.0 1411.0 1089.0 
MOISTER: 5968 VDDA: 2.79 Vsol: 2.02 Vbat: 4.09  NTC: 27.1 27.3 27.7 31.0  SOIL: 2069.0 1407.0 1089.0 
MOISTER: 5970 VDDA: 2.80 Vsol: 1.90 Vbat: 4.09  NTC: 27.1 27.2 27.6 30.3  SOIL: 2078.0 1414.0 1095.0 
MOISTER: 5971 VDDA: 2.79 Vsol: 1.82 Vbat: 4.07  NTC: 27.0 27.2 27.6 29.1  SOIL: 2088.0 1419.0 1096.0 
MOISTER: 5972 VDDA: 2.79 Vsol: 1.73 Vbat: 4.08  NTC: 26.8 27.1 27.5 28.1  SOIL: 2096.0 1427.0 1101.0 
MOISTER: 5973 VDDA: 2.79 Vsol: 1.64 Vbat: 4.07  NTC: 26.8 27.0 27.5 27.5  SOIL: 2097.0 1428.0 1097.0 
MOISTER: 5974 VDDA: 2.79 Vsol: 1.55 Vbat: 4.08  NTC: 26.6 27.0 27.4 25.5  SOIL: 2103.0 1427.0 1099.0 
MOISTER: 5975 VDDA: 2.79 Vsol: 1.54 Vbat: 4.07  NTC: 26.4 26.9 27.3 24.3  SOIL: 2101.0 1431.0 1105.0 
MOISTER: 5976 VDDA: 2.79 Vsol: 1.54 Vbat: 4.08  NTC: 26.2 26.9 27.2 23.8  SOIL: 2098.0 1436.0 1097.0 
MOISTER: 5977 VDDA: 2.79 Vsol: 1.54 Vbat: 4.07  NTC: 26.0 26.8 27.1 23.6  SOIL: 2096.0 1435.0 1098.0 
MOISTER: 5978 VDDA: 2.79 Vsol: 1.95 Vbat: 4.07  NTC: 25.9 26.8 27.0 23.6  SOIL: 2097.0 1439.0 1104.0 
MOISTER: 5979 VDDA: 2.79 Vsol: 1.54 Vbat: 4.07  NTC: 25.7 26.6 26.9 23.2  SOIL: 2100.0 1437.0 1104.0 
MOISTER: 5983 VDDA: 2.79 Vsol: 1.54 Vbat: 4.07  NTC: 25.5 26.5 26.7 23.2  SOIL: 2094.0 1430.0 1104.0 
MOISTER: 5984 VDDA: 2.78 Vsol: 1.53 Vbat: 4.07  NTC: 25.4 26.4 26.6 23.0  SOIL: 2103.0 1435.0 1101.0 
MOISTER: 5985 VDDA: 2.79 Vsol: 1.53 Vbat: 4.08  NTC: 25.3 26.3 26.6 22.9  SOIL: 2096.0 1433.0 1101.0 
MOISTER: 5987 VDDA: 2.79 Vsol: 1.53 Vbat: 4.08  NTC: 25.2 26.2 26.5 22.7  SOIL: 2090.0 1438.0 1106.0 
MOISTER: 5989 VDDA: 2.79 Vsol: 1.53 Vbat: 4.06  NTC: 25.0 26.1 26.4 22.9  SOIL: 2099.0 1437.0 1109.0 
MOISTER: 5990 VDDA: 2.79 Vsol: 1.52 Vbat: 4.08  NTC: 24.9 26.1 26.3 22.9  SOIL: 2094.0 1433.0 1104.0 
MOISTER: 5991 VDDA: 2.79 Vsol: 1.53 Vbat: 4.08  NTC: 24.8 26.0 26.2 23.0  SOIL: 2097.0 1436.0 1101.0 
MOISTER: 5994 VDDA: 2.79 Vsol: 1.52 Vbat: 4.07  NTC: 24.6 25.9 26.1 23.0  SOIL: 2091.0 1437.0 1105.0 
MOISTER: 5996 VDDA: 2.78 Vsol: 1.52 Vbat: 4.06  NTC: 24.5 25.8 25.9 22.8  SOIL: 2095.0 1433.0 1105.0 
MOISTER: 6000 VDDA: 2.80 Vsol: 1.52 Vbat: 4.08  NTC: 24.3 25.7 25.8 22.9  SOIL: 2097.0 1433.0 1106.0 
MOISTER: 6002 VDDA: 2.79 Vsol: 1.92 Vbat: 4.07  NTC: 24.3 25.6 25.7 22.9  SOIL: 2099.0 1429.0 1111.0 
MOISTER: 6003 VDDA: 2.79 Vsol: 1.51 Vbat: 4.08  NTC: 24.2 25.5 25.7 22.9  SOIL: 2099.0 1431.0 1108.0 
MOISTER: 6005 VDDA: 2.79 Vsol: 1.51 Vbat: 4.07  NTC: 24.1 25.5 25.5 22.7  SOIL: 2101.0 1440.0 1110.0 
MOISTER: 6005 VDDA: 2.79 Vsol: 1.51 Vbat: 4.07  NTC: 24.1 25.5 25.5 22.7  SOIL: 2101.0 1440.0 1110.0 
MOISTER: 6005 VDDA: 2.79 Vsol: 1.51 Vbat: 4.07  NTC: 24.1 25.5 25.5 22.7  SOIL: 2101.0 1440.0 1110.0 
MOISTER: 6009 VDDA: 2.79 Vsol: 1.51 Vbat: 4.07  NTC: 23.8 25.3 25.2 22.6  SOIL: 2108.0 1432.0 1106.0 
MOISTER: 6009 VDDA: 2.79 Vsol: 1.51 Vbat: 4.07  NTC: 23.8 25.3 25.2 22.6  SOIL: 2108.0 1432.0 1106.0 
MOISTER: 6009 VDDA: 2.79 Vsol: 1.51 Vbat: 4.07  NTC: 23.8 25.3 25.2 22.6  SOIL: 2108.0 1432.0 1106.0 
MOISTER: 6010 VDDA: 2.79 Vsol: 1.50 Vbat: 4.08  NTC: 23.4 24.9 24.9 22.7  SOIL: 2116.0 1438.0 1112.0 
MOISTER: 6010 VDDA: 2.79 Vsol: 1.50 Vbat: 4.08  NTC: 23.4 24.9 24.9 22.7  SOIL: 2116.0 1438.0 1112.0 
MOISTER: 6010 VDDA: 2.79 Vsol: 1.50 Vbat: 4.08  NTC: 23.4 24.9 24.9 22.7  SOIL: 2116.0 1438.0 1112.0 
MOISTER: 6010 VDDA: 2.79 Vsol: 1.50 Vbat: 4.08  NTC: 23.4 24.9 24.9 22.7  SOIL: 2116.0 1438.0 1112.0 
MOISTER: 6010 VDDA: 2.79 Vsol: 1.50 Vbat: 4.08  NTC: 23.4 24.9 24.9 22.7  SOIL: 2116.0 1438.0 1112.0 
MOISTER: 6010 VDDA: 2.79 Vsol: 1.50 Vbat: 4.08  NTC: 23.4 24.9 24.9 22.7  SOIL: 2116.0 1438.0 1112.0 
MOISTER: 6010 VDDA: 2.79 Vsol: 1.50 Vbat: 4.08  NTC: 23.4 24.9 24.9 22.7  SOIL: 2116.0 1438.0 1112.0 
MOISTER: 6013 VDDA: 2.79 Vsol: 1.49 Vbat: 4.07  NTC: 22.8 24.2 24.1 22.6  SOIL: 2111.0 1433.0 1117.0 
MOISTER: 6013 VDDA: 2.79 Vsol: 1.49 Vbat: 4.07  NTC: 22.8 24.2 24.1 22.6  SOIL: 2111.0 1433.0 1117.0 
MOISTER: 6013 VDDA: 2.79 Vsol: 1.49 Vbat: 4.07  NTC: 22.8 24.2 24.1 22.6  SOIL: 2111.0 1433.0 1117.0 
MOISTER: 6013 VDDA: 2.79 Vsol: 1.49 Vbat: 4.07  NTC: 22.8 24.2 24.1 22.6  SOIL: 2111.0 1433.0 1117.0 
MOISTER: 6013 VDDA: 2.79 Vsol: 1.49 Vbat: 4.07  NTC: 22.8 24.2 24.1 22.6  SOIL: 2111.0 1433.0 1117.0 
MOISTER: 6013 VDDA: 2.79 Vsol: 1.49 Vbat: 4.07  NTC: 22.8 24.2 24.1 22.6  SOIL: 2111.0 1433.0 1117.0 
MOISTER: 6013 VDDA: 2.79 Vsol: 1.49 Vbat: 4.07  NTC: 22.8 24.2 24.1 22.6  SOIL: 2111.0 1433.0 1117.0 
MOISTER: 6015 VDDA: 2.79 Vsol: 1.49 Vbat: 4.07  NTC: 22.3 23.6 23.4 22.8  SOIL: 2119.0 1429.0 1113.0 
MOISTER: 6016 VDDA: 2.80 Vsol: 1.48 Vbat: 4.08  NTC: 22.2 23.5 23.3 22.9  SOIL: 2104.0 1426.0 1110.0 
MOISTER: 6017 VDDA: 2.79 Vsol: 1.48 Vbat: 4.07  NTC: 22.2 23.5 23.3 23.1  SOIL: 2113.0 1432.0 1114.0 
MOISTER: 6017 VDDA: 2.79 Vsol: 1.48 Vbat: 4.07  NTC: 22.2 23.5 23.3 23.1  SOIL: 2113.0 1432.0 1114.0 
MOISTER: 6026 VDDA: 2.79 Vsol: 1.48 Vbat: 4.05  NTC: 22.1 23.4 23.1 23.2  SOIL: 2112.0 1437.0 1119.0 
MOISTER: 6027 VDDA: 2.79 Vsol: 1.48 Vbat: 4.07  NTC: 22.0 23.4 23.1 23.1  SOIL: 2115.0 1431.0 1116.0 
MOISTER: 6028 VDDA: 2.79 Vsol: 1.48 Vbat: 4.07  NTC: 22.0 23.3 23.0 22.9  SOIL: 2119.0 1430.0 1118.0 
MOISTER: 6030 VDDA: 2.80 Vsol: 1.48 Vbat: 4.07  NTC: 22.0 23.3 23.0 23.1  SOIL: 2117.0 1433.0 1115.0 
MOISTER: 6030 VDDA: 2.80 Vsol: 1.48 Vbat: 4.07  NTC: 22.0 23.3 23.0 23.1  SOIL: 2117.0 1433.0 1115.0 
MOISTER: 6036 VDDA: 2.79 Vsol: 1.48 Vbat: 4.07  NTC: 21.9 23.1 22.8 23.2  SOIL: 2107.0 1434.0 1121.0 
MOISTER: 6037 VDDA: 2.79 Vsol: 1.48 Vbat: 4.06  NTC: 21.9 23.1 22.8 23.1  SOIL: 2112.0 1431.0 1118.0 
MOISTER: 6038 VDDA: 2.79 Vsol: 1.48 Vbat: 4.05  NTC: 21.9 23.1 22.8 23.1  SOIL: 2117.0 1430.0 1118.0 
MOISTER: 6040 VDDA: 2.79 Vsol: 1.47 Vbat: 4.08  NTC: 21.9 23.1 22.7 22.9  SOIL: 2116.0 1434.0 1120.0 
MOISTER: 6040 VDDA: 2.79 Vsol: 1.47 Vbat: 4.08  NTC: 21.9 23.1 22.7 22.9  SOIL: 2116.0 1434.0 1120.0 
MOISTER: 6047 VDDA: 2.79 Vsol: 1.48 Vbat: 4.07  NTC: 21.8 23.0 22.6 23.2  SOIL: 2113.0 1437.0 1121.0 
MOISTER: 6048 VDDA: 2.79 Vsol: 1.48 Vbat: 4.04  NTC: 21.8 22.9 22.5 23.1  SOIL: 2121.0 1437.0 1121.0 
MOISTER: 6049 VDDA: 2.79 Vsol: 1.48 Vbat: 4.08  NTC: 21.8 22.9 22.5 23.1  SOIL: 2122.0 1431.0 1121.0 
MOISTER: 6053 VDDA: 2.79 Vsol: 1.48 Vbat: 4.07  NTC: 21.7 22.8 22.4 23.3  SOIL: 2116.0 1435.0 1120.0 
MOISTER: 6056 VDDA: 2.80 Vsol: 1.47 Vbat: 4.07  NTC: 21.7 22.8 22.4 23.5  SOIL: 2118.0 1436.0 1124.0 
MOISTER: 6057 VDDA: 2.80 Vsol: 1.48 Vbat: 4.08  NTC: 21.7 22.7 22.4 23.2  SOIL: 2109.0 1432.0 1121.0 
MOISTER: 6058 VDDA: 2.79 Vsol: 1.48 Vbat: 4.06  NTC: 21.7 22.7 22.4 23.1  SOIL: 2122.0 1433.0 1121.0 
MOISTER: 6059 VDDA: 2.79 Vsol: 1.47 Vbat: 4.07  NTC: 21.6 22.7 22.3 23.1  SOIL: 2131.0 1435.0 1118.0 
MOISTER: 6060 VDDA: 2.79 Vsol: 1.47 Vbat: 4.08  NTC: 21.6 22.7 22.3 23.1  SOIL: 2120.0 1434.0 1122.0 
MOISTER: 6061 VDDA: 2.79 Vsol: 1.48 Vbat: 4.06  NTC: 21.6 22.6 22.3 23.0  SOIL: 2118.0 1437.0 1128.0 
MOISTER: 6062 VDDA: 2.79 Vsol: 1.48 Vbat: 4.07  NTC: 21.6 22.6 22.2 23.0  SOIL: 2122.0 1432.0 1120.0 
MOISTER: 6063 VDDA: 2.79 Vsol: 1.48 Vbat: 4.07  NTC: 21.6 22.6 22.2 23.0  SOIL: 2116.0 1432.0 1127.0 
MOISTER: 6064 VDDA: 2.79 Vsol: 1.48 Vbat: 4.07  NTC: 21.5 22.6 22.2 23.1  SOIL: 2124.0 1430.0 1122.0 
MOISTER: 6066 VDDA: 2.79 Vsol: 1.47 Vbat: 4.08  NTC: 21.5 22.5 22.1 23.2  SOIL: 2117.0 1433.0 1122.0 
MOISTER: 6067 VDDA: 2.78 Vsol: 1.47 Vbat: 4.08  NTC: 21.4 22.4 22.1 23.2  SOIL: 2120.0 1436.0 1121.0 
MOISTER: 6068 VDDA: 2.79 Vsol: 1.48 Vbat: 4.06  NTC: 21.4 22.4 22.0 23.1  SOIL: 2128.0 1439.0 1124.0 
MOISTER: 6069 VDDA: 2.79 Vsol: 1.48 Vbat: 4.05  NTC: 21.4 22.4 22.0 23.1  SOIL: 2122.0 1433.0 1125.0 
MOISTER: 6070 VDDA: 2.79 Vsol: 1.48 Vbat: 4.06  NTC: 21.4 22.4 22.0 23.1  SOIL: 2125.0 1431.0 1123.0 
MOISTER: 6071 VDDA: 2.79 Vsol: 1.48 Vbat: 4.05  NTC: 21.3 22.3 21.9 23.1  SOIL: 2121.0 1435.0 1124.0 
MOISTER: 6073 VDDA: 2.79 Vsol: 1.48 Vbat: 4.04  NTC: 21.3 22.3 21.9 23.1  SOIL: 2125.0 1438.0 1126.0 
MOISTER: 6076 VDDA: 2.80 Vsol: 1.48 Vbat: 4.08  NTC: 21.3 22.2 21.8 23.2  SOIL: 2116.0 1435.0 1126.0 
MOISTER: 6078 VDDA: 2.79 Vsol: 1.48 Vbat: 4.08  NTC: 21.2 22.2 21.8 23.3  SOIL: 2118.0 1435.0 1124.0 
MOISTER: 6080 VDDA: 2.79 Vsol: 1.46 Vbat: 4.08  NTC: 21.2 22.2 21.8 23.1  SOIL: 2121.0 1438.0 1126.0 
MOISTER: 6082 VDDA: 2.79 Vsol: 1.48 Vbat: 4.07  NTC: 21.2 22.2 21.7 23.1  SOIL: 2120.0 1441.0 1123.0 
MOISTER: 6083 VDDA: 2.79 Vsol: 1.48 Vbat: 4.08  NTC: 21.2 22.1 21.7 23.2  SOIL: 2126.0 1438.0 1123.0 
MOISTER: 6084 VDDA: 2.79 Vsol: 1.48 Vbat: 4.06  NTC: 21.2 22.1 21.7 23.3  SOIL: 2125.0 1437.0 1123.0 
MOISTER: 6084 VDDA: 2.79 Vsol: 1.48 Vbat: 4.06  NTC: 21.2 22.1 21.7 23.3  SOIL: 2125.0 1437.0 1123.0 
MOISTER: 6089 VDDA: 2.79 Vsol: 1.48 Vbat: 4.06  NTC: 21.2 22.0 21.7 23.3  SOIL: 2125.0 1442.0 1125.0 
MOISTER: 6090 VDDA: 2.79 Vsol: 1.48 Vbat: 4.05  NTC: 21.2 22.0 21.6 23.2  SOIL: 2128.0 1435.0 1130.0 
MOISTER: 6091 VDDA: 2.80 Vsol: 1.48 Vbat: 4.07  NTC: 21.1 22.0 21.6 23.2  SOIL: 2132.0 1439.0 1124.0 
MOISTER: 6092 VDDA: 2.79 Vsol: 1.48 Vbat: 4.06  NTC: 21.1 22.0 21.6 23.3  SOIL: 2129.0 1439.0 1123.0 
MOISTER: 6093 VDDA: 2.80 Vsol: 1.49 Vbat: 4.08  NTC: 21.1 22.0 21.6 23.4  SOIL: 2129.0 1433.0 1124.0 
MOISTER: 6095 VDDA: 2.80 Vsol: 1.49 Vbat: 4.07  NTC: 21.1 21.9 21.5 23.3  SOIL: 2123.0 1439.0 1128.0 
MOISTER: 6097 VDDA: 2.79 Vsol: 1.48 Vbat: 4.07  NTC: 21.1 21.9 21.5 23.4  SOIL: 2131.0 1441.0 1126.0 
MOISTER: 6098 VDDA: 2.78 Vsol: 1.47 Vbat: 4.06  NTC: 21.1 21.9 21.5 23.4  SOIL: 2123.0 1438.0 1129.0 
MOISTER: 6099 VDDA: 2.80 Vsol: 1.47 Vbat: 4.06  NTC: 21.1 21.9 21.4 23.4  SOIL: 2118.0 1433.0 1122.0 
MOISTER: 6101 VDDA: 2.79 Vsol: 1.49 Vbat: 4.04  NTC: 21.1 21.9 21.4 23.5  SOIL: 2126.0 1440.0 1129.0 
MOISTER: 6103 VDDA: 2.79 Vsol: 1.48 Vbat: 4.07  NTC: 21.1 21.8 21.4 23.5  SOIL: 2124.0 1443.0 1125.0 
MOISTER: 6104 VDDA: 2.78 Vsol: 1.48 Vbat: 4.06  NTC: 21.1 21.8 21.4 23.5  SOIL: 2128.0 1441.0 1130.0 
MOISTER: 6107 VDDA: 2.79 Vsol: 1.47 Vbat: 4.03  NTC: 21.1 21.8 21.4 23.5  SOIL: 2121.0 1439.0 1130.0 
MOISTER: 6108 VDDA: 2.79 Vsol: 1.47 Vbat: 4.07  NTC: 21.1 21.8 21.4 23.5  SOIL: 2126.0 1439.0 1131.0 
MOISTER: 6109 VDDA: 2.79 Vsol: 1.48 Vbat: 4.06  NTC: 21.1 21.8 21.4 23.5  SOIL: 2129.0 1434.0 1129.0 
MOISTER: 6114 VDDA: 2.79 Vsol: 1.49 Vbat: 4.06  NTC: 21.1 21.7 21.3 23.7  SOIL: 2123.0 1439.0 1131.0 
MOISTER: 6118 VDDA: 2.79 Vsol: 1.48 Vbat: 4.07  NTC: 21.0 21.7 21.3 23.8  SOIL: 2130.0 1439.0 1130.0 
MOISTER: 6119 VDDA: 2.79 Vsol: 1.47 Vbat: 4.07  NTC: 21.0 21.7 21.2 23.6  SOIL: 2131.0 1440.0 1133.0 
MOISTER: 6120 VDDA: 2.79 Vsol: 1.48 Vbat: 4.06  NTC: 21.1 21.7 21.3 23.6  SOIL: 2130.0 1435.0 1128.0 
MOISTER: 6121 VDDA: 2.79 Vsol: 1.47 Vbat: 4.06  NTC: 21.1 21.7 21.3 23.8  SOIL: 2132.0 1436.0 1127.0 
MOISTER: 6122 VDDA: 2.79 Vsol: 1.47 Vbat: 4.05  NTC: 21.1 21.7 21.2 23.6  SOIL: 2133.0 1440.0 1131.0 
MOISTER: 6123 VDDA: 2.79 Vsol: 1.48 Vbat: 4.04  NTC: 21.1 21.7 21.2 23.5  SOIL: 2131.0 1436.0 1129.0 
MOISTER: 6128 VDDA: 2.78 Vsol: 1.47 Vbat: 4.05  NTC: 21.0 21.6 21.2 23.4  SOIL: 2135.0 1443.0 1133.0 
MOISTER: 6132 VDDA: 2.79 Vsol: 1.47 Vbat: 4.05  NTC: 21.0 21.6 21.1 23.6  SOIL: 2139.0 1437.0 1130.0 
MOISTER: 6132 VDDA: 2.79 Vsol: 1.47 Vbat: 4.05  NTC: 21.0 21.6 21.1 23.6  SOIL: 2139.0 1437.0 1130.0 
MOISTER: 6136 VDDA: 2.79 Vsol: 1.47 Vbat: 4.06  NTC: 20.9 21.5 21.1 23.6  SOIL: 2128.0 1435.0 1134.0 
MOISTER: 6138 VDDA: 2.79 Vsol: 1.47 Vbat: 4.05  NTC: 20.9 21.5 21.1 23.6  SOIL: 2132.0 1439.0 1133.0 
MOISTER: 6142 VDDA: 2.78 Vsol: 1.47 Vbat: 4.05  NTC: 20.9 21.5 21.1 23.5  SOIL: 2133.0 1441.0 1133.0 
MOISTER: 6143 VDDA: 2.79 Vsol: 1.48 Vbat: 4.06  NTC: 20.9 21.5 21.0 23.5  SOIL: 2128.0 1443.0 1126.0 
MOISTER: 6145 VDDA: 2.78 Vsol: 1.45 Vbat: 4.06  NTC: 20.9 21.5 21.0 23.6  SOIL: 2141.0 1442.0 1128.0 
MOISTER: 6145 VDDA: 2.78 Vsol: 1.45 Vbat: 4.06  NTC: 20.9 21.5 21.0 23.6  SOIL: 2141.0 1442.0 1128.0 
MOISTER: 6154 VDDA: 2.79 Vsol: 1.47 Vbat: 4.05  NTC: 20.9 21.4 21.0 23.6  SOIL: 2133.0 1438.0 1130.0 
MOISTER: 6155 VDDA: 2.79 Vsol: 1.47 Vbat: 4.06  NTC: 20.9 21.4 21.0 23.6  SOIL: 2137.0 1442.0 1133.0 
MOISTER: 6156 VDDA: 2.79 Vsol: 1.47 Vbat: 4.05  NTC: 20.8 21.3 21.0 23.6  SOIL: 2135.0 1441.0 1133.0 
MOISTER: 6157 VDDA: 2.79 Vsol: 1.47 Vbat: 4.08  NTC: 20.8 21.3 21.0 23.7  SOIL: 2132.0 1440.0 1130.0 
MOISTER: 6159 VDDA: 2.79 Vsol: 1.48 Vbat: 4.06  NTC: 20.8 21.3 20.9 23.6  SOIL: 2138.0 1446.0 1132.0 
MOISTER: 6160 VDDA: 2.79 Vsol: 1.48 Vbat: 4.07  NTC: 20.8 21.3 21.0 23.7  SOIL: 2139.0 1442.0 1130.0 
MOISTER: 6161 VDDA: 2.79 Vsol: 1.48 Vbat: 4.06  NTC: 20.8 21.3 20.9 23.7  SOIL: 2144.0 1440.0 1132.0 
MOISTER: 6162 VDDA: 2.79 Vsol: 1.48 Vbat: 4.05  NTC: 20.8 21.3 20.9 23.8  SOIL: 2144.0 1443.0 1133.0 
MOISTER: 6163 VDDA: 2.79 Vsol: 1.48 Vbat: 4.06  NTC: 20.8 21.3 20.9 23.7  SOIL: 2142.0 1437.0 1129.0 
MOISTER: 6166 VDDA: 2.79 Vsol: 1.85 Vbat: 4.06  NTC: 20.8 21.3 20.9 23.6  SOIL: 2131.0 1443.0 1129.0 
MOISTER: 6167 VDDA: 2.79 Vsol: 1.48 Vbat: 4.06  NTC: 20.8 21.3 20.9 23.6  SOIL: 2145.0 1439.0 1128.0 
MOISTER: 6167 VDDA: 2.79 Vsol: 1.48 Vbat: 4.06  NTC: 20.8 21.3 20.9 23.6  SOIL: 2145.0 1439.0 1128.0 
MOISTER: 6174 VDDA: 2.80 Vsol: 1.49 Vbat: 4.05  NTC: 20.8 21.2 20.8 23.7  SOIL: 2143.0 1443.0 1129.0 
MOISTER: 6175 VDDA: 2.80 Vsol: 1.50 Vbat: 4.07  NTC: 20.7 21.2 20.8 23.6  SOIL: 2138.0 1441.0 1128.0 
MOISTER: 6177 VDDA: 2.79 Vsol: 1.50 Vbat: 4.05  NTC: 20.7 21.2 20.8 23.5  SOIL: 2141.0 1441.0 1132.0 
MOISTER: 6182 VDDA: 2.79 Vsol: 1.50 Vbat: 4.05  NTC: 20.7 21.1 20.7 23.8  SOIL: 2148.0 1441.0 1132.0 
MOISTER: 6183 VDDA: 2.79 Vsol: 1.50 Vbat: 4.06  NTC: 20.6 21.1 20.7 24.0  SOIL: 2143.0 1442.0 1133.0 
MOISTER: 6183 VDDA: 2.79 Vsol: 1.50 Vbat: 4.06  NTC: 20.6 21.1 20.7 24.0  SOIL: 2143.0 1442.0 1133.0 
MOISTER: 6186 VDDA: 2.79 Vsol: 1.49 Vbat: 4.05  NTC: 20.7 21.0 20.7 24.1  SOIL: 2148.0 1440.0 1130.0 
MOISTER: 6188 VDDA: 2.79 Vsol: 1.50 Vbat: 4.06  NTC: 20.7 21.0 20.7 24.1  SOIL: 2145.0 1439.0 1135.0 
MOISTER: 6188 VDDA: 2.79 Vsol: 1.50 Vbat: 4.06  NTC: 20.7 21.0 20.7 24.1  SOIL: 2145.0 1439.0 1135.0 
MOISTER: 6188 VDDA: 2.79 Vsol: 1.50 Vbat: 4.06  NTC: 20.7 21.0 20.7 24.1  SOIL: 2145.0 1439.0 1135.0 
MOISTER: 6197 VDDA: 2.79 Vsol: 1.50 Vbat: 4.06  NTC: 20.7 21.0 20.6 24.3  SOIL: 2155.0 1444.0 1132.0 
MOISTER: 6197 VDDA: 2.79 Vsol: 1.50 Vbat: 4.06  NTC: 20.7 21.0 20.6 24.3  SOIL: 2155.0 1444.0 1132.0 
MOISTER: 6199 VDDA: 2.79 Vsol: 1.51 Vbat: 4.06  NTC: 20.7 21.0 20.6 24.0  SOIL: 2152.0 1442.0 1131.0 
MOISTER: 6200 VDDA: 2.79 Vsol: 1.51 Vbat: 4.04  NTC: 20.7 21.0 20.6 24.0  SOIL: 2145.0 1438.0 1134.0 
MOISTER: 6200 VDDA: 2.79 Vsol: 1.51 Vbat: 4.04  NTC: 20.7 21.0 20.6 24.0  SOIL: 2145.0 1438.0 1134.0 
MOISTER: 6200 VDDA: 2.79 Vsol: 1.51 Vbat: 4.04  NTC: 20.7 21.0 20.6 24.0  SOIL: 2145.0 1438.0 1134.0 
MOISTER: 6200 VDDA: 2.79 Vsol: 1.51 Vbat: 4.04  NTC: 20.7 21.0 20.6 24.0  SOIL: 2145.0 1438.0 1134.0 
MOISTER: 6200 VDDA: 2.79 Vsol: 1.51 Vbat: 4.04  NTC: 20.7 21.0 20.6 24.0  SOIL: 2145.0 1438.0 1134.0 
MOISTER: 6200 VDDA: 2.79 Vsol: 1.51 Vbat: 4.04  NTC: 20.7 21.0 20.6 24.0  SOIL: 2145.0 1438.0 1134.0 
MOISTER: 6200 VDDA: 2.79 Vsol: 1.51 Vbat: 4.04  NTC: 20.7 21.0 20.6 24.0  SOIL: 2145.0 1438.0 1134.0 
MOISTER: 6214 VDDA: 2.79 Vsol: 1.52 Vbat: 4.05  NTC: 20.7 20.9 20.5 24.2  SOIL: 2150.0 1447.0 1133.0 
MOISTER: 6215 VDDA: 2.79 Vsol: 1.52 Vbat: 4.05  NTC: 20.7 20.9 20.5 24.2  SOIL: 2150.0 1445.0 1137.0 
MOISTER: 6216 VDDA: 2.80 Vsol: 1.51 Vbat: 4.06  NTC: 20.7 20.9 20.5 24.3  SOIL: 2147.0 1448.0 1134.0 
MOISTER: 6219 VDDA: 2.79 Vsol: 1.52 Vbat: 4.04  NTC: 20.7 20.9 20.5 24.4  SOIL: 2158.0 1443.0 1139.0 
MOISTER: 6222 VDDA: 2.79 Vsol: 1.52 Vbat: 4.05  NTC: 20.7 20.9 20.5 24.4  SOIL: 2150.0 1446.0 1132.0 
MOISTER: 6223 VDDA: 2.79 Vsol: 1.52 Vbat: 4.05  NTC: 20.7 20.9 20.5 24.5  SOIL: 2158.0 1449.0 1130.0 
MOISTER: 6225 VDDA: 2.79 Vsol: 1.52 Vbat: 4.06  NTC: 20.7 20.9 20.5 24.5  SOIL: 2161.0 1441.0 1135.0 
MOISTER: 6225 VDDA: 2.79 Vsol: 1.52 Vbat: 4.06  NTC: 20.7 20.9 20.5 24.5  SOIL: 2161.0 1441.0 1135.0 
MOISTER: 6229 VDDA: 2.79 Vsol: 1.52 Vbat: 4.06  NTC: 20.7 20.8 20.5 24.2  SOIL: 2155.0 1449.0 1133.0 
MOISTER: 6231 VDDA: 2.79 Vsol: 1.52 Vbat: 4.05  NTC: 20.7 20.8 20.5 24.2  SOIL: 2155.0 1447.0 1134.0 
MOISTER: 6232 VDDA: 2.79 Vsol: 1.52 Vbat: 4.05  NTC: 20.7 20.8 20.4 24.3  SOIL: 2155.0 1444.0 1134.0 
MOISTER: 6232 VDDA: 2.79 Vsol: 1.52 Vbat: 4.05  NTC: 20.7 20.8 20.4 24.3  SOIL: 2155.0 1444.0 1134.0 
MOISTER: 6233 VDDA: 2.79 Vsol: 1.52 Vbat: 4.05  NTC: 20.7 20.8 20.4 24.3  SOIL: 2162.0 1447.0 1135.0 
MOISTER: 6233 VDDA: 2.79 Vsol: 1.52 Vbat: 4.05  NTC: 20.7 20.8 20.4 24.3  SOIL: 2162.0 1447.0 1135.0 
MOISTER: 6234 VDDA: 2.79 Vsol: 1.52 Vbat: 4.06  NTC: 20.7 20.8 20.4 24.4  SOIL: 2158.0 1449.0 1133.0 
MOISTER: 6235 VDDA: 2.79 Vsol: 1.51 Vbat: 4.05  NTC: 20.7 20.8 20.4 24.4  SOIL: 2157.0 1446.0 1133.0 
MOISTER: 6236 VDDA: 2.80 Vsol: 1.52 Vbat: 4.06  NTC: 20.7 20.8 20.4 24.3  SOIL: 2149.0 1439.0 1130.0 
MOISTER: 6238 VDDA: 2.79 Vsol: 1.53 Vbat: 4.06  NTC: 20.7 20.8 20.4 24.3  SOIL: 2155.0 1444.0 1137.0 
MOISTER: 6239 VDDA: 2.79 Vsol: 1.52 Vbat: 4.05  NTC: 20.7 20.8 20.4 24.3  SOIL: 2156.0 1441.0 1132.0 
MOISTER: 6239 VDDA: 2.79 Vsol: 1.52 Vbat: 4.05  NTC: 20.7 20.8 20.4 24.3  SOIL: 2156.0 1441.0 1132.0 
MOISTER: 6239 VDDA: 2.79 Vsol: 1.52 Vbat: 4.05  NTC: 20.7 20.8 20.4 24.3  SOIL: 2156.0 1441.0 1132.0 
MOISTER: 6239 VDDA: 2.79 Vsol: 1.52 Vbat: 4.05  NTC: 20.7 20.8 20.4 24.3  SOIL: 2156.0 1441.0 1132.0 
MOISTER: 6239 VDDA: 2.79 Vsol: 1.52 Vbat: 4.05  NTC: 20.7 20.8 20.4 24.3  SOIL: 2156.0 1441.0 1132.0 
MOISTER: 6247 VDDA: 2.79 Vsol: 1.53 Vbat: 4.05  NTC: 20.7 20.8 20.4 24.5  SOIL: 2161.0 1445.0 1130.0 
MOISTER: 6247 VDDA: 2.79 Vsol: 1.53 Vbat: 4.05  NTC: 20.7 20.8 20.4 24.5  SOIL: 2161.0 1445.0 1130.0 
MOISTER: 6247 VDDA: 2.79 Vsol: 1.53 Vbat: 4.05  NTC: 20.7 20.8 20.4 24.5  SOIL: 2161.0 1445.0 1130.0 
MOISTER: 6249 VDDA: 2.80 Vsol: 1.53 Vbat: 4.06  NTC: 20.7 20.7 20.4 24.3  SOIL: 2161.0 1444.0 1132.0 
MOISTER: 6252 VDDA: 2.79 Vsol: 1.52 Vbat: 4.05  NTC: 20.7 20.7 20.4 24.5  SOIL: 2155.0 1450.0 1139.0 
MOISTER: 6254 VDDA: 2.79 Vsol: 1.53 Vbat: 4.04  NTC: 20.7 20.7 20.4 24.6  SOIL: 2157.0 1446.0 1138.0 
MOISTER: 6258 VDDA: 2.79 Vsol: 1.52 Vbat: 4.06  NTC: 20.7 20.7 20.4 24.6  SOIL: 2163.0 1445.0 1137.0 
MOISTER: 6259 VDDA: 2.79 Vsol: 1.52 Vbat: 4.04  NTC: 20.7 20.7 20.4 24.5  SOIL: 2161.0 1446.0 1135.0 
MOISTER: 6261 VDDA: 2.79 Vsol: 1.51 Vbat: 4.06  NTC: 20.7 20.7 20.4 24.5  SOIL: 2162.0 1443.0 1135.0 
MOISTER: 6261 VDDA: 2.79 Vsol: 1.51 Vbat: 4.06  NTC: 20.7 20.7 20.4 24.5  SOIL: 2162.0 1443.0 1135.0 
MOISTER: 6266 VDDA: 2.79 Vsol: 1.52 Vbat: 4.05  NTC: 20.8 20.7 20.4 24.5  SOIL: 2159.0 1443.0 1138.0 
MOISTER: 6267 VDDA: 2.80 Vsol: 1.53 Vbat: 4.05  NTC: 20.8 20.7 20.4 24.5  SOIL: 2163.0 1444.0 1138.0 
MOISTER: 6268 VDDA: 2.79 Vsol: 1.53 Vbat: 4.05  NTC: 20.8 20.7 20.4 24.4  SOIL: 2158.0 1443.0 1137.0 
MOISTER: 6270 VDDA: 2.79 Vsol: 1.53 Vbat: 4.06  NTC: 20.8 20.7 20.4 24.3  SOIL: 2158.0 1442.0 1135.0 
MOISTER: 6273 VDDA: 2.79 Vsol: 1.52 Vbat: 4.05  NTC: 20.7 20.7 20.4 24.3  SOIL: 2161.0 1448.0 1135.0 
MOISTER: 6274 VDDA: 2.79 Vsol: 1.42 Vbat: 4.04  NTC: 20.8 20.7 20.4 24.4  SOIL: 2160.0 1444.0 1134.0 
MOISTER: 6275 VDDA: 2.78 Vsol: 1.51 Vbat: 4.06  NTC: 20.7 20.7 20.4 24.4  SOIL: 2161.0 1444.0 1131.0 
MOISTER: 6277 VDDA: 2.79 Vsol: 1.52 Vbat: 4.06  NTC: 20.8 20.7 20.4 24.4  SOIL: 2162.0 1446.0 1134.0 
MOISTER: 6279 VDDA: 2.79 Vsol: 1.51 Vbat: 4.06  NTC: 20.7 20.7 20.4 24.3  SOIL: 2164.0 1444.0 1137.0 
MOISTER: 6280 VDDA: 2.79 Vsol: 1.52 Vbat: 4.05  NTC: 20.7 20.7 20.4 24.2  SOIL: 2165.0 1449.0 1136.0 
MOISTER: 6281 VDDA: 2.79 Vsol: 1.51 Vbat: 4.06  NTC: 20.7 20.7 20.4 24.2  SOIL: 2160.0 1444.0 1134.0 
MOISTER: 6281 VDDA: 2.79 Vsol: 1.51 Vbat: 4.06  NTC: 20.7 20.7 20.4 24.2  SOIL: 2160.0 1444.0 1134.0 
MOISTER: 6286 VDDA: 2.79 Vsol: 1.51 Vbat: 4.05  NTC: 20.7 20.7 20.4 24.2  SOIL: 2160.0 1444.0 1135.0 
MOISTER: 6288 VDDA: 2.79 Vsol: 1.50 Vbat: 4.06  NTC: 20.7 20.7 20.4 24.3  SOIL: 2162.0 1447.0 1139.0 
MOISTER: 6289 VDDA: 2.79 Vsol: 1.49 Vbat: 4.05  NTC: 20.7 20.7 20.4 24.3  SOIL: 2170.0 1446.0 1138.0 
MOISTER: 6290 VDDA: 2.79 Vsol: 1.49 Vbat: 4.02  NTC: 20.6 20.7 20.4 24.3  SOIL: 2162.0 1449.0 1138.0 
MOISTER: 6291 VDDA: 2.78 Vsol: 1.49 Vbat: 4.03  NTC: 20.7 20.7 20.4 24.4  SOIL: 2168.0 1447.0 1137.0 
MOISTER: 6292 VDDA: 2.79 Vsol: 1.50 Vbat: 4.07  NTC: 20.7 20.7 20.4 24.4  SOIL: 2167.0 1449.0 1137.0 
MOISTER: 6292 VDDA: 2.79 Vsol: 1.50 Vbat: 4.07  NTC: 20.7 20.7 20.4 24.4  SOIL: 2167.0 1449.0 1137.0 
MOISTER: 6292 VDDA: 2.79 Vsol: 1.50 Vbat: 4.07  NTC: 20.7 20.7 20.4 24.4  SOIL: 2167.0 1449.0 1137.0 
MOISTER: 6292 VDDA: 2.79 Vsol: 1.50 Vbat: 4.07  NTC: 20.7 20.7 20.4 24.4  SOIL: 2167.0 1449.0 1137.0 
MOISTER: 6292 VDDA: 2.79 Vsol: 1.50 Vbat: 4.07  NTC: 20.7 20.7 20.4 24.4  SOIL: 2167.0 1449.0 1137.0 
MOISTER: 6292 VDDA: 2.79 Vsol: 1.50 Vbat: 4.07  NTC: 20.7 20.7 20.4 24.4  SOIL: 2167.0 1449.0 1137.0 
MOISTER: 6292 VDDA: 2.79 Vsol: 1.50 Vbat: 4.07  NTC: 20.7 20.7 20.4 24.4  SOIL: 2167.0 1449.0 1137.0 
MOISTER: 6297 VDDA: 2.79 Vsol: 1.49 Vbat: 4.08  NTC: 20.7 20.7 20.4 24.4  SOIL: 2166.0 1443.0 1136.0 
MOISTER: 6297 VDDA: 2.79 Vsol: 1.49 Vbat: 4.08  NTC: 20.7 20.7 20.4 24.4  SOIL: 2166.0 1443.0 1136.0 
MOISTER: 6297 VDDA: 2.79 Vsol: 1.49 Vbat: 4.08  NTC: 20.7 20.7 20.4 24.4  SOIL: 2166.0 1443.0 1136.0 
MOISTER: 6297 VDDA: 2.79 Vsol: 1.49 Vbat: 4.08  NTC: 20.7 20.7 20.4 24.4  SOIL: 2166.0 1443.0 1136.0 
MOISTER: 6310 VDDA: 2.79 Vsol: 1.49 Vbat: 4.05  NTC: 20.8 20.7 20.4 24.4  SOIL: 2166.0 1448.0 1137.0 
MOISTER: 6312 VDDA: 2.79 Vsol: 1.47 Vbat: 4.06  NTC: 20.8 20.7 20.4 24.5  SOIL: 2169.0 1448.0 1136.0 
MOISTER: 6313 VDDA: 2.79 Vsol: 1.47 Vbat: 4.05  NTC: 20.8 20.7 20.4 24.6  SOIL: 2168.0 1450.0 1137.0 
MOISTER: 6314 VDDA: 2.79 Vsol: 1.48 Vbat: 4.05  NTC: 20.8 20.7 20.4 24.5  SOIL: 2171.0 1446.0 1135.0 
MOISTER: 6321 VDDA: 2.79 Vsol: 1.48 Vbat: 4.03  NTC: 20.8 20.7 20.4 24.5  SOIL: 2174.0 1447.0 1138.0 
MOISTER: 6323 VDDA: 2.79 Vsol: 1.49 Vbat: 4.06  NTC: 20.8 20.7 20.4 24.5  SOIL: 2175.0 1444.0 1135.0 
MOISTER: 6324 VDDA: 2.79 Vsol: 1.49 Vbat: 4.05  NTC: 20.8 20.7 20.4 24.6  SOIL: 2176.0 1447.0 1139.0 
MOISTER: 6325 VDDA: 2.79 Vsol: 1.48 Vbat: 4.05  NTC: 20.8 20.7 20.4 24.5  SOIL: 2168.0 1445.0 1138.0 
MOISTER: 6328 VDDA: 2.80 Vsol: 1.48 Vbat: 4.06  NTC: 20.8 20.7 20.4 24.5  SOIL: 2171.0 1444.0 1136.0 
MOISTER: 6329 VDDA: 2.79 Vsol: 1.48 Vbat: 4.06  NTC: 20.8 20.7 20.4 24.4  SOIL: 2167.0 1450.0 1135.0 
MOISTER: 6332 VDDA: 2.79 Vsol: 1.47 Vbat: 4.05  NTC: 20.8 20.7 20.4 24.5  SOIL: 2169.0 1452.0 1134.0 
MOISTER: 6332 VDDA: 2.79 Vsol: 1.47 Vbat: 4.05  NTC: 20.8 20.7 20.4 24.5  SOIL: 2169.0 1452.0 1134.0 
MOISTER: 6339 VDDA: 2.79 Vsol: 1.48 Vbat: 4.05  NTC: 20.8 20.7 20.4 24.4  SOIL: 2174.0 1443.0 1135.0 
MOISTER: 6341 VDDA: 2.79 Vsol: 1.48 Vbat: 4.05  NTC: 20.9 20.7 20.4 24.5  SOIL: 2167.0 1452.0 1137.0 
MOISTER: 6342 VDDA: 2.78 Vsol: 1.48 Vbat: 4.03  NTC: 20.9 20.7 20.4 24.4  SOIL: 2174.0 1445.0 1135.0 
MOISTER: 6344 VDDA: 2.79 Vsol: 1.48 Vbat: 4.06  NTC: 20.9 20.7 20.4 24.4  SOIL: 2167.0 1448.0 1135.0 
MOISTER: 6345 VDDA: 2.79 Vsol: 1.48 Vbat: 4.06  NTC: 20.9 20.7 20.4 24.4  SOIL: 2165.0 1446.0 1138.0 
MOISTER: 6346 VDDA: 2.80 Vsol: 1.49 Vbat: 4.04  NTC: 20.9 20.7 20.4 24.4  SOIL: 2164.0 1447.0 1136.0 
MOISTER: 6349 VDDA: 2.79 Vsol: 1.48 Vbat: 4.04  NTC: 20.9 20.7 20.4 24.5  SOIL: 2166.0 1449.0 1135.0 
MOISTER: 6350 VDDA: 2.79 Vsol: 1.47 Vbat: 4.04  NTC: 20.9 20.7 20.4 24.6  SOIL: 2173.0 1453.0 1139.0 
MOISTER: 6351 VDDA: 2.79 Vsol: 1.47 Vbat: 4.04  NTC: 20.9 20.7 20.4 24.6  SOIL: 2170.0 1444.0 1135.0 
MOISTER: 6352 VDDA: 2.79 Vsol: 1.49 Vbat: 4.07  NTC: 20.9 20.7 20.4 24.5  SOIL: 2173.0 1446.0 1136.0 
MOISTER: 6354 VDDA: 2.79 Vsol: 1.47 Vbat: 4.05  NTC: 20.9 20.7 20.4 24.5  SOIL: 2171.0 1450.0 1139.0 
MOISTER: 6356 VDDA: 2.79 Vsol: 1.47 Vbat: 4.06  NTC: 20.9 20.7 20.4 24.4  SOIL: 2175.0 1446.0 1135.0 
MOISTER: 6357 VDDA: 2.79 Vsol: 1.48 Vbat: 4.05  NTC: 20.9 20.7 20.4 24.4  SOIL: 2177.0 1447.0 1134.0 
MOISTER: 6357 VDDA: 2.79 Vsol: 1.48 Vbat: 4.05  NTC: 20.9 20.7 20.4 24.4  SOIL: 2177.0 1447.0 1134.0 
MOISTER: 6364 VDDA: 2.79 Vsol: 1.46 Vbat: 4.05  NTC: 20.9 20.7 20.4 24.4  SOIL: 2171.0 1448.0 1138.0 
MOISTER: 6366 VDDA: 2.79 Vsol: 1.47 Vbat: 4.05  NTC: 20.9 20.7 20.4 24.4  SOIL: 2172.0 1446.0 1140.0 
MOISTER: 6367 VDDA: 2.79 Vsol: 1.48 Vbat: 4.05  NTC: 20.9 20.7 20.4 24.5  SOIL: 2179.0 1450.0 1132.0 
MOISTER: 6369 VDDA: 2.79 Vsol: 1.46 Vbat: 4.03  NTC: 20.9 20.7 20.4 24.5  SOIL: 2179.0 1449.0 1135.0 
MOISTER: 6370 VDDA: 2.79 Vsol: 1.47 Vbat: 4.04  NTC: 20.9 20.7 20.4 24.5  SOIL: 2174.0 1450.0 1134.0 
MOISTER: 6371 VDDA: 2.79 Vsol: 1.47 Vbat: 4.07  NTC: 20.9 20.7 20.4 24.5  SOIL: 2178.0 1443.0 1134.0 
MOISTER: 6373 VDDA: 2.79 Vsol: 1.47 Vbat: 4.04  NTC: 20.9 20.7 20.4 24.3  SOIL: 2180.0 1450.0 1139.0 
MOISTER: 6374 VDDA: 2.80 Vsol: 1.47 Vbat: 4.06  NTC: 20.9 20.7 20.4 24.2  SOIL: 2173.0 1447.0 1134.0 
MOISTER: 6374 VDDA: 2.80 Vsol: 1.47 Vbat: 4.06  NTC: 20.9 20.7 20.4 24.2  SOIL: 2173.0 1447.0 1134.0 
MOISTER: 6382 VDDA: 2.79 Vsol: 1.46 Vbat: 4.04  NTC: 20.9 20.7 20.4 24.3  SOIL: 2171.0 1444.0 1132.0 
MOISTER: 6384 VDDA: 2.80 Vsol: 1.47 Vbat: 4.05  NTC: 20.9 20.7 20.4 24.3  SOIL: 2179.0 1450.0 1132.0 
MOISTER: 6385 VDDA: 2.79 Vsol: 1.47 Vbat: 4.06  NTC: 20.9 20.7 20.4 24.3  SOIL: 2178.0 1446.0 1140.0 
MOISTER: 6385 VDDA: 2.79 Vsol: 1.47 Vbat: 4.06  NTC: 20.9 20.7 20.4 24.3  SOIL: 2178.0 1446.0 1140.0 
MOISTER: 6391 VDDA: 2.79 Vsol: 1.47 Vbat: 4.05  NTC: 20.9 20.7 20.4 24.4  SOIL: 2174.0 1450.0 1139.0 
MOISTER: 6393 VDDA: 2.79 Vsol: 1.46 Vbat: 4.03  NTC: 20.9 20.7 20.4 24.3  SOIL: 2176.0 1448.0 1137.0 
MOISTER: 6393 VDDA: 2.79 Vsol: 1.46 Vbat: 4.03  NTC: 20.9 20.7 20.4 24.3  SOIL: 2176.0 1448.0 1137.0 
MOISTER: 6393 VDDA: 2.79 Vsol: 1.46 Vbat: 4.03  NTC: 20.9 20.7 20.4 24.3  SOIL: 2176.0 1448.0 1137.0 
MOISTER: 6393 VDDA: 2.79 Vsol: 1.46 Vbat: 4.03  NTC: 20.9 20.7 20.4 24.3  SOIL: 2176.0 1448.0 1137.0 
MOISTER: 6393 VDDA: 2.79 Vsol: 1.46 Vbat: 4.03  NTC: 20.9 20.7 20.4 24.3  SOIL: 2176.0 1448.0 1137.0 
MOISTER: 6393 VDDA: 2.79 Vsol: 1.46 Vbat: 4.03  NTC: 20.9 20.7 20.4 24.3  SOIL: 2176.0 1448.0 1137.0 
MOISTER: 6393 VDDA: 2.79 Vsol: 1.46 Vbat: 4.03  NTC: 20.9 20.7 20.4 24.3  SOIL: 2176.0 1448.0 1137.0 
MOISTER: 6393 VDDA: 2.79 Vsol: 1.46 Vbat: 4.03  NTC: 20.9 20.7 20.4 24.3  SOIL: 2176.0 1448.0 1137.0 
MOISTER: 6393 VDDA: 2.79 Vsol: 1.46 Vbat: 4.03  NTC: 20.9 20.7 20.4 24.3  SOIL: 2176.0 1448.0 1137.0 
MOISTER: 6393 VDDA: 2.79 Vsol: 1.46 Vbat: 4.03  NTC: 20.9 20.7 20.4 24.3  SOIL: 2176.0 1448.0 1137.0 
MOISTER: 6393 VDDA: 2.79 Vsol: 1.46 Vbat: 4.03  NTC: 20.9 20.7 20.4 24.3  SOIL: 2176.0 1448.0 1137.0 
MOISTER: 6393 VDDA: 2.79 Vsol: 1.46 Vbat: 4.03  NTC: 20.9 20.7 20.4 24.3  SOIL: 2176.0 1448.0 1137.0 
MOISTER: 6393 VDDA: 2.79 Vsol: 1.46 Vbat: 4.03  NTC: 20.9 20.7 20.4 24.3  SOIL: 2176.0 1448.0 1137.0 
MOISTER: 6393 VDDA: 2.79 Vsol: 1.46 Vbat: 4.03  NTC: 20.9 20.7 20.4 24.3  SOIL: 2176.0 1448.0 1137.0 
MOISTER: 6393 VDDA: 2.79 Vsol: 1.46 Vbat: 4.03  NTC: 20.9 20.7 20.4 24.3  SOIL: 2176.0 1448.0 1137.0 
MOISTER: 6393 VDDA: 2.79 Vsol: 1.46 Vbat: 4.03  NTC: 20.9 20.7 20.4 24.3  SOIL: 2176.0 1448.0 1137.0 
MOISTER: 6393 VDDA: 2.79 Vsol: 1.46 Vbat: 4.03  NTC: 20.9 20.7 20.4 24.3  SOIL: 2176.0 1448.0 1137.0 
MOISTER: 6393 VDDA: 2.79 Vsol: 1.46 Vbat: 4.03  NTC: 20.9 20.7 20.4 24.3  SOIL: 2176.0 1448.0 1137.0 
MOISTER: 6393 VDDA: 2.79 Vsol: 1.46 Vbat: 4.03  NTC: 20.9 20.7 20.4 24.3  SOIL: 2176.0 1448.0 1137.0 
MOISTER: 6393 VDDA: 2.79 Vsol: 1.46 Vbat: 4.03  NTC: 20.9 20.7 20.4 24.3  SOIL: 2176.0 1448.0 1137.0 
MOISTER: 6393 VDDA: 2.79 Vsol: 1.46 Vbat: 4.03  NTC: 20.9 20.7 20.4 24.3  SOIL: 2176.0 1448.0 1137.0 
MOISTER: 6393 VDDA: 2.79 Vsol: 1.46 Vbat: 4.03  NTC: 20.9 20.7 20.4 24.3  SOIL: 2176.0 1448.0 1137.0 
MOISTER: 6393 VDDA: 2.79 Vsol: 1.46 Vbat: 4.03  NTC: 20.9 20.7 20.4 24.3  SOIL: 2176.0 1448.0 1137.0 
MOISTER: 6393 VDDA: 2.79 Vsol: 1.46 Vbat: 4.03  NTC: 20.9 20.7 20.4 24.3  SOIL: 2176.0 1448.0 1137.0 
MOISTER: 6393 VDDA: 2.79 Vsol: 1.46 Vbat: 4.03  NTC: 20.9 20.7 20.4 24.3  SOIL: 2176.0 1448.0 1137.0 
MOISTER: 6393 VDDA: 2.79 Vsol: 1.46 Vbat: 4.03  NTC: 20.9 20.7 20.4 24.3  SOIL: 2176.0 1448.0 1137.0 
MOISTER: 6393 VDDA: 2.79 Vsol: 1.46 Vbat: 4.03  NTC: 20.9 20.7 20.4 24.3  SOIL: 2176.0 1448.0 1137.0 
MOISTER: 6393 VDDA: 2.79 Vsol: 1.46 Vbat: 4.03  NTC: 20.9 20.7 20.4 24.3  SOIL: 2176.0 1448.0 1137.0 
MOISTER: 6393 VDDA: 2.79 Vsol: 1.46 Vbat: 4.03  NTC: 20.9 20.7 20.4 24.3  SOIL: 2176.0 1448.0 1137.0 
MOISTER: 6393 VDDA: 2.79 Vsol: 1.46 Vbat: 4.03  NTC: 20.9 20.7 20.4 24.3  SOIL: 2176.0 1448.0 1137.0 
MOISTER: 6393 VDDA: 2.79 Vsol: 1.46 Vbat: 4.03  NTC: 20.9 20.7 20.4 24.3  SOIL: 2176.0 1448.0 1137.0 
MOISTER: 6393 VDDA: 2.79 Vsol: 1.46 Vbat: 4.03  NTC: 20.9 20.7 20.4 24.3  SOIL: 2176.0 1448.0 1137.0 
MOISTER: 6393 VDDA: 2.79 Vsol: 1.46 Vbat: 4.03  NTC: 20.9 20.7 20.4 24.3  SOIL: 2176.0 1448.0 1137.0 
MOISTER: 6393 VDDA: 2.79 Vsol: 1.46 Vbat: 4.03  NTC: 20.9 20.7 20.4 24.3  SOIL: 2176.0 1448.0 1137.0 
MOISTER: 6393 VDDA: 2.79 Vsol: 1.46 Vbat: 4.03  NTC: 20.9 20.7 20.4 24.3  SOIL: 2176.0 1448.0 1137.0 
MOISTER: 6393 VDDA: 2.79 Vsol: 1.46 Vbat: 4.03  NTC: 20.9 20.7 20.4 24.3  SOIL: 2176.0 1448.0 1137.0 
MOISTER: 6393 VDDA: 2.79 Vsol: 1.46 Vbat: 4.03  NTC: 20.9 20.7 20.4 24.3  SOIL: 2176.0 1448.0 1137.0 
MOISTER: 6393 VDDA: 2.79 Vsol: 1.46 Vbat: 4.03  NTC: 20.9 20.7 20.4 24.3  SOIL: 2176.0 1448.0 1137.0 
MOISTER: 6393 VDDA: 2.79 Vsol: 1.46 Vbat: 4.03  NTC: 20.9 20.7 20.4 24.3  SOIL: 2176.0 1448.0 1137.0 
MOISTER: 6393 VDDA: 2.79 Vsol: 1.46 Vbat: 4.03  NTC: 20.9 20.7 20.4 24.3  SOIL: 2176.0 1448.0 1137.0 
MOISTER: 6393 VDDA: 2.79 Vsol: 1.46 Vbat: 4.03  NTC: 20.9 20.7 20.4 24.3  SOIL: 2176.0 1448.0 1137.0 
MOISTER: 6393 VDDA: 2.79 Vsol: 1.46 Vbat: 4.03  NTC: 20.9 20.7 20.4 24.3  SOIL: 2176.0 1448.0 1137.0 
MOISTER: 6393 VDDA: 2.79 Vsol: 1.46 Vbat: 4.03  NTC: 20.9 20.7 20.4 24.3  SOIL: 2176.0 1448.0 1137.0 
MOISTER: 6393 VDDA: 2.79 Vsol: 1.46 Vbat: 4.03  NTC: 20.9 20.7 20.4 24.3  SOIL: 2176.0 1448.0 1137.0 
MOISTER: 6393 VDDA: 2.79 Vsol: 1.46 Vbat: 4.03  NTC: 20.9 20.7 20.4 24.3  SOIL: 2176.0 1448.0 1137.0 
MOISTER: 6393 VDDA: 2.79 Vsol: 1.46 Vbat: 4.03  NTC: 20.9 20.7 20.4 24.3  SOIL: 2176.0 1448.0 1137.0 
MOISTER: 6393 VDDA: 2.79 Vsol: 1.46 Vbat: 4.03  NTC: 20.9 20.7 20.4 24.3  SOIL: 2176.0 1448.0 1137.0 
MOISTER: 6393 VDDA: 2.79 Vsol: 1.46 Vbat: 4.03  NTC: 20.9 20.7 20.4 24.3  SOIL: 2176.0 1448.0 1137.0 
MOISTER: 6393 VDDA: 2.79 Vsol: 1.46 Vbat: 4.03  NTC: 20.9 20.7 20.4 24.3  SOIL: 2176.0 1448.0 1137.0 
MOISTER: 6393 VDDA: 2.79 Vsol: 1.46 Vbat: 4.03  NTC: 20.9 20.7 20.4 24.3  SOIL: 2176.0 1448.0 1137.0 
MOISTER: 6393 VDDA: 2.79 Vsol: 1.46 Vbat: 4.03  NTC: 20.9 20.7 20.4 24.3  SOIL: 2176.0 1448.0 1137.0 
MOISTER: 6393 VDDA: 2.79 Vsol: 1.46 Vbat: 4.03  NTC: 20.9 20.7 20.4 24.3  SOIL: 2176.0 1448.0 1137.0 
MOISTER: 6393 VDDA: 2.79 Vsol: 1.46 Vbat: 4.03  NTC: 20.9 20.7 20.4 24.3  SOIL: 2176.0 1448.0 1137.0 
MOISTER: 6393 VDDA: 2.79 Vsol: 1.46 Vbat: 4.03  NTC: 20.9 20.7 20.4 24.3  SOIL: 2176.0 1448.0 1137.0 
MOISTER: 6393 VDDA: 2.79 Vsol: 1.46 Vbat: 4.03  NTC: 20.9 20.7 20.4 24.3  SOIL: 2176.0 1448.0 1137.0 
MOISTER: 6393 VDDA: 2.79 Vsol: 1.46 Vbat: 4.03  NTC: 20.9 20.7 20.4 24.3  SOIL: 2176.0 1448.0 1137.0 
MOISTER: 6393 VDDA: 2.79 Vsol: 1.46 Vbat: 4.03  NTC: 20.9 20.7 20.4 24.3  SOIL: 2176.0 1448.0 1137.0 
MOISTER: 6393 VDDA: 2.79 Vsol: 1.46 Vbat: 4.03  NTC: 20.9 20.7 20.4 24.3  SOIL: 2176.0 1448.0 1137.0 
MOISTER: 6393 VDDA: 2.79 Vsol: 1.46 Vbat: 4.03  NTC: 20.9 20.7 20.4 24.3  SOIL: 2176.0 1448.0 1137.0 
MOISTER: 6393 VDDA: 2.79 Vsol: 1.46 Vbat: 4.03  NTC: 20.9 20.7 20.4 24.3  SOIL: 2176.0 1448.0 1137.0 
MOISTER: 6393 VDDA: 2.79 Vsol: 1.46 Vbat: 4.03  NTC: 20.9 20.7 20.4 24.3  SOIL: 2176.0 1448.0 1137.0 
MOISTER: 6393 VDDA: 2.79 Vsol: 1.46 Vbat: 4.03  NTC: 20.9 20.7 20.4 24.3  SOIL: 2176.0 1448.0 1137.0 
MOISTER: 6393 VDDA: 2.79 Vsol: 1.46 Vbat: 4.03  NTC: 20.9 20.7 20.4 24.3  SOIL: 2176.0 1448.0 1137.0 
MOISTER: 6393 VDDA: 2.79 Vsol: 1.46 Vbat: 4.03  NTC: 20.9 20.7 20.4 24.3  SOIL: 2176.0 1448.0 1137.0 
MOISTER: 6393 VDDA: 2.79 Vsol: 1.46 Vbat: 4.03  NTC: 20.9 20.7 20.4 24.3  SOIL: 2176.0 1448.0 1137.0 
MOISTER: 6393 VDDA: 2.79 Vsol: 1.46 Vbat: 4.03  NTC: 20.9 20.7 20.4 24.3  SOIL: 2176.0 1448.0 1137.0 
MOISTER: 6393 VDDA: 2.79 Vsol: 1.46 Vbat: 4.03  NTC: 20.9 20.7 20.4 24.3  SOIL: 2176.0 1448.0 1137.0 
MOISTER: 6393 VDDA: 2.79 Vsol: 1.46 Vbat: 4.03  NTC: 20.9 20.7 20.4 24.3  SOIL: 2176.0 1448.0 1137.0 
MOISTER: 6393 VDDA: 2.79 Vsol: 1.46 Vbat: 4.03  NTC: 20.9 20.7 20.4 24.3  SOIL: 2176.0 1448.0 1137.0 
MOISTER: 6393 VDDA: 2.79 Vsol: 1.46 Vbat: 4.03  NTC: 20.9 20.7 20.4 24.3  SOIL: 2176.0 1448.0 1137.0 
MOISTER: 6393 VDDA: 2.79 Vsol: 1.46 Vbat: 4.03  NTC: 20.9 20.7 20.4 24.3  SOIL: 2176.0 1448.0 1137.0 
MOISTER: 6393 VDDA: 2.79 Vsol: 1.46 Vbat: 4.03  NTC: 20.9 20.7 20.4 24.3  SOIL: 2176.0 1448.0 1137.0 
MOISTER: 6393 VDDA: 2.79 Vsol: 1.46 Vbat: 4.03  NTC: 20.9 20.7 20.4 24.3  SOIL: 2176.0 1448.0 1137.0 
MOISTER: 6393 VDDA: 2.79 Vsol: 1.46 Vbat: 4.03  NTC: 20.9 20.7 20.4 24.3  SOIL: 2176.0 1448.0 1137.0 
MOISTER: 6393 VDDA: 2.79 Vsol: 1.46 Vbat: 4.03  NTC: 20.9 20.7 20.4 24.3  SOIL: 2176.0 1448.0 1137.0 
MOISTER: 6393 VDDA: 2.79 Vsol: 1.46 Vbat: 4.03  NTC: 20.9 20.7 20.4 24.3  SOIL: 2176.0 1448.0 1137.0 
MOISTER: 6393 VDDA: 2.79 Vsol: 1.46 Vbat: 4.03  NTC: 20.9 20.7 20.4 24.3  SOIL: 2176.0 1448.0 1137.0 
MOISTER: 6393 VDDA: 2.79 Vsol: 1.46 Vbat: 4.03  NTC: 20.9 20.7 20.4 24.3  SOIL: 2176.0 1448.0 1137.0 
MOISTER: 6393 VDDA: 2.79 Vsol: 1.46 Vbat: 4.03  NTC: 20.9 20.7 20.4 24.3  SOIL: 2176.0 1448.0 1137.0 
MOISTER: 6393 VDDA: 2.79 Vsol: 1.46 Vbat: 4.03  NTC: 20.9 20.7 20.4 24.3  SOIL: 2176.0 1448.0 1137.0 
MOISTER: 6393 VDDA: 2.79 Vsol: 1.46 Vbat: 4.03  NTC: 20.9 20.7 20.4 24.3  SOIL: 2176.0 1448.0 1137.0 
MOISTER: 6393 VDDA: 2.79 Vsol: 1.46 Vbat: 4.03  NTC: 20.9 20.7 20.4 24.3  SOIL: 2176.0 1448.0 1137.0 
MOISTER: 6393 VDDA: 2.79 Vsol: 1.46 Vbat: 4.03  NTC: 20.9 20.7 20.4 24.3  SOIL: 2176.0 1448.0 1137.0 
MOISTER: 6393 VDDA: 2.79 Vsol: 1.46 Vbat: 4.03  NTC: 20.9 20.7 20.4 24.3  SOIL: 2176.0 1448.0 1137.0 
MOISTER: 6393 VDDA: 2.79 Vsol: 1.46 Vbat: 4.03  NTC: 20.9 20.7 20.4 24.3  SOIL: 2176.0 1448.0 1137.0 
MOISTER: 6393 VDDA: 2.79 Vsol: 1.46 Vbat: 4.03  NTC: 20.9 20.7 20.4 24.3  SOIL: 2176.0 1448.0 1137.0 
MOISTER: 6393 VDDA: 2.79 Vsol: 1.46 Vbat: 4.03  NTC: 20.9 20.7 20.4 24.3  SOIL: 2176.0 1448.0 1137.0 
MOISTER: 6393 VDDA: 2.79 Vsol: 1.46 Vbat: 4.03  NTC: 20.9 20.7 20.4 24.3  SOIL: 2176.0 1448.0 1137.0 
MOISTER: 6393 VDDA: 2.79 Vsol: 1.46 Vbat: 4.03  NTC: 20.9 20.7 20.4 24.3  SOIL: 2176.0 1448.0 1137.0 
MOISTER: 6393 VDDA: 2.79 Vsol: 1.46 Vbat: 4.03  NTC: 20.9 20.7 20.4 24.3  SOIL: 2176.0 1448.0 1137.0 
MOISTER: 6393 VDDA: 2.79 Vsol: 1.46 Vbat: 4.03  NTC: 20.9 20.7 20.4 24.3  SOIL: 2176.0 1448.0 1137.0 
MOISTER: 6393 VDDA: 2.79 Vsol: 1.46 Vbat: 4.03  NTC: 20.9 20.7 20.4 24.3  SOIL: 2176.0 1448.0 1137.0 
MOISTER: 6393 VDDA: 2.79 Vsol: 1.46 Vbat: 4.03  NTC: 20.9 20.7 20.4 24.3  SOIL: 2176.0 1448.0 1137.0 
MOISTER: 6393 VDDA: 2.79 Vsol: 1.46 Vbat: 4.03  NTC: 20.9 20.7 20.4 24.3  SOIL: 2176.0 1448.0 1137.0 
MOISTER: 6393 VDDA: 2.79 Vsol: 1.46 Vbat: 4.03  NTC: 20.9 20.7 20.4 24.3  SOIL: 2176.0 1448.0 1137.0 
MOISTER: 6393 VDDA: 2.79 Vsol: 1.46 Vbat: 4.03  NTC: 20.9 20.7 20.4 24.3  SOIL: 2176.0 1448.0 1137.0 
MOISTER: 6393 VDDA: 2.79 Vsol: 1.46 Vbat: 4.03  NTC: 20.9 20.7 20.4 24.3  SOIL: 2176.0 1448.0 1137.0 
MOISTER: 6393 VDDA: 2.79 Vsol: 1.46 Vbat: 4.03  NTC: 20.9 20.7 20.4 24.3  SOIL: 2176.0 1448.0 1137.0 
MOISTER: 6393 VDDA: 2.79 Vsol: 1.46 Vbat: 4.03  NTC: 20.9 20.7 20.4 24.3  SOIL: 2176.0 1448.0 1137.0 
MOISTER: 6393 VDDA: 2.79 Vsol: 1.46 Vbat: 4.03  NTC: 20.9 20.7 20.4 24.3  SOIL: 2176.0 1448.0 1137.0 
